-- phpMyAdmin SQL Dump
-- version 4.2.11
-- http://www.phpmyadmin.net
--
-- Host: 127.0.0.1
-- Generation Time: Jul 11, 2018 at 03:17 PM
-- Server version: 5.6.21
-- PHP Version: 5.6.3

SET SQL_MODE = "NO_AUTO_VALUE_ON_ZERO";
SET time_zone = "+00:00";


/*!40101 SET @OLD_CHARACTER_SET_CLIENT=@@CHARACTER_SET_CLIENT */;
/*!40101 SET @OLD_CHARACTER_SET_RESULTS=@@CHARACTER_SET_RESULTS */;
/*!40101 SET @OLD_COLLATION_CONNECTION=@@COLLATION_CONNECTION */;
/*!40101 SET NAMES utf8 */;

--
-- Database: `foxtrot`
--

-- --------------------------------------------------------

--
-- Table structure for table `ft_account_type`
--

CREATE TABLE IF NOT EXISTS `ft_account_type` (
`id` int(12) NOT NULL,
  `type` varchar(100) NOT NULL,
  `status` tinyint(1) NOT NULL DEFAULT '1',
  `is_delete` tinyint(1) NOT NULL DEFAULT '0',
  `created_by` int(12) NOT NULL DEFAULT '0',
  `created_time` datetime NOT NULL,
  `created_ip` varchar(100) NOT NULL,
  `modified_by` int(12) NOT NULL DEFAULT '0',
  `modified_time` datetime NOT NULL,
  `modified_ip` varchar(200) NOT NULL
) ENGINE=InnoDB AUTO_INCREMENT=3 DEFAULT CHARSET=latin1;

--
-- Dumping data for table `ft_account_type`
--

INSERT INTO `ft_account_type` (`id`, `type`, `status`, `is_delete`, `created_by`, `created_time`, `created_ip`, `modified_by`, `modified_time`, `modified_ip`) VALUES
(1, 'Individual', 1, 0, 1, '2018-02-07 12:41:36', '192.168.30.30', 0, '0000-00-00 00:00:00', ''),
(2, 'sharing', 1, 0, 3, '2018-02-07 14:28:23', '192.168.30.30', 0, '0000-00-00 00:00:00', '');

-- --------------------------------------------------------

--
-- Table structure for table `ft_account_use_master`
--

CREATE TABLE IF NOT EXISTS `ft_account_use_master` (
`id` int(11) NOT NULL,
  `option` varchar(100) NOT NULL,
  `u_id` int(8) NOT NULL,
  `status` tinyint(1) NOT NULL DEFAULT '1',
  `is_delete` tinyint(1) NOT NULL DEFAULT '0',
  `created_by` int(12) NOT NULL,
  `created_time` datetime NOT NULL,
  `created_ip` varchar(100) NOT NULL,
  `modified_by` int(12) NOT NULL,
  `modified_time` datetime NOT NULL,
  `modified_ip` varchar(100) NOT NULL
) ENGINE=InnoDB AUTO_INCREMENT=3 DEFAULT CHARSET=latin1;

--
-- Dumping data for table `ft_account_use_master`
--

INSERT INTO `ft_account_use_master` (`id`, `option`, `u_id`, `status`, `is_delete`, `created_by`, `created_time`, `created_ip`, `modified_by`, `modified_time`, `modified_ip`) VALUES
(1, '10-50', 0, 1, 0, 4, '2017-12-09 11:38:58', '192.168.30.30', 0, '0000-00-00 00:00:00', ''),
(2, '10-80', 0, 1, 0, 3, '2018-02-27 16:16:25', '192.168.30.30', 0, '0000-00-00 00:00:00', '');

-- --------------------------------------------------------

--
-- Table structure for table `ft_annual_expenses_master`
--

CREATE TABLE IF NOT EXISTS `ft_annual_expenses_master` (
`id` int(11) NOT NULL,
  `option` varchar(100) NOT NULL,
  `u_id` int(8) NOT NULL,
  `status` tinyint(1) NOT NULL DEFAULT '1',
  `is_delete` tinyint(1) NOT NULL DEFAULT '0',
  `created_by` int(12) NOT NULL,
  `created_time` datetime NOT NULL,
  `created_ip` varchar(100) NOT NULL,
  `modified_by` int(12) NOT NULL,
  `modified_time` datetime NOT NULL,
  `modified_ip` varchar(100) NOT NULL
) ENGINE=InnoDB AUTO_INCREMENT=2 DEFAULT CHARSET=latin1;

--
-- Dumping data for table `ft_annual_expenses_master`
--

INSERT INTO `ft_annual_expenses_master` (`id`, `option`, `u_id`, `status`, `is_delete`, `created_by`, `created_time`, `created_ip`, `modified_by`, `modified_time`, `modified_ip`) VALUES
(1, '300', 0, 1, 0, 3, '2018-02-27 16:14:02', '192.168.30.30', 0, '0000-00-00 00:00:00', '');

-- --------------------------------------------------------

--
-- Table structure for table `ft_batch_master`
--

CREATE TABLE IF NOT EXISTS `ft_batch_master` (
`id` int(12) NOT NULL,
  `pro_category` varchar(11) NOT NULL DEFAULT '0',
  `batch_number` varchar(10) NOT NULL,
  `file_id` int(12) NOT NULL,
  `batch_desc` varchar(100) NOT NULL,
  `sponsor` varchar(11) NOT NULL,
  `batch_date` date NOT NULL,
  `deposit_date` date NOT NULL,
  `trade_start_date` date NOT NULL,
  `trade_end_date` date NOT NULL,
  `check_amount` decimal(8,2) NOT NULL DEFAULT '0.00',
  `commission_amount` decimal(8,2) NOT NULL DEFAULT '0.00',
  `split` tinyint(1) NOT NULL,
  `prompt_for_check_amount` varchar(20) NOT NULL DEFAULT '0',
  `posted_amounts` decimal(8,2) NOT NULL DEFAULT '0.00',
  `status` tinyint(1) NOT NULL DEFAULT '1',
  `is_delete` tinyint(1) NOT NULL DEFAULT '0',
  `created_by` int(12) NOT NULL,
  `created_time` datetime NOT NULL,
  `created_ip` varchar(100) NOT NULL,
  `modified_by` int(12) NOT NULL,
  `modified_time` datetime NOT NULL,
  `modified_ip` varchar(100) NOT NULL
) ENGINE=InnoDB AUTO_INCREMENT=5 DEFAULT CHARSET=latin1;

--
-- Dumping data for table `ft_batch_master`
--

INSERT INTO `ft_batch_master` (`id`, `pro_category`, `batch_number`, `file_id`, `batch_desc`, `sponsor`, `batch_date`, `deposit_date`, `trade_start_date`, `trade_end_date`, `check_amount`, `commission_amount`, `split`, `prompt_for_check_amount`, `posted_amounts`, `status`, `is_delete`, `created_by`, `created_time`, `created_ip`, `modified_by`, `modified_time`, `modified_ip`) VALUES
(1, '1', '', 1, '1919 FUNDS                             06/19/2018', '1', '2018-07-11', '2018-07-11', '2018-07-10', '2018-07-10', '4411.80', '19000.00', 0, '0', '0.00', 1, 0, 3, '2018-06-19 11:09:09', '192.168.30.20', 3, '2018-07-11 11:14:29', '192.168.30.20'),
(2, '1', '', 12, '1919 FUNDS                             06/28/2018', '1', '2018-06-28', '0000-00-00', '0000-00-00', '0000-00-00', '4411.80', '0.00', 0, '0', '0.00', 1, 0, 3, '2018-06-28 10:45:48', '192.168.30.20', 0, '0000-00-00 00:00:00', ''),
(3, '1', '', 2, '1919 FUNDS                             07/11/2018', '1', '2018-07-11', '0000-00-00', '0000-00-00', '0000-00-00', '4411.80', '0.00', 0, '0', '0.00', 1, 0, 3, '2018-07-11 15:18:11', '192.168.30.20', 0, '0000-00-00 00:00:00', ''),
(4, '1', '', 3, '1919 FUNDS                             07/11/2018', '1', '2018-07-11', '0000-00-00', '0000-00-00', '0000-00-00', '4411.80', '0.00', 0, '0', '0.00', 1, 0, 3, '2018-07-11 16:17:26', '192.168.30.20', 0, '0000-00-00 00:00:00', '');

-- --------------------------------------------------------

--
-- Table structure for table `ft_branch_attach`
--

CREATE TABLE IF NOT EXISTS `ft_branch_attach` (
`id` int(12) NOT NULL,
  `date` datetime NOT NULL,
  `user_id` varchar(100) NOT NULL,
  `attach` varchar(100) NOT NULL,
  `file_name` varchar(50) NOT NULL,
  `status` tinyint(1) NOT NULL DEFAULT '1',
  `is_delete` tinyint(1) NOT NULL DEFAULT '0',
  `created_by` int(12) NOT NULL,
  `created_time` datetime NOT NULL,
  `created_ip` varchar(100) NOT NULL,
  `modified_by` int(12) NOT NULL,
  `modified_time` datetime NOT NULL,
  `modified_ip` varchar(100) NOT NULL
) ENGINE=InnoDB AUTO_INCREMENT=2 DEFAULT CHARSET=latin1;

--
-- Dumping data for table `ft_branch_attach`
--

INSERT INTO `ft_branch_attach` (`id`, `date`, `user_id`, `attach`, `file_name`, `status`, `is_delete`, `created_by`, `created_time`, `created_ip`, `modified_by`, `modified_time`, `modified_ip`) VALUES
(1, '2018-01-04 00:00:00', 'Aksha', '1515072538851707.png', '3 (1) (1).png', 1, 1, 4, '2018-01-04 18:58:58', '103.36.122.212', 0, '0000-00-00 00:00:00', '');

-- --------------------------------------------------------

--
-- Table structure for table `ft_branch_changes`
--

CREATE TABLE IF NOT EXISTS `ft_branch_changes` (
`id` int(12) NOT NULL,
  `branch_id` int(12) NOT NULL,
  `user_initial` varchar(100) NOT NULL,
  `feild_changed` varchar(100) NOT NULL,
  `previous_value` varchar(100) NOT NULL,
  `new_value` varchar(100) NOT NULL,
  `status` tinyint(1) NOT NULL DEFAULT '1',
  `is_delete` tinyint(1) NOT NULL DEFAULT '0',
  `created_by` int(12) NOT NULL,
  `created_time` datetime NOT NULL,
  `created_ip` varchar(100) NOT NULL,
  `modified_by` int(12) NOT NULL,
  `modified_time` datetime NOT NULL,
  `modified_ip` varchar(100) NOT NULL
) ENGINE=InnoDB DEFAULT CHARSET=latin1;

-- --------------------------------------------------------

--
-- Table structure for table `ft_branch_history`
--

CREATE TABLE IF NOT EXISTS `ft_branch_history` (
`id` int(12) NOT NULL,
  `branch_id` int(12) NOT NULL,
  `field` varchar(100) NOT NULL,
  `old_value` varchar(100) NOT NULL,
  `new_value` varchar(100) NOT NULL,
  `status` tinyint(1) NOT NULL DEFAULT '1',
  `is_delete` tinyint(1) NOT NULL DEFAULT '0',
  `created_by` int(12) NOT NULL,
  `created_time` datetime NOT NULL,
  `created_ip` varchar(100) NOT NULL,
  `modified_by` int(12) NOT NULL,
  `modified_time` datetime NOT NULL,
  `modified_ip` varchar(100) NOT NULL
) ENGINE=InnoDB DEFAULT CHARSET=latin1;

-- --------------------------------------------------------

--
-- Table structure for table `ft_branch_master`
--

CREATE TABLE IF NOT EXISTS `ft_branch_master` (
`id` int(12) NOT NULL,
  `name` varchar(100) NOT NULL,
  `broker` int(12) NOT NULL,
  `b_status` int(12) NOT NULL,
  `contact` varchar(100) NOT NULL,
  `company` int(12) NOT NULL,
  `osj` tinyint(1) NOT NULL DEFAULT '0',
  `non_registered` tinyint(1) NOT NULL DEFAULT '0',
  `finra_fee` decimal(6,2) NOT NULL,
  `business_address1` varchar(100) NOT NULL,
  `business_address2` varchar(100) NOT NULL,
  `business_city` varchar(100) NOT NULL,
  `business_state` int(12) NOT NULL,
  `business_zipcode` varchar(100) NOT NULL,
  `mailing_address1` varchar(100) NOT NULL,
  `mailing_address2` varchar(100) NOT NULL,
  `mailing_city` varchar(100) NOT NULL,
  `mailing_state` int(12) NOT NULL,
  `mailing_zipcode` varchar(100) NOT NULL,
  `email` varchar(100) NOT NULL,
  `website` varchar(100) NOT NULL,
  `phone` varchar(100) NOT NULL,
  `facsimile` varchar(100) NOT NULL,
  `date_established` date NOT NULL,
  `date_terminated` date NOT NULL,
  `finra_start_date` date NOT NULL,
  `finra_end_date` date NOT NULL,
  `last_audit_date` date NOT NULL,
  `status` tinyint(1) NOT NULL DEFAULT '1',
  `is_delete` tinyint(1) NOT NULL DEFAULT '0',
  `created_by` int(12) NOT NULL,
  `created_time` datetime NOT NULL,
  `created_ip` varchar(100) NOT NULL,
  `modified_by` int(12) NOT NULL,
  `modified_time` datetime NOT NULL,
  `modified_ip` varchar(100) NOT NULL
) ENGINE=InnoDB AUTO_INCREMENT=7 DEFAULT CHARSET=latin1;

--
-- Dumping data for table `ft_branch_master`
--

INSERT INTO `ft_branch_master` (`id`, `name`, `broker`, `b_status`, `contact`, `company`, `osj`, `non_registered`, `finra_fee`, `business_address1`, `business_address2`, `business_city`, `business_state`, `business_zipcode`, `mailing_address1`, `mailing_address2`, `mailing_city`, `mailing_state`, `mailing_zipcode`, `email`, `website`, `phone`, `facsimile`, `date_established`, `date_terminated`, `finra_start_date`, `finra_end_date`, `last_audit_date`, `status`, `is_delete`, `created_by`, `created_time`, `created_ip`, `modified_by`, `modified_time`, `modified_ip`) VALUES
(1, 'Branch11', 0, 0, '', 1, 0, 0, '0.00', '', '', '', 0, '', '', '', '', 0, '', '', '', '', '', '2018-02-20', '2018-02-20', '2018-02-20', '2018-02-20', '2018-02-20', 1, 0, 3, '2018-02-07 14:18:47', '192.168.30.30', 3, '2018-05-17 10:29:16', '192.168.30.20'),
(2, 'Branch2', 5, 2, '2343', 0, 0, 1, '897.00', '234', '234', '234', 17, '987987', '', '', '', 0, '', '', '', '', '', '2018-02-28', '2018-02-15', '2018-02-08', '2018-02-08', '2018-02-07', 1, 0, 3, '2018-02-20 16:19:22', '192.168.30.20', 0, '0000-00-00 00:00:00', ''),
(3, 'asdsad', 5, 0, '', 0, 0, 0, '0.00', '', '', '', 0, '', '', '', '', 0, '', '', '', '', '', '1970-01-01', '1970-01-01', '1970-01-01', '1970-01-01', '1970-01-01', 1, 0, 3, '2018-02-27 10:34:14', '192.168.30.30', 0, '0000-00-00 00:00:00', ''),
(4, 'asda', 1, 3, '9876541325', 1, 1, 1, '0.00', '', '', '', 0, '', '', '', '', 0, '', '', '', '', '', '1970-01-01', '1970-01-01', '1970-01-01', '1970-01-01', '1970-01-01', 1, 0, 3, '2018-02-27 10:34:26', '192.168.30.30', 3, '2018-05-17 09:40:02', '192.168.30.20'),
(5, 'qwe', 6, 0, '', 0, 0, 0, '0.00', '', '', '', 0, '', '', '', '', 0, '', '', '', '', '', '1970-01-01', '1970-01-01', '1970-01-01', '1970-01-01', '1970-01-01', 1, 0, 3, '2018-02-27 10:34:38', '192.168.30.30', 0, '0000-00-00 00:00:00', ''),
(6, 'zxczc', 2, 0, '', 0, 0, 0, '0.00', '', '', '', 0, '', '', '', '', 0, '', '', '', '', '', '1970-01-01', '1970-01-01', '1970-01-01', '1970-01-01', '1970-01-01', 0, 0, 3, '2018-02-27 10:34:53', '192.168.30.30', 0, '0000-00-00 00:00:00', '');

-- --------------------------------------------------------

--
-- Table structure for table `ft_branch_notes`
--

CREATE TABLE IF NOT EXISTS `ft_branch_notes` (
`id` int(12) NOT NULL,
  `date` datetime NOT NULL,
  `user_id` varchar(100) NOT NULL,
  `notes` varchar(100) NOT NULL,
  `status` tinyint(1) NOT NULL DEFAULT '1',
  `is_delete` tinyint(1) NOT NULL DEFAULT '0',
  `created_by` int(12) NOT NULL,
  `created_time` datetime NOT NULL,
  `created_ip` varchar(100) NOT NULL,
  `modified_by` int(12) NOT NULL,
  `modified_time` datetime NOT NULL,
  `modified_ip` varchar(100) NOT NULL
) ENGINE=InnoDB DEFAULT CHARSET=latin1;

-- --------------------------------------------------------

--
-- Table structure for table `ft_branch_office_master`
--

CREATE TABLE IF NOT EXISTS `ft_branch_office_master` (
`id` int(12) NOT NULL,
  `name` varchar(100) NOT NULL,
  `status` tinyint(1) NOT NULL DEFAULT '1',
  `is_delete` tinyint(1) NOT NULL DEFAULT '0',
  `created_by` int(12) NOT NULL,
  `created_time` datetime NOT NULL,
  `created_ip` varchar(100) NOT NULL,
  `modified_by` int(12) NOT NULL,
  `modified_time` datetime NOT NULL,
  `modified_ip` varchar(100) NOT NULL
) ENGINE=InnoDB AUTO_INCREMENT=5 DEFAULT CHARSET=latin1;

--
-- Dumping data for table `ft_branch_office_master`
--

INSERT INTO `ft_branch_office_master` (`id`, `name`, `status`, `is_delete`, `created_by`, `created_time`, `created_ip`, `modified_by`, `modified_time`, `modified_ip`) VALUES
(1, 'Branch Office', 1, 0, 0, '0000-00-00 00:00:00', '', 0, '0000-00-00 00:00:00', ''),
(2, 'Non OSJ Branch Office', 1, 0, 0, '0000-00-00 00:00:00', '', 0, '0000-00-00 00:00:00', ''),
(3, 'Residential Office Exemption', 1, 0, 0, '0000-00-00 00:00:00', '', 0, '0000-00-00 00:00:00', ''),
(4, 'OFOP Exemption', 1, 0, 0, '0000-00-00 00:00:00', '', 0, '0000-00-00 00:00:00', '');

-- --------------------------------------------------------

--
-- Table structure for table `ft_broker_alias`
--

CREATE TABLE IF NOT EXISTS `ft_broker_alias` (
`id` int(12) NOT NULL,
  `broker_id` int(12) NOT NULL,
  `alias_name` varchar(100) NOT NULL,
  `sponsor_company` int(12) NOT NULL,
  `date` date NOT NULL,
  `status` tinyint(1) NOT NULL DEFAULT '1',
  `is_delete` tinyint(1) NOT NULL DEFAULT '0',
  `created_by` int(12) NOT NULL,
  `created_time` datetime NOT NULL,
  `created_ip` varchar(100) NOT NULL,
  `modified_by` int(12) NOT NULL,
  `modified_time` datetime NOT NULL,
  `modified_ip` varchar(100) NOT NULL
) ENGINE=InnoDB AUTO_INCREMENT=45 DEFAULT CHARSET=latin1;

--
-- Dumping data for table `ft_broker_alias`
--

INSERT INTO `ft_broker_alias` (`id`, `broker_id`, `alias_name`, `sponsor_company`, `date`, `status`, `is_delete`, `created_by`, `created_time`, `created_ip`, `modified_by`, `modified_time`, `modified_ip`) VALUES
(1, 3, '321', 2, '2018-06-13', 1, 1, 3, '2018-06-13 17:07:41', '192.168.30.20', 0, '0000-00-00 00:00:00', ''),
(2, 3, '2121', 1, '2018-06-13', 1, 1, 3, '2018-06-13 17:07:41', '192.168.30.20', 0, '0000-00-00 00:00:00', ''),
(3, 3, '321', 2, '2018-06-13', 1, 1, 3, '2018-06-13 17:08:26', '192.168.30.20', 0, '0000-00-00 00:00:00', ''),
(4, 3, '2121', 1, '2018-06-13', 1, 1, 3, '2018-06-13 17:08:26', '192.168.30.20', 0, '0000-00-00 00:00:00', ''),
(5, 3, '321', 2, '2018-06-13', 1, 1, 3, '2018-06-18 15:01:38', '192.168.30.20', 0, '0000-00-00 00:00:00', ''),
(6, 3, '2121', 1, '2018-06-13', 1, 1, 3, '2018-06-18 15:01:38', '192.168.30.20', 0, '0000-00-00 00:00:00', ''),
(7, 3, '321', 2, '2018-06-13', 1, 1, 3, '2018-06-18 15:03:08', '192.168.30.20', 0, '0000-00-00 00:00:00', ''),
(8, 3, '2121', 1, '2018-06-13', 1, 1, 3, '2018-06-18 15:03:08', '192.168.30.20', 0, '0000-00-00 00:00:00', ''),
(9, 3, '321', 2, '2018-06-13', 1, 1, 3, '2018-06-18 15:07:34', '192.168.30.20', 0, '0000-00-00 00:00:00', ''),
(10, 3, '2121', 1, '2018-06-13', 1, 1, 3, '2018-06-18 15:07:34', '192.168.30.20', 0, '0000-00-00 00:00:00', ''),
(11, 3, '321', 2, '2018-06-13', 1, 1, 3, '2018-06-18 15:19:01', '192.168.30.20', 0, '0000-00-00 00:00:00', ''),
(12, 3, '2121', 1, '2018-06-13', 1, 1, 3, '2018-06-18 15:19:01', '192.168.30.20', 0, '0000-00-00 00:00:00', ''),
(13, 3, '321', 2, '2018-06-13', 1, 1, 3, '2018-06-18 15:20:15', '192.168.30.20', 0, '0000-00-00 00:00:00', ''),
(14, 3, '2121', 1, '2018-06-13', 1, 1, 3, '2018-06-18 15:20:15', '192.168.30.20', 0, '0000-00-00 00:00:00', ''),
(15, 3, '321', 2, '2018-06-13', 1, 1, 3, '2018-06-18 15:22:43', '192.168.30.20', 0, '0000-00-00 00:00:00', ''),
(16, 3, '2121', 1, '2018-06-13', 1, 1, 3, '2018-06-18 15:22:43', '192.168.30.20', 0, '0000-00-00 00:00:00', ''),
(17, 3, '321', 2, '2018-06-13', 1, 1, 3, '2018-06-18 15:31:52', '192.168.30.20', 0, '0000-00-00 00:00:00', ''),
(18, 3, '2121', 1, '2018-06-13', 1, 1, 3, '2018-06-18 15:31:52', '192.168.30.20', 0, '0000-00-00 00:00:00', ''),
(19, 3, '321', 2, '2018-06-13', 1, 1, 3, '2018-06-18 15:34:27', '192.168.30.20', 0, '0000-00-00 00:00:00', ''),
(20, 3, '2121', 1, '2018-06-13', 1, 1, 3, '2018-06-18 15:34:27', '192.168.30.20', 0, '0000-00-00 00:00:00', ''),
(21, 3, '321', 2, '2018-06-13', 1, 1, 3, '2018-06-20 16:59:48', '192.168.30.20', 0, '0000-00-00 00:00:00', ''),
(22, 3, '2121', 1, '2018-06-13', 1, 1, 3, '2018-06-20 16:59:48', '192.168.30.20', 0, '0000-00-00 00:00:00', ''),
(23, 3, '321', 2, '2018-06-13', 1, 1, 3, '2018-06-25 10:15:41', '192.168.30.20', 0, '0000-00-00 00:00:00', ''),
(24, 3, '2121', 1, '2018-06-13', 1, 1, 3, '2018-06-25 10:15:41', '192.168.30.20', 0, '0000-00-00 00:00:00', ''),
(25, 3, '321', 2, '2018-06-13', 1, 1, 3, '2018-06-26 14:35:49', '192.168.30.20', 0, '0000-00-00 00:00:00', ''),
(26, 3, '2121', 1, '2018-06-13', 1, 1, 3, '2018-06-26 14:35:49', '192.168.30.20', 0, '0000-00-00 00:00:00', ''),
(27, 3, '321', 2, '2018-06-13', 1, 1, 3, '2018-06-26 14:38:30', '192.168.30.20', 0, '0000-00-00 00:00:00', ''),
(28, 3, '2121', 1, '2018-06-13', 1, 1, 3, '2018-06-26 14:38:30', '192.168.30.20', 0, '0000-00-00 00:00:00', ''),
(29, 3, '321', 2, '2018-06-13', 1, 1, 3, '2018-06-26 14:46:46', '192.168.30.20', 0, '0000-00-00 00:00:00', ''),
(30, 3, '2121', 1, '2018-06-13', 1, 1, 3, '2018-06-26 14:46:46', '192.168.30.20', 0, '0000-00-00 00:00:00', ''),
(31, 3, '321', 2, '2018-06-13', 1, 1, 3, '2018-06-27 10:07:47', '192.168.30.20', 0, '0000-00-00 00:00:00', ''),
(32, 3, '2121', 1, '2018-06-13', 1, 1, 3, '2018-06-27 10:07:47', '192.168.30.20', 0, '0000-00-00 00:00:00', ''),
(33, 3, '321', 2, '2018-06-13', 1, 1, 3, '2018-06-27 11:07:55', '192.168.30.20', 0, '0000-00-00 00:00:00', ''),
(34, 3, '2121', 1, '2018-06-13', 1, 1, 3, '2018-06-27 11:07:55', '192.168.30.20', 0, '0000-00-00 00:00:00', ''),
(35, 3, '321', 2, '2018-06-13', 1, 1, 3, '2018-06-27 17:53:11', '192.168.30.17', 0, '0000-00-00 00:00:00', ''),
(36, 3, '2121', 1, '2018-06-13', 1, 1, 3, '2018-06-27 17:53:11', '192.168.30.17', 0, '0000-00-00 00:00:00', ''),
(37, 3, '321', 2, '2018-06-13', 1, 1, 3, '2018-06-27 17:53:28', '192.168.30.17', 0, '0000-00-00 00:00:00', ''),
(38, 3, '2121', 1, '2018-06-13', 1, 1, 3, '2018-06-27 17:53:28', '192.168.30.17', 0, '0000-00-00 00:00:00', ''),
(39, 3, '321', 2, '2018-06-13', 1, 1, 3, '2018-07-05 16:31:57', '192.168.30.20', 0, '0000-00-00 00:00:00', ''),
(40, 3, '2121', 1, '2018-06-13', 1, 1, 3, '2018-07-05 16:31:57', '192.168.30.20', 0, '0000-00-00 00:00:00', ''),
(41, 3, '321', 2, '2018-06-13', 1, 1, 3, '2018-07-06 15:54:03', '192.168.30.20', 0, '0000-00-00 00:00:00', ''),
(42, 3, '2121', 1, '2018-06-13', 1, 1, 3, '2018-07-06 15:54:03', '192.168.30.20', 0, '0000-00-00 00:00:00', ''),
(43, 3, '321', 2, '2018-06-13', 1, 0, 3, '2018-07-06 16:07:59', '192.168.30.20', 0, '0000-00-00 00:00:00', ''),
(44, 3, '2121', 1, '2018-06-13', 1, 0, 3, '2018-07-06 16:07:59', '192.168.30.20', 0, '0000-00-00 00:00:00', '');

-- --------------------------------------------------------

--
-- Table structure for table `ft_broker_attach`
--

CREATE TABLE IF NOT EXISTS `ft_broker_attach` (
`id` int(12) NOT NULL,
  `date` datetime NOT NULL,
  `user_id` varchar(100) NOT NULL,
  `attach` varchar(100) NOT NULL,
  `file_name` varchar(50) NOT NULL,
  `status` tinyint(1) NOT NULL DEFAULT '1',
  `is_delete` tinyint(1) NOT NULL DEFAULT '0',
  `created_by` int(12) NOT NULL,
  `created_time` datetime NOT NULL,
  `created_ip` varchar(100) NOT NULL,
  `modified_by` int(12) NOT NULL,
  `modified_time` datetime NOT NULL,
  `modified_ip` varchar(100) NOT NULL
) ENGINE=InnoDB DEFAULT CHARSET=latin1;

-- --------------------------------------------------------

--
-- Table structure for table `ft_broker_branches`
--

CREATE TABLE IF NOT EXISTS `ft_broker_branches` (
`id` int(12) NOT NULL,
  `broker_id` int(12) NOT NULL,
  `broker_name` varchar(100) NOT NULL,
  `branch1` int(12) NOT NULL,
  `branch2` int(12) NOT NULL,
  `branch3` int(12) NOT NULL,
  `branch_office1` int(12) NOT NULL,
  `branch_office2` int(12) NOT NULL,
  `branch_office3` int(12) NOT NULL,
  `assess_branch_office_fee` tinyint(1) NOT NULL DEFAULT '0',
  `assess_audit_fee` tinyint(1) NOT NULL DEFAULT '0',
  `stamp` tinyint(1) NOT NULL DEFAULT '0',
  `stamp_certification` tinyint(1) NOT NULL DEFAULT '0',
  `stamp_indemnification` tinyint(1) NOT NULL DEFAULT '0',
  `status` tinyint(1) NOT NULL DEFAULT '1',
  `is_delete` tinyint(1) NOT NULL DEFAULT '0',
  `created_by` int(12) NOT NULL,
  `created_time` datetime NOT NULL,
  `created_ip` varchar(100) NOT NULL,
  `modified_by` int(12) NOT NULL,
  `modified_time` datetime NOT NULL,
  `modified_ip` varchar(100) NOT NULL
) ENGINE=InnoDB AUTO_INCREMENT=6 DEFAULT CHARSET=latin1;

--
-- Dumping data for table `ft_broker_branches`
--

INSERT INTO `ft_broker_branches` (`id`, `broker_id`, `broker_name`, `branch1`, `branch2`, `branch3`, `branch_office1`, `branch_office2`, `branch_office3`, `assess_branch_office_fee`, `assess_audit_fee`, `stamp`, `stamp_certification`, `stamp_indemnification`, `status`, `is_delete`, `created_by`, `created_time`, `created_ip`, `modified_by`, `modified_time`, `modified_ip`) VALUES
(1, 1, 'Aksha', 1, 2, 0, 3, 4, 0, 1, 0, 1, 0, 1, 1, 0, 3, '2018-06-13 17:01:22', '192.168.30.20', 3, '2018-07-05 16:30:47', '192.168.30.20'),
(2, 2, 'Umang', 1, 3, 0, 3, 4, 0, 1, 1, 1, 1, 0, 1, 0, 3, '2018-06-13 17:05:50', '192.168.30.20', 3, '2018-07-05 16:34:50', '192.168.30.20'),
(3, 3, 'Kavita', 5, 4, 0, 1, 2, 0, 1, 0, 1, 1, 0, 1, 0, 3, '2018-06-13 17:07:41', '192.168.30.20', 3, '2018-07-06 16:07:59', '192.168.30.20'),
(4, 4, 'Tilotma', 1, 3, 5, 2, 3, 2, 1, 0, 1, 0, 1, 1, 0, 3, '2018-06-13 17:30:12', '192.168.30.20', 3, '2018-07-06 17:04:46', '192.168.30.20'),
(5, 5, 'MICHAEL', 0, 0, 0, 0, 0, 0, 0, 0, 0, 0, 0, 1, 0, 3, '2018-07-11 16:18:13', '192.168.30.20', 0, '0000-00-00 00:00:00', '');

-- --------------------------------------------------------

--
-- Table structure for table `ft_broker_charges`
--

CREATE TABLE IF NOT EXISTS `ft_broker_charges` (
`id` int(12) NOT NULL,
  `broker_id` int(12) NOT NULL,
  `charges_type` varchar(100) NOT NULL,
  `charges_name` varchar(100) NOT NULL,
  `manage_clearing` decimal(10,0) NOT NULL DEFAULT '0',
  `manage_execution` decimal(10,0) NOT NULL DEFAULT '0',
  `non_manage_clearing` decimal(10,0) NOT NULL DEFAULT '0',
  `non_manage_execution` decimal(10,0) NOT NULL DEFAULT '0',
  `status` tinyint(1) NOT NULL DEFAULT '1',
  `is_delete` tinyint(1) NOT NULL DEFAULT '0',
  `created_by` int(12) NOT NULL,
  `created_time` datetime NOT NULL,
  `created_ip` varchar(100) NOT NULL,
  `modified_by` int(12) NOT NULL,
  `modified_time` datetime NOT NULL,
  `modified_ip` varchar(100) NOT NULL
) ENGINE=InnoDB DEFAULT CHARSET=latin1;

-- --------------------------------------------------------

--
-- Table structure for table `ft_broker_document_master`
--

CREATE TABLE IF NOT EXISTS `ft_broker_document_master` (
`id` int(11) NOT NULL,
  `desc` varchar(30) NOT NULL,
  `required` tinyint(1) NOT NULL DEFAULT '0',
  `status` tinyint(1) NOT NULL DEFAULT '1',
  `is_delete` tinyint(1) NOT NULL DEFAULT '0',
  `created_by` int(12) NOT NULL DEFAULT '0',
  `created_time` datetime NOT NULL,
  `created_ip` varchar(100) NOT NULL,
  `modified_by` int(12) NOT NULL DEFAULT '0',
  `modified_time` datetime NOT NULL,
  `modified_ip` varchar(100) NOT NULL
) ENGINE=InnoDB AUTO_INCREMENT=3 DEFAULT CHARSET=latin1;

--
-- Dumping data for table `ft_broker_document_master`
--

INSERT INTO `ft_broker_document_master` (`id`, `desc`, `required`, `status`, `is_delete`, `created_by`, `created_time`, `created_ip`, `modified_by`, `modified_time`, `modified_ip`) VALUES
(1, 'New Account Form (NAF)', 1, 1, 0, 0, '0000-00-00 00:00:00', '', 0, '0000-00-00 00:00:00', ''),
(2, 'IRA Transfer', 0, 1, 0, 0, '0000-00-00 00:00:00', '', 0, '0000-00-00 00:00:00', '');

-- --------------------------------------------------------

--
-- Table structure for table `ft_broker_general`
--

CREATE TABLE IF NOT EXISTS `ft_broker_general` (
`id` int(12) NOT NULL,
  `broker_id` int(12) NOT NULL,
  `home` int(12) NOT NULL,
  `home_address1_general` varchar(100) NOT NULL,
  `home_address2_general` varchar(100) NOT NULL,
  `business_address1_general` varchar(100) NOT NULL,
  `business_address2_general` varchar(100) NOT NULL,
  `city` varchar(100) NOT NULL,
  `state_id` int(12) NOT NULL DEFAULT '0',
  `zip_code` int(12) NOT NULL,
  `telephone` varchar(100) NOT NULL,
  `cell` varchar(100) NOT NULL,
  `fax` varchar(100) NOT NULL,
  `gender` tinyint(1) NOT NULL DEFAULT '0',
  `marital_status` tinyint(1) NOT NULL DEFAULT '0',
  `spouse` varchar(100) NOT NULL,
  `children` int(12) NOT NULL,
  `email1` varchar(100) NOT NULL,
  `email2` varchar(100) NOT NULL,
  `web_id` int(12) NOT NULL,
  `web_password` varchar(100) NOT NULL,
  `dob` date NOT NULL,
  `prospect_date` date NOT NULL,
  `reassign_broker` int(12) NOT NULL,
  `u4` varchar(100) NOT NULL,
  `u5` varchar(100) NOT NULL,
  `day_after_u5` varchar(100) NOT NULL DEFAULT '0',
  `dba_name` varchar(100) NOT NULL,
  `eft_information` tinyint(1) NOT NULL DEFAULT '0',
  `start_date` date NOT NULL,
  `transaction_type` tinyint(1) NOT NULL DEFAULT '0',
  `routing` varchar(100) NOT NULL,
  `account_no` varchar(100) NOT NULL,
  `summarize_trailers` tinyint(1) NOT NULL DEFAULT '0',
  `summarize_direct_imported_trades` tinyint(1) NOT NULL DEFAULT '0',
  `hold_commissions_from` date NOT NULL,
  `hold_commissions_to` date NOT NULL,
  `cfp` tinyint(1) NOT NULL DEFAULT '0',
  `chfp` tinyint(1) NOT NULL DEFAULT '0',
  `cpa` tinyint(1) NOT NULL DEFAULT '0',
  `clu` tinyint(1) NOT NULL DEFAULT '0',
  `cfa` tinyint(1) NOT NULL DEFAULT '0',
  `ria` tinyint(1) NOT NULL DEFAULT '0',
  `insurance` tinyint(1) NOT NULL DEFAULT '0',
  `status` tinyint(1) NOT NULL DEFAULT '1',
  `is_delete` tinyint(1) NOT NULL DEFAULT '0',
  `created_by` int(12) NOT NULL,
  `created_time` datetime NOT NULL,
  `created_ip` varchar(100) NOT NULL,
  `modified_by` int(12) NOT NULL,
  `modified_time` datetime NOT NULL,
  `modified_ip` varchar(100) NOT NULL
) ENGINE=InnoDB AUTO_INCREMENT=6 DEFAULT CHARSET=latin1;

--
-- Dumping data for table `ft_broker_general`
--

INSERT INTO `ft_broker_general` (`id`, `broker_id`, `home`, `home_address1_general`, `home_address2_general`, `business_address1_general`, `business_address2_general`, `city`, `state_id`, `zip_code`, `telephone`, `cell`, `fax`, `gender`, `marital_status`, `spouse`, `children`, `email1`, `email2`, `web_id`, `web_password`, `dob`, `prospect_date`, `reassign_broker`, `u4`, `u5`, `day_after_u5`, `dba_name`, `eft_information`, `start_date`, `transaction_type`, `routing`, `account_no`, `summarize_trailers`, `summarize_direct_imported_trades`, `hold_commissions_from`, `hold_commissions_to`, `cfp`, `chfp`, `cpa`, `clu`, `cfa`, `ria`, `insurance`, `status`, `is_delete`, `created_by`, `created_time`, `created_ip`, `modified_by`, `modified_time`, `modified_ip`) VALUES
(1, 1, 1, 'vismay', 'mahuva road', '', '', 'rajkot', 2, 356895, '9879879797', '8977777779', '8977777777', 2, 1, '0', 0, 'scspl.aksha@gmail.com', 'aksha@gmail.com', 2, '231654', '1995-12-28', '2018-06-13', 0, '2018-06-13', '', '5', 'foxtrot', 1, '2018-06-12', 1, '321', '321654', 0, 0, '0000-00-00', '0000-00-00', 1, 1, 0, 0, 0, 0, 0, 1, 0, 3, '2018-06-13 17:01:22', '192.168.30.20', 3, '2018-07-05 16:30:47', '192.168.30.20'),
(2, 2, 0, '', '', '', '', '', 0, 0, '', '', '', 0, 0, '', 0, '', '', 0, '', '1970-01-01', '1970-01-01', 0, '1970-01-01', '', '', '', 1, '1970-01-01', 1, '', '', 0, 0, '0000-00-00', '0000-00-00', 0, 0, 0, 0, 0, 0, 0, 1, 0, 3, '2018-06-13 17:05:50', '192.168.30.20', 3, '2018-07-05 16:34:50', '192.168.30.20'),
(3, 3, 0, '', '', '', '', '', 0, 0, '', '', '', 0, 0, '', 0, '', '', 0, '', '1970-01-01', '1970-01-01', 0, '1970-01-01', '', '', '', 1, '1970-01-01', 1, '', '', 0, 0, '0000-00-00', '0000-00-00', 0, 0, 0, 0, 0, 0, 0, 1, 0, 3, '2018-06-13 17:07:41', '192.168.30.20', 3, '2018-07-06 16:07:59', '192.168.30.20'),
(4, 4, 0, '', '', '', '', '', 0, 0, '', '', '', 0, 0, '', 0, '', '', 0, '', '1970-01-01', '1970-01-01', 0, '1970-01-01', '', '', '', 1, '1970-01-01', 1, '', '', 0, 0, '0000-00-00', '0000-00-00', 0, 0, 0, 0, 0, 0, 0, 1, 0, 3, '2018-06-13 17:30:12', '192.168.30.20', 3, '2018-07-06 17:04:46', '192.168.30.20'),
(5, 5, 0, '', '', '', '', '', 0, 0, '', '', '', 0, 0, '', 0, '', '', 0, '', '1970-01-01', '1970-01-01', 0, '1970-01-01', '', '', '', 1, '1970-01-01', 1, '', '', 0, 0, '0000-00-00', '0000-00-00', 0, 0, 0, 0, 0, 0, 0, 1, 0, 3, '2018-07-11 16:18:13', '192.168.30.20', 0, '0000-00-00 00:00:00', '');

-- --------------------------------------------------------

--
-- Table structure for table `ft_broker_history`
--

CREATE TABLE IF NOT EXISTS `ft_broker_history` (
`id` int(12) NOT NULL,
  `broker_id` int(12) NOT NULL,
  `field` varchar(100) NOT NULL,
  `old_value` varchar(100) NOT NULL,
  `new_value` varchar(100) NOT NULL,
  `status` tinyint(1) NOT NULL DEFAULT '1',
  `is_delete` tinyint(1) NOT NULL DEFAULT '0',
  `created_by` int(12) NOT NULL,
  `created_time` datetime NOT NULL,
  `created_ip` varchar(100) NOT NULL,
  `modified_by` int(12) NOT NULL,
  `modified_time` datetime NOT NULL,
  `modified_ip` varchar(100) NOT NULL
) ENGINE=InnoDB DEFAULT CHARSET=latin1;

-- --------------------------------------------------------

--
-- Table structure for table `ft_broker_licences_insurance`
--

CREATE TABLE IF NOT EXISTS `ft_broker_licences_insurance` (
`id` int(11) NOT NULL,
  `broker_id` int(11) NOT NULL,
  `type_of_licences` tinyint(1) NOT NULL DEFAULT '1' COMMENT '1-securities,2-insurance,3-RIA',
  `state_id` int(8) NOT NULL,
  `waive_home_state_fee` tinyint(1) NOT NULL DEFAULT '0',
  `product_category` tinyint(1) NOT NULL DEFAULT '0',
  `active_check` tinyint(1) NOT NULL DEFAULT '0',
  `fee` varchar(20) NOT NULL,
  `received` date NOT NULL,
  `terminated` date NOT NULL,
  `reson` text NOT NULL,
  `status` tinyint(1) NOT NULL DEFAULT '1',
  `is_delete` tinyint(1) NOT NULL DEFAULT '0',
  `created_by` int(12) NOT NULL,
  `created_time` datetime NOT NULL,
  `created_ip` varchar(100) NOT NULL,
  `modified_by` int(12) NOT NULL,
  `modified_time` datetime NOT NULL,
  `modified_ip` varchar(100) NOT NULL
) ENGINE=InnoDB AUTO_INCREMENT=261 DEFAULT CHARSET=latin1;

--
-- Dumping data for table `ft_broker_licences_insurance`
--

INSERT INTO `ft_broker_licences_insurance` (`id`, `broker_id`, `type_of_licences`, `state_id`, `waive_home_state_fee`, `product_category`, `active_check`, `fee`, `received`, `terminated`, `reson`, `status`, `is_delete`, `created_by`, `created_time`, `created_ip`, `modified_by`, `modified_time`, `modified_ip`) VALUES
(1, 1, 3, 1, 1, 1, 0, '', '1970-01-01', '1970-01-01', '', 1, 0, 3, '2018-06-13 17:01:22', '192.168.30.20', 3, '2018-07-05 16:30:47', '192.168.30.20'),
(2, 1, 3, 2, 1, 1, 0, '', '1970-01-01', '1970-01-01', '', 1, 0, 3, '2018-06-13 17:01:22', '192.168.30.20', 3, '2018-07-05 16:30:47', '192.168.30.20'),
(3, 1, 3, 3, 1, 1, 1, '1400.00', '2018-06-15', '2018-06-16', 'test in', 1, 0, 3, '2018-06-13 17:01:22', '192.168.30.20', 3, '2018-07-05 16:30:47', '192.168.30.20'),
(4, 1, 3, 4, 1, 1, 0, '', '1970-01-01', '1970-01-01', '', 1, 0, 3, '2018-06-13 17:01:22', '192.168.30.20', 3, '2018-07-05 16:30:47', '192.168.30.20'),
(5, 1, 3, 5, 1, 1, 0, '', '1970-01-01', '1970-01-01', '', 1, 0, 3, '2018-06-13 17:01:22', '192.168.30.20', 3, '2018-07-05 16:30:47', '192.168.30.20'),
(6, 1, 3, 6, 1, 1, 0, '', '1970-01-01', '1970-01-01', '', 1, 0, 3, '2018-06-13 17:01:22', '192.168.30.20', 3, '2018-07-05 16:30:47', '192.168.30.20'),
(7, 1, 3, 7, 1, 1, 0, '', '1970-01-01', '1970-01-01', '', 1, 0, 3, '2018-06-13 17:01:22', '192.168.30.20', 3, '2018-07-05 16:30:47', '192.168.30.20'),
(8, 1, 3, 8, 1, 1, 0, '', '1970-01-01', '1970-01-01', '', 1, 0, 3, '2018-06-13 17:01:22', '192.168.30.20', 3, '2018-07-05 16:30:47', '192.168.30.20'),
(9, 1, 3, 9, 1, 1, 0, '', '1970-01-01', '1970-01-01', '', 1, 0, 3, '2018-06-13 17:01:22', '192.168.30.20', 3, '2018-07-05 16:30:47', '192.168.30.20'),
(10, 1, 3, 10, 1, 1, 0, '', '1970-01-01', '1970-01-01', '', 1, 0, 3, '2018-06-13 17:01:22', '192.168.30.20', 3, '2018-07-05 16:30:47', '192.168.30.20'),
(11, 1, 3, 11, 1, 1, 0, '', '1970-01-01', '1970-01-01', '', 1, 0, 3, '2018-06-13 17:01:22', '192.168.30.20', 3, '2018-07-05 16:30:47', '192.168.30.20'),
(12, 1, 3, 12, 1, 1, 0, '', '1970-01-01', '1970-01-01', '', 1, 0, 3, '2018-06-13 17:01:22', '192.168.30.20', 3, '2018-07-05 16:30:47', '192.168.30.20'),
(13, 1, 3, 13, 1, 1, 0, '', '1970-01-01', '1970-01-01', '', 1, 0, 3, '2018-06-13 17:01:22', '192.168.30.20', 3, '2018-07-05 16:30:47', '192.168.30.20'),
(14, 1, 3, 14, 1, 1, 0, '', '1970-01-01', '1970-01-01', '', 1, 0, 3, '2018-06-13 17:01:22', '192.168.30.20', 3, '2018-07-05 16:30:47', '192.168.30.20'),
(15, 1, 3, 15, 1, 1, 0, '', '1970-01-01', '1970-01-01', '', 1, 0, 3, '2018-06-13 17:01:22', '192.168.30.20', 3, '2018-07-05 16:30:47', '192.168.30.20'),
(16, 1, 3, 16, 1, 1, 0, '', '1970-01-01', '1970-01-01', '', 1, 0, 3, '2018-06-13 17:01:22', '192.168.30.20', 3, '2018-07-05 16:30:47', '192.168.30.20'),
(17, 1, 3, 17, 1, 1, 0, '', '1970-01-01', '1970-01-01', '', 1, 0, 3, '2018-06-13 17:01:22', '192.168.30.20', 3, '2018-07-05 16:30:47', '192.168.30.20'),
(18, 1, 3, 18, 1, 1, 0, '', '1970-01-01', '1970-01-01', '', 1, 0, 3, '2018-06-13 17:01:22', '192.168.30.20', 3, '2018-07-05 16:30:47', '192.168.30.20'),
(19, 1, 3, 19, 1, 1, 0, '', '1970-01-01', '1970-01-01', '', 1, 0, 3, '2018-06-13 17:01:22', '192.168.30.20', 3, '2018-07-05 16:30:47', '192.168.30.20'),
(20, 1, 3, 20, 1, 1, 0, '', '1970-01-01', '1970-01-01', '', 1, 0, 3, '2018-06-13 17:01:22', '192.168.30.20', 3, '2018-07-05 16:30:47', '192.168.30.20'),
(21, 1, 3, 21, 1, 1, 0, '', '1970-01-01', '1970-01-01', '', 1, 0, 3, '2018-06-13 17:01:22', '192.168.30.20', 3, '2018-07-05 16:30:47', '192.168.30.20'),
(22, 1, 3, 22, 1, 1, 0, '', '1970-01-01', '1970-01-01', '', 1, 0, 3, '2018-06-13 17:01:22', '192.168.30.20', 3, '2018-07-05 16:30:47', '192.168.30.20'),
(23, 1, 3, 23, 1, 1, 0, '', '1970-01-01', '1970-01-01', '', 1, 0, 3, '2018-06-13 17:01:22', '192.168.30.20', 3, '2018-07-05 16:30:47', '192.168.30.20'),
(24, 1, 3, 24, 1, 1, 0, '', '1970-01-01', '1970-01-01', '', 1, 0, 3, '2018-06-13 17:01:22', '192.168.30.20', 3, '2018-07-05 16:30:47', '192.168.30.20'),
(25, 1, 3, 25, 1, 1, 0, '', '1970-01-01', '1970-01-01', '', 1, 0, 3, '2018-06-13 17:01:22', '192.168.30.20', 3, '2018-07-05 16:30:47', '192.168.30.20'),
(26, 1, 3, 26, 1, 1, 0, '', '1970-01-01', '1970-01-01', '', 1, 0, 3, '2018-06-13 17:01:22', '192.168.30.20', 3, '2018-07-05 16:30:47', '192.168.30.20'),
(27, 1, 3, 27, 1, 1, 0, '', '1970-01-01', '1970-01-01', '', 1, 0, 3, '2018-06-13 17:01:22', '192.168.30.20', 3, '2018-07-05 16:30:47', '192.168.30.20'),
(28, 1, 3, 28, 1, 1, 0, '', '1970-01-01', '1970-01-01', '', 1, 0, 3, '2018-06-13 17:01:22', '192.168.30.20', 3, '2018-07-05 16:30:47', '192.168.30.20'),
(29, 1, 3, 29, 1, 1, 0, '', '1970-01-01', '1970-01-01', '', 1, 0, 3, '2018-06-13 17:01:22', '192.168.30.20', 3, '2018-07-05 16:30:47', '192.168.30.20'),
(30, 1, 3, 30, 1, 1, 0, '', '1970-01-01', '1970-01-01', '', 1, 0, 3, '2018-06-13 17:01:22', '192.168.30.20', 3, '2018-07-05 16:30:47', '192.168.30.20'),
(31, 1, 3, 31, 1, 1, 0, '', '1970-01-01', '1970-01-01', '', 1, 0, 3, '2018-06-13 17:01:22', '192.168.30.20', 3, '2018-07-05 16:30:47', '192.168.30.20'),
(32, 1, 3, 32, 1, 1, 0, '', '1970-01-01', '1970-01-01', '', 1, 0, 3, '2018-06-13 17:01:22', '192.168.30.20', 3, '2018-07-05 16:30:47', '192.168.30.20'),
(33, 1, 3, 33, 1, 1, 0, '', '1970-01-01', '1970-01-01', '', 1, 0, 3, '2018-06-13 17:01:22', '192.168.30.20', 3, '2018-07-05 16:30:47', '192.168.30.20'),
(34, 1, 3, 34, 1, 1, 0, '', '1970-01-01', '1970-01-01', '', 1, 0, 3, '2018-06-13 17:01:22', '192.168.30.20', 3, '2018-07-05 16:30:47', '192.168.30.20'),
(35, 1, 3, 35, 1, 1, 0, '', '1970-01-01', '1970-01-01', '', 1, 0, 3, '2018-06-13 17:01:22', '192.168.30.20', 3, '2018-07-05 16:30:47', '192.168.30.20'),
(36, 1, 3, 36, 1, 1, 0, '', '1970-01-01', '1970-01-01', '', 1, 0, 3, '2018-06-13 17:01:22', '192.168.30.20', 3, '2018-07-05 16:30:47', '192.168.30.20'),
(37, 1, 3, 37, 1, 1, 0, '', '1970-01-01', '1970-01-01', '', 1, 0, 3, '2018-06-13 17:01:22', '192.168.30.20', 3, '2018-07-05 16:30:47', '192.168.30.20'),
(38, 1, 3, 38, 1, 1, 0, '', '1970-01-01', '1970-01-01', '', 1, 0, 3, '2018-06-13 17:01:22', '192.168.30.20', 3, '2018-07-05 16:30:47', '192.168.30.20'),
(39, 1, 3, 39, 1, 1, 0, '', '1970-01-01', '1970-01-01', '', 1, 0, 3, '2018-06-13 17:01:22', '192.168.30.20', 3, '2018-07-05 16:30:47', '192.168.30.20'),
(40, 1, 3, 40, 1, 1, 0, '', '1970-01-01', '1970-01-01', '', 1, 0, 3, '2018-06-13 17:01:22', '192.168.30.20', 3, '2018-07-05 16:30:47', '192.168.30.20'),
(41, 1, 3, 41, 1, 1, 0, '', '1970-01-01', '1970-01-01', '', 1, 0, 3, '2018-06-13 17:01:22', '192.168.30.20', 3, '2018-07-05 16:30:47', '192.168.30.20'),
(42, 1, 3, 42, 1, 1, 0, '', '1970-01-01', '1970-01-01', '', 1, 0, 3, '2018-06-13 17:01:22', '192.168.30.20', 3, '2018-07-05 16:30:47', '192.168.30.20'),
(43, 1, 3, 43, 1, 1, 0, '', '1970-01-01', '1970-01-01', '', 1, 0, 3, '2018-06-13 17:01:22', '192.168.30.20', 3, '2018-07-05 16:30:47', '192.168.30.20'),
(44, 1, 3, 44, 1, 1, 0, '', '1970-01-01', '1970-01-01', '', 1, 0, 3, '2018-06-13 17:01:22', '192.168.30.20', 3, '2018-07-05 16:30:47', '192.168.30.20'),
(45, 1, 3, 45, 1, 1, 0, '', '1970-01-01', '1970-01-01', '', 1, 0, 3, '2018-06-13 17:01:22', '192.168.30.20', 3, '2018-07-05 16:30:47', '192.168.30.20'),
(46, 1, 3, 46, 1, 1, 0, '', '1970-01-01', '1970-01-01', '', 1, 0, 3, '2018-06-13 17:01:22', '192.168.30.20', 3, '2018-07-05 16:30:47', '192.168.30.20'),
(47, 1, 3, 47, 1, 1, 0, '', '1970-01-01', '1970-01-01', '', 1, 0, 3, '2018-06-13 17:01:22', '192.168.30.20', 3, '2018-07-05 16:30:47', '192.168.30.20'),
(48, 1, 3, 48, 1, 1, 0, '', '1970-01-01', '1970-01-01', '', 1, 0, 3, '2018-06-13 17:01:22', '192.168.30.20', 3, '2018-07-05 16:30:47', '192.168.30.20'),
(49, 1, 3, 49, 1, 1, 0, '', '1970-01-01', '1970-01-01', '', 1, 0, 3, '2018-06-13 17:01:22', '192.168.30.20', 3, '2018-07-05 16:30:47', '192.168.30.20'),
(50, 1, 3, 50, 1, 1, 0, '', '1970-01-01', '1970-01-01', '', 1, 0, 3, '2018-06-13 17:01:22', '192.168.30.20', 3, '2018-07-05 16:30:47', '192.168.30.20'),
(51, 1, 3, 51, 1, 1, 0, '', '1970-01-01', '1970-01-01', '', 1, 0, 3, '2018-06-13 17:01:22', '192.168.30.20', 3, '2018-07-05 16:30:47', '192.168.30.20'),
(52, 1, 3, 52, 1, 1, 0, '', '1970-01-01', '1970-01-01', '', 1, 0, 3, '2018-06-13 17:01:22', '192.168.30.20', 3, '2018-07-05 16:30:47', '192.168.30.20'),
(53, 2, 3, 1, 0, 0, 0, '', '1970-01-01', '1970-01-01', '', 1, 0, 3, '2018-06-13 17:05:50', '192.168.30.20', 3, '2018-07-05 16:34:50', '192.168.30.20'),
(54, 2, 3, 2, 0, 0, 0, '', '1970-01-01', '1970-01-01', '', 1, 0, 3, '2018-06-13 17:05:50', '192.168.30.20', 3, '2018-07-05 16:34:50', '192.168.30.20'),
(55, 2, 3, 3, 0, 0, 0, '', '1970-01-01', '1970-01-01', '', 1, 0, 3, '2018-06-13 17:05:50', '192.168.30.20', 3, '2018-07-05 16:34:50', '192.168.30.20'),
(56, 2, 3, 4, 0, 0, 0, '', '1970-01-01', '1970-01-01', '', 1, 0, 3, '2018-06-13 17:05:50', '192.168.30.20', 3, '2018-07-05 16:34:50', '192.168.30.20'),
(57, 2, 3, 5, 0, 0, 0, '', '1970-01-01', '1970-01-01', '', 1, 0, 3, '2018-06-13 17:05:50', '192.168.30.20', 3, '2018-07-05 16:34:50', '192.168.30.20'),
(58, 2, 3, 6, 0, 0, 0, '', '1970-01-01', '1970-01-01', '', 1, 0, 3, '2018-06-13 17:05:50', '192.168.30.20', 3, '2018-07-05 16:34:50', '192.168.30.20'),
(59, 2, 3, 7, 0, 0, 0, '', '1970-01-01', '1970-01-01', '', 1, 0, 3, '2018-06-13 17:05:50', '192.168.30.20', 3, '2018-07-05 16:34:50', '192.168.30.20'),
(60, 2, 3, 8, 0, 0, 0, '', '1970-01-01', '1970-01-01', '', 1, 0, 3, '2018-06-13 17:05:50', '192.168.30.20', 3, '2018-07-05 16:34:50', '192.168.30.20'),
(61, 2, 3, 9, 0, 0, 0, '', '1970-01-01', '1970-01-01', '', 1, 0, 3, '2018-06-13 17:05:50', '192.168.30.20', 3, '2018-07-05 16:34:50', '192.168.30.20'),
(62, 2, 3, 10, 0, 0, 0, '', '1970-01-01', '1970-01-01', '', 1, 0, 3, '2018-06-13 17:05:50', '192.168.30.20', 3, '2018-07-05 16:34:50', '192.168.30.20'),
(63, 2, 3, 11, 0, 0, 0, '', '1970-01-01', '1970-01-01', '', 1, 0, 3, '2018-06-13 17:05:50', '192.168.30.20', 3, '2018-07-05 16:34:50', '192.168.30.20'),
(64, 2, 3, 12, 0, 0, 0, '', '1970-01-01', '1970-01-01', '', 1, 0, 3, '2018-06-13 17:05:50', '192.168.30.20', 3, '2018-07-05 16:34:50', '192.168.30.20'),
(65, 2, 3, 13, 0, 0, 0, '', '1970-01-01', '1970-01-01', '', 1, 0, 3, '2018-06-13 17:05:50', '192.168.30.20', 3, '2018-07-05 16:34:50', '192.168.30.20'),
(66, 2, 3, 14, 0, 0, 0, '', '1970-01-01', '1970-01-01', '', 1, 0, 3, '2018-06-13 17:05:50', '192.168.30.20', 3, '2018-07-05 16:34:50', '192.168.30.20'),
(67, 2, 3, 15, 0, 0, 0, '', '1970-01-01', '1970-01-01', '', 1, 0, 3, '2018-06-13 17:05:50', '192.168.30.20', 3, '2018-07-05 16:34:50', '192.168.30.20'),
(68, 2, 3, 16, 0, 0, 0, '', '1970-01-01', '1970-01-01', '', 1, 0, 3, '2018-06-13 17:05:50', '192.168.30.20', 3, '2018-07-05 16:34:50', '192.168.30.20'),
(69, 2, 3, 17, 0, 0, 0, '', '1970-01-01', '1970-01-01', '', 1, 0, 3, '2018-06-13 17:05:50', '192.168.30.20', 3, '2018-07-05 16:34:50', '192.168.30.20'),
(70, 2, 3, 18, 0, 0, 0, '', '1970-01-01', '1970-01-01', '', 1, 0, 3, '2018-06-13 17:05:50', '192.168.30.20', 3, '2018-07-05 16:34:50', '192.168.30.20'),
(71, 2, 3, 19, 0, 0, 0, '', '1970-01-01', '1970-01-01', '', 1, 0, 3, '2018-06-13 17:05:50', '192.168.30.20', 3, '2018-07-05 16:34:50', '192.168.30.20'),
(72, 2, 3, 20, 0, 0, 0, '', '1970-01-01', '1970-01-01', '', 1, 0, 3, '2018-06-13 17:05:50', '192.168.30.20', 3, '2018-07-05 16:34:50', '192.168.30.20'),
(73, 2, 3, 21, 0, 0, 0, '', '1970-01-01', '1970-01-01', '', 1, 0, 3, '2018-06-13 17:05:50', '192.168.30.20', 3, '2018-07-05 16:34:50', '192.168.30.20'),
(74, 2, 3, 22, 0, 0, 0, '', '1970-01-01', '1970-01-01', '', 1, 0, 3, '2018-06-13 17:05:50', '192.168.30.20', 3, '2018-07-05 16:34:50', '192.168.30.20'),
(75, 2, 3, 23, 0, 0, 0, '', '1970-01-01', '1970-01-01', '', 1, 0, 3, '2018-06-13 17:05:50', '192.168.30.20', 3, '2018-07-05 16:34:50', '192.168.30.20'),
(76, 2, 3, 24, 0, 0, 0, '', '1970-01-01', '1970-01-01', '', 1, 0, 3, '2018-06-13 17:05:50', '192.168.30.20', 3, '2018-07-05 16:34:50', '192.168.30.20'),
(77, 2, 3, 25, 0, 0, 0, '', '1970-01-01', '1970-01-01', '', 1, 0, 3, '2018-06-13 17:05:50', '192.168.30.20', 3, '2018-07-05 16:34:50', '192.168.30.20'),
(78, 2, 3, 26, 0, 0, 0, '', '1970-01-01', '1970-01-01', '', 1, 0, 3, '2018-06-13 17:05:50', '192.168.30.20', 3, '2018-07-05 16:34:50', '192.168.30.20'),
(79, 2, 3, 27, 0, 0, 0, '', '1970-01-01', '1970-01-01', '', 1, 0, 3, '2018-06-13 17:05:50', '192.168.30.20', 3, '2018-07-05 16:34:50', '192.168.30.20'),
(80, 2, 3, 28, 0, 0, 0, '', '1970-01-01', '1970-01-01', '', 1, 0, 3, '2018-06-13 17:05:50', '192.168.30.20', 3, '2018-07-05 16:34:50', '192.168.30.20'),
(81, 2, 3, 29, 0, 0, 0, '', '1970-01-01', '1970-01-01', '', 1, 0, 3, '2018-06-13 17:05:50', '192.168.30.20', 3, '2018-07-05 16:34:50', '192.168.30.20'),
(82, 2, 3, 30, 0, 0, 0, '', '1970-01-01', '1970-01-01', '', 1, 0, 3, '2018-06-13 17:05:50', '192.168.30.20', 3, '2018-07-05 16:34:50', '192.168.30.20'),
(83, 2, 3, 31, 0, 0, 0, '', '1970-01-01', '1970-01-01', '', 1, 0, 3, '2018-06-13 17:05:50', '192.168.30.20', 3, '2018-07-05 16:34:50', '192.168.30.20'),
(84, 2, 3, 32, 0, 0, 0, '', '1970-01-01', '1970-01-01', '', 1, 0, 3, '2018-06-13 17:05:50', '192.168.30.20', 3, '2018-07-05 16:34:50', '192.168.30.20'),
(85, 2, 3, 33, 0, 0, 0, '', '1970-01-01', '1970-01-01', '', 1, 0, 3, '2018-06-13 17:05:50', '192.168.30.20', 3, '2018-07-05 16:34:50', '192.168.30.20'),
(86, 2, 3, 34, 0, 0, 0, '', '1970-01-01', '1970-01-01', '', 1, 0, 3, '2018-06-13 17:05:50', '192.168.30.20', 3, '2018-07-05 16:34:50', '192.168.30.20'),
(87, 2, 3, 35, 0, 0, 0, '', '1970-01-01', '1970-01-01', '', 1, 0, 3, '2018-06-13 17:05:50', '192.168.30.20', 3, '2018-07-05 16:34:50', '192.168.30.20'),
(88, 2, 3, 36, 0, 0, 0, '', '1970-01-01', '1970-01-01', '', 1, 0, 3, '2018-06-13 17:05:50', '192.168.30.20', 3, '2018-07-05 16:34:50', '192.168.30.20'),
(89, 2, 3, 37, 0, 0, 0, '', '1970-01-01', '1970-01-01', '', 1, 0, 3, '2018-06-13 17:05:50', '192.168.30.20', 3, '2018-07-05 16:34:50', '192.168.30.20'),
(90, 2, 3, 38, 0, 0, 0, '', '1970-01-01', '1970-01-01', '', 1, 0, 3, '2018-06-13 17:05:50', '192.168.30.20', 3, '2018-07-05 16:34:50', '192.168.30.20'),
(91, 2, 3, 39, 0, 0, 0, '', '1970-01-01', '1970-01-01', '', 1, 0, 3, '2018-06-13 17:05:50', '192.168.30.20', 3, '2018-07-05 16:34:50', '192.168.30.20'),
(92, 2, 3, 40, 0, 0, 0, '', '1970-01-01', '1970-01-01', '', 1, 0, 3, '2018-06-13 17:05:50', '192.168.30.20', 3, '2018-07-05 16:34:50', '192.168.30.20'),
(93, 2, 3, 41, 0, 0, 0, '', '1970-01-01', '1970-01-01', '', 1, 0, 3, '2018-06-13 17:05:50', '192.168.30.20', 3, '2018-07-05 16:34:50', '192.168.30.20'),
(94, 2, 3, 42, 0, 0, 0, '', '1970-01-01', '1970-01-01', '', 1, 0, 3, '2018-06-13 17:05:50', '192.168.30.20', 3, '2018-07-05 16:34:50', '192.168.30.20'),
(95, 2, 3, 43, 0, 0, 0, '', '1970-01-01', '1970-01-01', '', 1, 0, 3, '2018-06-13 17:05:50', '192.168.30.20', 3, '2018-07-05 16:34:50', '192.168.30.20'),
(96, 2, 3, 44, 0, 0, 0, '', '1970-01-01', '1970-01-01', '', 1, 0, 3, '2018-06-13 17:05:50', '192.168.30.20', 3, '2018-07-05 16:34:50', '192.168.30.20'),
(97, 2, 3, 45, 0, 0, 0, '', '1970-01-01', '1970-01-01', '', 1, 0, 3, '2018-06-13 17:05:50', '192.168.30.20', 3, '2018-07-05 16:34:50', '192.168.30.20'),
(98, 2, 3, 46, 0, 0, 0, '', '1970-01-01', '1970-01-01', '', 1, 0, 3, '2018-06-13 17:05:50', '192.168.30.20', 3, '2018-07-05 16:34:50', '192.168.30.20'),
(99, 2, 3, 47, 0, 0, 0, '', '1970-01-01', '1970-01-01', '', 1, 0, 3, '2018-06-13 17:05:50', '192.168.30.20', 3, '2018-07-05 16:34:50', '192.168.30.20'),
(100, 2, 3, 48, 0, 0, 0, '', '1970-01-01', '1970-01-01', '', 1, 0, 3, '2018-06-13 17:05:50', '192.168.30.20', 3, '2018-07-05 16:34:50', '192.168.30.20'),
(101, 2, 3, 49, 0, 0, 0, '', '1970-01-01', '1970-01-01', '', 1, 0, 3, '2018-06-13 17:05:50', '192.168.30.20', 3, '2018-07-05 16:34:50', '192.168.30.20'),
(102, 2, 3, 50, 0, 0, 0, '', '1970-01-01', '1970-01-01', '', 1, 0, 3, '2018-06-13 17:05:50', '192.168.30.20', 3, '2018-07-05 16:34:50', '192.168.30.20'),
(103, 2, 3, 51, 0, 0, 0, '', '1970-01-01', '1970-01-01', '', 1, 0, 3, '2018-06-13 17:05:50', '192.168.30.20', 3, '2018-07-05 16:34:50', '192.168.30.20'),
(104, 2, 3, 52, 0, 0, 0, '', '1970-01-01', '1970-01-01', '', 1, 0, 3, '2018-06-13 17:05:50', '192.168.30.20', 3, '2018-07-05 16:34:50', '192.168.30.20'),
(105, 3, 3, 1, 0, 0, 0, '', '1970-01-01', '1970-01-01', '', 1, 0, 3, '2018-06-13 17:07:41', '192.168.30.20', 3, '2018-07-06 16:07:59', '192.168.30.20'),
(106, 3, 3, 2, 0, 0, 0, '', '1970-01-01', '1970-01-01', '', 1, 0, 3, '2018-06-13 17:07:41', '192.168.30.20', 3, '2018-07-06 16:07:59', '192.168.30.20'),
(107, 3, 3, 3, 0, 0, 0, '', '1970-01-01', '1970-01-01', '', 1, 0, 3, '2018-06-13 17:07:41', '192.168.30.20', 3, '2018-07-06 16:07:59', '192.168.30.20'),
(108, 3, 3, 4, 0, 0, 0, '', '1970-01-01', '1970-01-01', '', 1, 0, 3, '2018-06-13 17:07:41', '192.168.30.20', 3, '2018-07-06 16:07:59', '192.168.30.20'),
(109, 3, 3, 5, 0, 0, 0, '', '1970-01-01', '1970-01-01', '', 1, 0, 3, '2018-06-13 17:07:41', '192.168.30.20', 3, '2018-07-06 16:07:59', '192.168.30.20'),
(110, 3, 3, 6, 0, 0, 0, '', '1970-01-01', '1970-01-01', '', 1, 0, 3, '2018-06-13 17:07:41', '192.168.30.20', 3, '2018-07-06 16:07:59', '192.168.30.20'),
(111, 3, 3, 7, 0, 0, 0, '', '1970-01-01', '1970-01-01', '', 1, 0, 3, '2018-06-13 17:07:41', '192.168.30.20', 3, '2018-07-06 16:07:59', '192.168.30.20'),
(112, 3, 3, 8, 0, 0, 0, '', '1970-01-01', '1970-01-01', '', 1, 0, 3, '2018-06-13 17:07:41', '192.168.30.20', 3, '2018-07-06 16:07:59', '192.168.30.20'),
(113, 3, 3, 9, 0, 0, 0, '', '1970-01-01', '1970-01-01', '', 1, 0, 3, '2018-06-13 17:07:41', '192.168.30.20', 3, '2018-07-06 16:07:59', '192.168.30.20'),
(114, 3, 3, 10, 0, 0, 0, '', '1970-01-01', '1970-01-01', '', 1, 0, 3, '2018-06-13 17:07:41', '192.168.30.20', 3, '2018-07-06 16:07:59', '192.168.30.20'),
(115, 3, 3, 11, 0, 0, 0, '', '1970-01-01', '1970-01-01', '', 1, 0, 3, '2018-06-13 17:07:41', '192.168.30.20', 3, '2018-07-06 16:07:59', '192.168.30.20'),
(116, 3, 3, 12, 0, 0, 0, '', '1970-01-01', '1970-01-01', '', 1, 0, 3, '2018-06-13 17:07:41', '192.168.30.20', 3, '2018-07-06 16:07:59', '192.168.30.20'),
(117, 3, 3, 13, 0, 0, 0, '', '1970-01-01', '1970-01-01', '', 1, 0, 3, '2018-06-13 17:07:41', '192.168.30.20', 3, '2018-07-06 16:07:59', '192.168.30.20'),
(118, 3, 3, 14, 0, 0, 0, '', '1970-01-01', '1970-01-01', '', 1, 0, 3, '2018-06-13 17:07:41', '192.168.30.20', 3, '2018-07-06 16:07:59', '192.168.30.20'),
(119, 3, 3, 15, 0, 0, 0, '', '1970-01-01', '1970-01-01', '', 1, 0, 3, '2018-06-13 17:07:41', '192.168.30.20', 3, '2018-07-06 16:07:59', '192.168.30.20'),
(120, 3, 3, 16, 0, 0, 0, '', '1970-01-01', '1970-01-01', '', 1, 0, 3, '2018-06-13 17:07:41', '192.168.30.20', 3, '2018-07-06 16:07:59', '192.168.30.20'),
(121, 3, 3, 17, 0, 0, 0, '', '1970-01-01', '1970-01-01', '', 1, 0, 3, '2018-06-13 17:07:41', '192.168.30.20', 3, '2018-07-06 16:07:59', '192.168.30.20'),
(122, 3, 3, 18, 0, 0, 0, '', '1970-01-01', '1970-01-01', '', 1, 0, 3, '2018-06-13 17:07:41', '192.168.30.20', 3, '2018-07-06 16:07:59', '192.168.30.20'),
(123, 3, 3, 19, 0, 0, 0, '', '1970-01-01', '1970-01-01', '', 1, 0, 3, '2018-06-13 17:07:41', '192.168.30.20', 3, '2018-07-06 16:07:59', '192.168.30.20'),
(124, 3, 3, 20, 0, 0, 0, '', '1970-01-01', '1970-01-01', '', 1, 0, 3, '2018-06-13 17:07:41', '192.168.30.20', 3, '2018-07-06 16:07:59', '192.168.30.20'),
(125, 3, 3, 21, 0, 0, 0, '', '1970-01-01', '1970-01-01', '', 1, 0, 3, '2018-06-13 17:07:41', '192.168.30.20', 3, '2018-07-06 16:07:59', '192.168.30.20'),
(126, 3, 3, 22, 0, 0, 0, '', '1970-01-01', '1970-01-01', '', 1, 0, 3, '2018-06-13 17:07:41', '192.168.30.20', 3, '2018-07-06 16:07:59', '192.168.30.20'),
(127, 3, 3, 23, 0, 0, 0, '', '1970-01-01', '1970-01-01', '', 1, 0, 3, '2018-06-13 17:07:41', '192.168.30.20', 3, '2018-07-06 16:07:59', '192.168.30.20'),
(128, 3, 3, 24, 0, 0, 0, '', '1970-01-01', '1970-01-01', '', 1, 0, 3, '2018-06-13 17:07:41', '192.168.30.20', 3, '2018-07-06 16:07:59', '192.168.30.20'),
(129, 3, 3, 25, 0, 0, 0, '', '1970-01-01', '1970-01-01', '', 1, 0, 3, '2018-06-13 17:07:41', '192.168.30.20', 3, '2018-07-06 16:07:59', '192.168.30.20'),
(130, 3, 3, 26, 0, 0, 0, '', '1970-01-01', '1970-01-01', '', 1, 0, 3, '2018-06-13 17:07:41', '192.168.30.20', 3, '2018-07-06 16:07:59', '192.168.30.20'),
(131, 3, 3, 27, 0, 0, 0, '', '1970-01-01', '1970-01-01', '', 1, 0, 3, '2018-06-13 17:07:41', '192.168.30.20', 3, '2018-07-06 16:07:59', '192.168.30.20'),
(132, 3, 3, 28, 0, 0, 0, '', '1970-01-01', '1970-01-01', '', 1, 0, 3, '2018-06-13 17:07:41', '192.168.30.20', 3, '2018-07-06 16:07:59', '192.168.30.20'),
(133, 3, 3, 29, 0, 0, 0, '', '1970-01-01', '1970-01-01', '', 1, 0, 3, '2018-06-13 17:07:41', '192.168.30.20', 3, '2018-07-06 16:07:59', '192.168.30.20'),
(134, 3, 3, 30, 0, 0, 0, '', '1970-01-01', '1970-01-01', '', 1, 0, 3, '2018-06-13 17:07:41', '192.168.30.20', 3, '2018-07-06 16:07:59', '192.168.30.20'),
(135, 3, 3, 31, 0, 0, 0, '', '1970-01-01', '1970-01-01', '', 1, 0, 3, '2018-06-13 17:07:41', '192.168.30.20', 3, '2018-07-06 16:07:59', '192.168.30.20'),
(136, 3, 3, 32, 0, 0, 0, '', '1970-01-01', '1970-01-01', '', 1, 0, 3, '2018-06-13 17:07:41', '192.168.30.20', 3, '2018-07-06 16:07:59', '192.168.30.20'),
(137, 3, 3, 33, 0, 0, 0, '', '1970-01-01', '1970-01-01', '', 1, 0, 3, '2018-06-13 17:07:41', '192.168.30.20', 3, '2018-07-06 16:07:59', '192.168.30.20'),
(138, 3, 3, 34, 0, 0, 0, '', '1970-01-01', '1970-01-01', '', 1, 0, 3, '2018-06-13 17:07:41', '192.168.30.20', 3, '2018-07-06 16:07:59', '192.168.30.20'),
(139, 3, 3, 35, 0, 0, 0, '', '1970-01-01', '1970-01-01', '', 1, 0, 3, '2018-06-13 17:07:41', '192.168.30.20', 3, '2018-07-06 16:07:59', '192.168.30.20'),
(140, 3, 3, 36, 0, 0, 0, '', '1970-01-01', '1970-01-01', '', 1, 0, 3, '2018-06-13 17:07:41', '192.168.30.20', 3, '2018-07-06 16:07:59', '192.168.30.20'),
(141, 3, 3, 37, 0, 0, 0, '', '1970-01-01', '1970-01-01', '', 1, 0, 3, '2018-06-13 17:07:41', '192.168.30.20', 3, '2018-07-06 16:07:59', '192.168.30.20'),
(142, 3, 3, 38, 0, 0, 0, '', '1970-01-01', '1970-01-01', '', 1, 0, 3, '2018-06-13 17:07:41', '192.168.30.20', 3, '2018-07-06 16:07:59', '192.168.30.20'),
(143, 3, 3, 39, 0, 0, 0, '', '1970-01-01', '1970-01-01', '', 1, 0, 3, '2018-06-13 17:07:41', '192.168.30.20', 3, '2018-07-06 16:07:59', '192.168.30.20'),
(144, 3, 3, 40, 0, 0, 0, '', '1970-01-01', '1970-01-01', '', 1, 0, 3, '2018-06-13 17:07:41', '192.168.30.20', 3, '2018-07-06 16:07:59', '192.168.30.20'),
(145, 3, 3, 41, 0, 0, 0, '', '1970-01-01', '1970-01-01', '', 1, 0, 3, '2018-06-13 17:07:41', '192.168.30.20', 3, '2018-07-06 16:07:59', '192.168.30.20'),
(146, 3, 3, 42, 0, 0, 0, '', '1970-01-01', '1970-01-01', '', 1, 0, 3, '2018-06-13 17:07:41', '192.168.30.20', 3, '2018-07-06 16:07:59', '192.168.30.20'),
(147, 3, 3, 43, 0, 0, 0, '', '1970-01-01', '1970-01-01', '', 1, 0, 3, '2018-06-13 17:07:41', '192.168.30.20', 3, '2018-07-06 16:07:59', '192.168.30.20'),
(148, 3, 3, 44, 0, 0, 0, '', '1970-01-01', '1970-01-01', '', 1, 0, 3, '2018-06-13 17:07:41', '192.168.30.20', 3, '2018-07-06 16:07:59', '192.168.30.20'),
(149, 3, 3, 45, 0, 0, 0, '', '1970-01-01', '1970-01-01', '', 1, 0, 3, '2018-06-13 17:07:41', '192.168.30.20', 3, '2018-07-06 16:07:59', '192.168.30.20'),
(150, 3, 3, 46, 0, 0, 0, '', '1970-01-01', '1970-01-01', '', 1, 0, 3, '2018-06-13 17:07:41', '192.168.30.20', 3, '2018-07-06 16:07:59', '192.168.30.20'),
(151, 3, 3, 47, 0, 0, 0, '', '1970-01-01', '1970-01-01', '', 1, 0, 3, '2018-06-13 17:07:41', '192.168.30.20', 3, '2018-07-06 16:07:59', '192.168.30.20'),
(152, 3, 3, 48, 0, 0, 0, '', '1970-01-01', '1970-01-01', '', 1, 0, 3, '2018-06-13 17:07:41', '192.168.30.20', 3, '2018-07-06 16:07:59', '192.168.30.20'),
(153, 3, 3, 49, 0, 0, 0, '', '1970-01-01', '1970-01-01', '', 1, 0, 3, '2018-06-13 17:07:41', '192.168.30.20', 3, '2018-07-06 16:07:59', '192.168.30.20'),
(154, 3, 3, 50, 0, 0, 0, '', '1970-01-01', '1970-01-01', '', 1, 0, 3, '2018-06-13 17:07:41', '192.168.30.20', 3, '2018-07-06 16:07:59', '192.168.30.20'),
(155, 3, 3, 51, 0, 0, 0, '', '1970-01-01', '1970-01-01', '', 1, 0, 3, '2018-06-13 17:07:41', '192.168.30.20', 3, '2018-07-06 16:07:59', '192.168.30.20'),
(156, 3, 3, 52, 0, 0, 0, '', '1970-01-01', '1970-01-01', '', 1, 0, 3, '2018-06-13 17:07:41', '192.168.30.20', 3, '2018-07-06 16:07:59', '192.168.30.20'),
(157, 4, 3, 1, 0, 0, 0, '', '1970-01-01', '1970-01-01', '', 1, 0, 3, '2018-06-13 17:30:12', '192.168.30.20', 3, '2018-07-06 17:04:46', '192.168.30.20'),
(158, 4, 3, 2, 0, 0, 0, '', '1970-01-01', '1970-01-01', '', 1, 0, 3, '2018-06-13 17:30:12', '192.168.30.20', 3, '2018-07-06 17:04:46', '192.168.30.20'),
(159, 4, 3, 3, 0, 0, 0, '', '1970-01-01', '1970-01-01', '', 1, 0, 3, '2018-06-13 17:30:12', '192.168.30.20', 3, '2018-07-06 17:04:46', '192.168.30.20'),
(160, 4, 3, 4, 0, 0, 0, '', '1970-01-01', '1970-01-01', '', 1, 0, 3, '2018-06-13 17:30:12', '192.168.30.20', 3, '2018-07-06 17:04:46', '192.168.30.20'),
(161, 4, 3, 5, 0, 0, 0, '', '1970-01-01', '1970-01-01', '', 1, 0, 3, '2018-06-13 17:30:12', '192.168.30.20', 3, '2018-07-06 17:04:46', '192.168.30.20'),
(162, 4, 3, 6, 0, 0, 0, '', '1970-01-01', '1970-01-01', '', 1, 0, 3, '2018-06-13 17:30:12', '192.168.30.20', 3, '2018-07-06 17:04:46', '192.168.30.20'),
(163, 4, 3, 7, 0, 0, 0, '', '1970-01-01', '1970-01-01', '', 1, 0, 3, '2018-06-13 17:30:12', '192.168.30.20', 3, '2018-07-06 17:04:46', '192.168.30.20'),
(164, 4, 3, 8, 0, 0, 0, '', '1970-01-01', '1970-01-01', '', 1, 0, 3, '2018-06-13 17:30:12', '192.168.30.20', 3, '2018-07-06 17:04:46', '192.168.30.20'),
(165, 4, 3, 9, 0, 0, 0, '', '1970-01-01', '1970-01-01', '', 1, 0, 3, '2018-06-13 17:30:12', '192.168.30.20', 3, '2018-07-06 17:04:46', '192.168.30.20'),
(166, 4, 3, 10, 0, 0, 0, '', '1970-01-01', '1970-01-01', '', 1, 0, 3, '2018-06-13 17:30:12', '192.168.30.20', 3, '2018-07-06 17:04:46', '192.168.30.20'),
(167, 4, 3, 11, 0, 0, 0, '', '1970-01-01', '1970-01-01', '', 1, 0, 3, '2018-06-13 17:30:12', '192.168.30.20', 3, '2018-07-06 17:04:46', '192.168.30.20'),
(168, 4, 3, 12, 0, 0, 0, '', '1970-01-01', '1970-01-01', '', 1, 0, 3, '2018-06-13 17:30:12', '192.168.30.20', 3, '2018-07-06 17:04:46', '192.168.30.20'),
(169, 4, 3, 13, 0, 0, 0, '', '1970-01-01', '1970-01-01', '', 1, 0, 3, '2018-06-13 17:30:12', '192.168.30.20', 3, '2018-07-06 17:04:46', '192.168.30.20'),
(170, 4, 3, 14, 0, 0, 0, '', '1970-01-01', '1970-01-01', '', 1, 0, 3, '2018-06-13 17:30:12', '192.168.30.20', 3, '2018-07-06 17:04:46', '192.168.30.20'),
(171, 4, 3, 15, 0, 0, 0, '', '1970-01-01', '1970-01-01', '', 1, 0, 3, '2018-06-13 17:30:12', '192.168.30.20', 3, '2018-07-06 17:04:46', '192.168.30.20'),
(172, 4, 3, 16, 0, 0, 0, '', '1970-01-01', '1970-01-01', '', 1, 0, 3, '2018-06-13 17:30:12', '192.168.30.20', 3, '2018-07-06 17:04:46', '192.168.30.20'),
(173, 4, 3, 17, 0, 0, 0, '', '1970-01-01', '1970-01-01', '', 1, 0, 3, '2018-06-13 17:30:12', '192.168.30.20', 3, '2018-07-06 17:04:46', '192.168.30.20'),
(174, 4, 3, 18, 0, 0, 0, '', '1970-01-01', '1970-01-01', '', 1, 0, 3, '2018-06-13 17:30:12', '192.168.30.20', 3, '2018-07-06 17:04:46', '192.168.30.20'),
(175, 4, 3, 19, 0, 0, 0, '', '1970-01-01', '1970-01-01', '', 1, 0, 3, '2018-06-13 17:30:12', '192.168.30.20', 3, '2018-07-06 17:04:46', '192.168.30.20'),
(176, 4, 3, 20, 0, 0, 0, '', '1970-01-01', '1970-01-01', '', 1, 0, 3, '2018-06-13 17:30:12', '192.168.30.20', 3, '2018-07-06 17:04:46', '192.168.30.20'),
(177, 4, 3, 21, 0, 0, 0, '', '1970-01-01', '1970-01-01', '', 1, 0, 3, '2018-06-13 17:30:12', '192.168.30.20', 3, '2018-07-06 17:04:46', '192.168.30.20'),
(178, 4, 3, 22, 0, 0, 0, '', '1970-01-01', '1970-01-01', '', 1, 0, 3, '2018-06-13 17:30:12', '192.168.30.20', 3, '2018-07-06 17:04:46', '192.168.30.20'),
(179, 4, 3, 23, 0, 0, 0, '', '1970-01-01', '1970-01-01', '', 1, 0, 3, '2018-06-13 17:30:12', '192.168.30.20', 3, '2018-07-06 17:04:46', '192.168.30.20'),
(180, 4, 3, 24, 0, 0, 0, '', '1970-01-01', '1970-01-01', '', 1, 0, 3, '2018-06-13 17:30:12', '192.168.30.20', 3, '2018-07-06 17:04:46', '192.168.30.20'),
(181, 4, 3, 25, 0, 0, 0, '', '1970-01-01', '1970-01-01', '', 1, 0, 3, '2018-06-13 17:30:12', '192.168.30.20', 3, '2018-07-06 17:04:46', '192.168.30.20'),
(182, 4, 3, 26, 0, 0, 0, '', '1970-01-01', '1970-01-01', '', 1, 0, 3, '2018-06-13 17:30:12', '192.168.30.20', 3, '2018-07-06 17:04:46', '192.168.30.20'),
(183, 4, 3, 27, 0, 0, 0, '', '1970-01-01', '1970-01-01', '', 1, 0, 3, '2018-06-13 17:30:12', '192.168.30.20', 3, '2018-07-06 17:04:46', '192.168.30.20'),
(184, 4, 3, 28, 0, 0, 0, '', '1970-01-01', '1970-01-01', '', 1, 0, 3, '2018-06-13 17:30:12', '192.168.30.20', 3, '2018-07-06 17:04:46', '192.168.30.20'),
(185, 4, 3, 29, 0, 0, 0, '', '1970-01-01', '1970-01-01', '', 1, 0, 3, '2018-06-13 17:30:12', '192.168.30.20', 3, '2018-07-06 17:04:46', '192.168.30.20'),
(186, 4, 3, 30, 0, 0, 0, '', '1970-01-01', '1970-01-01', '', 1, 0, 3, '2018-06-13 17:30:12', '192.168.30.20', 3, '2018-07-06 17:04:46', '192.168.30.20'),
(187, 4, 3, 31, 0, 0, 0, '', '1970-01-01', '1970-01-01', '', 1, 0, 3, '2018-06-13 17:30:12', '192.168.30.20', 3, '2018-07-06 17:04:46', '192.168.30.20'),
(188, 4, 3, 32, 0, 0, 0, '', '1970-01-01', '1970-01-01', '', 1, 0, 3, '2018-06-13 17:30:12', '192.168.30.20', 3, '2018-07-06 17:04:46', '192.168.30.20'),
(189, 4, 3, 33, 0, 0, 0, '', '1970-01-01', '1970-01-01', '', 1, 0, 3, '2018-06-13 17:30:12', '192.168.30.20', 3, '2018-07-06 17:04:46', '192.168.30.20'),
(190, 4, 3, 34, 0, 0, 0, '', '1970-01-01', '1970-01-01', '', 1, 0, 3, '2018-06-13 17:30:12', '192.168.30.20', 3, '2018-07-06 17:04:46', '192.168.30.20'),
(191, 4, 3, 35, 0, 0, 0, '', '1970-01-01', '1970-01-01', '', 1, 0, 3, '2018-06-13 17:30:12', '192.168.30.20', 3, '2018-07-06 17:04:46', '192.168.30.20'),
(192, 4, 3, 36, 0, 0, 0, '', '1970-01-01', '1970-01-01', '', 1, 0, 3, '2018-06-13 17:30:12', '192.168.30.20', 3, '2018-07-06 17:04:46', '192.168.30.20'),
(193, 4, 3, 37, 0, 0, 0, '', '1970-01-01', '1970-01-01', '', 1, 0, 3, '2018-06-13 17:30:12', '192.168.30.20', 3, '2018-07-06 17:04:46', '192.168.30.20'),
(194, 4, 3, 38, 0, 0, 0, '', '1970-01-01', '1970-01-01', '', 1, 0, 3, '2018-06-13 17:30:12', '192.168.30.20', 3, '2018-07-06 17:04:46', '192.168.30.20'),
(195, 4, 3, 39, 0, 0, 0, '', '1970-01-01', '1970-01-01', '', 1, 0, 3, '2018-06-13 17:30:12', '192.168.30.20', 3, '2018-07-06 17:04:46', '192.168.30.20'),
(196, 4, 3, 40, 0, 0, 0, '', '1970-01-01', '1970-01-01', '', 1, 0, 3, '2018-06-13 17:30:12', '192.168.30.20', 3, '2018-07-06 17:04:46', '192.168.30.20'),
(197, 4, 3, 41, 0, 0, 0, '', '1970-01-01', '1970-01-01', '', 1, 0, 3, '2018-06-13 17:30:12', '192.168.30.20', 3, '2018-07-06 17:04:46', '192.168.30.20'),
(198, 4, 3, 42, 0, 0, 0, '', '1970-01-01', '1970-01-01', '', 1, 0, 3, '2018-06-13 17:30:12', '192.168.30.20', 3, '2018-07-06 17:04:46', '192.168.30.20'),
(199, 4, 3, 43, 0, 0, 0, '', '1970-01-01', '1970-01-01', '', 1, 0, 3, '2018-06-13 17:30:12', '192.168.30.20', 3, '2018-07-06 17:04:46', '192.168.30.20'),
(200, 4, 3, 44, 0, 0, 0, '', '1970-01-01', '1970-01-01', '', 1, 0, 3, '2018-06-13 17:30:12', '192.168.30.20', 3, '2018-07-06 17:04:46', '192.168.30.20'),
(201, 4, 3, 45, 0, 0, 0, '', '1970-01-01', '1970-01-01', '', 1, 0, 3, '2018-06-13 17:30:12', '192.168.30.20', 3, '2018-07-06 17:04:46', '192.168.30.20'),
(202, 4, 3, 46, 0, 0, 0, '', '1970-01-01', '1970-01-01', '', 1, 0, 3, '2018-06-13 17:30:12', '192.168.30.20', 3, '2018-07-06 17:04:46', '192.168.30.20'),
(203, 4, 3, 47, 0, 0, 0, '', '1970-01-01', '1970-01-01', '', 1, 0, 3, '2018-06-13 17:30:12', '192.168.30.20', 3, '2018-07-06 17:04:46', '192.168.30.20'),
(204, 4, 3, 48, 0, 0, 0, '', '1970-01-01', '1970-01-01', '', 1, 0, 3, '2018-06-13 17:30:12', '192.168.30.20', 3, '2018-07-06 17:04:46', '192.168.30.20'),
(205, 4, 3, 49, 0, 0, 0, '', '1970-01-01', '1970-01-01', '', 1, 0, 3, '2018-06-13 17:30:12', '192.168.30.20', 3, '2018-07-06 17:04:46', '192.168.30.20'),
(206, 4, 3, 50, 0, 0, 0, '', '1970-01-01', '1970-01-01', '', 1, 0, 3, '2018-06-13 17:30:12', '192.168.30.20', 3, '2018-07-06 17:04:46', '192.168.30.20'),
(207, 4, 3, 51, 0, 0, 0, '', '1970-01-01', '1970-01-01', '', 1, 0, 3, '2018-06-13 17:30:12', '192.168.30.20', 3, '2018-07-06 17:04:46', '192.168.30.20'),
(208, 4, 3, 52, 0, 0, 0, '', '1970-01-01', '1970-01-01', '', 1, 0, 3, '2018-06-13 17:30:12', '192.168.30.20', 3, '2018-07-06 17:04:46', '192.168.30.20'),
(209, 5, 3, 1, 0, 0, 0, '', '1970-01-01', '1970-01-01', '', 1, 0, 3, '2018-07-11 16:18:13', '192.168.30.20', 0, '0000-00-00 00:00:00', ''),
(210, 5, 3, 2, 0, 0, 0, '', '1970-01-01', '1970-01-01', '', 1, 0, 3, '2018-07-11 16:18:13', '192.168.30.20', 0, '0000-00-00 00:00:00', ''),
(211, 5, 3, 3, 0, 0, 0, '', '1970-01-01', '1970-01-01', '', 1, 0, 3, '2018-07-11 16:18:13', '192.168.30.20', 0, '0000-00-00 00:00:00', ''),
(212, 5, 3, 4, 0, 0, 0, '', '1970-01-01', '1970-01-01', '', 1, 0, 3, '2018-07-11 16:18:13', '192.168.30.20', 0, '0000-00-00 00:00:00', ''),
(213, 5, 3, 5, 0, 0, 0, '', '1970-01-01', '1970-01-01', '', 1, 0, 3, '2018-07-11 16:18:13', '192.168.30.20', 0, '0000-00-00 00:00:00', ''),
(214, 5, 3, 6, 0, 0, 0, '', '1970-01-01', '1970-01-01', '', 1, 0, 3, '2018-07-11 16:18:13', '192.168.30.20', 0, '0000-00-00 00:00:00', ''),
(215, 5, 3, 7, 0, 0, 0, '', '1970-01-01', '1970-01-01', '', 1, 0, 3, '2018-07-11 16:18:13', '192.168.30.20', 0, '0000-00-00 00:00:00', ''),
(216, 5, 3, 8, 0, 0, 0, '', '1970-01-01', '1970-01-01', '', 1, 0, 3, '2018-07-11 16:18:13', '192.168.30.20', 0, '0000-00-00 00:00:00', ''),
(217, 5, 3, 9, 0, 0, 0, '', '1970-01-01', '1970-01-01', '', 1, 0, 3, '2018-07-11 16:18:13', '192.168.30.20', 0, '0000-00-00 00:00:00', ''),
(218, 5, 3, 10, 0, 0, 0, '', '1970-01-01', '1970-01-01', '', 1, 0, 3, '2018-07-11 16:18:13', '192.168.30.20', 0, '0000-00-00 00:00:00', ''),
(219, 5, 3, 11, 0, 0, 0, '', '1970-01-01', '1970-01-01', '', 1, 0, 3, '2018-07-11 16:18:13', '192.168.30.20', 0, '0000-00-00 00:00:00', ''),
(220, 5, 3, 12, 0, 0, 0, '', '1970-01-01', '1970-01-01', '', 1, 0, 3, '2018-07-11 16:18:13', '192.168.30.20', 0, '0000-00-00 00:00:00', ''),
(221, 5, 3, 13, 0, 0, 0, '', '1970-01-01', '1970-01-01', '', 1, 0, 3, '2018-07-11 16:18:13', '192.168.30.20', 0, '0000-00-00 00:00:00', ''),
(222, 5, 3, 14, 0, 0, 0, '', '1970-01-01', '1970-01-01', '', 1, 0, 3, '2018-07-11 16:18:13', '192.168.30.20', 0, '0000-00-00 00:00:00', ''),
(223, 5, 3, 15, 0, 0, 0, '', '1970-01-01', '1970-01-01', '', 1, 0, 3, '2018-07-11 16:18:13', '192.168.30.20', 0, '0000-00-00 00:00:00', ''),
(224, 5, 3, 16, 0, 0, 0, '', '1970-01-01', '1970-01-01', '', 1, 0, 3, '2018-07-11 16:18:13', '192.168.30.20', 0, '0000-00-00 00:00:00', ''),
(225, 5, 3, 17, 0, 0, 0, '', '1970-01-01', '1970-01-01', '', 1, 0, 3, '2018-07-11 16:18:13', '192.168.30.20', 0, '0000-00-00 00:00:00', ''),
(226, 5, 3, 18, 0, 0, 0, '', '1970-01-01', '1970-01-01', '', 1, 0, 3, '2018-07-11 16:18:13', '192.168.30.20', 0, '0000-00-00 00:00:00', ''),
(227, 5, 3, 19, 0, 0, 0, '', '1970-01-01', '1970-01-01', '', 1, 0, 3, '2018-07-11 16:18:13', '192.168.30.20', 0, '0000-00-00 00:00:00', ''),
(228, 5, 3, 20, 0, 0, 0, '', '1970-01-01', '1970-01-01', '', 1, 0, 3, '2018-07-11 16:18:13', '192.168.30.20', 0, '0000-00-00 00:00:00', ''),
(229, 5, 3, 21, 0, 0, 0, '', '1970-01-01', '1970-01-01', '', 1, 0, 3, '2018-07-11 16:18:13', '192.168.30.20', 0, '0000-00-00 00:00:00', ''),
(230, 5, 3, 22, 0, 0, 0, '', '1970-01-01', '1970-01-01', '', 1, 0, 3, '2018-07-11 16:18:13', '192.168.30.20', 0, '0000-00-00 00:00:00', ''),
(231, 5, 3, 23, 0, 0, 0, '', '1970-01-01', '1970-01-01', '', 1, 0, 3, '2018-07-11 16:18:13', '192.168.30.20', 0, '0000-00-00 00:00:00', ''),
(232, 5, 3, 24, 0, 0, 0, '', '1970-01-01', '1970-01-01', '', 1, 0, 3, '2018-07-11 16:18:13', '192.168.30.20', 0, '0000-00-00 00:00:00', ''),
(233, 5, 3, 25, 0, 0, 0, '', '1970-01-01', '1970-01-01', '', 1, 0, 3, '2018-07-11 16:18:13', '192.168.30.20', 0, '0000-00-00 00:00:00', ''),
(234, 5, 3, 26, 0, 0, 0, '', '1970-01-01', '1970-01-01', '', 1, 0, 3, '2018-07-11 16:18:13', '192.168.30.20', 0, '0000-00-00 00:00:00', ''),
(235, 5, 3, 27, 0, 0, 0, '', '1970-01-01', '1970-01-01', '', 1, 0, 3, '2018-07-11 16:18:13', '192.168.30.20', 0, '0000-00-00 00:00:00', ''),
(236, 5, 3, 28, 0, 0, 0, '', '1970-01-01', '1970-01-01', '', 1, 0, 3, '2018-07-11 16:18:13', '192.168.30.20', 0, '0000-00-00 00:00:00', ''),
(237, 5, 3, 29, 0, 0, 0, '', '1970-01-01', '1970-01-01', '', 1, 0, 3, '2018-07-11 16:18:13', '192.168.30.20', 0, '0000-00-00 00:00:00', ''),
(238, 5, 3, 30, 0, 0, 0, '', '1970-01-01', '1970-01-01', '', 1, 0, 3, '2018-07-11 16:18:13', '192.168.30.20', 0, '0000-00-00 00:00:00', ''),
(239, 5, 3, 31, 0, 0, 0, '', '1970-01-01', '1970-01-01', '', 1, 0, 3, '2018-07-11 16:18:13', '192.168.30.20', 0, '0000-00-00 00:00:00', ''),
(240, 5, 3, 32, 0, 0, 0, '', '1970-01-01', '1970-01-01', '', 1, 0, 3, '2018-07-11 16:18:13', '192.168.30.20', 0, '0000-00-00 00:00:00', ''),
(241, 5, 3, 33, 0, 0, 0, '', '1970-01-01', '1970-01-01', '', 1, 0, 3, '2018-07-11 16:18:13', '192.168.30.20', 0, '0000-00-00 00:00:00', ''),
(242, 5, 3, 34, 0, 0, 0, '', '1970-01-01', '1970-01-01', '', 1, 0, 3, '2018-07-11 16:18:13', '192.168.30.20', 0, '0000-00-00 00:00:00', ''),
(243, 5, 3, 35, 0, 0, 0, '', '1970-01-01', '1970-01-01', '', 1, 0, 3, '2018-07-11 16:18:13', '192.168.30.20', 0, '0000-00-00 00:00:00', ''),
(244, 5, 3, 36, 0, 0, 0, '', '1970-01-01', '1970-01-01', '', 1, 0, 3, '2018-07-11 16:18:13', '192.168.30.20', 0, '0000-00-00 00:00:00', ''),
(245, 5, 3, 37, 0, 0, 0, '', '1970-01-01', '1970-01-01', '', 1, 0, 3, '2018-07-11 16:18:13', '192.168.30.20', 0, '0000-00-00 00:00:00', ''),
(246, 5, 3, 38, 0, 0, 0, '', '1970-01-01', '1970-01-01', '', 1, 0, 3, '2018-07-11 16:18:13', '192.168.30.20', 0, '0000-00-00 00:00:00', ''),
(247, 5, 3, 39, 0, 0, 0, '', '1970-01-01', '1970-01-01', '', 1, 0, 3, '2018-07-11 16:18:13', '192.168.30.20', 0, '0000-00-00 00:00:00', ''),
(248, 5, 3, 40, 0, 0, 0, '', '1970-01-01', '1970-01-01', '', 1, 0, 3, '2018-07-11 16:18:13', '192.168.30.20', 0, '0000-00-00 00:00:00', ''),
(249, 5, 3, 41, 0, 0, 0, '', '1970-01-01', '1970-01-01', '', 1, 0, 3, '2018-07-11 16:18:13', '192.168.30.20', 0, '0000-00-00 00:00:00', ''),
(250, 5, 3, 42, 0, 0, 0, '', '1970-01-01', '1970-01-01', '', 1, 0, 3, '2018-07-11 16:18:13', '192.168.30.20', 0, '0000-00-00 00:00:00', ''),
(251, 5, 3, 43, 0, 0, 0, '', '1970-01-01', '1970-01-01', '', 1, 0, 3, '2018-07-11 16:18:13', '192.168.30.20', 0, '0000-00-00 00:00:00', ''),
(252, 5, 3, 44, 0, 0, 0, '', '1970-01-01', '1970-01-01', '', 1, 0, 3, '2018-07-11 16:18:13', '192.168.30.20', 0, '0000-00-00 00:00:00', ''),
(253, 5, 3, 45, 0, 0, 0, '', '1970-01-01', '1970-01-01', '', 1, 0, 3, '2018-07-11 16:18:13', '192.168.30.20', 0, '0000-00-00 00:00:00', ''),
(254, 5, 3, 46, 0, 0, 0, '', '1970-01-01', '1970-01-01', '', 1, 0, 3, '2018-07-11 16:18:13', '192.168.30.20', 0, '0000-00-00 00:00:00', ''),
(255, 5, 3, 47, 0, 0, 0, '', '1970-01-01', '1970-01-01', '', 1, 0, 3, '2018-07-11 16:18:13', '192.168.30.20', 0, '0000-00-00 00:00:00', ''),
(256, 5, 3, 48, 0, 0, 0, '', '1970-01-01', '1970-01-01', '', 1, 0, 3, '2018-07-11 16:18:13', '192.168.30.20', 0, '0000-00-00 00:00:00', ''),
(257, 5, 3, 49, 0, 0, 0, '', '1970-01-01', '1970-01-01', '', 1, 0, 3, '2018-07-11 16:18:13', '192.168.30.20', 0, '0000-00-00 00:00:00', ''),
(258, 5, 3, 50, 0, 0, 0, '', '1970-01-01', '1970-01-01', '', 1, 0, 3, '2018-07-11 16:18:13', '192.168.30.20', 0, '0000-00-00 00:00:00', ''),
(259, 5, 3, 51, 0, 0, 0, '', '1970-01-01', '1970-01-01', '', 1, 0, 3, '2018-07-11 16:18:13', '192.168.30.20', 0, '0000-00-00 00:00:00', ''),
(260, 5, 3, 52, 0, 0, 0, '', '1970-01-01', '1970-01-01', '', 1, 0, 3, '2018-07-11 16:18:13', '192.168.30.20', 0, '0000-00-00 00:00:00', '');

-- --------------------------------------------------------

--
-- Table structure for table `ft_broker_licences_ria`
--

CREATE TABLE IF NOT EXISTS `ft_broker_licences_ria` (
`id` int(11) NOT NULL,
  `broker_id` int(11) NOT NULL,
  `type_of_licences` tinyint(1) NOT NULL DEFAULT '1' COMMENT '1-securities,2-insurance,3-RIA',
  `state_id` int(8) NOT NULL,
  `waive_home_state_fee` tinyint(1) NOT NULL DEFAULT '0',
  `product_category` tinyint(1) NOT NULL DEFAULT '0',
  `active_check` tinyint(1) NOT NULL DEFAULT '0',
  `fee` varchar(20) NOT NULL,
  `received` date NOT NULL,
  `terminated` date NOT NULL,
  `reson` text NOT NULL,
  `status` tinyint(1) NOT NULL DEFAULT '1',
  `is_delete` tinyint(1) NOT NULL DEFAULT '0',
  `created_by` int(12) NOT NULL,
  `created_time` datetime NOT NULL,
  `created_ip` varchar(100) NOT NULL,
  `modified_by` int(12) NOT NULL,
  `modified_time` datetime NOT NULL,
  `modified_ip` varchar(100) NOT NULL
) ENGINE=InnoDB AUTO_INCREMENT=261 DEFAULT CHARSET=latin1;

--
-- Dumping data for table `ft_broker_licences_ria`
--

INSERT INTO `ft_broker_licences_ria` (`id`, `broker_id`, `type_of_licences`, `state_id`, `waive_home_state_fee`, `product_category`, `active_check`, `fee`, `received`, `terminated`, `reson`, `status`, `is_delete`, `created_by`, `created_time`, `created_ip`, `modified_by`, `modified_time`, `modified_ip`) VALUES
(1, 1, 3, 1, 1, 1, 0, '', '1970-01-01', '1970-01-01', '', 1, 0, 3, '2018-06-13 17:01:22', '192.168.30.20', 3, '2018-07-05 16:30:47', '192.168.30.20'),
(2, 1, 3, 2, 1, 1, 1, '3500.00', '2018-06-20', '2018-06-25', 'test ria', 1, 0, 3, '2018-06-13 17:01:22', '192.168.30.20', 3, '2018-07-05 16:30:47', '192.168.30.20'),
(3, 1, 3, 3, 1, 1, 0, '', '1970-01-01', '1970-01-01', '', 1, 0, 3, '2018-06-13 17:01:22', '192.168.30.20', 3, '2018-07-05 16:30:47', '192.168.30.20'),
(4, 1, 3, 4, 1, 1, 0, '', '1970-01-01', '1970-01-01', '', 1, 0, 3, '2018-06-13 17:01:22', '192.168.30.20', 3, '2018-07-05 16:30:47', '192.168.30.20'),
(5, 1, 3, 5, 1, 1, 0, '', '1970-01-01', '1970-01-01', '', 1, 0, 3, '2018-06-13 17:01:22', '192.168.30.20', 3, '2018-07-05 16:30:47', '192.168.30.20'),
(6, 1, 3, 6, 1, 1, 0, '', '1970-01-01', '1970-01-01', '', 1, 0, 3, '2018-06-13 17:01:22', '192.168.30.20', 3, '2018-07-05 16:30:47', '192.168.30.20'),
(7, 1, 3, 7, 1, 1, 0, '', '1970-01-01', '1970-01-01', '', 1, 0, 3, '2018-06-13 17:01:22', '192.168.30.20', 3, '2018-07-05 16:30:47', '192.168.30.20'),
(8, 1, 3, 8, 1, 1, 0, '', '1970-01-01', '1970-01-01', '', 1, 0, 3, '2018-06-13 17:01:22', '192.168.30.20', 3, '2018-07-05 16:30:47', '192.168.30.20'),
(9, 1, 3, 9, 1, 1, 0, '', '1970-01-01', '1970-01-01', '', 1, 0, 3, '2018-06-13 17:01:22', '192.168.30.20', 3, '2018-07-05 16:30:47', '192.168.30.20'),
(10, 1, 3, 10, 1, 1, 0, '', '1970-01-01', '1970-01-01', '', 1, 0, 3, '2018-06-13 17:01:22', '192.168.30.20', 3, '2018-07-05 16:30:47', '192.168.30.20'),
(11, 1, 3, 11, 1, 1, 0, '', '1970-01-01', '1970-01-01', '', 1, 0, 3, '2018-06-13 17:01:22', '192.168.30.20', 3, '2018-07-05 16:30:47', '192.168.30.20'),
(12, 1, 3, 12, 1, 1, 0, '', '1970-01-01', '1970-01-01', '', 1, 0, 3, '2018-06-13 17:01:22', '192.168.30.20', 3, '2018-07-05 16:30:47', '192.168.30.20'),
(13, 1, 3, 13, 1, 1, 0, '', '1970-01-01', '1970-01-01', '', 1, 0, 3, '2018-06-13 17:01:22', '192.168.30.20', 3, '2018-07-05 16:30:47', '192.168.30.20'),
(14, 1, 3, 14, 1, 1, 0, '', '1970-01-01', '1970-01-01', '', 1, 0, 3, '2018-06-13 17:01:22', '192.168.30.20', 3, '2018-07-05 16:30:47', '192.168.30.20'),
(15, 1, 3, 15, 1, 1, 0, '', '1970-01-01', '1970-01-01', '', 1, 0, 3, '2018-06-13 17:01:22', '192.168.30.20', 3, '2018-07-05 16:30:47', '192.168.30.20'),
(16, 1, 3, 16, 1, 1, 0, '', '1970-01-01', '1970-01-01', '', 1, 0, 3, '2018-06-13 17:01:22', '192.168.30.20', 3, '2018-07-05 16:30:47', '192.168.30.20'),
(17, 1, 3, 17, 1, 1, 0, '', '1970-01-01', '1970-01-01', '', 1, 0, 3, '2018-06-13 17:01:22', '192.168.30.20', 3, '2018-07-05 16:30:47', '192.168.30.20'),
(18, 1, 3, 18, 1, 1, 0, '', '1970-01-01', '1970-01-01', '', 1, 0, 3, '2018-06-13 17:01:22', '192.168.30.20', 3, '2018-07-05 16:30:47', '192.168.30.20'),
(19, 1, 3, 19, 1, 1, 0, '', '1970-01-01', '1970-01-01', '', 1, 0, 3, '2018-06-13 17:01:22', '192.168.30.20', 3, '2018-07-05 16:30:47', '192.168.30.20'),
(20, 1, 3, 20, 1, 1, 0, '', '1970-01-01', '1970-01-01', '', 1, 0, 3, '2018-06-13 17:01:22', '192.168.30.20', 3, '2018-07-05 16:30:47', '192.168.30.20'),
(21, 1, 3, 21, 1, 1, 0, '', '1970-01-01', '1970-01-01', '', 1, 0, 3, '2018-06-13 17:01:22', '192.168.30.20', 3, '2018-07-05 16:30:47', '192.168.30.20'),
(22, 1, 3, 22, 1, 1, 0, '', '1970-01-01', '1970-01-01', '', 1, 0, 3, '2018-06-13 17:01:22', '192.168.30.20', 3, '2018-07-05 16:30:47', '192.168.30.20'),
(23, 1, 3, 23, 1, 1, 0, '', '1970-01-01', '1970-01-01', '', 1, 0, 3, '2018-06-13 17:01:22', '192.168.30.20', 3, '2018-07-05 16:30:47', '192.168.30.20'),
(24, 1, 3, 24, 1, 1, 0, '', '1970-01-01', '1970-01-01', '', 1, 0, 3, '2018-06-13 17:01:22', '192.168.30.20', 3, '2018-07-05 16:30:47', '192.168.30.20'),
(25, 1, 3, 25, 1, 1, 0, '', '1970-01-01', '1970-01-01', '', 1, 0, 3, '2018-06-13 17:01:22', '192.168.30.20', 3, '2018-07-05 16:30:47', '192.168.30.20'),
(26, 1, 3, 26, 1, 1, 0, '', '1970-01-01', '1970-01-01', '', 1, 0, 3, '2018-06-13 17:01:22', '192.168.30.20', 3, '2018-07-05 16:30:47', '192.168.30.20'),
(27, 1, 3, 27, 1, 1, 0, '', '1970-01-01', '1970-01-01', '', 1, 0, 3, '2018-06-13 17:01:22', '192.168.30.20', 3, '2018-07-05 16:30:47', '192.168.30.20'),
(28, 1, 3, 28, 1, 1, 0, '', '1970-01-01', '1970-01-01', '', 1, 0, 3, '2018-06-13 17:01:22', '192.168.30.20', 3, '2018-07-05 16:30:47', '192.168.30.20'),
(29, 1, 3, 29, 1, 1, 0, '', '1970-01-01', '1970-01-01', '', 1, 0, 3, '2018-06-13 17:01:22', '192.168.30.20', 3, '2018-07-05 16:30:47', '192.168.30.20'),
(30, 1, 3, 30, 1, 1, 0, '', '1970-01-01', '1970-01-01', '', 1, 0, 3, '2018-06-13 17:01:22', '192.168.30.20', 3, '2018-07-05 16:30:47', '192.168.30.20'),
(31, 1, 3, 31, 1, 1, 0, '', '1970-01-01', '1970-01-01', '', 1, 0, 3, '2018-06-13 17:01:22', '192.168.30.20', 3, '2018-07-05 16:30:47', '192.168.30.20'),
(32, 1, 3, 32, 1, 1, 0, '', '1970-01-01', '1970-01-01', '', 1, 0, 3, '2018-06-13 17:01:22', '192.168.30.20', 3, '2018-07-05 16:30:47', '192.168.30.20'),
(33, 1, 3, 33, 1, 1, 0, '', '1970-01-01', '1970-01-01', '', 1, 0, 3, '2018-06-13 17:01:22', '192.168.30.20', 3, '2018-07-05 16:30:47', '192.168.30.20'),
(34, 1, 3, 34, 1, 1, 0, '', '1970-01-01', '1970-01-01', '', 1, 0, 3, '2018-06-13 17:01:22', '192.168.30.20', 3, '2018-07-05 16:30:47', '192.168.30.20'),
(35, 1, 3, 35, 1, 1, 0, '', '1970-01-01', '1970-01-01', '', 1, 0, 3, '2018-06-13 17:01:22', '192.168.30.20', 3, '2018-07-05 16:30:47', '192.168.30.20'),
(36, 1, 3, 36, 1, 1, 0, '', '1970-01-01', '1970-01-01', '', 1, 0, 3, '2018-06-13 17:01:22', '192.168.30.20', 3, '2018-07-05 16:30:47', '192.168.30.20'),
(37, 1, 3, 37, 1, 1, 0, '', '1970-01-01', '1970-01-01', '', 1, 0, 3, '2018-06-13 17:01:22', '192.168.30.20', 3, '2018-07-05 16:30:47', '192.168.30.20'),
(38, 1, 3, 38, 1, 1, 0, '', '1970-01-01', '1970-01-01', '', 1, 0, 3, '2018-06-13 17:01:22', '192.168.30.20', 3, '2018-07-05 16:30:47', '192.168.30.20'),
(39, 1, 3, 39, 1, 1, 0, '', '1970-01-01', '1970-01-01', '', 1, 0, 3, '2018-06-13 17:01:22', '192.168.30.20', 3, '2018-07-05 16:30:47', '192.168.30.20'),
(40, 1, 3, 40, 1, 1, 0, '', '1970-01-01', '1970-01-01', '', 1, 0, 3, '2018-06-13 17:01:22', '192.168.30.20', 3, '2018-07-05 16:30:47', '192.168.30.20'),
(41, 1, 3, 41, 1, 1, 0, '', '1970-01-01', '1970-01-01', '', 1, 0, 3, '2018-06-13 17:01:22', '192.168.30.20', 3, '2018-07-05 16:30:47', '192.168.30.20'),
(42, 1, 3, 42, 1, 1, 0, '', '1970-01-01', '1970-01-01', '', 1, 0, 3, '2018-06-13 17:01:22', '192.168.30.20', 3, '2018-07-05 16:30:47', '192.168.30.20'),
(43, 1, 3, 43, 1, 1, 0, '', '1970-01-01', '1970-01-01', '', 1, 0, 3, '2018-06-13 17:01:22', '192.168.30.20', 3, '2018-07-05 16:30:47', '192.168.30.20'),
(44, 1, 3, 44, 1, 1, 0, '', '1970-01-01', '1970-01-01', '', 1, 0, 3, '2018-06-13 17:01:22', '192.168.30.20', 3, '2018-07-05 16:30:47', '192.168.30.20'),
(45, 1, 3, 45, 1, 1, 0, '', '1970-01-01', '1970-01-01', '', 1, 0, 3, '2018-06-13 17:01:22', '192.168.30.20', 3, '2018-07-05 16:30:47', '192.168.30.20'),
(46, 1, 3, 46, 1, 1, 0, '', '1970-01-01', '1970-01-01', '', 1, 0, 3, '2018-06-13 17:01:22', '192.168.30.20', 3, '2018-07-05 16:30:47', '192.168.30.20'),
(47, 1, 3, 47, 1, 1, 0, '', '1970-01-01', '1970-01-01', '', 1, 0, 3, '2018-06-13 17:01:22', '192.168.30.20', 3, '2018-07-05 16:30:47', '192.168.30.20'),
(48, 1, 3, 48, 1, 1, 0, '', '1970-01-01', '1970-01-01', '', 1, 0, 3, '2018-06-13 17:01:22', '192.168.30.20', 3, '2018-07-05 16:30:47', '192.168.30.20'),
(49, 1, 3, 49, 1, 1, 0, '', '1970-01-01', '1970-01-01', '', 1, 0, 3, '2018-06-13 17:01:22', '192.168.30.20', 3, '2018-07-05 16:30:47', '192.168.30.20'),
(50, 1, 3, 50, 1, 1, 0, '', '1970-01-01', '1970-01-01', '', 1, 0, 3, '2018-06-13 17:01:22', '192.168.30.20', 3, '2018-07-05 16:30:47', '192.168.30.20'),
(51, 1, 3, 51, 1, 1, 0, '', '1970-01-01', '1970-01-01', '', 1, 0, 3, '2018-06-13 17:01:22', '192.168.30.20', 3, '2018-07-05 16:30:47', '192.168.30.20'),
(52, 1, 3, 52, 1, 1, 0, '', '1970-01-01', '1970-01-01', '', 1, 0, 3, '2018-06-13 17:01:22', '192.168.30.20', 3, '2018-07-05 16:30:47', '192.168.30.20'),
(53, 2, 3, 1, 0, 0, 0, '', '1970-01-01', '1970-01-01', '', 1, 0, 3, '2018-06-13 17:05:50', '192.168.30.20', 3, '2018-07-05 16:34:50', '192.168.30.20'),
(54, 2, 3, 2, 0, 0, 0, '', '1970-01-01', '1970-01-01', '', 1, 0, 3, '2018-06-13 17:05:50', '192.168.30.20', 3, '2018-07-05 16:34:50', '192.168.30.20'),
(55, 2, 3, 3, 0, 0, 0, '', '1970-01-01', '1970-01-01', '', 1, 0, 3, '2018-06-13 17:05:50', '192.168.30.20', 3, '2018-07-05 16:34:50', '192.168.30.20'),
(56, 2, 3, 4, 0, 0, 0, '', '1970-01-01', '1970-01-01', '', 1, 0, 3, '2018-06-13 17:05:50', '192.168.30.20', 3, '2018-07-05 16:34:50', '192.168.30.20'),
(57, 2, 3, 5, 0, 0, 0, '', '1970-01-01', '1970-01-01', '', 1, 0, 3, '2018-06-13 17:05:50', '192.168.30.20', 3, '2018-07-05 16:34:50', '192.168.30.20'),
(58, 2, 3, 6, 0, 0, 0, '', '1970-01-01', '1970-01-01', '', 1, 0, 3, '2018-06-13 17:05:50', '192.168.30.20', 3, '2018-07-05 16:34:50', '192.168.30.20'),
(59, 2, 3, 7, 0, 0, 0, '', '1970-01-01', '1970-01-01', '', 1, 0, 3, '2018-06-13 17:05:50', '192.168.30.20', 3, '2018-07-05 16:34:50', '192.168.30.20'),
(60, 2, 3, 8, 0, 0, 0, '', '1970-01-01', '1970-01-01', '', 1, 0, 3, '2018-06-13 17:05:50', '192.168.30.20', 3, '2018-07-05 16:34:50', '192.168.30.20'),
(61, 2, 3, 9, 0, 0, 0, '', '1970-01-01', '1970-01-01', '', 1, 0, 3, '2018-06-13 17:05:50', '192.168.30.20', 3, '2018-07-05 16:34:50', '192.168.30.20'),
(62, 2, 3, 10, 0, 0, 0, '', '1970-01-01', '1970-01-01', '', 1, 0, 3, '2018-06-13 17:05:50', '192.168.30.20', 3, '2018-07-05 16:34:50', '192.168.30.20'),
(63, 2, 3, 11, 0, 0, 0, '', '1970-01-01', '1970-01-01', '', 1, 0, 3, '2018-06-13 17:05:50', '192.168.30.20', 3, '2018-07-05 16:34:50', '192.168.30.20'),
(64, 2, 3, 12, 0, 0, 0, '', '1970-01-01', '1970-01-01', '', 1, 0, 3, '2018-06-13 17:05:50', '192.168.30.20', 3, '2018-07-05 16:34:50', '192.168.30.20'),
(65, 2, 3, 13, 0, 0, 0, '', '1970-01-01', '1970-01-01', '', 1, 0, 3, '2018-06-13 17:05:50', '192.168.30.20', 3, '2018-07-05 16:34:50', '192.168.30.20'),
(66, 2, 3, 14, 0, 0, 0, '', '1970-01-01', '1970-01-01', '', 1, 0, 3, '2018-06-13 17:05:50', '192.168.30.20', 3, '2018-07-05 16:34:50', '192.168.30.20'),
(67, 2, 3, 15, 0, 0, 0, '', '1970-01-01', '1970-01-01', '', 1, 0, 3, '2018-06-13 17:05:50', '192.168.30.20', 3, '2018-07-05 16:34:50', '192.168.30.20'),
(68, 2, 3, 16, 0, 0, 0, '', '1970-01-01', '1970-01-01', '', 1, 0, 3, '2018-06-13 17:05:50', '192.168.30.20', 3, '2018-07-05 16:34:50', '192.168.30.20'),
(69, 2, 3, 17, 0, 0, 0, '', '1970-01-01', '1970-01-01', '', 1, 0, 3, '2018-06-13 17:05:50', '192.168.30.20', 3, '2018-07-05 16:34:50', '192.168.30.20'),
(70, 2, 3, 18, 0, 0, 0, '', '1970-01-01', '1970-01-01', '', 1, 0, 3, '2018-06-13 17:05:50', '192.168.30.20', 3, '2018-07-05 16:34:50', '192.168.30.20'),
(71, 2, 3, 19, 0, 0, 0, '', '1970-01-01', '1970-01-01', '', 1, 0, 3, '2018-06-13 17:05:50', '192.168.30.20', 3, '2018-07-05 16:34:50', '192.168.30.20'),
(72, 2, 3, 20, 0, 0, 0, '', '1970-01-01', '1970-01-01', '', 1, 0, 3, '2018-06-13 17:05:50', '192.168.30.20', 3, '2018-07-05 16:34:50', '192.168.30.20'),
(73, 2, 3, 21, 0, 0, 0, '', '1970-01-01', '1970-01-01', '', 1, 0, 3, '2018-06-13 17:05:50', '192.168.30.20', 3, '2018-07-05 16:34:50', '192.168.30.20'),
(74, 2, 3, 22, 0, 0, 0, '', '1970-01-01', '1970-01-01', '', 1, 0, 3, '2018-06-13 17:05:50', '192.168.30.20', 3, '2018-07-05 16:34:50', '192.168.30.20'),
(75, 2, 3, 23, 0, 0, 0, '', '1970-01-01', '1970-01-01', '', 1, 0, 3, '2018-06-13 17:05:50', '192.168.30.20', 3, '2018-07-05 16:34:50', '192.168.30.20'),
(76, 2, 3, 24, 0, 0, 0, '', '1970-01-01', '1970-01-01', '', 1, 0, 3, '2018-06-13 17:05:50', '192.168.30.20', 3, '2018-07-05 16:34:50', '192.168.30.20'),
(77, 2, 3, 25, 0, 0, 0, '', '1970-01-01', '1970-01-01', '', 1, 0, 3, '2018-06-13 17:05:50', '192.168.30.20', 3, '2018-07-05 16:34:50', '192.168.30.20'),
(78, 2, 3, 26, 0, 0, 0, '', '1970-01-01', '1970-01-01', '', 1, 0, 3, '2018-06-13 17:05:50', '192.168.30.20', 3, '2018-07-05 16:34:50', '192.168.30.20'),
(79, 2, 3, 27, 0, 0, 0, '', '1970-01-01', '1970-01-01', '', 1, 0, 3, '2018-06-13 17:05:50', '192.168.30.20', 3, '2018-07-05 16:34:50', '192.168.30.20'),
(80, 2, 3, 28, 0, 0, 0, '', '1970-01-01', '1970-01-01', '', 1, 0, 3, '2018-06-13 17:05:50', '192.168.30.20', 3, '2018-07-05 16:34:50', '192.168.30.20'),
(81, 2, 3, 29, 0, 0, 0, '', '1970-01-01', '1970-01-01', '', 1, 0, 3, '2018-06-13 17:05:50', '192.168.30.20', 3, '2018-07-05 16:34:50', '192.168.30.20'),
(82, 2, 3, 30, 0, 0, 0, '', '1970-01-01', '1970-01-01', '', 1, 0, 3, '2018-06-13 17:05:50', '192.168.30.20', 3, '2018-07-05 16:34:50', '192.168.30.20'),
(83, 2, 3, 31, 0, 0, 0, '', '1970-01-01', '1970-01-01', '', 1, 0, 3, '2018-06-13 17:05:50', '192.168.30.20', 3, '2018-07-05 16:34:50', '192.168.30.20'),
(84, 2, 3, 32, 0, 0, 0, '', '1970-01-01', '1970-01-01', '', 1, 0, 3, '2018-06-13 17:05:50', '192.168.30.20', 3, '2018-07-05 16:34:50', '192.168.30.20'),
(85, 2, 3, 33, 0, 0, 0, '', '1970-01-01', '1970-01-01', '', 1, 0, 3, '2018-06-13 17:05:50', '192.168.30.20', 3, '2018-07-05 16:34:50', '192.168.30.20'),
(86, 2, 3, 34, 0, 0, 0, '', '1970-01-01', '1970-01-01', '', 1, 0, 3, '2018-06-13 17:05:50', '192.168.30.20', 3, '2018-07-05 16:34:50', '192.168.30.20'),
(87, 2, 3, 35, 0, 0, 0, '', '1970-01-01', '1970-01-01', '', 1, 0, 3, '2018-06-13 17:05:50', '192.168.30.20', 3, '2018-07-05 16:34:50', '192.168.30.20'),
(88, 2, 3, 36, 0, 0, 0, '', '1970-01-01', '1970-01-01', '', 1, 0, 3, '2018-06-13 17:05:50', '192.168.30.20', 3, '2018-07-05 16:34:50', '192.168.30.20'),
(89, 2, 3, 37, 0, 0, 0, '', '1970-01-01', '1970-01-01', '', 1, 0, 3, '2018-06-13 17:05:50', '192.168.30.20', 3, '2018-07-05 16:34:50', '192.168.30.20'),
(90, 2, 3, 38, 0, 0, 0, '', '1970-01-01', '1970-01-01', '', 1, 0, 3, '2018-06-13 17:05:50', '192.168.30.20', 3, '2018-07-05 16:34:50', '192.168.30.20'),
(91, 2, 3, 39, 0, 0, 0, '', '1970-01-01', '1970-01-01', '', 1, 0, 3, '2018-06-13 17:05:50', '192.168.30.20', 3, '2018-07-05 16:34:50', '192.168.30.20'),
(92, 2, 3, 40, 0, 0, 0, '', '1970-01-01', '1970-01-01', '', 1, 0, 3, '2018-06-13 17:05:50', '192.168.30.20', 3, '2018-07-05 16:34:50', '192.168.30.20'),
(93, 2, 3, 41, 0, 0, 0, '', '1970-01-01', '1970-01-01', '', 1, 0, 3, '2018-06-13 17:05:50', '192.168.30.20', 3, '2018-07-05 16:34:50', '192.168.30.20'),
(94, 2, 3, 42, 0, 0, 0, '', '1970-01-01', '1970-01-01', '', 1, 0, 3, '2018-06-13 17:05:50', '192.168.30.20', 3, '2018-07-05 16:34:50', '192.168.30.20'),
(95, 2, 3, 43, 0, 0, 0, '', '1970-01-01', '1970-01-01', '', 1, 0, 3, '2018-06-13 17:05:50', '192.168.30.20', 3, '2018-07-05 16:34:50', '192.168.30.20'),
(96, 2, 3, 44, 0, 0, 0, '', '1970-01-01', '1970-01-01', '', 1, 0, 3, '2018-06-13 17:05:50', '192.168.30.20', 3, '2018-07-05 16:34:50', '192.168.30.20'),
(97, 2, 3, 45, 0, 0, 0, '', '1970-01-01', '1970-01-01', '', 1, 0, 3, '2018-06-13 17:05:50', '192.168.30.20', 3, '2018-07-05 16:34:50', '192.168.30.20'),
(98, 2, 3, 46, 0, 0, 0, '', '1970-01-01', '1970-01-01', '', 1, 0, 3, '2018-06-13 17:05:50', '192.168.30.20', 3, '2018-07-05 16:34:50', '192.168.30.20'),
(99, 2, 3, 47, 0, 0, 0, '', '1970-01-01', '1970-01-01', '', 1, 0, 3, '2018-06-13 17:05:50', '192.168.30.20', 3, '2018-07-05 16:34:50', '192.168.30.20'),
(100, 2, 3, 48, 0, 0, 0, '', '1970-01-01', '1970-01-01', '', 1, 0, 3, '2018-06-13 17:05:50', '192.168.30.20', 3, '2018-07-05 16:34:50', '192.168.30.20'),
(101, 2, 3, 49, 0, 0, 0, '', '1970-01-01', '1970-01-01', '', 1, 0, 3, '2018-06-13 17:05:50', '192.168.30.20', 3, '2018-07-05 16:34:50', '192.168.30.20'),
(102, 2, 3, 50, 0, 0, 0, '', '1970-01-01', '1970-01-01', '', 1, 0, 3, '2018-06-13 17:05:50', '192.168.30.20', 3, '2018-07-05 16:34:50', '192.168.30.20'),
(103, 2, 3, 51, 0, 0, 0, '', '1970-01-01', '1970-01-01', '', 1, 0, 3, '2018-06-13 17:05:50', '192.168.30.20', 3, '2018-07-05 16:34:50', '192.168.30.20'),
(104, 2, 3, 52, 0, 0, 0, '', '1970-01-01', '1970-01-01', '', 1, 0, 3, '2018-06-13 17:05:50', '192.168.30.20', 3, '2018-07-05 16:34:50', '192.168.30.20'),
(105, 3, 3, 1, 0, 0, 0, '', '1970-01-01', '1970-01-01', '', 1, 0, 3, '2018-06-13 17:07:41', '192.168.30.20', 3, '2018-07-06 16:07:59', '192.168.30.20'),
(106, 3, 3, 2, 0, 0, 0, '', '1970-01-01', '1970-01-01', '', 1, 0, 3, '2018-06-13 17:07:41', '192.168.30.20', 3, '2018-07-06 16:07:59', '192.168.30.20'),
(107, 3, 3, 3, 0, 0, 0, '', '1970-01-01', '1970-01-01', '', 1, 0, 3, '2018-06-13 17:07:41', '192.168.30.20', 3, '2018-07-06 16:07:59', '192.168.30.20'),
(108, 3, 3, 4, 0, 0, 0, '', '1970-01-01', '1970-01-01', '', 1, 0, 3, '2018-06-13 17:07:41', '192.168.30.20', 3, '2018-07-06 16:07:59', '192.168.30.20'),
(109, 3, 3, 5, 0, 0, 0, '', '1970-01-01', '1970-01-01', '', 1, 0, 3, '2018-06-13 17:07:41', '192.168.30.20', 3, '2018-07-06 16:07:59', '192.168.30.20'),
(110, 3, 3, 6, 0, 0, 0, '', '1970-01-01', '1970-01-01', '', 1, 0, 3, '2018-06-13 17:07:41', '192.168.30.20', 3, '2018-07-06 16:07:59', '192.168.30.20'),
(111, 3, 3, 7, 0, 0, 0, '', '1970-01-01', '1970-01-01', '', 1, 0, 3, '2018-06-13 17:07:41', '192.168.30.20', 3, '2018-07-06 16:07:59', '192.168.30.20'),
(112, 3, 3, 8, 0, 0, 0, '', '1970-01-01', '1970-01-01', '', 1, 0, 3, '2018-06-13 17:07:41', '192.168.30.20', 3, '2018-07-06 16:07:59', '192.168.30.20'),
(113, 3, 3, 9, 0, 0, 0, '', '1970-01-01', '1970-01-01', '', 1, 0, 3, '2018-06-13 17:07:41', '192.168.30.20', 3, '2018-07-06 16:07:59', '192.168.30.20'),
(114, 3, 3, 10, 0, 0, 0, '', '1970-01-01', '1970-01-01', '', 1, 0, 3, '2018-06-13 17:07:41', '192.168.30.20', 3, '2018-07-06 16:07:59', '192.168.30.20'),
(115, 3, 3, 11, 0, 0, 0, '', '1970-01-01', '1970-01-01', '', 1, 0, 3, '2018-06-13 17:07:41', '192.168.30.20', 3, '2018-07-06 16:07:59', '192.168.30.20'),
(116, 3, 3, 12, 0, 0, 0, '', '1970-01-01', '1970-01-01', '', 1, 0, 3, '2018-06-13 17:07:41', '192.168.30.20', 3, '2018-07-06 16:07:59', '192.168.30.20'),
(117, 3, 3, 13, 0, 0, 0, '', '1970-01-01', '1970-01-01', '', 1, 0, 3, '2018-06-13 17:07:41', '192.168.30.20', 3, '2018-07-06 16:07:59', '192.168.30.20'),
(118, 3, 3, 14, 0, 0, 0, '', '1970-01-01', '1970-01-01', '', 1, 0, 3, '2018-06-13 17:07:41', '192.168.30.20', 3, '2018-07-06 16:07:59', '192.168.30.20'),
(119, 3, 3, 15, 0, 0, 0, '', '1970-01-01', '1970-01-01', '', 1, 0, 3, '2018-06-13 17:07:41', '192.168.30.20', 3, '2018-07-06 16:07:59', '192.168.30.20'),
(120, 3, 3, 16, 0, 0, 0, '', '1970-01-01', '1970-01-01', '', 1, 0, 3, '2018-06-13 17:07:41', '192.168.30.20', 3, '2018-07-06 16:07:59', '192.168.30.20'),
(121, 3, 3, 17, 0, 0, 0, '', '1970-01-01', '1970-01-01', '', 1, 0, 3, '2018-06-13 17:07:41', '192.168.30.20', 3, '2018-07-06 16:07:59', '192.168.30.20'),
(122, 3, 3, 18, 0, 0, 0, '', '1970-01-01', '1970-01-01', '', 1, 0, 3, '2018-06-13 17:07:41', '192.168.30.20', 3, '2018-07-06 16:07:59', '192.168.30.20'),
(123, 3, 3, 19, 0, 0, 0, '', '1970-01-01', '1970-01-01', '', 1, 0, 3, '2018-06-13 17:07:41', '192.168.30.20', 3, '2018-07-06 16:07:59', '192.168.30.20'),
(124, 3, 3, 20, 0, 0, 0, '', '1970-01-01', '1970-01-01', '', 1, 0, 3, '2018-06-13 17:07:41', '192.168.30.20', 3, '2018-07-06 16:07:59', '192.168.30.20'),
(125, 3, 3, 21, 0, 0, 0, '', '1970-01-01', '1970-01-01', '', 1, 0, 3, '2018-06-13 17:07:41', '192.168.30.20', 3, '2018-07-06 16:07:59', '192.168.30.20'),
(126, 3, 3, 22, 0, 0, 0, '', '1970-01-01', '1970-01-01', '', 1, 0, 3, '2018-06-13 17:07:41', '192.168.30.20', 3, '2018-07-06 16:07:59', '192.168.30.20'),
(127, 3, 3, 23, 0, 0, 0, '', '1970-01-01', '1970-01-01', '', 1, 0, 3, '2018-06-13 17:07:41', '192.168.30.20', 3, '2018-07-06 16:07:59', '192.168.30.20'),
(128, 3, 3, 24, 0, 0, 0, '', '1970-01-01', '1970-01-01', '', 1, 0, 3, '2018-06-13 17:07:41', '192.168.30.20', 3, '2018-07-06 16:07:59', '192.168.30.20'),
(129, 3, 3, 25, 0, 0, 0, '', '1970-01-01', '1970-01-01', '', 1, 0, 3, '2018-06-13 17:07:41', '192.168.30.20', 3, '2018-07-06 16:07:59', '192.168.30.20'),
(130, 3, 3, 26, 0, 0, 0, '', '1970-01-01', '1970-01-01', '', 1, 0, 3, '2018-06-13 17:07:41', '192.168.30.20', 3, '2018-07-06 16:07:59', '192.168.30.20'),
(131, 3, 3, 27, 0, 0, 0, '', '1970-01-01', '1970-01-01', '', 1, 0, 3, '2018-06-13 17:07:41', '192.168.30.20', 3, '2018-07-06 16:07:59', '192.168.30.20'),
(132, 3, 3, 28, 0, 0, 0, '', '1970-01-01', '1970-01-01', '', 1, 0, 3, '2018-06-13 17:07:41', '192.168.30.20', 3, '2018-07-06 16:07:59', '192.168.30.20'),
(133, 3, 3, 29, 0, 0, 0, '', '1970-01-01', '1970-01-01', '', 1, 0, 3, '2018-06-13 17:07:41', '192.168.30.20', 3, '2018-07-06 16:07:59', '192.168.30.20'),
(134, 3, 3, 30, 0, 0, 0, '', '1970-01-01', '1970-01-01', '', 1, 0, 3, '2018-06-13 17:07:41', '192.168.30.20', 3, '2018-07-06 16:07:59', '192.168.30.20'),
(135, 3, 3, 31, 0, 0, 0, '', '1970-01-01', '1970-01-01', '', 1, 0, 3, '2018-06-13 17:07:41', '192.168.30.20', 3, '2018-07-06 16:07:59', '192.168.30.20'),
(136, 3, 3, 32, 0, 0, 0, '', '1970-01-01', '1970-01-01', '', 1, 0, 3, '2018-06-13 17:07:41', '192.168.30.20', 3, '2018-07-06 16:07:59', '192.168.30.20'),
(137, 3, 3, 33, 0, 0, 0, '', '1970-01-01', '1970-01-01', '', 1, 0, 3, '2018-06-13 17:07:41', '192.168.30.20', 3, '2018-07-06 16:07:59', '192.168.30.20'),
(138, 3, 3, 34, 0, 0, 0, '', '1970-01-01', '1970-01-01', '', 1, 0, 3, '2018-06-13 17:07:41', '192.168.30.20', 3, '2018-07-06 16:07:59', '192.168.30.20'),
(139, 3, 3, 35, 0, 0, 0, '', '1970-01-01', '1970-01-01', '', 1, 0, 3, '2018-06-13 17:07:41', '192.168.30.20', 3, '2018-07-06 16:07:59', '192.168.30.20'),
(140, 3, 3, 36, 0, 0, 0, '', '1970-01-01', '1970-01-01', '', 1, 0, 3, '2018-06-13 17:07:41', '192.168.30.20', 3, '2018-07-06 16:07:59', '192.168.30.20'),
(141, 3, 3, 37, 0, 0, 0, '', '1970-01-01', '1970-01-01', '', 1, 0, 3, '2018-06-13 17:07:41', '192.168.30.20', 3, '2018-07-06 16:07:59', '192.168.30.20'),
(142, 3, 3, 38, 0, 0, 0, '', '1970-01-01', '1970-01-01', '', 1, 0, 3, '2018-06-13 17:07:41', '192.168.30.20', 3, '2018-07-06 16:07:59', '192.168.30.20'),
(143, 3, 3, 39, 0, 0, 0, '', '1970-01-01', '1970-01-01', '', 1, 0, 3, '2018-06-13 17:07:41', '192.168.30.20', 3, '2018-07-06 16:07:59', '192.168.30.20'),
(144, 3, 3, 40, 0, 0, 0, '', '1970-01-01', '1970-01-01', '', 1, 0, 3, '2018-06-13 17:07:41', '192.168.30.20', 3, '2018-07-06 16:07:59', '192.168.30.20'),
(145, 3, 3, 41, 0, 0, 0, '', '1970-01-01', '1970-01-01', '', 1, 0, 3, '2018-06-13 17:07:41', '192.168.30.20', 3, '2018-07-06 16:07:59', '192.168.30.20'),
(146, 3, 3, 42, 0, 0, 0, '', '1970-01-01', '1970-01-01', '', 1, 0, 3, '2018-06-13 17:07:41', '192.168.30.20', 3, '2018-07-06 16:07:59', '192.168.30.20'),
(147, 3, 3, 43, 0, 0, 0, '', '1970-01-01', '1970-01-01', '', 1, 0, 3, '2018-06-13 17:07:41', '192.168.30.20', 3, '2018-07-06 16:07:59', '192.168.30.20'),
(148, 3, 3, 44, 0, 0, 0, '', '1970-01-01', '1970-01-01', '', 1, 0, 3, '2018-06-13 17:07:41', '192.168.30.20', 3, '2018-07-06 16:07:59', '192.168.30.20'),
(149, 3, 3, 45, 0, 0, 0, '', '1970-01-01', '1970-01-01', '', 1, 0, 3, '2018-06-13 17:07:41', '192.168.30.20', 3, '2018-07-06 16:07:59', '192.168.30.20'),
(150, 3, 3, 46, 0, 0, 0, '', '1970-01-01', '1970-01-01', '', 1, 0, 3, '2018-06-13 17:07:41', '192.168.30.20', 3, '2018-07-06 16:07:59', '192.168.30.20'),
(151, 3, 3, 47, 0, 0, 0, '', '1970-01-01', '1970-01-01', '', 1, 0, 3, '2018-06-13 17:07:41', '192.168.30.20', 3, '2018-07-06 16:07:59', '192.168.30.20'),
(152, 3, 3, 48, 0, 0, 0, '', '1970-01-01', '1970-01-01', '', 1, 0, 3, '2018-06-13 17:07:41', '192.168.30.20', 3, '2018-07-06 16:07:59', '192.168.30.20'),
(153, 3, 3, 49, 0, 0, 0, '', '1970-01-01', '1970-01-01', '', 1, 0, 3, '2018-06-13 17:07:41', '192.168.30.20', 3, '2018-07-06 16:07:59', '192.168.30.20'),
(154, 3, 3, 50, 0, 0, 0, '', '1970-01-01', '1970-01-01', '', 1, 0, 3, '2018-06-13 17:07:41', '192.168.30.20', 3, '2018-07-06 16:07:59', '192.168.30.20'),
(155, 3, 3, 51, 0, 0, 0, '', '1970-01-01', '1970-01-01', '', 1, 0, 3, '2018-06-13 17:07:41', '192.168.30.20', 3, '2018-07-06 16:07:59', '192.168.30.20'),
(156, 3, 3, 52, 0, 0, 0, '', '1970-01-01', '1970-01-01', '', 1, 0, 3, '2018-06-13 17:07:41', '192.168.30.20', 3, '2018-07-06 16:07:59', '192.168.30.20'),
(157, 4, 3, 1, 0, 0, 0, '', '1970-01-01', '1970-01-01', '', 1, 0, 3, '2018-06-13 17:30:12', '192.168.30.20', 3, '2018-07-06 17:04:46', '192.168.30.20'),
(158, 4, 3, 2, 0, 0, 0, '', '1970-01-01', '1970-01-01', '', 1, 0, 3, '2018-06-13 17:30:12', '192.168.30.20', 3, '2018-07-06 17:04:46', '192.168.30.20'),
(159, 4, 3, 3, 0, 0, 0, '', '1970-01-01', '1970-01-01', '', 1, 0, 3, '2018-06-13 17:30:12', '192.168.30.20', 3, '2018-07-06 17:04:46', '192.168.30.20'),
(160, 4, 3, 4, 0, 0, 0, '', '1970-01-01', '1970-01-01', '', 1, 0, 3, '2018-06-13 17:30:12', '192.168.30.20', 3, '2018-07-06 17:04:46', '192.168.30.20'),
(161, 4, 3, 5, 0, 0, 0, '', '1970-01-01', '1970-01-01', '', 1, 0, 3, '2018-06-13 17:30:12', '192.168.30.20', 3, '2018-07-06 17:04:46', '192.168.30.20'),
(162, 4, 3, 6, 0, 0, 0, '', '1970-01-01', '1970-01-01', '', 1, 0, 3, '2018-06-13 17:30:12', '192.168.30.20', 3, '2018-07-06 17:04:46', '192.168.30.20'),
(163, 4, 3, 7, 0, 0, 0, '', '1970-01-01', '1970-01-01', '', 1, 0, 3, '2018-06-13 17:30:12', '192.168.30.20', 3, '2018-07-06 17:04:46', '192.168.30.20'),
(164, 4, 3, 8, 0, 0, 0, '', '1970-01-01', '1970-01-01', '', 1, 0, 3, '2018-06-13 17:30:12', '192.168.30.20', 3, '2018-07-06 17:04:46', '192.168.30.20'),
(165, 4, 3, 9, 0, 0, 0, '', '1970-01-01', '1970-01-01', '', 1, 0, 3, '2018-06-13 17:30:12', '192.168.30.20', 3, '2018-07-06 17:04:46', '192.168.30.20'),
(166, 4, 3, 10, 0, 0, 0, '', '1970-01-01', '1970-01-01', '', 1, 0, 3, '2018-06-13 17:30:12', '192.168.30.20', 3, '2018-07-06 17:04:46', '192.168.30.20'),
(167, 4, 3, 11, 0, 0, 0, '', '1970-01-01', '1970-01-01', '', 1, 0, 3, '2018-06-13 17:30:12', '192.168.30.20', 3, '2018-07-06 17:04:46', '192.168.30.20'),
(168, 4, 3, 12, 0, 0, 0, '', '1970-01-01', '1970-01-01', '', 1, 0, 3, '2018-06-13 17:30:12', '192.168.30.20', 3, '2018-07-06 17:04:46', '192.168.30.20'),
(169, 4, 3, 13, 0, 0, 0, '', '1970-01-01', '1970-01-01', '', 1, 0, 3, '2018-06-13 17:30:12', '192.168.30.20', 3, '2018-07-06 17:04:46', '192.168.30.20'),
(170, 4, 3, 14, 0, 0, 0, '', '1970-01-01', '1970-01-01', '', 1, 0, 3, '2018-06-13 17:30:12', '192.168.30.20', 3, '2018-07-06 17:04:46', '192.168.30.20'),
(171, 4, 3, 15, 0, 0, 0, '', '1970-01-01', '1970-01-01', '', 1, 0, 3, '2018-06-13 17:30:12', '192.168.30.20', 3, '2018-07-06 17:04:46', '192.168.30.20'),
(172, 4, 3, 16, 0, 0, 0, '', '1970-01-01', '1970-01-01', '', 1, 0, 3, '2018-06-13 17:30:12', '192.168.30.20', 3, '2018-07-06 17:04:46', '192.168.30.20'),
(173, 4, 3, 17, 0, 0, 0, '', '1970-01-01', '1970-01-01', '', 1, 0, 3, '2018-06-13 17:30:12', '192.168.30.20', 3, '2018-07-06 17:04:46', '192.168.30.20'),
(174, 4, 3, 18, 0, 0, 0, '', '1970-01-01', '1970-01-01', '', 1, 0, 3, '2018-06-13 17:30:12', '192.168.30.20', 3, '2018-07-06 17:04:46', '192.168.30.20'),
(175, 4, 3, 19, 0, 0, 0, '', '1970-01-01', '1970-01-01', '', 1, 0, 3, '2018-06-13 17:30:12', '192.168.30.20', 3, '2018-07-06 17:04:46', '192.168.30.20'),
(176, 4, 3, 20, 0, 0, 0, '', '1970-01-01', '1970-01-01', '', 1, 0, 3, '2018-06-13 17:30:12', '192.168.30.20', 3, '2018-07-06 17:04:46', '192.168.30.20'),
(177, 4, 3, 21, 0, 0, 0, '', '1970-01-01', '1970-01-01', '', 1, 0, 3, '2018-06-13 17:30:12', '192.168.30.20', 3, '2018-07-06 17:04:46', '192.168.30.20'),
(178, 4, 3, 22, 0, 0, 0, '', '1970-01-01', '1970-01-01', '', 1, 0, 3, '2018-06-13 17:30:12', '192.168.30.20', 3, '2018-07-06 17:04:46', '192.168.30.20'),
(179, 4, 3, 23, 0, 0, 0, '', '1970-01-01', '1970-01-01', '', 1, 0, 3, '2018-06-13 17:30:12', '192.168.30.20', 3, '2018-07-06 17:04:46', '192.168.30.20'),
(180, 4, 3, 24, 0, 0, 0, '', '1970-01-01', '1970-01-01', '', 1, 0, 3, '2018-06-13 17:30:12', '192.168.30.20', 3, '2018-07-06 17:04:46', '192.168.30.20'),
(181, 4, 3, 25, 0, 0, 0, '', '1970-01-01', '1970-01-01', '', 1, 0, 3, '2018-06-13 17:30:12', '192.168.30.20', 3, '2018-07-06 17:04:46', '192.168.30.20'),
(182, 4, 3, 26, 0, 0, 0, '', '1970-01-01', '1970-01-01', '', 1, 0, 3, '2018-06-13 17:30:12', '192.168.30.20', 3, '2018-07-06 17:04:46', '192.168.30.20'),
(183, 4, 3, 27, 0, 0, 0, '', '1970-01-01', '1970-01-01', '', 1, 0, 3, '2018-06-13 17:30:12', '192.168.30.20', 3, '2018-07-06 17:04:46', '192.168.30.20'),
(184, 4, 3, 28, 0, 0, 0, '', '1970-01-01', '1970-01-01', '', 1, 0, 3, '2018-06-13 17:30:12', '192.168.30.20', 3, '2018-07-06 17:04:46', '192.168.30.20'),
(185, 4, 3, 29, 0, 0, 0, '', '1970-01-01', '1970-01-01', '', 1, 0, 3, '2018-06-13 17:30:12', '192.168.30.20', 3, '2018-07-06 17:04:46', '192.168.30.20'),
(186, 4, 3, 30, 0, 0, 0, '', '1970-01-01', '1970-01-01', '', 1, 0, 3, '2018-06-13 17:30:12', '192.168.30.20', 3, '2018-07-06 17:04:46', '192.168.30.20'),
(187, 4, 3, 31, 0, 0, 0, '', '1970-01-01', '1970-01-01', '', 1, 0, 3, '2018-06-13 17:30:12', '192.168.30.20', 3, '2018-07-06 17:04:46', '192.168.30.20'),
(188, 4, 3, 32, 0, 0, 0, '', '1970-01-01', '1970-01-01', '', 1, 0, 3, '2018-06-13 17:30:12', '192.168.30.20', 3, '2018-07-06 17:04:46', '192.168.30.20'),
(189, 4, 3, 33, 0, 0, 0, '', '1970-01-01', '1970-01-01', '', 1, 0, 3, '2018-06-13 17:30:12', '192.168.30.20', 3, '2018-07-06 17:04:46', '192.168.30.20'),
(190, 4, 3, 34, 0, 0, 0, '', '1970-01-01', '1970-01-01', '', 1, 0, 3, '2018-06-13 17:30:12', '192.168.30.20', 3, '2018-07-06 17:04:46', '192.168.30.20'),
(191, 4, 3, 35, 0, 0, 0, '', '1970-01-01', '1970-01-01', '', 1, 0, 3, '2018-06-13 17:30:12', '192.168.30.20', 3, '2018-07-06 17:04:46', '192.168.30.20'),
(192, 4, 3, 36, 0, 0, 0, '', '1970-01-01', '1970-01-01', '', 1, 0, 3, '2018-06-13 17:30:12', '192.168.30.20', 3, '2018-07-06 17:04:46', '192.168.30.20'),
(193, 4, 3, 37, 0, 0, 0, '', '1970-01-01', '1970-01-01', '', 1, 0, 3, '2018-06-13 17:30:12', '192.168.30.20', 3, '2018-07-06 17:04:46', '192.168.30.20'),
(194, 4, 3, 38, 0, 0, 0, '', '1970-01-01', '1970-01-01', '', 1, 0, 3, '2018-06-13 17:30:12', '192.168.30.20', 3, '2018-07-06 17:04:46', '192.168.30.20'),
(195, 4, 3, 39, 0, 0, 0, '', '1970-01-01', '1970-01-01', '', 1, 0, 3, '2018-06-13 17:30:12', '192.168.30.20', 3, '2018-07-06 17:04:46', '192.168.30.20'),
(196, 4, 3, 40, 0, 0, 0, '', '1970-01-01', '1970-01-01', '', 1, 0, 3, '2018-06-13 17:30:12', '192.168.30.20', 3, '2018-07-06 17:04:46', '192.168.30.20'),
(197, 4, 3, 41, 0, 0, 0, '', '1970-01-01', '1970-01-01', '', 1, 0, 3, '2018-06-13 17:30:12', '192.168.30.20', 3, '2018-07-06 17:04:46', '192.168.30.20'),
(198, 4, 3, 42, 0, 0, 0, '', '1970-01-01', '1970-01-01', '', 1, 0, 3, '2018-06-13 17:30:12', '192.168.30.20', 3, '2018-07-06 17:04:46', '192.168.30.20'),
(199, 4, 3, 43, 0, 0, 0, '', '1970-01-01', '1970-01-01', '', 1, 0, 3, '2018-06-13 17:30:12', '192.168.30.20', 3, '2018-07-06 17:04:46', '192.168.30.20'),
(200, 4, 3, 44, 0, 0, 0, '', '1970-01-01', '1970-01-01', '', 1, 0, 3, '2018-06-13 17:30:12', '192.168.30.20', 3, '2018-07-06 17:04:46', '192.168.30.20'),
(201, 4, 3, 45, 0, 0, 0, '', '1970-01-01', '1970-01-01', '', 1, 0, 3, '2018-06-13 17:30:12', '192.168.30.20', 3, '2018-07-06 17:04:46', '192.168.30.20'),
(202, 4, 3, 46, 0, 0, 0, '', '1970-01-01', '1970-01-01', '', 1, 0, 3, '2018-06-13 17:30:12', '192.168.30.20', 3, '2018-07-06 17:04:46', '192.168.30.20'),
(203, 4, 3, 47, 0, 0, 0, '', '1970-01-01', '1970-01-01', '', 1, 0, 3, '2018-06-13 17:30:12', '192.168.30.20', 3, '2018-07-06 17:04:46', '192.168.30.20'),
(204, 4, 3, 48, 0, 0, 0, '', '1970-01-01', '1970-01-01', '', 1, 0, 3, '2018-06-13 17:30:12', '192.168.30.20', 3, '2018-07-06 17:04:46', '192.168.30.20'),
(205, 4, 3, 49, 0, 0, 0, '', '1970-01-01', '1970-01-01', '', 1, 0, 3, '2018-06-13 17:30:12', '192.168.30.20', 3, '2018-07-06 17:04:46', '192.168.30.20'),
(206, 4, 3, 50, 0, 0, 0, '', '1970-01-01', '1970-01-01', '', 1, 0, 3, '2018-06-13 17:30:12', '192.168.30.20', 3, '2018-07-06 17:04:46', '192.168.30.20'),
(207, 4, 3, 51, 0, 0, 0, '', '1970-01-01', '1970-01-01', '', 1, 0, 3, '2018-06-13 17:30:12', '192.168.30.20', 3, '2018-07-06 17:04:46', '192.168.30.20'),
(208, 4, 3, 52, 0, 0, 0, '', '1970-01-01', '1970-01-01', '', 1, 0, 3, '2018-06-13 17:30:12', '192.168.30.20', 3, '2018-07-06 17:04:46', '192.168.30.20'),
(209, 5, 3, 1, 0, 0, 0, '', '1970-01-01', '1970-01-01', '', 1, 0, 3, '2018-07-11 16:18:13', '192.168.30.20', 0, '0000-00-00 00:00:00', ''),
(210, 5, 3, 2, 0, 0, 0, '', '1970-01-01', '1970-01-01', '', 1, 0, 3, '2018-07-11 16:18:13', '192.168.30.20', 0, '0000-00-00 00:00:00', ''),
(211, 5, 3, 3, 0, 0, 0, '', '1970-01-01', '1970-01-01', '', 1, 0, 3, '2018-07-11 16:18:13', '192.168.30.20', 0, '0000-00-00 00:00:00', ''),
(212, 5, 3, 4, 0, 0, 0, '', '1970-01-01', '1970-01-01', '', 1, 0, 3, '2018-07-11 16:18:13', '192.168.30.20', 0, '0000-00-00 00:00:00', ''),
(213, 5, 3, 5, 0, 0, 0, '', '1970-01-01', '1970-01-01', '', 1, 0, 3, '2018-07-11 16:18:13', '192.168.30.20', 0, '0000-00-00 00:00:00', ''),
(214, 5, 3, 6, 0, 0, 0, '', '1970-01-01', '1970-01-01', '', 1, 0, 3, '2018-07-11 16:18:13', '192.168.30.20', 0, '0000-00-00 00:00:00', ''),
(215, 5, 3, 7, 0, 0, 0, '', '1970-01-01', '1970-01-01', '', 1, 0, 3, '2018-07-11 16:18:13', '192.168.30.20', 0, '0000-00-00 00:00:00', ''),
(216, 5, 3, 8, 0, 0, 0, '', '1970-01-01', '1970-01-01', '', 1, 0, 3, '2018-07-11 16:18:13', '192.168.30.20', 0, '0000-00-00 00:00:00', ''),
(217, 5, 3, 9, 0, 0, 0, '', '1970-01-01', '1970-01-01', '', 1, 0, 3, '2018-07-11 16:18:13', '192.168.30.20', 0, '0000-00-00 00:00:00', ''),
(218, 5, 3, 10, 0, 0, 0, '', '1970-01-01', '1970-01-01', '', 1, 0, 3, '2018-07-11 16:18:13', '192.168.30.20', 0, '0000-00-00 00:00:00', ''),
(219, 5, 3, 11, 0, 0, 0, '', '1970-01-01', '1970-01-01', '', 1, 0, 3, '2018-07-11 16:18:13', '192.168.30.20', 0, '0000-00-00 00:00:00', ''),
(220, 5, 3, 12, 0, 0, 0, '', '1970-01-01', '1970-01-01', '', 1, 0, 3, '2018-07-11 16:18:13', '192.168.30.20', 0, '0000-00-00 00:00:00', ''),
(221, 5, 3, 13, 0, 0, 0, '', '1970-01-01', '1970-01-01', '', 1, 0, 3, '2018-07-11 16:18:13', '192.168.30.20', 0, '0000-00-00 00:00:00', ''),
(222, 5, 3, 14, 0, 0, 0, '', '1970-01-01', '1970-01-01', '', 1, 0, 3, '2018-07-11 16:18:13', '192.168.30.20', 0, '0000-00-00 00:00:00', ''),
(223, 5, 3, 15, 0, 0, 0, '', '1970-01-01', '1970-01-01', '', 1, 0, 3, '2018-07-11 16:18:13', '192.168.30.20', 0, '0000-00-00 00:00:00', ''),
(224, 5, 3, 16, 0, 0, 0, '', '1970-01-01', '1970-01-01', '', 1, 0, 3, '2018-07-11 16:18:13', '192.168.30.20', 0, '0000-00-00 00:00:00', ''),
(225, 5, 3, 17, 0, 0, 0, '', '1970-01-01', '1970-01-01', '', 1, 0, 3, '2018-07-11 16:18:13', '192.168.30.20', 0, '0000-00-00 00:00:00', ''),
(226, 5, 3, 18, 0, 0, 0, '', '1970-01-01', '1970-01-01', '', 1, 0, 3, '2018-07-11 16:18:13', '192.168.30.20', 0, '0000-00-00 00:00:00', ''),
(227, 5, 3, 19, 0, 0, 0, '', '1970-01-01', '1970-01-01', '', 1, 0, 3, '2018-07-11 16:18:13', '192.168.30.20', 0, '0000-00-00 00:00:00', ''),
(228, 5, 3, 20, 0, 0, 0, '', '1970-01-01', '1970-01-01', '', 1, 0, 3, '2018-07-11 16:18:13', '192.168.30.20', 0, '0000-00-00 00:00:00', ''),
(229, 5, 3, 21, 0, 0, 0, '', '1970-01-01', '1970-01-01', '', 1, 0, 3, '2018-07-11 16:18:13', '192.168.30.20', 0, '0000-00-00 00:00:00', ''),
(230, 5, 3, 22, 0, 0, 0, '', '1970-01-01', '1970-01-01', '', 1, 0, 3, '2018-07-11 16:18:13', '192.168.30.20', 0, '0000-00-00 00:00:00', ''),
(231, 5, 3, 23, 0, 0, 0, '', '1970-01-01', '1970-01-01', '', 1, 0, 3, '2018-07-11 16:18:13', '192.168.30.20', 0, '0000-00-00 00:00:00', ''),
(232, 5, 3, 24, 0, 0, 0, '', '1970-01-01', '1970-01-01', '', 1, 0, 3, '2018-07-11 16:18:13', '192.168.30.20', 0, '0000-00-00 00:00:00', ''),
(233, 5, 3, 25, 0, 0, 0, '', '1970-01-01', '1970-01-01', '', 1, 0, 3, '2018-07-11 16:18:13', '192.168.30.20', 0, '0000-00-00 00:00:00', ''),
(234, 5, 3, 26, 0, 0, 0, '', '1970-01-01', '1970-01-01', '', 1, 0, 3, '2018-07-11 16:18:13', '192.168.30.20', 0, '0000-00-00 00:00:00', ''),
(235, 5, 3, 27, 0, 0, 0, '', '1970-01-01', '1970-01-01', '', 1, 0, 3, '2018-07-11 16:18:13', '192.168.30.20', 0, '0000-00-00 00:00:00', ''),
(236, 5, 3, 28, 0, 0, 0, '', '1970-01-01', '1970-01-01', '', 1, 0, 3, '2018-07-11 16:18:13', '192.168.30.20', 0, '0000-00-00 00:00:00', ''),
(237, 5, 3, 29, 0, 0, 0, '', '1970-01-01', '1970-01-01', '', 1, 0, 3, '2018-07-11 16:18:13', '192.168.30.20', 0, '0000-00-00 00:00:00', ''),
(238, 5, 3, 30, 0, 0, 0, '', '1970-01-01', '1970-01-01', '', 1, 0, 3, '2018-07-11 16:18:13', '192.168.30.20', 0, '0000-00-00 00:00:00', ''),
(239, 5, 3, 31, 0, 0, 0, '', '1970-01-01', '1970-01-01', '', 1, 0, 3, '2018-07-11 16:18:13', '192.168.30.20', 0, '0000-00-00 00:00:00', ''),
(240, 5, 3, 32, 0, 0, 0, '', '1970-01-01', '1970-01-01', '', 1, 0, 3, '2018-07-11 16:18:13', '192.168.30.20', 0, '0000-00-00 00:00:00', ''),
(241, 5, 3, 33, 0, 0, 0, '', '1970-01-01', '1970-01-01', '', 1, 0, 3, '2018-07-11 16:18:13', '192.168.30.20', 0, '0000-00-00 00:00:00', ''),
(242, 5, 3, 34, 0, 0, 0, '', '1970-01-01', '1970-01-01', '', 1, 0, 3, '2018-07-11 16:18:13', '192.168.30.20', 0, '0000-00-00 00:00:00', ''),
(243, 5, 3, 35, 0, 0, 0, '', '1970-01-01', '1970-01-01', '', 1, 0, 3, '2018-07-11 16:18:13', '192.168.30.20', 0, '0000-00-00 00:00:00', ''),
(244, 5, 3, 36, 0, 0, 0, '', '1970-01-01', '1970-01-01', '', 1, 0, 3, '2018-07-11 16:18:13', '192.168.30.20', 0, '0000-00-00 00:00:00', ''),
(245, 5, 3, 37, 0, 0, 0, '', '1970-01-01', '1970-01-01', '', 1, 0, 3, '2018-07-11 16:18:13', '192.168.30.20', 0, '0000-00-00 00:00:00', ''),
(246, 5, 3, 38, 0, 0, 0, '', '1970-01-01', '1970-01-01', '', 1, 0, 3, '2018-07-11 16:18:13', '192.168.30.20', 0, '0000-00-00 00:00:00', ''),
(247, 5, 3, 39, 0, 0, 0, '', '1970-01-01', '1970-01-01', '', 1, 0, 3, '2018-07-11 16:18:13', '192.168.30.20', 0, '0000-00-00 00:00:00', ''),
(248, 5, 3, 40, 0, 0, 0, '', '1970-01-01', '1970-01-01', '', 1, 0, 3, '2018-07-11 16:18:13', '192.168.30.20', 0, '0000-00-00 00:00:00', ''),
(249, 5, 3, 41, 0, 0, 0, '', '1970-01-01', '1970-01-01', '', 1, 0, 3, '2018-07-11 16:18:13', '192.168.30.20', 0, '0000-00-00 00:00:00', ''),
(250, 5, 3, 42, 0, 0, 0, '', '1970-01-01', '1970-01-01', '', 1, 0, 3, '2018-07-11 16:18:13', '192.168.30.20', 0, '0000-00-00 00:00:00', ''),
(251, 5, 3, 43, 0, 0, 0, '', '1970-01-01', '1970-01-01', '', 1, 0, 3, '2018-07-11 16:18:13', '192.168.30.20', 0, '0000-00-00 00:00:00', ''),
(252, 5, 3, 44, 0, 0, 0, '', '1970-01-01', '1970-01-01', '', 1, 0, 3, '2018-07-11 16:18:13', '192.168.30.20', 0, '0000-00-00 00:00:00', ''),
(253, 5, 3, 45, 0, 0, 0, '', '1970-01-01', '1970-01-01', '', 1, 0, 3, '2018-07-11 16:18:13', '192.168.30.20', 0, '0000-00-00 00:00:00', ''),
(254, 5, 3, 46, 0, 0, 0, '', '1970-01-01', '1970-01-01', '', 1, 0, 3, '2018-07-11 16:18:13', '192.168.30.20', 0, '0000-00-00 00:00:00', ''),
(255, 5, 3, 47, 0, 0, 0, '', '1970-01-01', '1970-01-01', '', 1, 0, 3, '2018-07-11 16:18:13', '192.168.30.20', 0, '0000-00-00 00:00:00', ''),
(256, 5, 3, 48, 0, 0, 0, '', '1970-01-01', '1970-01-01', '', 1, 0, 3, '2018-07-11 16:18:13', '192.168.30.20', 0, '0000-00-00 00:00:00', ''),
(257, 5, 3, 49, 0, 0, 0, '', '1970-01-01', '1970-01-01', '', 1, 0, 3, '2018-07-11 16:18:13', '192.168.30.20', 0, '0000-00-00 00:00:00', ''),
(258, 5, 3, 50, 0, 0, 0, '', '1970-01-01', '1970-01-01', '', 1, 0, 3, '2018-07-11 16:18:13', '192.168.30.20', 0, '0000-00-00 00:00:00', ''),
(259, 5, 3, 51, 0, 0, 0, '', '1970-01-01', '1970-01-01', '', 1, 0, 3, '2018-07-11 16:18:13', '192.168.30.20', 0, '0000-00-00 00:00:00', ''),
(260, 5, 3, 52, 0, 0, 0, '', '1970-01-01', '1970-01-01', '', 1, 0, 3, '2018-07-11 16:18:13', '192.168.30.20', 0, '0000-00-00 00:00:00', '');

-- --------------------------------------------------------

--
-- Table structure for table `ft_broker_licences_securities`
--

CREATE TABLE IF NOT EXISTS `ft_broker_licences_securities` (
`id` int(11) NOT NULL,
  `broker_id` int(11) NOT NULL,
  `type_of_licences` tinyint(1) NOT NULL DEFAULT '1' COMMENT '1-securities,2-insurance,3-RIA',
  `state_id` int(8) NOT NULL,
  `waive_home_state_fee` tinyint(1) NOT NULL DEFAULT '0',
  `product_category` tinyint(1) NOT NULL DEFAULT '0',
  `active_check` tinyint(1) NOT NULL DEFAULT '0',
  `fee` varchar(20) NOT NULL,
  `received` date DEFAULT '0000-00-00',
  `terminated` date DEFAULT '0000-00-00',
  `reson` text NOT NULL,
  `status` tinyint(1) NOT NULL DEFAULT '1',
  `is_delete` tinyint(1) NOT NULL DEFAULT '0',
  `created_by` int(12) NOT NULL,
  `created_time` datetime NOT NULL,
  `created_ip` varchar(100) NOT NULL,
  `modified_by` int(12) NOT NULL,
  `modified_time` datetime NOT NULL,
  `modified_ip` varchar(100) NOT NULL
) ENGINE=InnoDB AUTO_INCREMENT=261 DEFAULT CHARSET=latin1;

--
-- Dumping data for table `ft_broker_licences_securities`
--

INSERT INTO `ft_broker_licences_securities` (`id`, `broker_id`, `type_of_licences`, `state_id`, `waive_home_state_fee`, `product_category`, `active_check`, `fee`, `received`, `terminated`, `reson`, `status`, `is_delete`, `created_by`, `created_time`, `created_ip`, `modified_by`, `modified_time`, `modified_ip`) VALUES
(1, 1, 3, 1, 1, 1, 1, '2000.00', '2018-06-13', '2018-06-15', 'test', 1, 0, 3, '2018-06-13 17:01:22', '192.168.30.20', 3, '2018-07-05 16:30:47', '192.168.30.20'),
(2, 1, 3, 2, 1, 1, 0, '', '1970-01-01', '1970-01-01', '', 1, 0, 3, '2018-06-13 17:01:22', '192.168.30.20', 3, '2018-07-05 16:30:47', '192.168.30.20'),
(3, 1, 3, 3, 1, 1, 0, '', '1970-01-01', '1970-01-01', '', 1, 0, 3, '2018-06-13 17:01:22', '192.168.30.20', 3, '2018-07-05 16:30:47', '192.168.30.20'),
(4, 1, 3, 4, 1, 1, 0, '', '1970-01-01', '1970-01-01', '', 1, 0, 3, '2018-06-13 17:01:22', '192.168.30.20', 3, '2018-07-05 16:30:47', '192.168.30.20'),
(5, 1, 3, 5, 1, 1, 0, '', '1970-01-01', '1970-01-01', '', 1, 0, 3, '2018-06-13 17:01:22', '192.168.30.20', 3, '2018-07-05 16:30:47', '192.168.30.20'),
(6, 1, 3, 6, 1, 1, 0, '', '1970-01-01', '1970-01-01', '', 1, 0, 3, '2018-06-13 17:01:22', '192.168.30.20', 3, '2018-07-05 16:30:47', '192.168.30.20'),
(7, 1, 3, 7, 1, 1, 0, '', '1970-01-01', '1970-01-01', '', 1, 0, 3, '2018-06-13 17:01:22', '192.168.30.20', 3, '2018-07-05 16:30:47', '192.168.30.20'),
(8, 1, 3, 8, 1, 1, 0, '', '1970-01-01', '1970-01-01', '', 1, 0, 3, '2018-06-13 17:01:22', '192.168.30.20', 3, '2018-07-05 16:30:47', '192.168.30.20'),
(9, 1, 3, 9, 1, 1, 0, '', '1970-01-01', '1970-01-01', '', 1, 0, 3, '2018-06-13 17:01:22', '192.168.30.20', 3, '2018-07-05 16:30:47', '192.168.30.20'),
(10, 1, 3, 10, 1, 1, 0, '', '1970-01-01', '1970-01-01', '', 1, 0, 3, '2018-06-13 17:01:22', '192.168.30.20', 3, '2018-07-05 16:30:47', '192.168.30.20'),
(11, 1, 3, 11, 1, 1, 0, '', '1970-01-01', '1970-01-01', '', 1, 0, 3, '2018-06-13 17:01:22', '192.168.30.20', 3, '2018-07-05 16:30:47', '192.168.30.20'),
(12, 1, 3, 12, 1, 1, 0, '', '1970-01-01', '1970-01-01', '', 1, 0, 3, '2018-06-13 17:01:22', '192.168.30.20', 3, '2018-07-05 16:30:47', '192.168.30.20'),
(13, 1, 3, 13, 1, 1, 0, '', '1970-01-01', '1970-01-01', '', 1, 0, 3, '2018-06-13 17:01:22', '192.168.30.20', 3, '2018-07-05 16:30:47', '192.168.30.20'),
(14, 1, 3, 14, 1, 1, 0, '', '1970-01-01', '1970-01-01', '', 1, 0, 3, '2018-06-13 17:01:22', '192.168.30.20', 3, '2018-07-05 16:30:47', '192.168.30.20'),
(15, 1, 3, 15, 1, 1, 0, '', '1970-01-01', '1970-01-01', '', 1, 0, 3, '2018-06-13 17:01:22', '192.168.30.20', 3, '2018-07-05 16:30:47', '192.168.30.20'),
(16, 1, 3, 16, 1, 1, 0, '', '1970-01-01', '1970-01-01', '', 1, 0, 3, '2018-06-13 17:01:22', '192.168.30.20', 3, '2018-07-05 16:30:47', '192.168.30.20'),
(17, 1, 3, 17, 1, 1, 0, '', '1970-01-01', '1970-01-01', '', 1, 0, 3, '2018-06-13 17:01:22', '192.168.30.20', 3, '2018-07-05 16:30:47', '192.168.30.20'),
(18, 1, 3, 18, 1, 1, 0, '', '1970-01-01', '1970-01-01', '', 1, 0, 3, '2018-06-13 17:01:22', '192.168.30.20', 3, '2018-07-05 16:30:47', '192.168.30.20'),
(19, 1, 3, 19, 1, 1, 0, '', '1970-01-01', '1970-01-01', '', 1, 0, 3, '2018-06-13 17:01:22', '192.168.30.20', 3, '2018-07-05 16:30:47', '192.168.30.20'),
(20, 1, 3, 20, 1, 1, 0, '', '1970-01-01', '1970-01-01', '', 1, 0, 3, '2018-06-13 17:01:22', '192.168.30.20', 3, '2018-07-05 16:30:47', '192.168.30.20'),
(21, 1, 3, 21, 1, 1, 0, '', '1970-01-01', '1970-01-01', '', 1, 0, 3, '2018-06-13 17:01:22', '192.168.30.20', 3, '2018-07-05 16:30:47', '192.168.30.20'),
(22, 1, 3, 22, 1, 1, 0, '', '1970-01-01', '1970-01-01', '', 1, 0, 3, '2018-06-13 17:01:22', '192.168.30.20', 3, '2018-07-05 16:30:47', '192.168.30.20'),
(23, 1, 3, 23, 1, 1, 0, '', '1970-01-01', '1970-01-01', '', 1, 0, 3, '2018-06-13 17:01:22', '192.168.30.20', 3, '2018-07-05 16:30:47', '192.168.30.20'),
(24, 1, 3, 24, 1, 1, 0, '', '1970-01-01', '1970-01-01', '', 1, 0, 3, '2018-06-13 17:01:22', '192.168.30.20', 3, '2018-07-05 16:30:47', '192.168.30.20'),
(25, 1, 3, 25, 1, 1, 0, '', '1970-01-01', '1970-01-01', '', 1, 0, 3, '2018-06-13 17:01:22', '192.168.30.20', 3, '2018-07-05 16:30:47', '192.168.30.20'),
(26, 1, 3, 26, 1, 1, 0, '', '1970-01-01', '1970-01-01', '', 1, 0, 3, '2018-06-13 17:01:22', '192.168.30.20', 3, '2018-07-05 16:30:47', '192.168.30.20'),
(27, 1, 3, 27, 1, 1, 0, '', '1970-01-01', '1970-01-01', '', 1, 0, 3, '2018-06-13 17:01:22', '192.168.30.20', 3, '2018-07-05 16:30:47', '192.168.30.20'),
(28, 1, 3, 28, 1, 1, 0, '', '1970-01-01', '1970-01-01', '', 1, 0, 3, '2018-06-13 17:01:22', '192.168.30.20', 3, '2018-07-05 16:30:47', '192.168.30.20'),
(29, 1, 3, 29, 1, 1, 0, '', '1970-01-01', '1970-01-01', '', 1, 0, 3, '2018-06-13 17:01:22', '192.168.30.20', 3, '2018-07-05 16:30:47', '192.168.30.20'),
(30, 1, 3, 30, 1, 1, 0, '', '1970-01-01', '1970-01-01', '', 1, 0, 3, '2018-06-13 17:01:22', '192.168.30.20', 3, '2018-07-05 16:30:47', '192.168.30.20'),
(31, 1, 3, 31, 1, 1, 0, '', '1970-01-01', '1970-01-01', '', 1, 0, 3, '2018-06-13 17:01:22', '192.168.30.20', 3, '2018-07-05 16:30:47', '192.168.30.20'),
(32, 1, 3, 32, 1, 1, 0, '', '1970-01-01', '1970-01-01', '', 1, 0, 3, '2018-06-13 17:01:22', '192.168.30.20', 3, '2018-07-05 16:30:47', '192.168.30.20'),
(33, 1, 3, 33, 1, 1, 0, '', '1970-01-01', '1970-01-01', '', 1, 0, 3, '2018-06-13 17:01:22', '192.168.30.20', 3, '2018-07-05 16:30:47', '192.168.30.20'),
(34, 1, 3, 34, 1, 1, 0, '', '1970-01-01', '1970-01-01', '', 1, 0, 3, '2018-06-13 17:01:22', '192.168.30.20', 3, '2018-07-05 16:30:47', '192.168.30.20'),
(35, 1, 3, 35, 1, 1, 0, '', '1970-01-01', '1970-01-01', '', 1, 0, 3, '2018-06-13 17:01:22', '192.168.30.20', 3, '2018-07-05 16:30:47', '192.168.30.20'),
(36, 1, 3, 36, 1, 1, 0, '', '1970-01-01', '1970-01-01', '', 1, 0, 3, '2018-06-13 17:01:22', '192.168.30.20', 3, '2018-07-05 16:30:47', '192.168.30.20'),
(37, 1, 3, 37, 1, 1, 0, '', '1970-01-01', '1970-01-01', '', 1, 0, 3, '2018-06-13 17:01:22', '192.168.30.20', 3, '2018-07-05 16:30:47', '192.168.30.20'),
(38, 1, 3, 38, 1, 1, 0, '', '1970-01-01', '1970-01-01', '', 1, 0, 3, '2018-06-13 17:01:22', '192.168.30.20', 3, '2018-07-05 16:30:47', '192.168.30.20'),
(39, 1, 3, 39, 1, 1, 0, '', '1970-01-01', '1970-01-01', '', 1, 0, 3, '2018-06-13 17:01:22', '192.168.30.20', 3, '2018-07-05 16:30:47', '192.168.30.20'),
(40, 1, 3, 40, 1, 1, 0, '', '1970-01-01', '1970-01-01', '', 1, 0, 3, '2018-06-13 17:01:22', '192.168.30.20', 3, '2018-07-05 16:30:47', '192.168.30.20'),
(41, 1, 3, 41, 1, 1, 0, '', '1970-01-01', '1970-01-01', '', 1, 0, 3, '2018-06-13 17:01:22', '192.168.30.20', 3, '2018-07-05 16:30:47', '192.168.30.20'),
(42, 1, 3, 42, 1, 1, 0, '', '1970-01-01', '1970-01-01', '', 1, 0, 3, '2018-06-13 17:01:22', '192.168.30.20', 3, '2018-07-05 16:30:47', '192.168.30.20'),
(43, 1, 3, 43, 1, 1, 0, '', '1970-01-01', '1970-01-01', '', 1, 0, 3, '2018-06-13 17:01:22', '192.168.30.20', 3, '2018-07-05 16:30:47', '192.168.30.20'),
(44, 1, 3, 44, 1, 1, 0, '', '1970-01-01', '1970-01-01', '', 1, 0, 3, '2018-06-13 17:01:22', '192.168.30.20', 3, '2018-07-05 16:30:47', '192.168.30.20'),
(45, 1, 3, 45, 1, 1, 0, '', '1970-01-01', '1970-01-01', '', 1, 0, 3, '2018-06-13 17:01:22', '192.168.30.20', 3, '2018-07-05 16:30:47', '192.168.30.20'),
(46, 1, 3, 46, 1, 1, 0, '', '1970-01-01', '1970-01-01', '', 1, 0, 3, '2018-06-13 17:01:22', '192.168.30.20', 3, '2018-07-05 16:30:47', '192.168.30.20'),
(47, 1, 3, 47, 1, 1, 0, '', '1970-01-01', '1970-01-01', '', 1, 0, 3, '2018-06-13 17:01:22', '192.168.30.20', 3, '2018-07-05 16:30:47', '192.168.30.20'),
(48, 1, 3, 48, 1, 1, 0, '', '1970-01-01', '1970-01-01', '', 1, 0, 3, '2018-06-13 17:01:22', '192.168.30.20', 3, '2018-07-05 16:30:47', '192.168.30.20'),
(49, 1, 3, 49, 1, 1, 0, '', '1970-01-01', '1970-01-01', '', 1, 0, 3, '2018-06-13 17:01:22', '192.168.30.20', 3, '2018-07-05 16:30:47', '192.168.30.20'),
(50, 1, 3, 50, 1, 1, 0, '', '1970-01-01', '1970-01-01', '', 1, 0, 3, '2018-06-13 17:01:22', '192.168.30.20', 3, '2018-07-05 16:30:47', '192.168.30.20'),
(51, 1, 3, 51, 1, 1, 0, '', '1970-01-01', '1970-01-01', '', 1, 0, 3, '2018-06-13 17:01:22', '192.168.30.20', 3, '2018-07-05 16:30:47', '192.168.30.20'),
(52, 1, 3, 52, 1, 1, 0, '', '1970-01-01', '1970-01-01', '', 1, 0, 3, '2018-06-13 17:01:22', '192.168.30.20', 3, '2018-07-05 16:30:47', '192.168.30.20'),
(53, 2, 3, 1, 0, 0, 0, '', '1970-01-01', '1970-01-01', '', 1, 0, 3, '2018-06-13 17:05:50', '192.168.30.20', 3, '2018-07-05 16:34:50', '192.168.30.20'),
(54, 2, 3, 2, 0, 0, 0, '', '1970-01-01', '1970-01-01', '', 1, 0, 3, '2018-06-13 17:05:50', '192.168.30.20', 3, '2018-07-05 16:34:50', '192.168.30.20'),
(55, 2, 3, 3, 0, 0, 0, '', '1970-01-01', '1970-01-01', '', 1, 0, 3, '2018-06-13 17:05:50', '192.168.30.20', 3, '2018-07-05 16:34:50', '192.168.30.20'),
(56, 2, 3, 4, 0, 0, 0, '', '1970-01-01', '1970-01-01', '', 1, 0, 3, '2018-06-13 17:05:50', '192.168.30.20', 3, '2018-07-05 16:34:50', '192.168.30.20'),
(57, 2, 3, 5, 0, 0, 0, '', '1970-01-01', '1970-01-01', '', 1, 0, 3, '2018-06-13 17:05:50', '192.168.30.20', 3, '2018-07-05 16:34:50', '192.168.30.20'),
(58, 2, 3, 6, 0, 0, 0, '', '1970-01-01', '1970-01-01', '', 1, 0, 3, '2018-06-13 17:05:50', '192.168.30.20', 3, '2018-07-05 16:34:50', '192.168.30.20'),
(59, 2, 3, 7, 0, 0, 0, '', '1970-01-01', '1970-01-01', '', 1, 0, 3, '2018-06-13 17:05:50', '192.168.30.20', 3, '2018-07-05 16:34:50', '192.168.30.20'),
(60, 2, 3, 8, 0, 0, 0, '', '1970-01-01', '1970-01-01', '', 1, 0, 3, '2018-06-13 17:05:50', '192.168.30.20', 3, '2018-07-05 16:34:50', '192.168.30.20'),
(61, 2, 3, 9, 0, 0, 0, '', '1970-01-01', '1970-01-01', '', 1, 0, 3, '2018-06-13 17:05:50', '192.168.30.20', 3, '2018-07-05 16:34:50', '192.168.30.20'),
(62, 2, 3, 10, 0, 0, 0, '', '1970-01-01', '1970-01-01', '', 1, 0, 3, '2018-06-13 17:05:50', '192.168.30.20', 3, '2018-07-05 16:34:50', '192.168.30.20'),
(63, 2, 3, 11, 0, 0, 0, '', '1970-01-01', '1970-01-01', '', 1, 0, 3, '2018-06-13 17:05:50', '192.168.30.20', 3, '2018-07-05 16:34:50', '192.168.30.20'),
(64, 2, 3, 12, 0, 0, 0, '', '1970-01-01', '1970-01-01', '', 1, 0, 3, '2018-06-13 17:05:50', '192.168.30.20', 3, '2018-07-05 16:34:50', '192.168.30.20'),
(65, 2, 3, 13, 0, 0, 0, '', '1970-01-01', '1970-01-01', '', 1, 0, 3, '2018-06-13 17:05:50', '192.168.30.20', 3, '2018-07-05 16:34:50', '192.168.30.20'),
(66, 2, 3, 14, 0, 0, 0, '', '1970-01-01', '1970-01-01', '', 1, 0, 3, '2018-06-13 17:05:50', '192.168.30.20', 3, '2018-07-05 16:34:50', '192.168.30.20'),
(67, 2, 3, 15, 0, 0, 0, '', '1970-01-01', '1970-01-01', '', 1, 0, 3, '2018-06-13 17:05:50', '192.168.30.20', 3, '2018-07-05 16:34:50', '192.168.30.20'),
(68, 2, 3, 16, 0, 0, 0, '', '1970-01-01', '1970-01-01', '', 1, 0, 3, '2018-06-13 17:05:50', '192.168.30.20', 3, '2018-07-05 16:34:50', '192.168.30.20'),
(69, 2, 3, 17, 0, 0, 0, '', '1970-01-01', '1970-01-01', '', 1, 0, 3, '2018-06-13 17:05:50', '192.168.30.20', 3, '2018-07-05 16:34:50', '192.168.30.20'),
(70, 2, 3, 18, 0, 0, 0, '', '1970-01-01', '1970-01-01', '', 1, 0, 3, '2018-06-13 17:05:50', '192.168.30.20', 3, '2018-07-05 16:34:50', '192.168.30.20'),
(71, 2, 3, 19, 0, 0, 0, '', '1970-01-01', '1970-01-01', '', 1, 0, 3, '2018-06-13 17:05:50', '192.168.30.20', 3, '2018-07-05 16:34:50', '192.168.30.20'),
(72, 2, 3, 20, 0, 0, 0, '', '1970-01-01', '1970-01-01', '', 1, 0, 3, '2018-06-13 17:05:50', '192.168.30.20', 3, '2018-07-05 16:34:50', '192.168.30.20'),
(73, 2, 3, 21, 0, 0, 0, '', '1970-01-01', '1970-01-01', '', 1, 0, 3, '2018-06-13 17:05:50', '192.168.30.20', 3, '2018-07-05 16:34:50', '192.168.30.20'),
(74, 2, 3, 22, 0, 0, 0, '', '1970-01-01', '1970-01-01', '', 1, 0, 3, '2018-06-13 17:05:50', '192.168.30.20', 3, '2018-07-05 16:34:50', '192.168.30.20'),
(75, 2, 3, 23, 0, 0, 0, '', '1970-01-01', '1970-01-01', '', 1, 0, 3, '2018-06-13 17:05:50', '192.168.30.20', 3, '2018-07-05 16:34:50', '192.168.30.20'),
(76, 2, 3, 24, 0, 0, 0, '', '1970-01-01', '1970-01-01', '', 1, 0, 3, '2018-06-13 17:05:50', '192.168.30.20', 3, '2018-07-05 16:34:50', '192.168.30.20'),
(77, 2, 3, 25, 0, 0, 0, '', '1970-01-01', '1970-01-01', '', 1, 0, 3, '2018-06-13 17:05:50', '192.168.30.20', 3, '2018-07-05 16:34:50', '192.168.30.20'),
(78, 2, 3, 26, 0, 0, 0, '', '1970-01-01', '1970-01-01', '', 1, 0, 3, '2018-06-13 17:05:50', '192.168.30.20', 3, '2018-07-05 16:34:50', '192.168.30.20'),
(79, 2, 3, 27, 0, 0, 0, '', '1970-01-01', '1970-01-01', '', 1, 0, 3, '2018-06-13 17:05:50', '192.168.30.20', 3, '2018-07-05 16:34:50', '192.168.30.20'),
(80, 2, 3, 28, 0, 0, 0, '', '1970-01-01', '1970-01-01', '', 1, 0, 3, '2018-06-13 17:05:50', '192.168.30.20', 3, '2018-07-05 16:34:50', '192.168.30.20'),
(81, 2, 3, 29, 0, 0, 0, '', '1970-01-01', '1970-01-01', '', 1, 0, 3, '2018-06-13 17:05:50', '192.168.30.20', 3, '2018-07-05 16:34:50', '192.168.30.20'),
(82, 2, 3, 30, 0, 0, 0, '', '1970-01-01', '1970-01-01', '', 1, 0, 3, '2018-06-13 17:05:50', '192.168.30.20', 3, '2018-07-05 16:34:50', '192.168.30.20'),
(83, 2, 3, 31, 0, 0, 0, '', '1970-01-01', '1970-01-01', '', 1, 0, 3, '2018-06-13 17:05:50', '192.168.30.20', 3, '2018-07-05 16:34:50', '192.168.30.20'),
(84, 2, 3, 32, 0, 0, 0, '', '1970-01-01', '1970-01-01', '', 1, 0, 3, '2018-06-13 17:05:50', '192.168.30.20', 3, '2018-07-05 16:34:50', '192.168.30.20'),
(85, 2, 3, 33, 0, 0, 0, '', '1970-01-01', '1970-01-01', '', 1, 0, 3, '2018-06-13 17:05:50', '192.168.30.20', 3, '2018-07-05 16:34:50', '192.168.30.20'),
(86, 2, 3, 34, 0, 0, 0, '', '1970-01-01', '1970-01-01', '', 1, 0, 3, '2018-06-13 17:05:50', '192.168.30.20', 3, '2018-07-05 16:34:50', '192.168.30.20'),
(87, 2, 3, 35, 0, 0, 0, '', '1970-01-01', '1970-01-01', '', 1, 0, 3, '2018-06-13 17:05:50', '192.168.30.20', 3, '2018-07-05 16:34:50', '192.168.30.20'),
(88, 2, 3, 36, 0, 0, 0, '', '1970-01-01', '1970-01-01', '', 1, 0, 3, '2018-06-13 17:05:50', '192.168.30.20', 3, '2018-07-05 16:34:50', '192.168.30.20'),
(89, 2, 3, 37, 0, 0, 0, '', '1970-01-01', '1970-01-01', '', 1, 0, 3, '2018-06-13 17:05:50', '192.168.30.20', 3, '2018-07-05 16:34:50', '192.168.30.20'),
(90, 2, 3, 38, 0, 0, 0, '', '1970-01-01', '1970-01-01', '', 1, 0, 3, '2018-06-13 17:05:50', '192.168.30.20', 3, '2018-07-05 16:34:50', '192.168.30.20'),
(91, 2, 3, 39, 0, 0, 0, '', '1970-01-01', '1970-01-01', '', 1, 0, 3, '2018-06-13 17:05:50', '192.168.30.20', 3, '2018-07-05 16:34:50', '192.168.30.20'),
(92, 2, 3, 40, 0, 0, 0, '', '1970-01-01', '1970-01-01', '', 1, 0, 3, '2018-06-13 17:05:50', '192.168.30.20', 3, '2018-07-05 16:34:50', '192.168.30.20'),
(93, 2, 3, 41, 0, 0, 0, '', '1970-01-01', '1970-01-01', '', 1, 0, 3, '2018-06-13 17:05:50', '192.168.30.20', 3, '2018-07-05 16:34:50', '192.168.30.20'),
(94, 2, 3, 42, 0, 0, 0, '', '1970-01-01', '1970-01-01', '', 1, 0, 3, '2018-06-13 17:05:50', '192.168.30.20', 3, '2018-07-05 16:34:50', '192.168.30.20'),
(95, 2, 3, 43, 0, 0, 0, '', '1970-01-01', '1970-01-01', '', 1, 0, 3, '2018-06-13 17:05:50', '192.168.30.20', 3, '2018-07-05 16:34:50', '192.168.30.20'),
(96, 2, 3, 44, 0, 0, 0, '', '1970-01-01', '1970-01-01', '', 1, 0, 3, '2018-06-13 17:05:50', '192.168.30.20', 3, '2018-07-05 16:34:50', '192.168.30.20'),
(97, 2, 3, 45, 0, 0, 0, '', '1970-01-01', '1970-01-01', '', 1, 0, 3, '2018-06-13 17:05:50', '192.168.30.20', 3, '2018-07-05 16:34:50', '192.168.30.20'),
(98, 2, 3, 46, 0, 0, 0, '', '1970-01-01', '1970-01-01', '', 1, 0, 3, '2018-06-13 17:05:50', '192.168.30.20', 3, '2018-07-05 16:34:50', '192.168.30.20'),
(99, 2, 3, 47, 0, 0, 0, '', '1970-01-01', '1970-01-01', '', 1, 0, 3, '2018-06-13 17:05:50', '192.168.30.20', 3, '2018-07-05 16:34:50', '192.168.30.20'),
(100, 2, 3, 48, 0, 0, 0, '', '1970-01-01', '1970-01-01', '', 1, 0, 3, '2018-06-13 17:05:50', '192.168.30.20', 3, '2018-07-05 16:34:50', '192.168.30.20'),
(101, 2, 3, 49, 0, 0, 0, '', '1970-01-01', '1970-01-01', '', 1, 0, 3, '2018-06-13 17:05:50', '192.168.30.20', 3, '2018-07-05 16:34:50', '192.168.30.20'),
(102, 2, 3, 50, 0, 0, 0, '', '1970-01-01', '1970-01-01', '', 1, 0, 3, '2018-06-13 17:05:50', '192.168.30.20', 3, '2018-07-05 16:34:50', '192.168.30.20'),
(103, 2, 3, 51, 0, 0, 0, '', '1970-01-01', '1970-01-01', '', 1, 0, 3, '2018-06-13 17:05:50', '192.168.30.20', 3, '2018-07-05 16:34:50', '192.168.30.20'),
(104, 2, 3, 52, 0, 0, 0, '', '1970-01-01', '1970-01-01', '', 1, 0, 3, '2018-06-13 17:05:50', '192.168.30.20', 3, '2018-07-05 16:34:50', '192.168.30.20'),
(105, 3, 3, 1, 0, 0, 0, '', '1970-01-01', '1970-01-01', '', 1, 0, 3, '2018-06-13 17:07:41', '192.168.30.20', 3, '2018-07-06 16:07:59', '192.168.30.20'),
(106, 3, 3, 2, 0, 0, 0, '', '1970-01-01', '1970-01-01', '', 1, 0, 3, '2018-06-13 17:07:41', '192.168.30.20', 3, '2018-07-06 16:07:59', '192.168.30.20'),
(107, 3, 3, 3, 0, 0, 0, '', '1970-01-01', '1970-01-01', '', 1, 0, 3, '2018-06-13 17:07:41', '192.168.30.20', 3, '2018-07-06 16:07:59', '192.168.30.20'),
(108, 3, 3, 4, 0, 0, 0, '', '1970-01-01', '1970-01-01', '', 1, 0, 3, '2018-06-13 17:07:41', '192.168.30.20', 3, '2018-07-06 16:07:59', '192.168.30.20'),
(109, 3, 3, 5, 0, 0, 0, '', '1970-01-01', '1970-01-01', '', 1, 0, 3, '2018-06-13 17:07:41', '192.168.30.20', 3, '2018-07-06 16:07:59', '192.168.30.20'),
(110, 3, 3, 6, 0, 0, 0, '', '1970-01-01', '1970-01-01', '', 1, 0, 3, '2018-06-13 17:07:41', '192.168.30.20', 3, '2018-07-06 16:07:59', '192.168.30.20'),
(111, 3, 3, 7, 0, 0, 0, '', '1970-01-01', '1970-01-01', '', 1, 0, 3, '2018-06-13 17:07:41', '192.168.30.20', 3, '2018-07-06 16:07:59', '192.168.30.20'),
(112, 3, 3, 8, 0, 0, 0, '', '1970-01-01', '1970-01-01', '', 1, 0, 3, '2018-06-13 17:07:41', '192.168.30.20', 3, '2018-07-06 16:07:59', '192.168.30.20'),
(113, 3, 3, 9, 0, 0, 0, '', '1970-01-01', '1970-01-01', '', 1, 0, 3, '2018-06-13 17:07:41', '192.168.30.20', 3, '2018-07-06 16:07:59', '192.168.30.20'),
(114, 3, 3, 10, 0, 0, 0, '', '1970-01-01', '1970-01-01', '', 1, 0, 3, '2018-06-13 17:07:41', '192.168.30.20', 3, '2018-07-06 16:07:59', '192.168.30.20'),
(115, 3, 3, 11, 0, 0, 0, '', '1970-01-01', '1970-01-01', '', 1, 0, 3, '2018-06-13 17:07:41', '192.168.30.20', 3, '2018-07-06 16:07:59', '192.168.30.20'),
(116, 3, 3, 12, 0, 0, 0, '', '1970-01-01', '1970-01-01', '', 1, 0, 3, '2018-06-13 17:07:41', '192.168.30.20', 3, '2018-07-06 16:07:59', '192.168.30.20'),
(117, 3, 3, 13, 0, 0, 0, '', '1970-01-01', '1970-01-01', '', 1, 0, 3, '2018-06-13 17:07:41', '192.168.30.20', 3, '2018-07-06 16:07:59', '192.168.30.20'),
(118, 3, 3, 14, 0, 0, 0, '', '1970-01-01', '1970-01-01', '', 1, 0, 3, '2018-06-13 17:07:41', '192.168.30.20', 3, '2018-07-06 16:07:59', '192.168.30.20'),
(119, 3, 3, 15, 0, 0, 0, '', '1970-01-01', '1970-01-01', '', 1, 0, 3, '2018-06-13 17:07:41', '192.168.30.20', 3, '2018-07-06 16:07:59', '192.168.30.20'),
(120, 3, 3, 16, 0, 0, 0, '', '1970-01-01', '1970-01-01', '', 1, 0, 3, '2018-06-13 17:07:41', '192.168.30.20', 3, '2018-07-06 16:07:59', '192.168.30.20'),
(121, 3, 3, 17, 0, 0, 0, '', '1970-01-01', '1970-01-01', '', 1, 0, 3, '2018-06-13 17:07:41', '192.168.30.20', 3, '2018-07-06 16:07:59', '192.168.30.20'),
(122, 3, 3, 18, 0, 0, 0, '', '1970-01-01', '1970-01-01', '', 1, 0, 3, '2018-06-13 17:07:41', '192.168.30.20', 3, '2018-07-06 16:07:59', '192.168.30.20'),
(123, 3, 3, 19, 0, 0, 0, '', '1970-01-01', '1970-01-01', '', 1, 0, 3, '2018-06-13 17:07:41', '192.168.30.20', 3, '2018-07-06 16:07:59', '192.168.30.20'),
(124, 3, 3, 20, 0, 0, 0, '', '1970-01-01', '1970-01-01', '', 1, 0, 3, '2018-06-13 17:07:41', '192.168.30.20', 3, '2018-07-06 16:07:59', '192.168.30.20'),
(125, 3, 3, 21, 0, 0, 0, '', '1970-01-01', '1970-01-01', '', 1, 0, 3, '2018-06-13 17:07:41', '192.168.30.20', 3, '2018-07-06 16:07:59', '192.168.30.20'),
(126, 3, 3, 22, 0, 0, 0, '', '1970-01-01', '1970-01-01', '', 1, 0, 3, '2018-06-13 17:07:41', '192.168.30.20', 3, '2018-07-06 16:07:59', '192.168.30.20'),
(127, 3, 3, 23, 0, 0, 0, '', '1970-01-01', '1970-01-01', '', 1, 0, 3, '2018-06-13 17:07:41', '192.168.30.20', 3, '2018-07-06 16:07:59', '192.168.30.20'),
(128, 3, 3, 24, 0, 0, 0, '', '1970-01-01', '1970-01-01', '', 1, 0, 3, '2018-06-13 17:07:41', '192.168.30.20', 3, '2018-07-06 16:07:59', '192.168.30.20'),
(129, 3, 3, 25, 0, 0, 0, '', '1970-01-01', '1970-01-01', '', 1, 0, 3, '2018-06-13 17:07:41', '192.168.30.20', 3, '2018-07-06 16:07:59', '192.168.30.20'),
(130, 3, 3, 26, 0, 0, 0, '', '1970-01-01', '1970-01-01', '', 1, 0, 3, '2018-06-13 17:07:41', '192.168.30.20', 3, '2018-07-06 16:07:59', '192.168.30.20'),
(131, 3, 3, 27, 0, 0, 0, '', '1970-01-01', '1970-01-01', '', 1, 0, 3, '2018-06-13 17:07:41', '192.168.30.20', 3, '2018-07-06 16:07:59', '192.168.30.20'),
(132, 3, 3, 28, 0, 0, 0, '', '1970-01-01', '1970-01-01', '', 1, 0, 3, '2018-06-13 17:07:41', '192.168.30.20', 3, '2018-07-06 16:07:59', '192.168.30.20'),
(133, 3, 3, 29, 0, 0, 0, '', '1970-01-01', '1970-01-01', '', 1, 0, 3, '2018-06-13 17:07:41', '192.168.30.20', 3, '2018-07-06 16:07:59', '192.168.30.20'),
(134, 3, 3, 30, 0, 0, 0, '', '1970-01-01', '1970-01-01', '', 1, 0, 3, '2018-06-13 17:07:41', '192.168.30.20', 3, '2018-07-06 16:07:59', '192.168.30.20'),
(135, 3, 3, 31, 0, 0, 0, '', '1970-01-01', '1970-01-01', '', 1, 0, 3, '2018-06-13 17:07:41', '192.168.30.20', 3, '2018-07-06 16:07:59', '192.168.30.20'),
(136, 3, 3, 32, 0, 0, 0, '', '1970-01-01', '1970-01-01', '', 1, 0, 3, '2018-06-13 17:07:41', '192.168.30.20', 3, '2018-07-06 16:07:59', '192.168.30.20'),
(137, 3, 3, 33, 0, 0, 0, '', '1970-01-01', '1970-01-01', '', 1, 0, 3, '2018-06-13 17:07:41', '192.168.30.20', 3, '2018-07-06 16:07:59', '192.168.30.20'),
(138, 3, 3, 34, 0, 0, 0, '', '1970-01-01', '1970-01-01', '', 1, 0, 3, '2018-06-13 17:07:41', '192.168.30.20', 3, '2018-07-06 16:07:59', '192.168.30.20'),
(139, 3, 3, 35, 0, 0, 0, '', '1970-01-01', '1970-01-01', '', 1, 0, 3, '2018-06-13 17:07:41', '192.168.30.20', 3, '2018-07-06 16:07:59', '192.168.30.20'),
(140, 3, 3, 36, 0, 0, 0, '', '1970-01-01', '1970-01-01', '', 1, 0, 3, '2018-06-13 17:07:41', '192.168.30.20', 3, '2018-07-06 16:07:59', '192.168.30.20'),
(141, 3, 3, 37, 0, 0, 0, '', '1970-01-01', '1970-01-01', '', 1, 0, 3, '2018-06-13 17:07:41', '192.168.30.20', 3, '2018-07-06 16:07:59', '192.168.30.20'),
(142, 3, 3, 38, 0, 0, 0, '', '1970-01-01', '1970-01-01', '', 1, 0, 3, '2018-06-13 17:07:41', '192.168.30.20', 3, '2018-07-06 16:07:59', '192.168.30.20'),
(143, 3, 3, 39, 0, 0, 0, '', '1970-01-01', '1970-01-01', '', 1, 0, 3, '2018-06-13 17:07:41', '192.168.30.20', 3, '2018-07-06 16:07:59', '192.168.30.20'),
(144, 3, 3, 40, 0, 0, 0, '', '1970-01-01', '1970-01-01', '', 1, 0, 3, '2018-06-13 17:07:41', '192.168.30.20', 3, '2018-07-06 16:07:59', '192.168.30.20'),
(145, 3, 3, 41, 0, 0, 0, '', '1970-01-01', '1970-01-01', '', 1, 0, 3, '2018-06-13 17:07:41', '192.168.30.20', 3, '2018-07-06 16:07:59', '192.168.30.20'),
(146, 3, 3, 42, 0, 0, 0, '', '1970-01-01', '1970-01-01', '', 1, 0, 3, '2018-06-13 17:07:41', '192.168.30.20', 3, '2018-07-06 16:07:59', '192.168.30.20'),
(147, 3, 3, 43, 0, 0, 0, '', '1970-01-01', '1970-01-01', '', 1, 0, 3, '2018-06-13 17:07:41', '192.168.30.20', 3, '2018-07-06 16:07:59', '192.168.30.20'),
(148, 3, 3, 44, 0, 0, 0, '', '1970-01-01', '1970-01-01', '', 1, 0, 3, '2018-06-13 17:07:41', '192.168.30.20', 3, '2018-07-06 16:07:59', '192.168.30.20'),
(149, 3, 3, 45, 0, 0, 0, '', '1970-01-01', '1970-01-01', '', 1, 0, 3, '2018-06-13 17:07:41', '192.168.30.20', 3, '2018-07-06 16:07:59', '192.168.30.20'),
(150, 3, 3, 46, 0, 0, 0, '', '1970-01-01', '1970-01-01', '', 1, 0, 3, '2018-06-13 17:07:41', '192.168.30.20', 3, '2018-07-06 16:07:59', '192.168.30.20'),
(151, 3, 3, 47, 0, 0, 0, '', '1970-01-01', '1970-01-01', '', 1, 0, 3, '2018-06-13 17:07:41', '192.168.30.20', 3, '2018-07-06 16:07:59', '192.168.30.20'),
(152, 3, 3, 48, 0, 0, 0, '', '1970-01-01', '1970-01-01', '', 1, 0, 3, '2018-06-13 17:07:41', '192.168.30.20', 3, '2018-07-06 16:07:59', '192.168.30.20'),
(153, 3, 3, 49, 0, 0, 0, '', '1970-01-01', '1970-01-01', '', 1, 0, 3, '2018-06-13 17:07:41', '192.168.30.20', 3, '2018-07-06 16:07:59', '192.168.30.20'),
(154, 3, 3, 50, 0, 0, 0, '', '1970-01-01', '1970-01-01', '', 1, 0, 3, '2018-06-13 17:07:41', '192.168.30.20', 3, '2018-07-06 16:07:59', '192.168.30.20'),
(155, 3, 3, 51, 0, 0, 0, '', '1970-01-01', '1970-01-01', '', 1, 0, 3, '2018-06-13 17:07:41', '192.168.30.20', 3, '2018-07-06 16:07:59', '192.168.30.20'),
(156, 3, 3, 52, 0, 0, 0, '', '1970-01-01', '1970-01-01', '', 1, 0, 3, '2018-06-13 17:07:41', '192.168.30.20', 3, '2018-07-06 16:07:59', '192.168.30.20'),
(157, 4, 3, 1, 0, 0, 0, '', '1970-01-01', '1970-01-01', '', 1, 0, 3, '2018-06-13 17:30:12', '192.168.30.20', 3, '2018-07-06 17:04:46', '192.168.30.20'),
(158, 4, 3, 2, 0, 0, 0, '', '1970-01-01', '1970-01-01', '', 1, 0, 3, '2018-06-13 17:30:12', '192.168.30.20', 3, '2018-07-06 17:04:46', '192.168.30.20'),
(159, 4, 3, 3, 0, 0, 0, '', '1970-01-01', '1970-01-01', '', 1, 0, 3, '2018-06-13 17:30:12', '192.168.30.20', 3, '2018-07-06 17:04:46', '192.168.30.20'),
(160, 4, 3, 4, 0, 0, 0, '', '1970-01-01', '1970-01-01', '', 1, 0, 3, '2018-06-13 17:30:12', '192.168.30.20', 3, '2018-07-06 17:04:46', '192.168.30.20'),
(161, 4, 3, 5, 0, 0, 0, '', '1970-01-01', '1970-01-01', '', 1, 0, 3, '2018-06-13 17:30:12', '192.168.30.20', 3, '2018-07-06 17:04:46', '192.168.30.20'),
(162, 4, 3, 6, 0, 0, 0, '', '1970-01-01', '1970-01-01', '', 1, 0, 3, '2018-06-13 17:30:12', '192.168.30.20', 3, '2018-07-06 17:04:46', '192.168.30.20'),
(163, 4, 3, 7, 0, 0, 0, '', '1970-01-01', '1970-01-01', '', 1, 0, 3, '2018-06-13 17:30:12', '192.168.30.20', 3, '2018-07-06 17:04:46', '192.168.30.20'),
(164, 4, 3, 8, 0, 0, 0, '', '1970-01-01', '1970-01-01', '', 1, 0, 3, '2018-06-13 17:30:12', '192.168.30.20', 3, '2018-07-06 17:04:46', '192.168.30.20'),
(165, 4, 3, 9, 0, 0, 0, '', '1970-01-01', '1970-01-01', '', 1, 0, 3, '2018-06-13 17:30:12', '192.168.30.20', 3, '2018-07-06 17:04:46', '192.168.30.20'),
(166, 4, 3, 10, 0, 0, 0, '', '1970-01-01', '1970-01-01', '', 1, 0, 3, '2018-06-13 17:30:12', '192.168.30.20', 3, '2018-07-06 17:04:46', '192.168.30.20'),
(167, 4, 3, 11, 0, 0, 0, '', '1970-01-01', '1970-01-01', '', 1, 0, 3, '2018-06-13 17:30:12', '192.168.30.20', 3, '2018-07-06 17:04:46', '192.168.30.20'),
(168, 4, 3, 12, 0, 0, 0, '', '1970-01-01', '1970-01-01', '', 1, 0, 3, '2018-06-13 17:30:12', '192.168.30.20', 3, '2018-07-06 17:04:46', '192.168.30.20'),
(169, 4, 3, 13, 0, 0, 0, '', '1970-01-01', '1970-01-01', '', 1, 0, 3, '2018-06-13 17:30:12', '192.168.30.20', 3, '2018-07-06 17:04:46', '192.168.30.20'),
(170, 4, 3, 14, 0, 0, 0, '', '1970-01-01', '1970-01-01', '', 1, 0, 3, '2018-06-13 17:30:12', '192.168.30.20', 3, '2018-07-06 17:04:46', '192.168.30.20'),
(171, 4, 3, 15, 0, 0, 0, '', '1970-01-01', '1970-01-01', '', 1, 0, 3, '2018-06-13 17:30:12', '192.168.30.20', 3, '2018-07-06 17:04:46', '192.168.30.20'),
(172, 4, 3, 16, 0, 0, 0, '', '1970-01-01', '1970-01-01', '', 1, 0, 3, '2018-06-13 17:30:12', '192.168.30.20', 3, '2018-07-06 17:04:46', '192.168.30.20'),
(173, 4, 3, 17, 0, 0, 0, '', '1970-01-01', '1970-01-01', '', 1, 0, 3, '2018-06-13 17:30:12', '192.168.30.20', 3, '2018-07-06 17:04:46', '192.168.30.20'),
(174, 4, 3, 18, 0, 0, 0, '', '1970-01-01', '1970-01-01', '', 1, 0, 3, '2018-06-13 17:30:12', '192.168.30.20', 3, '2018-07-06 17:04:46', '192.168.30.20'),
(175, 4, 3, 19, 0, 0, 0, '', '1970-01-01', '1970-01-01', '', 1, 0, 3, '2018-06-13 17:30:12', '192.168.30.20', 3, '2018-07-06 17:04:46', '192.168.30.20'),
(176, 4, 3, 20, 0, 0, 0, '', '1970-01-01', '1970-01-01', '', 1, 0, 3, '2018-06-13 17:30:12', '192.168.30.20', 3, '2018-07-06 17:04:46', '192.168.30.20'),
(177, 4, 3, 21, 0, 0, 0, '', '1970-01-01', '1970-01-01', '', 1, 0, 3, '2018-06-13 17:30:12', '192.168.30.20', 3, '2018-07-06 17:04:46', '192.168.30.20'),
(178, 4, 3, 22, 0, 0, 0, '', '1970-01-01', '1970-01-01', '', 1, 0, 3, '2018-06-13 17:30:12', '192.168.30.20', 3, '2018-07-06 17:04:46', '192.168.30.20'),
(179, 4, 3, 23, 0, 0, 0, '', '1970-01-01', '1970-01-01', '', 1, 0, 3, '2018-06-13 17:30:12', '192.168.30.20', 3, '2018-07-06 17:04:46', '192.168.30.20'),
(180, 4, 3, 24, 0, 0, 0, '', '1970-01-01', '1970-01-01', '', 1, 0, 3, '2018-06-13 17:30:12', '192.168.30.20', 3, '2018-07-06 17:04:46', '192.168.30.20'),
(181, 4, 3, 25, 0, 0, 0, '', '1970-01-01', '1970-01-01', '', 1, 0, 3, '2018-06-13 17:30:12', '192.168.30.20', 3, '2018-07-06 17:04:46', '192.168.30.20'),
(182, 4, 3, 26, 0, 0, 0, '', '1970-01-01', '1970-01-01', '', 1, 0, 3, '2018-06-13 17:30:12', '192.168.30.20', 3, '2018-07-06 17:04:46', '192.168.30.20'),
(183, 4, 3, 27, 0, 0, 0, '', '1970-01-01', '1970-01-01', '', 1, 0, 3, '2018-06-13 17:30:12', '192.168.30.20', 3, '2018-07-06 17:04:46', '192.168.30.20'),
(184, 4, 3, 28, 0, 0, 0, '', '1970-01-01', '1970-01-01', '', 1, 0, 3, '2018-06-13 17:30:12', '192.168.30.20', 3, '2018-07-06 17:04:46', '192.168.30.20'),
(185, 4, 3, 29, 0, 0, 0, '', '1970-01-01', '1970-01-01', '', 1, 0, 3, '2018-06-13 17:30:12', '192.168.30.20', 3, '2018-07-06 17:04:46', '192.168.30.20'),
(186, 4, 3, 30, 0, 0, 0, '', '1970-01-01', '1970-01-01', '', 1, 0, 3, '2018-06-13 17:30:12', '192.168.30.20', 3, '2018-07-06 17:04:46', '192.168.30.20'),
(187, 4, 3, 31, 0, 0, 0, '', '1970-01-01', '1970-01-01', '', 1, 0, 3, '2018-06-13 17:30:12', '192.168.30.20', 3, '2018-07-06 17:04:46', '192.168.30.20'),
(188, 4, 3, 32, 0, 0, 0, '', '1970-01-01', '1970-01-01', '', 1, 0, 3, '2018-06-13 17:30:12', '192.168.30.20', 3, '2018-07-06 17:04:46', '192.168.30.20'),
(189, 4, 3, 33, 0, 0, 0, '', '1970-01-01', '1970-01-01', '', 1, 0, 3, '2018-06-13 17:30:12', '192.168.30.20', 3, '2018-07-06 17:04:46', '192.168.30.20'),
(190, 4, 3, 34, 0, 0, 0, '', '1970-01-01', '1970-01-01', '', 1, 0, 3, '2018-06-13 17:30:12', '192.168.30.20', 3, '2018-07-06 17:04:46', '192.168.30.20'),
(191, 4, 3, 35, 0, 0, 0, '', '1970-01-01', '1970-01-01', '', 1, 0, 3, '2018-06-13 17:30:12', '192.168.30.20', 3, '2018-07-06 17:04:46', '192.168.30.20'),
(192, 4, 3, 36, 0, 0, 0, '', '1970-01-01', '1970-01-01', '', 1, 0, 3, '2018-06-13 17:30:12', '192.168.30.20', 3, '2018-07-06 17:04:46', '192.168.30.20'),
(193, 4, 3, 37, 0, 0, 0, '', '1970-01-01', '1970-01-01', '', 1, 0, 3, '2018-06-13 17:30:12', '192.168.30.20', 3, '2018-07-06 17:04:46', '192.168.30.20'),
(194, 4, 3, 38, 0, 0, 0, '', '1970-01-01', '1970-01-01', '', 1, 0, 3, '2018-06-13 17:30:12', '192.168.30.20', 3, '2018-07-06 17:04:46', '192.168.30.20'),
(195, 4, 3, 39, 0, 0, 0, '', '1970-01-01', '1970-01-01', '', 1, 0, 3, '2018-06-13 17:30:12', '192.168.30.20', 3, '2018-07-06 17:04:46', '192.168.30.20'),
(196, 4, 3, 40, 0, 0, 0, '', '1970-01-01', '1970-01-01', '', 1, 0, 3, '2018-06-13 17:30:12', '192.168.30.20', 3, '2018-07-06 17:04:46', '192.168.30.20'),
(197, 4, 3, 41, 0, 0, 0, '', '1970-01-01', '1970-01-01', '', 1, 0, 3, '2018-06-13 17:30:12', '192.168.30.20', 3, '2018-07-06 17:04:46', '192.168.30.20'),
(198, 4, 3, 42, 0, 0, 0, '', '1970-01-01', '1970-01-01', '', 1, 0, 3, '2018-06-13 17:30:12', '192.168.30.20', 3, '2018-07-06 17:04:46', '192.168.30.20'),
(199, 4, 3, 43, 0, 0, 0, '', '1970-01-01', '1970-01-01', '', 1, 0, 3, '2018-06-13 17:30:12', '192.168.30.20', 3, '2018-07-06 17:04:46', '192.168.30.20'),
(200, 4, 3, 44, 0, 0, 0, '', '1970-01-01', '1970-01-01', '', 1, 0, 3, '2018-06-13 17:30:12', '192.168.30.20', 3, '2018-07-06 17:04:46', '192.168.30.20'),
(201, 4, 3, 45, 0, 0, 0, '', '1970-01-01', '1970-01-01', '', 1, 0, 3, '2018-06-13 17:30:12', '192.168.30.20', 3, '2018-07-06 17:04:46', '192.168.30.20'),
(202, 4, 3, 46, 0, 0, 0, '', '1970-01-01', '1970-01-01', '', 1, 0, 3, '2018-06-13 17:30:12', '192.168.30.20', 3, '2018-07-06 17:04:46', '192.168.30.20'),
(203, 4, 3, 47, 0, 0, 0, '', '1970-01-01', '1970-01-01', '', 1, 0, 3, '2018-06-13 17:30:12', '192.168.30.20', 3, '2018-07-06 17:04:46', '192.168.30.20'),
(204, 4, 3, 48, 0, 0, 0, '', '1970-01-01', '1970-01-01', '', 1, 0, 3, '2018-06-13 17:30:12', '192.168.30.20', 3, '2018-07-06 17:04:46', '192.168.30.20'),
(205, 4, 3, 49, 0, 0, 0, '', '1970-01-01', '1970-01-01', '', 1, 0, 3, '2018-06-13 17:30:12', '192.168.30.20', 3, '2018-07-06 17:04:46', '192.168.30.20'),
(206, 4, 3, 50, 0, 0, 0, '', '1970-01-01', '1970-01-01', '', 1, 0, 3, '2018-06-13 17:30:12', '192.168.30.20', 3, '2018-07-06 17:04:46', '192.168.30.20'),
(207, 4, 3, 51, 0, 0, 0, '', '1970-01-01', '1970-01-01', '', 1, 0, 3, '2018-06-13 17:30:12', '192.168.30.20', 3, '2018-07-06 17:04:46', '192.168.30.20'),
(208, 4, 3, 52, 0, 0, 0, '', '1970-01-01', '1970-01-01', '', 1, 0, 3, '2018-06-13 17:30:12', '192.168.30.20', 3, '2018-07-06 17:04:46', '192.168.30.20'),
(209, 5, 3, 1, 0, 0, 0, '', '1970-01-01', '1970-01-01', '', 1, 0, 3, '2018-07-11 16:18:13', '192.168.30.20', 0, '0000-00-00 00:00:00', ''),
(210, 5, 3, 2, 0, 0, 0, '', '1970-01-01', '1970-01-01', '', 1, 0, 3, '2018-07-11 16:18:13', '192.168.30.20', 0, '0000-00-00 00:00:00', ''),
(211, 5, 3, 3, 0, 0, 0, '', '1970-01-01', '1970-01-01', '', 1, 0, 3, '2018-07-11 16:18:13', '192.168.30.20', 0, '0000-00-00 00:00:00', ''),
(212, 5, 3, 4, 0, 0, 0, '', '1970-01-01', '1970-01-01', '', 1, 0, 3, '2018-07-11 16:18:13', '192.168.30.20', 0, '0000-00-00 00:00:00', ''),
(213, 5, 3, 5, 0, 0, 0, '', '1970-01-01', '1970-01-01', '', 1, 0, 3, '2018-07-11 16:18:13', '192.168.30.20', 0, '0000-00-00 00:00:00', ''),
(214, 5, 3, 6, 0, 0, 0, '', '1970-01-01', '1970-01-01', '', 1, 0, 3, '2018-07-11 16:18:13', '192.168.30.20', 0, '0000-00-00 00:00:00', ''),
(215, 5, 3, 7, 0, 0, 0, '', '1970-01-01', '1970-01-01', '', 1, 0, 3, '2018-07-11 16:18:13', '192.168.30.20', 0, '0000-00-00 00:00:00', ''),
(216, 5, 3, 8, 0, 0, 0, '', '1970-01-01', '1970-01-01', '', 1, 0, 3, '2018-07-11 16:18:13', '192.168.30.20', 0, '0000-00-00 00:00:00', ''),
(217, 5, 3, 9, 0, 0, 0, '', '1970-01-01', '1970-01-01', '', 1, 0, 3, '2018-07-11 16:18:13', '192.168.30.20', 0, '0000-00-00 00:00:00', ''),
(218, 5, 3, 10, 0, 0, 0, '', '1970-01-01', '1970-01-01', '', 1, 0, 3, '2018-07-11 16:18:13', '192.168.30.20', 0, '0000-00-00 00:00:00', ''),
(219, 5, 3, 11, 0, 0, 0, '', '1970-01-01', '1970-01-01', '', 1, 0, 3, '2018-07-11 16:18:13', '192.168.30.20', 0, '0000-00-00 00:00:00', ''),
(220, 5, 3, 12, 0, 0, 0, '', '1970-01-01', '1970-01-01', '', 1, 0, 3, '2018-07-11 16:18:13', '192.168.30.20', 0, '0000-00-00 00:00:00', ''),
(221, 5, 3, 13, 0, 0, 0, '', '1970-01-01', '1970-01-01', '', 1, 0, 3, '2018-07-11 16:18:13', '192.168.30.20', 0, '0000-00-00 00:00:00', ''),
(222, 5, 3, 14, 0, 0, 0, '', '1970-01-01', '1970-01-01', '', 1, 0, 3, '2018-07-11 16:18:13', '192.168.30.20', 0, '0000-00-00 00:00:00', ''),
(223, 5, 3, 15, 0, 0, 0, '', '1970-01-01', '1970-01-01', '', 1, 0, 3, '2018-07-11 16:18:13', '192.168.30.20', 0, '0000-00-00 00:00:00', ''),
(224, 5, 3, 16, 0, 0, 0, '', '1970-01-01', '1970-01-01', '', 1, 0, 3, '2018-07-11 16:18:13', '192.168.30.20', 0, '0000-00-00 00:00:00', ''),
(225, 5, 3, 17, 0, 0, 0, '', '1970-01-01', '1970-01-01', '', 1, 0, 3, '2018-07-11 16:18:13', '192.168.30.20', 0, '0000-00-00 00:00:00', ''),
(226, 5, 3, 18, 0, 0, 0, '', '1970-01-01', '1970-01-01', '', 1, 0, 3, '2018-07-11 16:18:13', '192.168.30.20', 0, '0000-00-00 00:00:00', ''),
(227, 5, 3, 19, 0, 0, 0, '', '1970-01-01', '1970-01-01', '', 1, 0, 3, '2018-07-11 16:18:13', '192.168.30.20', 0, '0000-00-00 00:00:00', ''),
(228, 5, 3, 20, 0, 0, 0, '', '1970-01-01', '1970-01-01', '', 1, 0, 3, '2018-07-11 16:18:13', '192.168.30.20', 0, '0000-00-00 00:00:00', ''),
(229, 5, 3, 21, 0, 0, 0, '', '1970-01-01', '1970-01-01', '', 1, 0, 3, '2018-07-11 16:18:13', '192.168.30.20', 0, '0000-00-00 00:00:00', ''),
(230, 5, 3, 22, 0, 0, 0, '', '1970-01-01', '1970-01-01', '', 1, 0, 3, '2018-07-11 16:18:13', '192.168.30.20', 0, '0000-00-00 00:00:00', ''),
(231, 5, 3, 23, 0, 0, 0, '', '1970-01-01', '1970-01-01', '', 1, 0, 3, '2018-07-11 16:18:13', '192.168.30.20', 0, '0000-00-00 00:00:00', ''),
(232, 5, 3, 24, 0, 0, 0, '', '1970-01-01', '1970-01-01', '', 1, 0, 3, '2018-07-11 16:18:13', '192.168.30.20', 0, '0000-00-00 00:00:00', ''),
(233, 5, 3, 25, 0, 0, 0, '', '1970-01-01', '1970-01-01', '', 1, 0, 3, '2018-07-11 16:18:13', '192.168.30.20', 0, '0000-00-00 00:00:00', ''),
(234, 5, 3, 26, 0, 0, 0, '', '1970-01-01', '1970-01-01', '', 1, 0, 3, '2018-07-11 16:18:13', '192.168.30.20', 0, '0000-00-00 00:00:00', ''),
(235, 5, 3, 27, 0, 0, 0, '', '1970-01-01', '1970-01-01', '', 1, 0, 3, '2018-07-11 16:18:13', '192.168.30.20', 0, '0000-00-00 00:00:00', ''),
(236, 5, 3, 28, 0, 0, 0, '', '1970-01-01', '1970-01-01', '', 1, 0, 3, '2018-07-11 16:18:13', '192.168.30.20', 0, '0000-00-00 00:00:00', ''),
(237, 5, 3, 29, 0, 0, 0, '', '1970-01-01', '1970-01-01', '', 1, 0, 3, '2018-07-11 16:18:13', '192.168.30.20', 0, '0000-00-00 00:00:00', ''),
(238, 5, 3, 30, 0, 0, 0, '', '1970-01-01', '1970-01-01', '', 1, 0, 3, '2018-07-11 16:18:13', '192.168.30.20', 0, '0000-00-00 00:00:00', ''),
(239, 5, 3, 31, 0, 0, 0, '', '1970-01-01', '1970-01-01', '', 1, 0, 3, '2018-07-11 16:18:13', '192.168.30.20', 0, '0000-00-00 00:00:00', ''),
(240, 5, 3, 32, 0, 0, 0, '', '1970-01-01', '1970-01-01', '', 1, 0, 3, '2018-07-11 16:18:13', '192.168.30.20', 0, '0000-00-00 00:00:00', ''),
(241, 5, 3, 33, 0, 0, 0, '', '1970-01-01', '1970-01-01', '', 1, 0, 3, '2018-07-11 16:18:13', '192.168.30.20', 0, '0000-00-00 00:00:00', ''),
(242, 5, 3, 34, 0, 0, 0, '', '1970-01-01', '1970-01-01', '', 1, 0, 3, '2018-07-11 16:18:13', '192.168.30.20', 0, '0000-00-00 00:00:00', ''),
(243, 5, 3, 35, 0, 0, 0, '', '1970-01-01', '1970-01-01', '', 1, 0, 3, '2018-07-11 16:18:13', '192.168.30.20', 0, '0000-00-00 00:00:00', ''),
(244, 5, 3, 36, 0, 0, 0, '', '1970-01-01', '1970-01-01', '', 1, 0, 3, '2018-07-11 16:18:13', '192.168.30.20', 0, '0000-00-00 00:00:00', ''),
(245, 5, 3, 37, 0, 0, 0, '', '1970-01-01', '1970-01-01', '', 1, 0, 3, '2018-07-11 16:18:13', '192.168.30.20', 0, '0000-00-00 00:00:00', ''),
(246, 5, 3, 38, 0, 0, 0, '', '1970-01-01', '1970-01-01', '', 1, 0, 3, '2018-07-11 16:18:13', '192.168.30.20', 0, '0000-00-00 00:00:00', ''),
(247, 5, 3, 39, 0, 0, 0, '', '1970-01-01', '1970-01-01', '', 1, 0, 3, '2018-07-11 16:18:13', '192.168.30.20', 0, '0000-00-00 00:00:00', ''),
(248, 5, 3, 40, 0, 0, 0, '', '1970-01-01', '1970-01-01', '', 1, 0, 3, '2018-07-11 16:18:13', '192.168.30.20', 0, '0000-00-00 00:00:00', ''),
(249, 5, 3, 41, 0, 0, 0, '', '1970-01-01', '1970-01-01', '', 1, 0, 3, '2018-07-11 16:18:13', '192.168.30.20', 0, '0000-00-00 00:00:00', ''),
(250, 5, 3, 42, 0, 0, 0, '', '1970-01-01', '1970-01-01', '', 1, 0, 3, '2018-07-11 16:18:13', '192.168.30.20', 0, '0000-00-00 00:00:00', ''),
(251, 5, 3, 43, 0, 0, 0, '', '1970-01-01', '1970-01-01', '', 1, 0, 3, '2018-07-11 16:18:13', '192.168.30.20', 0, '0000-00-00 00:00:00', ''),
(252, 5, 3, 44, 0, 0, 0, '', '1970-01-01', '1970-01-01', '', 1, 0, 3, '2018-07-11 16:18:13', '192.168.30.20', 0, '0000-00-00 00:00:00', ''),
(253, 5, 3, 45, 0, 0, 0, '', '1970-01-01', '1970-01-01', '', 1, 0, 3, '2018-07-11 16:18:13', '192.168.30.20', 0, '0000-00-00 00:00:00', ''),
(254, 5, 3, 46, 0, 0, 0, '', '1970-01-01', '1970-01-01', '', 1, 0, 3, '2018-07-11 16:18:13', '192.168.30.20', 0, '0000-00-00 00:00:00', ''),
(255, 5, 3, 47, 0, 0, 0, '', '1970-01-01', '1970-01-01', '', 1, 0, 3, '2018-07-11 16:18:13', '192.168.30.20', 0, '0000-00-00 00:00:00', ''),
(256, 5, 3, 48, 0, 0, 0, '', '1970-01-01', '1970-01-01', '', 1, 0, 3, '2018-07-11 16:18:13', '192.168.30.20', 0, '0000-00-00 00:00:00', ''),
(257, 5, 3, 49, 0, 0, 0, '', '1970-01-01', '1970-01-01', '', 1, 0, 3, '2018-07-11 16:18:13', '192.168.30.20', 0, '0000-00-00 00:00:00', ''),
(258, 5, 3, 50, 0, 0, 0, '', '1970-01-01', '1970-01-01', '', 1, 0, 3, '2018-07-11 16:18:13', '192.168.30.20', 0, '0000-00-00 00:00:00', ''),
(259, 5, 3, 51, 0, 0, 0, '', '1970-01-01', '1970-01-01', '', 1, 0, 3, '2018-07-11 16:18:13', '192.168.30.20', 0, '0000-00-00 00:00:00', ''),
(260, 5, 3, 52, 0, 0, 0, '', '1970-01-01', '1970-01-01', '', 1, 0, 3, '2018-07-11 16:18:13', '192.168.30.20', 0, '0000-00-00 00:00:00', '');

-- --------------------------------------------------------

--
-- Table structure for table `ft_broker_master`
--

CREATE TABLE IF NOT EXISTS `ft_broker_master` (
`id` int(12) NOT NULL,
  `first_name` varchar(100) NOT NULL,
  `last_name` varchar(100) NOT NULL,
  `middle_name` varchar(100) NOT NULL,
  `suffix` varchar(100) NOT NULL,
  `fund` varchar(100) NOT NULL,
  `internal` varchar(100) NOT NULL,
  `display_on_statement` varchar(100) NOT NULL,
  `ssn` int(12) NOT NULL,
  `tax_id` int(12) NOT NULL,
  `crd` varchar(100) NOT NULL,
  `active_status` int(12) NOT NULL,
  `pay_method` int(12) NOT NULL,
  `status` tinyint(1) NOT NULL DEFAULT '1',
  `is_delete` tinyint(1) NOT NULL DEFAULT '0',
  `created_by` int(12) NOT NULL,
  `created_time` datetime NOT NULL,
  `created_ip` varchar(100) NOT NULL,
  `modified_by` int(12) NOT NULL,
  `modified_time` datetime NOT NULL,
  `modified_ip` varchar(100) NOT NULL
) ENGINE=InnoDB AUTO_INCREMENT=6 DEFAULT CHARSET=latin1;

--
-- Dumping data for table `ft_broker_master`
--

INSERT INTO `ft_broker_master` (`id`, `first_name`, `last_name`, `middle_name`, `suffix`, `fund`, `internal`, `display_on_statement`, `ssn`, `tax_id`, `crd`, `active_status`, `pay_method`, `status`, `is_delete`, `created_by`, `created_time`, `created_ip`, `modified_by`, `modified_time`, `modified_ip`) VALUES
(1, 'Aksha', 'Makarani', 'M', '20', 'C49', '14', '', 897897978, 987897897, '6899176', 1, 2, 1, 0, 3, '2018-06-13 17:01:22', '192.168.30.20', 3, '2018-07-05 16:30:47', '192.168.30.20'),
(2, 'Umang', 'Aahir', 'L', '', 'A04', '', '', 0, 0, '', 0, 0, 1, 0, 3, '2018-06-13 17:05:50', '192.168.30.20', 3, '2018-07-05 16:34:50', '192.168.30.20'),
(3, 'Kavita', 'Gangani', 'J', '', '000025', '', '', 0, 0, '815874', 0, 0, 1, 0, 3, '2018-06-13 17:07:41', '192.168.30.20', 3, '2018-07-06 16:07:59', '192.168.30.20'),
(4, 'Tilotma', 'Solanki', 'B', '', '1703', '', '', 0, 0, '2092860', 0, 0, 1, 0, 3, '2018-06-13 17:30:12', '192.168.30.20', 3, '2018-07-06 17:04:46', '192.168.30.20'),
(5, 'MICHAEL', 'DOUGLAS', '', '', '0000C5389', '', '', 0, 0, '', 0, 0, 1, 0, 3, '2018-07-11 16:18:13', '192.168.30.20', 0, '0000-00-00 00:00:00', '');

-- --------------------------------------------------------

--
-- Table structure for table `ft_broker_notes`
--

CREATE TABLE IF NOT EXISTS `ft_broker_notes` (
`id` int(12) NOT NULL,
  `date` datetime NOT NULL,
  `user_id` varchar(100) NOT NULL,
  `notes` varchar(100) NOT NULL,
  `status` tinyint(1) NOT NULL DEFAULT '1',
  `is_delete` tinyint(1) NOT NULL DEFAULT '0',
  `created_by` int(12) NOT NULL,
  `created_time` datetime NOT NULL,
  `created_ip` varchar(100) NOT NULL,
  `modified_by` int(12) NOT NULL,
  `modified_time` datetime NOT NULL,
  `modified_ip` varchar(100) NOT NULL
) ENGINE=InnoDB AUTO_INCREMENT=2 DEFAULT CHARSET=latin1;

--
-- Dumping data for table `ft_broker_notes`
--

INSERT INTO `ft_broker_notes` (`id`, `date`, `user_id`, `notes`, `status`, `is_delete`, `created_by`, `created_time`, `created_ip`, `modified_by`, `modified_time`, `modified_ip`) VALUES
(1, '2018-07-05 00:00:00', 'user03', 'kkl;kl;', 1, 0, 3, '2018-07-05 09:29:00', '192.168.30.20', 0, '0000-00-00 00:00:00', '');

-- --------------------------------------------------------

--
-- Table structure for table `ft_broker_payout_fixed_rates`
--

CREATE TABLE IF NOT EXISTS `ft_broker_payout_fixed_rates` (
`id` int(12) NOT NULL,
  `broker_id` int(12) NOT NULL,
  `category_id` int(12) NOT NULL,
  `category_rates` varchar(100) NOT NULL,
  `status` tinyint(1) NOT NULL DEFAULT '1',
  `is_delete` tinyint(1) NOT NULL DEFAULT '0',
  `created_time` datetime NOT NULL,
  `created_by` int(12) NOT NULL,
  `created_ip` varchar(100) NOT NULL,
  `modified_time` datetime NOT NULL,
  `modified_by` int(12) NOT NULL,
  `modified_ip` varchar(100) NOT NULL
) ENGINE=InnoDB AUTO_INCREMENT=939 DEFAULT CHARSET=latin1;

--
-- Dumping data for table `ft_broker_payout_fixed_rates`
--

INSERT INTO `ft_broker_payout_fixed_rates` (`id`, `broker_id`, `category_id`, `category_rates`, `status`, `is_delete`, `created_time`, `created_by`, `created_ip`, `modified_time`, `modified_by`, `modified_ip`) VALUES
(1, 1, 1, '10.00', 1, 1, '2018-06-13 17:01:22', 3, '192.168.30.20', '0000-00-00 00:00:00', 0, ''),
(2, 1, 2, '12.00', 1, 1, '2018-06-13 17:01:22', 3, '192.168.30.20', '0000-00-00 00:00:00', 0, ''),
(3, 1, 3, '24.00', 1, 1, '2018-06-13 17:01:22', 3, '192.168.30.20', '0000-00-00 00:00:00', 0, ''),
(4, 1, 4, '25.00', 1, 1, '2018-06-13 17:01:22', 3, '192.168.30.20', '0000-00-00 00:00:00', 0, ''),
(5, 1, 5, '28.00', 1, 1, '2018-06-13 17:01:22', 3, '192.168.30.20', '0000-00-00 00:00:00', 0, ''),
(6, 1, 6, '', 1, 1, '2018-06-13 17:01:22', 3, '192.168.30.20', '0000-00-00 00:00:00', 0, ''),
(7, 1, 7, '', 1, 1, '2018-06-13 17:01:22', 3, '192.168.30.20', '0000-00-00 00:00:00', 0, ''),
(8, 1, 8, '', 1, 1, '2018-06-13 17:01:22', 3, '192.168.30.20', '0000-00-00 00:00:00', 0, ''),
(9, 1, 9, '', 1, 1, '2018-06-13 17:01:22', 3, '192.168.30.20', '0000-00-00 00:00:00', 0, ''),
(10, 1, 10, '', 1, 1, '2018-06-13 17:01:22', 3, '192.168.30.20', '0000-00-00 00:00:00', 0, ''),
(11, 1, 11, '', 1, 1, '2018-06-13 17:01:22', 3, '192.168.30.20', '0000-00-00 00:00:00', 0, ''),
(12, 1, 12, '', 1, 1, '2018-06-13 17:01:22', 3, '192.168.30.20', '0000-00-00 00:00:00', 0, ''),
(13, 1, 13, '', 1, 1, '2018-06-13 17:01:22', 3, '192.168.30.20', '0000-00-00 00:00:00', 0, ''),
(14, 1, 14, '', 1, 1, '2018-06-13 17:01:22', 3, '192.168.30.20', '0000-00-00 00:00:00', 0, ''),
(15, 1, 1, '10.00', 1, 1, '2018-06-13 17:02:14', 3, '192.168.30.20', '0000-00-00 00:00:00', 0, ''),
(16, 1, 2, '12.00', 1, 1, '2018-06-13 17:02:14', 3, '192.168.30.20', '0000-00-00 00:00:00', 0, ''),
(17, 1, 3, '24.00', 1, 1, '2018-06-13 17:02:14', 3, '192.168.30.20', '0000-00-00 00:00:00', 0, ''),
(18, 1, 4, '25.00', 1, 1, '2018-06-13 17:02:14', 3, '192.168.30.20', '0000-00-00 00:00:00', 0, ''),
(19, 1, 5, '28.00', 1, 1, '2018-06-13 17:02:14', 3, '192.168.30.20', '0000-00-00 00:00:00', 0, ''),
(20, 1, 6, '', 1, 1, '2018-06-13 17:02:14', 3, '192.168.30.20', '0000-00-00 00:00:00', 0, ''),
(21, 1, 7, '', 1, 1, '2018-06-13 17:02:14', 3, '192.168.30.20', '0000-00-00 00:00:00', 0, ''),
(22, 1, 8, '', 1, 1, '2018-06-13 17:02:14', 3, '192.168.30.20', '0000-00-00 00:00:00', 0, ''),
(23, 1, 9, '', 1, 1, '2018-06-13 17:02:14', 3, '192.168.30.20', '0000-00-00 00:00:00', 0, ''),
(24, 1, 10, '', 1, 1, '2018-06-13 17:02:14', 3, '192.168.30.20', '0000-00-00 00:00:00', 0, ''),
(25, 1, 11, '', 1, 1, '2018-06-13 17:02:14', 3, '192.168.30.20', '0000-00-00 00:00:00', 0, ''),
(26, 1, 12, '', 1, 1, '2018-06-13 17:02:14', 3, '192.168.30.20', '0000-00-00 00:00:00', 0, ''),
(27, 1, 13, '', 1, 1, '2018-06-13 17:02:14', 3, '192.168.30.20', '0000-00-00 00:00:00', 0, ''),
(28, 1, 14, '', 1, 1, '2018-06-13 17:02:14', 3, '192.168.30.20', '0000-00-00 00:00:00', 0, ''),
(29, 1, 1, '10.00', 1, 1, '2018-06-13 17:02:59', 3, '192.168.30.20', '0000-00-00 00:00:00', 0, ''),
(30, 1, 2, '12.00', 1, 1, '2018-06-13 17:02:59', 3, '192.168.30.20', '0000-00-00 00:00:00', 0, ''),
(31, 1, 3, '24.00', 1, 1, '2018-06-13 17:02:59', 3, '192.168.30.20', '0000-00-00 00:00:00', 0, ''),
(32, 1, 4, '25.00', 1, 1, '2018-06-13 17:02:59', 3, '192.168.30.20', '0000-00-00 00:00:00', 0, ''),
(33, 1, 5, '28.00', 1, 1, '2018-06-13 17:02:59', 3, '192.168.30.20', '0000-00-00 00:00:00', 0, ''),
(34, 1, 6, '', 1, 1, '2018-06-13 17:02:59', 3, '192.168.30.20', '0000-00-00 00:00:00', 0, ''),
(35, 1, 7, '', 1, 1, '2018-06-13 17:02:59', 3, '192.168.30.20', '0000-00-00 00:00:00', 0, ''),
(36, 1, 8, '', 1, 1, '2018-06-13 17:02:59', 3, '192.168.30.20', '0000-00-00 00:00:00', 0, ''),
(37, 1, 9, '', 1, 1, '2018-06-13 17:02:59', 3, '192.168.30.20', '0000-00-00 00:00:00', 0, ''),
(38, 1, 10, '', 1, 1, '2018-06-13 17:02:59', 3, '192.168.30.20', '0000-00-00 00:00:00', 0, ''),
(39, 1, 11, '', 1, 1, '2018-06-13 17:02:59', 3, '192.168.30.20', '0000-00-00 00:00:00', 0, ''),
(40, 1, 12, '', 1, 1, '2018-06-13 17:02:59', 3, '192.168.30.20', '0000-00-00 00:00:00', 0, ''),
(41, 1, 13, '', 1, 1, '2018-06-13 17:02:59', 3, '192.168.30.20', '0000-00-00 00:00:00', 0, ''),
(42, 1, 14, '', 1, 1, '2018-06-13 17:02:59', 3, '192.168.30.20', '0000-00-00 00:00:00', 0, ''),
(43, 2, 1, '', 1, 1, '2018-06-13 17:05:50', 3, '192.168.30.20', '0000-00-00 00:00:00', 0, ''),
(44, 2, 2, '', 1, 1, '2018-06-13 17:05:50', 3, '192.168.30.20', '0000-00-00 00:00:00', 0, ''),
(45, 2, 3, '', 1, 1, '2018-06-13 17:05:50', 3, '192.168.30.20', '0000-00-00 00:00:00', 0, ''),
(46, 2, 4, '', 1, 1, '2018-06-13 17:05:50', 3, '192.168.30.20', '0000-00-00 00:00:00', 0, ''),
(47, 2, 5, '', 1, 1, '2018-06-13 17:05:50', 3, '192.168.30.20', '0000-00-00 00:00:00', 0, ''),
(48, 2, 6, '', 1, 1, '2018-06-13 17:05:50', 3, '192.168.30.20', '0000-00-00 00:00:00', 0, ''),
(49, 2, 7, '', 1, 1, '2018-06-13 17:05:50', 3, '192.168.30.20', '0000-00-00 00:00:00', 0, ''),
(50, 2, 8, '', 1, 1, '2018-06-13 17:05:50', 3, '192.168.30.20', '0000-00-00 00:00:00', 0, ''),
(51, 2, 9, '', 1, 1, '2018-06-13 17:05:50', 3, '192.168.30.20', '0000-00-00 00:00:00', 0, ''),
(52, 2, 10, '', 1, 1, '2018-06-13 17:05:50', 3, '192.168.30.20', '0000-00-00 00:00:00', 0, ''),
(53, 2, 11, '', 1, 1, '2018-06-13 17:05:50', 3, '192.168.30.20', '0000-00-00 00:00:00', 0, ''),
(54, 2, 12, '', 1, 1, '2018-06-13 17:05:50', 3, '192.168.30.20', '0000-00-00 00:00:00', 0, ''),
(55, 2, 13, '', 1, 1, '2018-06-13 17:05:50', 3, '192.168.30.20', '0000-00-00 00:00:00', 0, ''),
(56, 2, 14, '', 1, 1, '2018-06-13 17:05:50', 3, '192.168.30.20', '0000-00-00 00:00:00', 0, ''),
(57, 3, 1, '', 1, 1, '2018-06-13 17:07:41', 3, '192.168.30.20', '0000-00-00 00:00:00', 0, ''),
(58, 3, 2, '', 1, 1, '2018-06-13 17:07:41', 3, '192.168.30.20', '0000-00-00 00:00:00', 0, ''),
(59, 3, 3, '', 1, 1, '2018-06-13 17:07:41', 3, '192.168.30.20', '0000-00-00 00:00:00', 0, ''),
(60, 3, 4, '', 1, 1, '2018-06-13 17:07:41', 3, '192.168.30.20', '0000-00-00 00:00:00', 0, ''),
(61, 3, 5, '', 1, 1, '2018-06-13 17:07:41', 3, '192.168.30.20', '0000-00-00 00:00:00', 0, ''),
(62, 3, 6, '', 1, 1, '2018-06-13 17:07:41', 3, '192.168.30.20', '0000-00-00 00:00:00', 0, ''),
(63, 3, 7, '', 1, 1, '2018-06-13 17:07:41', 3, '192.168.30.20', '0000-00-00 00:00:00', 0, ''),
(64, 3, 8, '', 1, 1, '2018-06-13 17:07:41', 3, '192.168.30.20', '0000-00-00 00:00:00', 0, ''),
(65, 3, 9, '', 1, 1, '2018-06-13 17:07:41', 3, '192.168.30.20', '0000-00-00 00:00:00', 0, ''),
(66, 3, 10, '', 1, 1, '2018-06-13 17:07:41', 3, '192.168.30.20', '0000-00-00 00:00:00', 0, ''),
(67, 3, 11, '', 1, 1, '2018-06-13 17:07:41', 3, '192.168.30.20', '0000-00-00 00:00:00', 0, ''),
(68, 3, 12, '', 1, 1, '2018-06-13 17:07:41', 3, '192.168.30.20', '0000-00-00 00:00:00', 0, ''),
(69, 3, 13, '', 1, 1, '2018-06-13 17:07:41', 3, '192.168.30.20', '0000-00-00 00:00:00', 0, ''),
(70, 3, 14, '', 1, 1, '2018-06-13 17:07:41', 3, '192.168.30.20', '0000-00-00 00:00:00', 0, ''),
(71, 3, 1, '', 1, 1, '2018-06-13 17:08:26', 3, '192.168.30.20', '0000-00-00 00:00:00', 0, ''),
(72, 3, 2, '', 1, 1, '2018-06-13 17:08:26', 3, '192.168.30.20', '0000-00-00 00:00:00', 0, ''),
(73, 3, 3, '', 1, 1, '2018-06-13 17:08:26', 3, '192.168.30.20', '0000-00-00 00:00:00', 0, ''),
(74, 3, 4, '', 1, 1, '2018-06-13 17:08:26', 3, '192.168.30.20', '0000-00-00 00:00:00', 0, ''),
(75, 3, 5, '', 1, 1, '2018-06-13 17:08:26', 3, '192.168.30.20', '0000-00-00 00:00:00', 0, ''),
(76, 3, 6, '', 1, 1, '2018-06-13 17:08:26', 3, '192.168.30.20', '0000-00-00 00:00:00', 0, ''),
(77, 3, 7, '', 1, 1, '2018-06-13 17:08:26', 3, '192.168.30.20', '0000-00-00 00:00:00', 0, ''),
(78, 3, 8, '', 1, 1, '2018-06-13 17:08:26', 3, '192.168.30.20', '0000-00-00 00:00:00', 0, ''),
(79, 3, 9, '', 1, 1, '2018-06-13 17:08:26', 3, '192.168.30.20', '0000-00-00 00:00:00', 0, ''),
(80, 3, 10, '', 1, 1, '2018-06-13 17:08:26', 3, '192.168.30.20', '0000-00-00 00:00:00', 0, ''),
(81, 3, 11, '', 1, 1, '2018-06-13 17:08:26', 3, '192.168.30.20', '0000-00-00 00:00:00', 0, ''),
(82, 3, 12, '', 1, 1, '2018-06-13 17:08:26', 3, '192.168.30.20', '0000-00-00 00:00:00', 0, ''),
(83, 3, 13, '', 1, 1, '2018-06-13 17:08:26', 3, '192.168.30.20', '0000-00-00 00:00:00', 0, ''),
(84, 3, 14, '', 1, 1, '2018-06-13 17:08:26', 3, '192.168.30.20', '0000-00-00 00:00:00', 0, ''),
(85, 2, 1, '', 1, 1, '2018-06-13 17:08:54', 3, '192.168.30.20', '0000-00-00 00:00:00', 0, ''),
(86, 2, 2, '', 1, 1, '2018-06-13 17:08:54', 3, '192.168.30.20', '0000-00-00 00:00:00', 0, ''),
(87, 2, 3, '', 1, 1, '2018-06-13 17:08:54', 3, '192.168.30.20', '0000-00-00 00:00:00', 0, ''),
(88, 2, 4, '', 1, 1, '2018-06-13 17:08:54', 3, '192.168.30.20', '0000-00-00 00:00:00', 0, ''),
(89, 2, 5, '', 1, 1, '2018-06-13 17:08:54', 3, '192.168.30.20', '0000-00-00 00:00:00', 0, ''),
(90, 2, 6, '', 1, 1, '2018-06-13 17:08:54', 3, '192.168.30.20', '0000-00-00 00:00:00', 0, ''),
(91, 2, 7, '', 1, 1, '2018-06-13 17:08:54', 3, '192.168.30.20', '0000-00-00 00:00:00', 0, ''),
(92, 2, 8, '', 1, 1, '2018-06-13 17:08:54', 3, '192.168.30.20', '0000-00-00 00:00:00', 0, ''),
(93, 2, 9, '', 1, 1, '2018-06-13 17:08:54', 3, '192.168.30.20', '0000-00-00 00:00:00', 0, ''),
(94, 2, 10, '', 1, 1, '2018-06-13 17:08:54', 3, '192.168.30.20', '0000-00-00 00:00:00', 0, ''),
(95, 2, 11, '', 1, 1, '2018-06-13 17:08:54', 3, '192.168.30.20', '0000-00-00 00:00:00', 0, ''),
(96, 2, 12, '', 1, 1, '2018-06-13 17:08:54', 3, '192.168.30.20', '0000-00-00 00:00:00', 0, ''),
(97, 2, 13, '', 1, 1, '2018-06-13 17:08:54', 3, '192.168.30.20', '0000-00-00 00:00:00', 0, ''),
(98, 2, 14, '', 1, 1, '2018-06-13 17:08:54', 3, '192.168.30.20', '0000-00-00 00:00:00', 0, ''),
(99, 4, 1, '', 1, 1, '2018-06-13 17:30:12', 3, '192.168.30.20', '0000-00-00 00:00:00', 0, ''),
(100, 4, 2, '', 1, 1, '2018-06-13 17:30:12', 3, '192.168.30.20', '0000-00-00 00:00:00', 0, ''),
(101, 4, 3, '', 1, 1, '2018-06-13 17:30:12', 3, '192.168.30.20', '0000-00-00 00:00:00', 0, ''),
(102, 4, 4, '', 1, 1, '2018-06-13 17:30:12', 3, '192.168.30.20', '0000-00-00 00:00:00', 0, ''),
(103, 4, 5, '', 1, 1, '2018-06-13 17:30:12', 3, '192.168.30.20', '0000-00-00 00:00:00', 0, ''),
(104, 4, 6, '', 1, 1, '2018-06-13 17:30:12', 3, '192.168.30.20', '0000-00-00 00:00:00', 0, ''),
(105, 4, 7, '', 1, 1, '2018-06-13 17:30:12', 3, '192.168.30.20', '0000-00-00 00:00:00', 0, ''),
(106, 4, 8, '', 1, 1, '2018-06-13 17:30:12', 3, '192.168.30.20', '0000-00-00 00:00:00', 0, ''),
(107, 4, 9, '', 1, 1, '2018-06-13 17:30:12', 3, '192.168.30.20', '0000-00-00 00:00:00', 0, ''),
(108, 4, 10, '', 1, 1, '2018-06-13 17:30:12', 3, '192.168.30.20', '0000-00-00 00:00:00', 0, ''),
(109, 4, 11, '', 1, 1, '2018-06-13 17:30:12', 3, '192.168.30.20', '0000-00-00 00:00:00', 0, ''),
(110, 4, 12, '', 1, 1, '2018-06-13 17:30:12', 3, '192.168.30.20', '0000-00-00 00:00:00', 0, ''),
(111, 4, 13, '', 1, 1, '2018-06-13 17:30:12', 3, '192.168.30.20', '0000-00-00 00:00:00', 0, ''),
(112, 4, 14, '', 1, 1, '2018-06-13 17:30:12', 3, '192.168.30.20', '0000-00-00 00:00:00', 0, ''),
(113, 4, 1, '', 1, 1, '2018-06-13 17:30:46', 3, '192.168.30.20', '0000-00-00 00:00:00', 0, ''),
(114, 4, 2, '', 1, 1, '2018-06-13 17:30:46', 3, '192.168.30.20', '0000-00-00 00:00:00', 0, ''),
(115, 4, 3, '', 1, 1, '2018-06-13 17:30:46', 3, '192.168.30.20', '0000-00-00 00:00:00', 0, ''),
(116, 4, 4, '', 1, 1, '2018-06-13 17:30:46', 3, '192.168.30.20', '0000-00-00 00:00:00', 0, ''),
(117, 4, 5, '', 1, 1, '2018-06-13 17:30:46', 3, '192.168.30.20', '0000-00-00 00:00:00', 0, ''),
(118, 4, 6, '', 1, 1, '2018-06-13 17:30:46', 3, '192.168.30.20', '0000-00-00 00:00:00', 0, ''),
(119, 4, 7, '', 1, 1, '2018-06-13 17:30:46', 3, '192.168.30.20', '0000-00-00 00:00:00', 0, ''),
(120, 4, 8, '', 1, 1, '2018-06-13 17:30:46', 3, '192.168.30.20', '0000-00-00 00:00:00', 0, ''),
(121, 4, 9, '', 1, 1, '2018-06-13 17:30:46', 3, '192.168.30.20', '0000-00-00 00:00:00', 0, ''),
(122, 4, 10, '', 1, 1, '2018-06-13 17:30:46', 3, '192.168.30.20', '0000-00-00 00:00:00', 0, ''),
(123, 4, 11, '', 1, 1, '2018-06-13 17:30:46', 3, '192.168.30.20', '0000-00-00 00:00:00', 0, ''),
(124, 4, 12, '', 1, 1, '2018-06-13 17:30:46', 3, '192.168.30.20', '0000-00-00 00:00:00', 0, ''),
(125, 4, 13, '', 1, 1, '2018-06-13 17:30:46', 3, '192.168.30.20', '0000-00-00 00:00:00', 0, ''),
(126, 4, 14, '', 1, 1, '2018-06-13 17:30:46', 3, '192.168.30.20', '0000-00-00 00:00:00', 0, ''),
(127, 2, 1, '', 1, 1, '2018-06-13 17:32:38', 3, '192.168.30.20', '0000-00-00 00:00:00', 0, ''),
(128, 2, 2, '', 1, 1, '2018-06-13 17:32:38', 3, '192.168.30.20', '0000-00-00 00:00:00', 0, ''),
(129, 2, 3, '', 1, 1, '2018-06-13 17:32:38', 3, '192.168.30.20', '0000-00-00 00:00:00', 0, ''),
(130, 2, 4, '', 1, 1, '2018-06-13 17:32:38', 3, '192.168.30.20', '0000-00-00 00:00:00', 0, ''),
(131, 2, 5, '', 1, 1, '2018-06-13 17:32:38', 3, '192.168.30.20', '0000-00-00 00:00:00', 0, ''),
(132, 2, 6, '', 1, 1, '2018-06-13 17:32:38', 3, '192.168.30.20', '0000-00-00 00:00:00', 0, ''),
(133, 2, 7, '', 1, 1, '2018-06-13 17:32:38', 3, '192.168.30.20', '0000-00-00 00:00:00', 0, ''),
(134, 2, 8, '', 1, 1, '2018-06-13 17:32:38', 3, '192.168.30.20', '0000-00-00 00:00:00', 0, ''),
(135, 2, 9, '', 1, 1, '2018-06-13 17:32:38', 3, '192.168.30.20', '0000-00-00 00:00:00', 0, ''),
(136, 2, 10, '', 1, 1, '2018-06-13 17:32:38', 3, '192.168.30.20', '0000-00-00 00:00:00', 0, ''),
(137, 2, 11, '', 1, 1, '2018-06-13 17:32:38', 3, '192.168.30.20', '0000-00-00 00:00:00', 0, ''),
(138, 2, 12, '', 1, 1, '2018-06-13 17:32:38', 3, '192.168.30.20', '0000-00-00 00:00:00', 0, ''),
(139, 2, 13, '', 1, 1, '2018-06-13 17:32:38', 3, '192.168.30.20', '0000-00-00 00:00:00', 0, ''),
(140, 2, 14, '', 1, 1, '2018-06-13 17:32:38', 3, '192.168.30.20', '0000-00-00 00:00:00', 0, ''),
(141, 1, 1, '10.00', 1, 1, '2018-06-18 15:00:02', 3, '192.168.30.20', '0000-00-00 00:00:00', 0, ''),
(142, 1, 2, '12.00', 1, 1, '2018-06-18 15:00:02', 3, '192.168.30.20', '0000-00-00 00:00:00', 0, ''),
(143, 1, 3, '24.00', 1, 1, '2018-06-18 15:00:02', 3, '192.168.30.20', '0000-00-00 00:00:00', 0, ''),
(144, 1, 4, '25.00', 1, 1, '2018-06-18 15:00:02', 3, '192.168.30.20', '0000-00-00 00:00:00', 0, ''),
(145, 1, 5, '28.00', 1, 1, '2018-06-18 15:00:02', 3, '192.168.30.20', '0000-00-00 00:00:00', 0, ''),
(146, 1, 6, '', 1, 1, '2018-06-18 15:00:02', 3, '192.168.30.20', '0000-00-00 00:00:00', 0, ''),
(147, 1, 7, '', 1, 1, '2018-06-18 15:00:02', 3, '192.168.30.20', '0000-00-00 00:00:00', 0, ''),
(148, 1, 8, '', 1, 1, '2018-06-18 15:00:02', 3, '192.168.30.20', '0000-00-00 00:00:00', 0, ''),
(149, 1, 9, '', 1, 1, '2018-06-18 15:00:02', 3, '192.168.30.20', '0000-00-00 00:00:00', 0, ''),
(150, 1, 10, '', 1, 1, '2018-06-18 15:00:02', 3, '192.168.30.20', '0000-00-00 00:00:00', 0, ''),
(151, 1, 11, '', 1, 1, '2018-06-18 15:00:02', 3, '192.168.30.20', '0000-00-00 00:00:00', 0, ''),
(152, 1, 12, '', 1, 1, '2018-06-18 15:00:02', 3, '192.168.30.20', '0000-00-00 00:00:00', 0, ''),
(153, 1, 13, '', 1, 1, '2018-06-18 15:00:02', 3, '192.168.30.20', '0000-00-00 00:00:00', 0, ''),
(154, 1, 14, '', 1, 1, '2018-06-18 15:00:02', 3, '192.168.30.20', '0000-00-00 00:00:00', 0, ''),
(155, 3, 1, '', 1, 1, '2018-06-18 15:01:38', 3, '192.168.30.20', '0000-00-00 00:00:00', 0, ''),
(156, 3, 2, '', 1, 1, '2018-06-18 15:01:38', 3, '192.168.30.20', '0000-00-00 00:00:00', 0, ''),
(157, 3, 3, '', 1, 1, '2018-06-18 15:01:38', 3, '192.168.30.20', '0000-00-00 00:00:00', 0, ''),
(158, 3, 4, '', 1, 1, '2018-06-18 15:01:38', 3, '192.168.30.20', '0000-00-00 00:00:00', 0, ''),
(159, 3, 5, '', 1, 1, '2018-06-18 15:01:38', 3, '192.168.30.20', '0000-00-00 00:00:00', 0, ''),
(160, 3, 6, '', 1, 1, '2018-06-18 15:01:38', 3, '192.168.30.20', '0000-00-00 00:00:00', 0, ''),
(161, 3, 7, '', 1, 1, '2018-06-18 15:01:38', 3, '192.168.30.20', '0000-00-00 00:00:00', 0, ''),
(162, 3, 8, '', 1, 1, '2018-06-18 15:01:38', 3, '192.168.30.20', '0000-00-00 00:00:00', 0, ''),
(163, 3, 9, '', 1, 1, '2018-06-18 15:01:38', 3, '192.168.30.20', '0000-00-00 00:00:00', 0, ''),
(164, 3, 10, '', 1, 1, '2018-06-18 15:01:38', 3, '192.168.30.20', '0000-00-00 00:00:00', 0, ''),
(165, 3, 11, '', 1, 1, '2018-06-18 15:01:38', 3, '192.168.30.20', '0000-00-00 00:00:00', 0, ''),
(166, 3, 12, '', 1, 1, '2018-06-18 15:01:38', 3, '192.168.30.20', '0000-00-00 00:00:00', 0, ''),
(167, 3, 13, '', 1, 1, '2018-06-18 15:01:38', 3, '192.168.30.20', '0000-00-00 00:00:00', 0, ''),
(168, 3, 14, '', 1, 1, '2018-06-18 15:01:38', 3, '192.168.30.20', '0000-00-00 00:00:00', 0, ''),
(169, 3, 1, '', 1, 1, '2018-06-18 15:03:08', 3, '192.168.30.20', '0000-00-00 00:00:00', 0, ''),
(170, 3, 2, '', 1, 1, '2018-06-18 15:03:08', 3, '192.168.30.20', '0000-00-00 00:00:00', 0, ''),
(171, 3, 3, '', 1, 1, '2018-06-18 15:03:08', 3, '192.168.30.20', '0000-00-00 00:00:00', 0, ''),
(172, 3, 4, '', 1, 1, '2018-06-18 15:03:08', 3, '192.168.30.20', '0000-00-00 00:00:00', 0, ''),
(173, 3, 5, '', 1, 1, '2018-06-18 15:03:08', 3, '192.168.30.20', '0000-00-00 00:00:00', 0, ''),
(174, 3, 6, '', 1, 1, '2018-06-18 15:03:08', 3, '192.168.30.20', '0000-00-00 00:00:00', 0, ''),
(175, 3, 7, '', 1, 1, '2018-06-18 15:03:08', 3, '192.168.30.20', '0000-00-00 00:00:00', 0, ''),
(176, 3, 8, '', 1, 1, '2018-06-18 15:03:08', 3, '192.168.30.20', '0000-00-00 00:00:00', 0, ''),
(177, 3, 9, '', 1, 1, '2018-06-18 15:03:08', 3, '192.168.30.20', '0000-00-00 00:00:00', 0, ''),
(178, 3, 10, '', 1, 1, '2018-06-18 15:03:08', 3, '192.168.30.20', '0000-00-00 00:00:00', 0, ''),
(179, 3, 11, '', 1, 1, '2018-06-18 15:03:08', 3, '192.168.30.20', '0000-00-00 00:00:00', 0, ''),
(180, 3, 12, '', 1, 1, '2018-06-18 15:03:08', 3, '192.168.30.20', '0000-00-00 00:00:00', 0, ''),
(181, 3, 13, '', 1, 1, '2018-06-18 15:03:08', 3, '192.168.30.20', '0000-00-00 00:00:00', 0, ''),
(182, 3, 14, '', 1, 1, '2018-06-18 15:03:08', 3, '192.168.30.20', '0000-00-00 00:00:00', 0, ''),
(183, 3, 1, '', 1, 1, '2018-06-18 15:07:34', 3, '192.168.30.20', '0000-00-00 00:00:00', 0, ''),
(184, 3, 2, '', 1, 1, '2018-06-18 15:07:34', 3, '192.168.30.20', '0000-00-00 00:00:00', 0, ''),
(185, 3, 3, '', 1, 1, '2018-06-18 15:07:34', 3, '192.168.30.20', '0000-00-00 00:00:00', 0, ''),
(186, 3, 4, '', 1, 1, '2018-06-18 15:07:34', 3, '192.168.30.20', '0000-00-00 00:00:00', 0, ''),
(187, 3, 5, '', 1, 1, '2018-06-18 15:07:34', 3, '192.168.30.20', '0000-00-00 00:00:00', 0, ''),
(188, 3, 6, '', 1, 1, '2018-06-18 15:07:34', 3, '192.168.30.20', '0000-00-00 00:00:00', 0, ''),
(189, 3, 7, '', 1, 1, '2018-06-18 15:07:34', 3, '192.168.30.20', '0000-00-00 00:00:00', 0, ''),
(190, 3, 8, '', 1, 1, '2018-06-18 15:07:34', 3, '192.168.30.20', '0000-00-00 00:00:00', 0, ''),
(191, 3, 9, '', 1, 1, '2018-06-18 15:07:34', 3, '192.168.30.20', '0000-00-00 00:00:00', 0, ''),
(192, 3, 10, '', 1, 1, '2018-06-18 15:07:34', 3, '192.168.30.20', '0000-00-00 00:00:00', 0, ''),
(193, 3, 11, '', 1, 1, '2018-06-18 15:07:34', 3, '192.168.30.20', '0000-00-00 00:00:00', 0, ''),
(194, 3, 12, '', 1, 1, '2018-06-18 15:07:34', 3, '192.168.30.20', '0000-00-00 00:00:00', 0, ''),
(195, 3, 13, '', 1, 1, '2018-06-18 15:07:34', 3, '192.168.30.20', '0000-00-00 00:00:00', 0, ''),
(196, 3, 14, '', 1, 1, '2018-06-18 15:07:34', 3, '192.168.30.20', '0000-00-00 00:00:00', 0, ''),
(197, 3, 1, '', 1, 1, '2018-06-18 15:19:01', 3, '192.168.30.20', '0000-00-00 00:00:00', 0, ''),
(198, 3, 2, '', 1, 1, '2018-06-18 15:19:01', 3, '192.168.30.20', '0000-00-00 00:00:00', 0, ''),
(199, 3, 3, '', 1, 1, '2018-06-18 15:19:01', 3, '192.168.30.20', '0000-00-00 00:00:00', 0, ''),
(200, 3, 4, '', 1, 1, '2018-06-18 15:19:01', 3, '192.168.30.20', '0000-00-00 00:00:00', 0, ''),
(201, 3, 5, '', 1, 1, '2018-06-18 15:19:01', 3, '192.168.30.20', '0000-00-00 00:00:00', 0, ''),
(202, 3, 6, '', 1, 1, '2018-06-18 15:19:01', 3, '192.168.30.20', '0000-00-00 00:00:00', 0, ''),
(203, 3, 7, '', 1, 1, '2018-06-18 15:19:01', 3, '192.168.30.20', '0000-00-00 00:00:00', 0, ''),
(204, 3, 8, '', 1, 1, '2018-06-18 15:19:01', 3, '192.168.30.20', '0000-00-00 00:00:00', 0, ''),
(205, 3, 9, '', 1, 1, '2018-06-18 15:19:01', 3, '192.168.30.20', '0000-00-00 00:00:00', 0, ''),
(206, 3, 10, '', 1, 1, '2018-06-18 15:19:01', 3, '192.168.30.20', '0000-00-00 00:00:00', 0, ''),
(207, 3, 11, '', 1, 1, '2018-06-18 15:19:01', 3, '192.168.30.20', '0000-00-00 00:00:00', 0, ''),
(208, 3, 12, '', 1, 1, '2018-06-18 15:19:01', 3, '192.168.30.20', '0000-00-00 00:00:00', 0, ''),
(209, 3, 13, '', 1, 1, '2018-06-18 15:19:01', 3, '192.168.30.20', '0000-00-00 00:00:00', 0, ''),
(210, 3, 14, '', 1, 1, '2018-06-18 15:19:01', 3, '192.168.30.20', '0000-00-00 00:00:00', 0, ''),
(211, 3, 1, '', 1, 1, '2018-06-18 15:20:15', 3, '192.168.30.20', '0000-00-00 00:00:00', 0, ''),
(212, 3, 2, '', 1, 1, '2018-06-18 15:20:15', 3, '192.168.30.20', '0000-00-00 00:00:00', 0, ''),
(213, 3, 3, '', 1, 1, '2018-06-18 15:20:15', 3, '192.168.30.20', '0000-00-00 00:00:00', 0, ''),
(214, 3, 4, '', 1, 1, '2018-06-18 15:20:15', 3, '192.168.30.20', '0000-00-00 00:00:00', 0, ''),
(215, 3, 5, '', 1, 1, '2018-06-18 15:20:15', 3, '192.168.30.20', '0000-00-00 00:00:00', 0, ''),
(216, 3, 6, '', 1, 1, '2018-06-18 15:20:15', 3, '192.168.30.20', '0000-00-00 00:00:00', 0, ''),
(217, 3, 7, '', 1, 1, '2018-06-18 15:20:15', 3, '192.168.30.20', '0000-00-00 00:00:00', 0, ''),
(218, 3, 8, '', 1, 1, '2018-06-18 15:20:15', 3, '192.168.30.20', '0000-00-00 00:00:00', 0, ''),
(219, 3, 9, '', 1, 1, '2018-06-18 15:20:15', 3, '192.168.30.20', '0000-00-00 00:00:00', 0, ''),
(220, 3, 10, '', 1, 1, '2018-06-18 15:20:15', 3, '192.168.30.20', '0000-00-00 00:00:00', 0, ''),
(221, 3, 11, '', 1, 1, '2018-06-18 15:20:15', 3, '192.168.30.20', '0000-00-00 00:00:00', 0, ''),
(222, 3, 12, '', 1, 1, '2018-06-18 15:20:15', 3, '192.168.30.20', '0000-00-00 00:00:00', 0, ''),
(223, 3, 13, '', 1, 1, '2018-06-18 15:20:15', 3, '192.168.30.20', '0000-00-00 00:00:00', 0, ''),
(224, 3, 14, '', 1, 1, '2018-06-18 15:20:15', 3, '192.168.30.20', '0000-00-00 00:00:00', 0, ''),
(225, 3, 1, '', 1, 1, '2018-06-18 15:22:43', 3, '192.168.30.20', '0000-00-00 00:00:00', 0, ''),
(226, 3, 2, '', 1, 1, '2018-06-18 15:22:43', 3, '192.168.30.20', '0000-00-00 00:00:00', 0, ''),
(227, 3, 3, '', 1, 1, '2018-06-18 15:22:43', 3, '192.168.30.20', '0000-00-00 00:00:00', 0, ''),
(228, 3, 4, '', 1, 1, '2018-06-18 15:22:43', 3, '192.168.30.20', '0000-00-00 00:00:00', 0, ''),
(229, 3, 5, '', 1, 1, '2018-06-18 15:22:43', 3, '192.168.30.20', '0000-00-00 00:00:00', 0, ''),
(230, 3, 6, '', 1, 1, '2018-06-18 15:22:43', 3, '192.168.30.20', '0000-00-00 00:00:00', 0, ''),
(231, 3, 7, '', 1, 1, '2018-06-18 15:22:43', 3, '192.168.30.20', '0000-00-00 00:00:00', 0, ''),
(232, 3, 8, '', 1, 1, '2018-06-18 15:22:43', 3, '192.168.30.20', '0000-00-00 00:00:00', 0, ''),
(233, 3, 9, '', 1, 1, '2018-06-18 15:22:43', 3, '192.168.30.20', '0000-00-00 00:00:00', 0, ''),
(234, 3, 10, '', 1, 1, '2018-06-18 15:22:43', 3, '192.168.30.20', '0000-00-00 00:00:00', 0, ''),
(235, 3, 11, '', 1, 1, '2018-06-18 15:22:43', 3, '192.168.30.20', '0000-00-00 00:00:00', 0, ''),
(236, 3, 12, '', 1, 1, '2018-06-18 15:22:43', 3, '192.168.30.20', '0000-00-00 00:00:00', 0, ''),
(237, 3, 13, '', 1, 1, '2018-06-18 15:22:43', 3, '192.168.30.20', '0000-00-00 00:00:00', 0, ''),
(238, 3, 14, '', 1, 1, '2018-06-18 15:22:43', 3, '192.168.30.20', '0000-00-00 00:00:00', 0, ''),
(239, 3, 1, '', 1, 1, '2018-06-18 15:31:52', 3, '192.168.30.20', '0000-00-00 00:00:00', 0, ''),
(240, 3, 2, '', 1, 1, '2018-06-18 15:31:52', 3, '192.168.30.20', '0000-00-00 00:00:00', 0, ''),
(241, 3, 3, '', 1, 1, '2018-06-18 15:31:52', 3, '192.168.30.20', '0000-00-00 00:00:00', 0, ''),
(242, 3, 4, '', 1, 1, '2018-06-18 15:31:52', 3, '192.168.30.20', '0000-00-00 00:00:00', 0, ''),
(243, 3, 5, '', 1, 1, '2018-06-18 15:31:52', 3, '192.168.30.20', '0000-00-00 00:00:00', 0, ''),
(244, 3, 6, '', 1, 1, '2018-06-18 15:31:52', 3, '192.168.30.20', '0000-00-00 00:00:00', 0, ''),
(245, 3, 7, '', 1, 1, '2018-06-18 15:31:52', 3, '192.168.30.20', '0000-00-00 00:00:00', 0, ''),
(246, 3, 8, '', 1, 1, '2018-06-18 15:31:52', 3, '192.168.30.20', '0000-00-00 00:00:00', 0, ''),
(247, 3, 9, '', 1, 1, '2018-06-18 15:31:52', 3, '192.168.30.20', '0000-00-00 00:00:00', 0, ''),
(248, 3, 10, '', 1, 1, '2018-06-18 15:31:52', 3, '192.168.30.20', '0000-00-00 00:00:00', 0, ''),
(249, 3, 11, '', 1, 1, '2018-06-18 15:31:52', 3, '192.168.30.20', '0000-00-00 00:00:00', 0, ''),
(250, 3, 12, '', 1, 1, '2018-06-18 15:31:52', 3, '192.168.30.20', '0000-00-00 00:00:00', 0, ''),
(251, 3, 13, '', 1, 1, '2018-06-18 15:31:52', 3, '192.168.30.20', '0000-00-00 00:00:00', 0, ''),
(252, 3, 14, '', 1, 1, '2018-06-18 15:31:52', 3, '192.168.30.20', '0000-00-00 00:00:00', 0, ''),
(253, 3, 1, '', 1, 1, '2018-06-18 15:34:27', 3, '192.168.30.20', '0000-00-00 00:00:00', 0, ''),
(254, 3, 2, '', 1, 1, '2018-06-18 15:34:27', 3, '192.168.30.20', '0000-00-00 00:00:00', 0, ''),
(255, 3, 3, '', 1, 1, '2018-06-18 15:34:27', 3, '192.168.30.20', '0000-00-00 00:00:00', 0, ''),
(256, 3, 4, '', 1, 1, '2018-06-18 15:34:27', 3, '192.168.30.20', '0000-00-00 00:00:00', 0, ''),
(257, 3, 5, '', 1, 1, '2018-06-18 15:34:27', 3, '192.168.30.20', '0000-00-00 00:00:00', 0, ''),
(258, 3, 6, '', 1, 1, '2018-06-18 15:34:27', 3, '192.168.30.20', '0000-00-00 00:00:00', 0, ''),
(259, 3, 7, '', 1, 1, '2018-06-18 15:34:27', 3, '192.168.30.20', '0000-00-00 00:00:00', 0, ''),
(260, 3, 8, '', 1, 1, '2018-06-18 15:34:27', 3, '192.168.30.20', '0000-00-00 00:00:00', 0, ''),
(261, 3, 9, '', 1, 1, '2018-06-18 15:34:27', 3, '192.168.30.20', '0000-00-00 00:00:00', 0, ''),
(262, 3, 10, '', 1, 1, '2018-06-18 15:34:27', 3, '192.168.30.20', '0000-00-00 00:00:00', 0, ''),
(263, 3, 11, '', 1, 1, '2018-06-18 15:34:27', 3, '192.168.30.20', '0000-00-00 00:00:00', 0, ''),
(264, 3, 12, '', 1, 1, '2018-06-18 15:34:27', 3, '192.168.30.20', '0000-00-00 00:00:00', 0, ''),
(265, 3, 13, '', 1, 1, '2018-06-18 15:34:27', 3, '192.168.30.20', '0000-00-00 00:00:00', 0, ''),
(266, 3, 14, '', 1, 1, '2018-06-18 15:34:27', 3, '192.168.30.20', '0000-00-00 00:00:00', 0, ''),
(267, 1, 1, '10.00', 1, 1, '2018-06-20 14:13:18', 3, '192.168.30.20', '0000-00-00 00:00:00', 0, ''),
(268, 1, 2, '12.00', 1, 1, '2018-06-20 14:13:18', 3, '192.168.30.20', '0000-00-00 00:00:00', 0, ''),
(269, 1, 3, '24.00', 1, 1, '2018-06-20 14:13:18', 3, '192.168.30.20', '0000-00-00 00:00:00', 0, ''),
(270, 1, 4, '25.00', 1, 1, '2018-06-20 14:13:18', 3, '192.168.30.20', '0000-00-00 00:00:00', 0, ''),
(271, 1, 5, '28.00', 1, 1, '2018-06-20 14:13:18', 3, '192.168.30.20', '0000-00-00 00:00:00', 0, ''),
(272, 1, 6, '', 1, 1, '2018-06-20 14:13:18', 3, '192.168.30.20', '0000-00-00 00:00:00', 0, ''),
(273, 1, 7, '', 1, 1, '2018-06-20 14:13:18', 3, '192.168.30.20', '0000-00-00 00:00:00', 0, ''),
(274, 1, 8, '', 1, 1, '2018-06-20 14:13:18', 3, '192.168.30.20', '0000-00-00 00:00:00', 0, ''),
(275, 1, 9, '', 1, 1, '2018-06-20 14:13:18', 3, '192.168.30.20', '0000-00-00 00:00:00', 0, ''),
(276, 1, 10, '', 1, 1, '2018-06-20 14:13:18', 3, '192.168.30.20', '0000-00-00 00:00:00', 0, ''),
(277, 1, 11, '', 1, 1, '2018-06-20 14:13:18', 3, '192.168.30.20', '0000-00-00 00:00:00', 0, ''),
(278, 1, 12, '', 1, 1, '2018-06-20 14:13:18', 3, '192.168.30.20', '0000-00-00 00:00:00', 0, ''),
(279, 1, 13, '', 1, 1, '2018-06-20 14:13:18', 3, '192.168.30.20', '0000-00-00 00:00:00', 0, ''),
(280, 1, 14, '', 1, 1, '2018-06-20 14:13:18', 3, '192.168.30.20', '0000-00-00 00:00:00', 0, ''),
(281, 3, 1, '', 1, 1, '2018-06-20 16:59:48', 3, '192.168.30.20', '0000-00-00 00:00:00', 0, ''),
(282, 3, 2, '', 1, 1, '2018-06-20 16:59:48', 3, '192.168.30.20', '0000-00-00 00:00:00', 0, ''),
(283, 3, 3, '', 1, 1, '2018-06-20 16:59:48', 3, '192.168.30.20', '0000-00-00 00:00:00', 0, ''),
(284, 3, 4, '', 1, 1, '2018-06-20 16:59:48', 3, '192.168.30.20', '0000-00-00 00:00:00', 0, ''),
(285, 3, 5, '', 1, 1, '2018-06-20 16:59:48', 3, '192.168.30.20', '0000-00-00 00:00:00', 0, ''),
(286, 3, 6, '', 1, 1, '2018-06-20 16:59:48', 3, '192.168.30.20', '0000-00-00 00:00:00', 0, ''),
(287, 3, 7, '', 1, 1, '2018-06-20 16:59:48', 3, '192.168.30.20', '0000-00-00 00:00:00', 0, ''),
(288, 3, 8, '', 1, 1, '2018-06-20 16:59:48', 3, '192.168.30.20', '0000-00-00 00:00:00', 0, ''),
(289, 3, 9, '', 1, 1, '2018-06-20 16:59:48', 3, '192.168.30.20', '0000-00-00 00:00:00', 0, ''),
(290, 3, 10, '', 1, 1, '2018-06-20 16:59:48', 3, '192.168.30.20', '0000-00-00 00:00:00', 0, ''),
(291, 3, 11, '', 1, 1, '2018-06-20 16:59:48', 3, '192.168.30.20', '0000-00-00 00:00:00', 0, ''),
(292, 3, 12, '', 1, 1, '2018-06-20 16:59:48', 3, '192.168.30.20', '0000-00-00 00:00:00', 0, ''),
(293, 3, 13, '', 1, 1, '2018-06-20 16:59:48', 3, '192.168.30.20', '0000-00-00 00:00:00', 0, ''),
(294, 3, 14, '', 1, 1, '2018-06-20 16:59:48', 3, '192.168.30.20', '0000-00-00 00:00:00', 0, ''),
(295, 4, 1, '', 1, 1, '2018-06-20 17:02:26', 3, '192.168.30.20', '0000-00-00 00:00:00', 0, ''),
(296, 4, 2, '', 1, 1, '2018-06-20 17:02:26', 3, '192.168.30.20', '0000-00-00 00:00:00', 0, ''),
(297, 4, 3, '', 1, 1, '2018-06-20 17:02:26', 3, '192.168.30.20', '0000-00-00 00:00:00', 0, ''),
(298, 4, 4, '', 1, 1, '2018-06-20 17:02:26', 3, '192.168.30.20', '0000-00-00 00:00:00', 0, ''),
(299, 4, 5, '', 1, 1, '2018-06-20 17:02:26', 3, '192.168.30.20', '0000-00-00 00:00:00', 0, ''),
(300, 4, 6, '', 1, 1, '2018-06-20 17:02:26', 3, '192.168.30.20', '0000-00-00 00:00:00', 0, ''),
(301, 4, 7, '', 1, 1, '2018-06-20 17:02:26', 3, '192.168.30.20', '0000-00-00 00:00:00', 0, ''),
(302, 4, 8, '', 1, 1, '2018-06-20 17:02:26', 3, '192.168.30.20', '0000-00-00 00:00:00', 0, ''),
(303, 4, 9, '', 1, 1, '2018-06-20 17:02:26', 3, '192.168.30.20', '0000-00-00 00:00:00', 0, ''),
(304, 4, 10, '', 1, 1, '2018-06-20 17:02:26', 3, '192.168.30.20', '0000-00-00 00:00:00', 0, ''),
(305, 4, 11, '', 1, 1, '2018-06-20 17:02:26', 3, '192.168.30.20', '0000-00-00 00:00:00', 0, ''),
(306, 4, 12, '', 1, 1, '2018-06-20 17:02:26', 3, '192.168.30.20', '0000-00-00 00:00:00', 0, ''),
(307, 4, 13, '', 1, 1, '2018-06-20 17:02:26', 3, '192.168.30.20', '0000-00-00 00:00:00', 0, ''),
(308, 4, 14, '', 1, 1, '2018-06-20 17:02:26', 3, '192.168.30.20', '0000-00-00 00:00:00', 0, ''),
(309, 1, 1, '10.00', 1, 1, '2018-06-25 10:15:09', 3, '192.168.30.20', '0000-00-00 00:00:00', 0, ''),
(310, 1, 2, '12.00', 1, 1, '2018-06-25 10:15:09', 3, '192.168.30.20', '0000-00-00 00:00:00', 0, ''),
(311, 1, 3, '24.00', 1, 1, '2018-06-25 10:15:09', 3, '192.168.30.20', '0000-00-00 00:00:00', 0, ''),
(312, 1, 4, '25.00', 1, 1, '2018-06-25 10:15:09', 3, '192.168.30.20', '0000-00-00 00:00:00', 0, ''),
(313, 1, 5, '28.00', 1, 1, '2018-06-25 10:15:09', 3, '192.168.30.20', '0000-00-00 00:00:00', 0, ''),
(314, 1, 6, '', 1, 1, '2018-06-25 10:15:09', 3, '192.168.30.20', '0000-00-00 00:00:00', 0, ''),
(315, 1, 7, '', 1, 1, '2018-06-25 10:15:09', 3, '192.168.30.20', '0000-00-00 00:00:00', 0, ''),
(316, 1, 8, '', 1, 1, '2018-06-25 10:15:09', 3, '192.168.30.20', '0000-00-00 00:00:00', 0, ''),
(317, 1, 9, '', 1, 1, '2018-06-25 10:15:09', 3, '192.168.30.20', '0000-00-00 00:00:00', 0, ''),
(318, 1, 10, '', 1, 1, '2018-06-25 10:15:09', 3, '192.168.30.20', '0000-00-00 00:00:00', 0, ''),
(319, 1, 11, '', 1, 1, '2018-06-25 10:15:09', 3, '192.168.30.20', '0000-00-00 00:00:00', 0, ''),
(320, 1, 12, '', 1, 1, '2018-06-25 10:15:09', 3, '192.168.30.20', '0000-00-00 00:00:00', 0, ''),
(321, 1, 13, '', 1, 1, '2018-06-25 10:15:09', 3, '192.168.30.20', '0000-00-00 00:00:00', 0, ''),
(322, 1, 14, '', 1, 1, '2018-06-25 10:15:09', 3, '192.168.30.20', '0000-00-00 00:00:00', 0, ''),
(323, 3, 1, '', 1, 1, '2018-06-25 10:15:41', 3, '192.168.30.20', '0000-00-00 00:00:00', 0, ''),
(324, 3, 2, '', 1, 1, '2018-06-25 10:15:41', 3, '192.168.30.20', '0000-00-00 00:00:00', 0, ''),
(325, 3, 3, '', 1, 1, '2018-06-25 10:15:41', 3, '192.168.30.20', '0000-00-00 00:00:00', 0, ''),
(326, 3, 4, '', 1, 1, '2018-06-25 10:15:41', 3, '192.168.30.20', '0000-00-00 00:00:00', 0, ''),
(327, 3, 5, '', 1, 1, '2018-06-25 10:15:41', 3, '192.168.30.20', '0000-00-00 00:00:00', 0, ''),
(328, 3, 6, '', 1, 1, '2018-06-25 10:15:41', 3, '192.168.30.20', '0000-00-00 00:00:00', 0, ''),
(329, 3, 7, '', 1, 1, '2018-06-25 10:15:41', 3, '192.168.30.20', '0000-00-00 00:00:00', 0, ''),
(330, 3, 8, '', 1, 1, '2018-06-25 10:15:41', 3, '192.168.30.20', '0000-00-00 00:00:00', 0, ''),
(331, 3, 9, '', 1, 1, '2018-06-25 10:15:41', 3, '192.168.30.20', '0000-00-00 00:00:00', 0, ''),
(332, 3, 10, '', 1, 1, '2018-06-25 10:15:41', 3, '192.168.30.20', '0000-00-00 00:00:00', 0, ''),
(333, 3, 11, '', 1, 1, '2018-06-25 10:15:41', 3, '192.168.30.20', '0000-00-00 00:00:00', 0, ''),
(334, 3, 12, '', 1, 1, '2018-06-25 10:15:41', 3, '192.168.30.20', '0000-00-00 00:00:00', 0, ''),
(335, 3, 13, '', 1, 1, '2018-06-25 10:15:41', 3, '192.168.30.20', '0000-00-00 00:00:00', 0, ''),
(336, 3, 14, '', 1, 1, '2018-06-25 10:15:41', 3, '192.168.30.20', '0000-00-00 00:00:00', 0, ''),
(337, 4, 1, '', 1, 1, '2018-06-25 10:16:18', 3, '192.168.30.20', '0000-00-00 00:00:00', 0, ''),
(338, 4, 2, '', 1, 1, '2018-06-25 10:16:18', 3, '192.168.30.20', '0000-00-00 00:00:00', 0, ''),
(339, 4, 3, '', 1, 1, '2018-06-25 10:16:18', 3, '192.168.30.20', '0000-00-00 00:00:00', 0, ''),
(340, 4, 4, '', 1, 1, '2018-06-25 10:16:18', 3, '192.168.30.20', '0000-00-00 00:00:00', 0, ''),
(341, 4, 5, '', 1, 1, '2018-06-25 10:16:18', 3, '192.168.30.20', '0000-00-00 00:00:00', 0, ''),
(342, 4, 6, '', 1, 1, '2018-06-25 10:16:18', 3, '192.168.30.20', '0000-00-00 00:00:00', 0, ''),
(343, 4, 7, '', 1, 1, '2018-06-25 10:16:18', 3, '192.168.30.20', '0000-00-00 00:00:00', 0, ''),
(344, 4, 8, '', 1, 1, '2018-06-25 10:16:18', 3, '192.168.30.20', '0000-00-00 00:00:00', 0, ''),
(345, 4, 9, '', 1, 1, '2018-06-25 10:16:18', 3, '192.168.30.20', '0000-00-00 00:00:00', 0, ''),
(346, 4, 10, '', 1, 1, '2018-06-25 10:16:18', 3, '192.168.30.20', '0000-00-00 00:00:00', 0, ''),
(347, 4, 11, '', 1, 1, '2018-06-25 10:16:18', 3, '192.168.30.20', '0000-00-00 00:00:00', 0, ''),
(348, 4, 12, '', 1, 1, '2018-06-25 10:16:18', 3, '192.168.30.20', '0000-00-00 00:00:00', 0, ''),
(349, 4, 13, '', 1, 1, '2018-06-25 10:16:18', 3, '192.168.30.20', '0000-00-00 00:00:00', 0, ''),
(350, 4, 14, '', 1, 1, '2018-06-25 10:16:18', 3, '192.168.30.20', '0000-00-00 00:00:00', 0, ''),
(351, 2, 1, '20', 1, 1, '2018-06-25 15:44:05', 3, '192.168.30.20', '0000-00-00 00:00:00', 0, ''),
(352, 2, 2, '', 1, 1, '2018-06-25 15:44:05', 3, '192.168.30.20', '0000-00-00 00:00:00', 0, ''),
(353, 2, 3, '', 1, 1, '2018-06-25 15:44:05', 3, '192.168.30.20', '0000-00-00 00:00:00', 0, ''),
(354, 2, 4, '', 1, 1, '2018-06-25 15:44:05', 3, '192.168.30.20', '0000-00-00 00:00:00', 0, ''),
(355, 2, 5, '', 1, 1, '2018-06-25 15:44:05', 3, '192.168.30.20', '0000-00-00 00:00:00', 0, ''),
(356, 2, 6, '', 1, 1, '2018-06-25 15:44:05', 3, '192.168.30.20', '0000-00-00 00:00:00', 0, ''),
(357, 2, 7, '', 1, 1, '2018-06-25 15:44:05', 3, '192.168.30.20', '0000-00-00 00:00:00', 0, ''),
(358, 2, 8, '', 1, 1, '2018-06-25 15:44:05', 3, '192.168.30.20', '0000-00-00 00:00:00', 0, ''),
(359, 2, 9, '', 1, 1, '2018-06-25 15:44:05', 3, '192.168.30.20', '0000-00-00 00:00:00', 0, ''),
(360, 2, 10, '', 1, 1, '2018-06-25 15:44:05', 3, '192.168.30.20', '0000-00-00 00:00:00', 0, ''),
(361, 2, 11, '', 1, 1, '2018-06-25 15:44:05', 3, '192.168.30.20', '0000-00-00 00:00:00', 0, ''),
(362, 2, 12, '', 1, 1, '2018-06-25 15:44:05', 3, '192.168.30.20', '0000-00-00 00:00:00', 0, ''),
(363, 2, 13, '', 1, 1, '2018-06-25 15:44:05', 3, '192.168.30.20', '0000-00-00 00:00:00', 0, ''),
(364, 2, 14, '', 1, 1, '2018-06-25 15:44:05', 3, '192.168.30.20', '0000-00-00 00:00:00', 0, ''),
(365, 3, 1, '', 1, 1, '2018-06-26 14:35:49', 3, '192.168.30.20', '0000-00-00 00:00:00', 0, ''),
(366, 3, 2, '', 1, 1, '2018-06-26 14:35:49', 3, '192.168.30.20', '0000-00-00 00:00:00', 0, ''),
(367, 3, 3, '', 1, 1, '2018-06-26 14:35:49', 3, '192.168.30.20', '0000-00-00 00:00:00', 0, ''),
(368, 3, 4, '', 1, 1, '2018-06-26 14:35:49', 3, '192.168.30.20', '0000-00-00 00:00:00', 0, ''),
(369, 3, 5, '', 1, 1, '2018-06-26 14:35:49', 3, '192.168.30.20', '0000-00-00 00:00:00', 0, ''),
(370, 3, 6, '', 1, 1, '2018-06-26 14:35:49', 3, '192.168.30.20', '0000-00-00 00:00:00', 0, ''),
(371, 3, 7, '', 1, 1, '2018-06-26 14:35:49', 3, '192.168.30.20', '0000-00-00 00:00:00', 0, ''),
(372, 3, 8, '', 1, 1, '2018-06-26 14:35:49', 3, '192.168.30.20', '0000-00-00 00:00:00', 0, ''),
(373, 3, 9, '', 1, 1, '2018-06-26 14:35:49', 3, '192.168.30.20', '0000-00-00 00:00:00', 0, ''),
(374, 3, 10, '', 1, 1, '2018-06-26 14:35:49', 3, '192.168.30.20', '0000-00-00 00:00:00', 0, ''),
(375, 3, 11, '', 1, 1, '2018-06-26 14:35:49', 3, '192.168.30.20', '0000-00-00 00:00:00', 0, ''),
(376, 3, 12, '', 1, 1, '2018-06-26 14:35:49', 3, '192.168.30.20', '0000-00-00 00:00:00', 0, ''),
(377, 3, 13, '', 1, 1, '2018-06-26 14:35:49', 3, '192.168.30.20', '0000-00-00 00:00:00', 0, ''),
(378, 3, 14, '', 1, 1, '2018-06-26 14:35:49', 3, '192.168.30.20', '0000-00-00 00:00:00', 0, ''),
(379, 3, 1, '30.00', 1, 1, '2018-06-26 14:38:30', 3, '192.168.30.20', '0000-00-00 00:00:00', 0, ''),
(380, 3, 2, '25.00', 1, 1, '2018-06-26 14:38:30', 3, '192.168.30.20', '0000-00-00 00:00:00', 0, ''),
(381, 3, 3, '', 1, 1, '2018-06-26 14:38:30', 3, '192.168.30.20', '0000-00-00 00:00:00', 0, ''),
(382, 3, 4, '', 1, 1, '2018-06-26 14:38:30', 3, '192.168.30.20', '0000-00-00 00:00:00', 0, ''),
(383, 3, 5, '', 1, 1, '2018-06-26 14:38:30', 3, '192.168.30.20', '0000-00-00 00:00:00', 0, ''),
(384, 3, 6, '', 1, 1, '2018-06-26 14:38:30', 3, '192.168.30.20', '0000-00-00 00:00:00', 0, ''),
(385, 3, 7, '', 1, 1, '2018-06-26 14:38:30', 3, '192.168.30.20', '0000-00-00 00:00:00', 0, ''),
(386, 3, 8, '', 1, 1, '2018-06-26 14:38:30', 3, '192.168.30.20', '0000-00-00 00:00:00', 0, ''),
(387, 3, 9, '', 1, 1, '2018-06-26 14:38:30', 3, '192.168.30.20', '0000-00-00 00:00:00', 0, ''),
(388, 3, 10, '', 1, 1, '2018-06-26 14:38:30', 3, '192.168.30.20', '0000-00-00 00:00:00', 0, ''),
(389, 3, 11, '', 1, 1, '2018-06-26 14:38:30', 3, '192.168.30.20', '0000-00-00 00:00:00', 0, ''),
(390, 3, 12, '', 1, 1, '2018-06-26 14:38:30', 3, '192.168.30.20', '0000-00-00 00:00:00', 0, ''),
(391, 3, 13, '', 1, 1, '2018-06-26 14:38:30', 3, '192.168.30.20', '0000-00-00 00:00:00', 0, ''),
(392, 3, 14, '', 1, 1, '2018-06-26 14:38:30', 3, '192.168.30.20', '0000-00-00 00:00:00', 0, ''),
(393, 3, 1, '30.00', 1, 1, '2018-06-26 14:46:46', 3, '192.168.30.20', '0000-00-00 00:00:00', 0, ''),
(394, 3, 2, '25.00', 1, 1, '2018-06-26 14:46:46', 3, '192.168.30.20', '0000-00-00 00:00:00', 0, ''),
(395, 3, 3, '', 1, 1, '2018-06-26 14:46:46', 3, '192.168.30.20', '0000-00-00 00:00:00', 0, ''),
(396, 3, 4, '', 1, 1, '2018-06-26 14:46:46', 3, '192.168.30.20', '0000-00-00 00:00:00', 0, ''),
(397, 3, 5, '', 1, 1, '2018-06-26 14:46:46', 3, '192.168.30.20', '0000-00-00 00:00:00', 0, ''),
(398, 3, 6, '', 1, 1, '2018-06-26 14:46:46', 3, '192.168.30.20', '0000-00-00 00:00:00', 0, ''),
(399, 3, 7, '', 1, 1, '2018-06-26 14:46:46', 3, '192.168.30.20', '0000-00-00 00:00:00', 0, ''),
(400, 3, 8, '', 1, 1, '2018-06-26 14:46:46', 3, '192.168.30.20', '0000-00-00 00:00:00', 0, ''),
(401, 3, 9, '', 1, 1, '2018-06-26 14:46:46', 3, '192.168.30.20', '0000-00-00 00:00:00', 0, ''),
(402, 3, 10, '', 1, 1, '2018-06-26 14:46:46', 3, '192.168.30.20', '0000-00-00 00:00:00', 0, ''),
(403, 3, 11, '', 1, 1, '2018-06-26 14:46:46', 3, '192.168.30.20', '0000-00-00 00:00:00', 0, ''),
(404, 3, 12, '', 1, 1, '2018-06-26 14:46:46', 3, '192.168.30.20', '0000-00-00 00:00:00', 0, ''),
(405, 3, 13, '', 1, 1, '2018-06-26 14:46:46', 3, '192.168.30.20', '0000-00-00 00:00:00', 0, ''),
(406, 3, 14, '', 1, 1, '2018-06-26 14:46:46', 3, '192.168.30.20', '0000-00-00 00:00:00', 0, ''),
(407, 2, 1, '20', 1, 1, '2018-06-26 14:48:38', 3, '192.168.30.20', '0000-00-00 00:00:00', 0, ''),
(408, 2, 2, '', 1, 1, '2018-06-26 14:48:38', 3, '192.168.30.20', '0000-00-00 00:00:00', 0, ''),
(409, 2, 3, '', 1, 1, '2018-06-26 14:48:38', 3, '192.168.30.20', '0000-00-00 00:00:00', 0, ''),
(410, 2, 4, '', 1, 1, '2018-06-26 14:48:38', 3, '192.168.30.20', '0000-00-00 00:00:00', 0, ''),
(411, 2, 5, '', 1, 1, '2018-06-26 14:48:38', 3, '192.168.30.20', '0000-00-00 00:00:00', 0, ''),
(412, 2, 6, '', 1, 1, '2018-06-26 14:48:38', 3, '192.168.30.20', '0000-00-00 00:00:00', 0, ''),
(413, 2, 7, '', 1, 1, '2018-06-26 14:48:38', 3, '192.168.30.20', '0000-00-00 00:00:00', 0, ''),
(414, 2, 8, '', 1, 1, '2018-06-26 14:48:38', 3, '192.168.30.20', '0000-00-00 00:00:00', 0, ''),
(415, 2, 9, '', 1, 1, '2018-06-26 14:48:38', 3, '192.168.30.20', '0000-00-00 00:00:00', 0, ''),
(416, 2, 10, '', 1, 1, '2018-06-26 14:48:38', 3, '192.168.30.20', '0000-00-00 00:00:00', 0, ''),
(417, 2, 11, '', 1, 1, '2018-06-26 14:48:38', 3, '192.168.30.20', '0000-00-00 00:00:00', 0, ''),
(418, 2, 12, '', 1, 1, '2018-06-26 14:48:38', 3, '192.168.30.20', '0000-00-00 00:00:00', 0, ''),
(419, 2, 13, '', 1, 1, '2018-06-26 14:48:38', 3, '192.168.30.20', '0000-00-00 00:00:00', 0, ''),
(420, 2, 14, '', 1, 1, '2018-06-26 14:48:38', 3, '192.168.30.20', '0000-00-00 00:00:00', 0, ''),
(421, 2, 1, '20', 1, 1, '2018-06-26 14:49:17', 3, '192.168.30.20', '0000-00-00 00:00:00', 0, ''),
(422, 2, 2, '', 1, 1, '2018-06-26 14:49:17', 3, '192.168.30.20', '0000-00-00 00:00:00', 0, ''),
(423, 2, 3, '', 1, 1, '2018-06-26 14:49:17', 3, '192.168.30.20', '0000-00-00 00:00:00', 0, ''),
(424, 2, 4, '', 1, 1, '2018-06-26 14:49:17', 3, '192.168.30.20', '0000-00-00 00:00:00', 0, ''),
(425, 2, 5, '', 1, 1, '2018-06-26 14:49:17', 3, '192.168.30.20', '0000-00-00 00:00:00', 0, ''),
(426, 2, 6, '', 1, 1, '2018-06-26 14:49:17', 3, '192.168.30.20', '0000-00-00 00:00:00', 0, ''),
(427, 2, 7, '', 1, 1, '2018-06-26 14:49:17', 3, '192.168.30.20', '0000-00-00 00:00:00', 0, ''),
(428, 2, 8, '', 1, 1, '2018-06-26 14:49:17', 3, '192.168.30.20', '0000-00-00 00:00:00', 0, ''),
(429, 2, 9, '', 1, 1, '2018-06-26 14:49:17', 3, '192.168.30.20', '0000-00-00 00:00:00', 0, ''),
(430, 2, 10, '', 1, 1, '2018-06-26 14:49:17', 3, '192.168.30.20', '0000-00-00 00:00:00', 0, ''),
(431, 2, 11, '', 1, 1, '2018-06-26 14:49:17', 3, '192.168.30.20', '0000-00-00 00:00:00', 0, ''),
(432, 2, 12, '', 1, 1, '2018-06-26 14:49:17', 3, '192.168.30.20', '0000-00-00 00:00:00', 0, ''),
(433, 2, 13, '', 1, 1, '2018-06-26 14:49:17', 3, '192.168.30.20', '0000-00-00 00:00:00', 0, ''),
(434, 2, 14, '', 1, 1, '2018-06-26 14:49:17', 3, '192.168.30.20', '0000-00-00 00:00:00', 0, ''),
(435, 1, 1, '10.00', 1, 1, '2018-06-27 10:06:50', 3, '192.168.30.20', '0000-00-00 00:00:00', 0, ''),
(436, 1, 2, '12.00', 1, 1, '2018-06-27 10:06:50', 3, '192.168.30.20', '0000-00-00 00:00:00', 0, ''),
(437, 1, 3, '24.00', 1, 1, '2018-06-27 10:06:50', 3, '192.168.30.20', '0000-00-00 00:00:00', 0, ''),
(438, 1, 4, '25.00', 1, 1, '2018-06-27 10:06:50', 3, '192.168.30.20', '0000-00-00 00:00:00', 0, ''),
(439, 1, 5, '28.00', 1, 1, '2018-06-27 10:06:50', 3, '192.168.30.20', '0000-00-00 00:00:00', 0, ''),
(440, 1, 6, '', 1, 1, '2018-06-27 10:06:50', 3, '192.168.30.20', '0000-00-00 00:00:00', 0, ''),
(441, 1, 7, '', 1, 1, '2018-06-27 10:06:50', 3, '192.168.30.20', '0000-00-00 00:00:00', 0, ''),
(442, 1, 8, '', 1, 1, '2018-06-27 10:06:50', 3, '192.168.30.20', '0000-00-00 00:00:00', 0, ''),
(443, 1, 9, '', 1, 1, '2018-06-27 10:06:50', 3, '192.168.30.20', '0000-00-00 00:00:00', 0, ''),
(444, 1, 10, '', 1, 1, '2018-06-27 10:06:50', 3, '192.168.30.20', '0000-00-00 00:00:00', 0, ''),
(445, 1, 11, '', 1, 1, '2018-06-27 10:06:50', 3, '192.168.30.20', '0000-00-00 00:00:00', 0, ''),
(446, 1, 12, '', 1, 1, '2018-06-27 10:06:50', 3, '192.168.30.20', '0000-00-00 00:00:00', 0, ''),
(447, 1, 13, '', 1, 1, '2018-06-27 10:06:50', 3, '192.168.30.20', '0000-00-00 00:00:00', 0, ''),
(448, 1, 14, '', 1, 1, '2018-06-27 10:06:50', 3, '192.168.30.20', '0000-00-00 00:00:00', 0, ''),
(449, 3, 1, '30.00', 1, 1, '2018-06-27 10:07:47', 3, '192.168.30.20', '0000-00-00 00:00:00', 0, ''),
(450, 3, 2, '25.00', 1, 1, '2018-06-27 10:07:47', 3, '192.168.30.20', '0000-00-00 00:00:00', 0, ''),
(451, 3, 3, '', 1, 1, '2018-06-27 10:07:47', 3, '192.168.30.20', '0000-00-00 00:00:00', 0, ''),
(452, 3, 4, '', 1, 1, '2018-06-27 10:07:47', 3, '192.168.30.20', '0000-00-00 00:00:00', 0, ''),
(453, 3, 5, '', 1, 1, '2018-06-27 10:07:47', 3, '192.168.30.20', '0000-00-00 00:00:00', 0, ''),
(454, 3, 6, '', 1, 1, '2018-06-27 10:07:47', 3, '192.168.30.20', '0000-00-00 00:00:00', 0, ''),
(455, 3, 7, '', 1, 1, '2018-06-27 10:07:47', 3, '192.168.30.20', '0000-00-00 00:00:00', 0, ''),
(456, 3, 8, '', 1, 1, '2018-06-27 10:07:47', 3, '192.168.30.20', '0000-00-00 00:00:00', 0, ''),
(457, 3, 9, '', 1, 1, '2018-06-27 10:07:47', 3, '192.168.30.20', '0000-00-00 00:00:00', 0, ''),
(458, 3, 10, '', 1, 1, '2018-06-27 10:07:47', 3, '192.168.30.20', '0000-00-00 00:00:00', 0, ''),
(459, 3, 11, '', 1, 1, '2018-06-27 10:07:47', 3, '192.168.30.20', '0000-00-00 00:00:00', 0, ''),
(460, 3, 12, '', 1, 1, '2018-06-27 10:07:47', 3, '192.168.30.20', '0000-00-00 00:00:00', 0, ''),
(461, 3, 13, '', 1, 1, '2018-06-27 10:07:47', 3, '192.168.30.20', '0000-00-00 00:00:00', 0, ''),
(462, 3, 14, '', 1, 1, '2018-06-27 10:07:47', 3, '192.168.30.20', '0000-00-00 00:00:00', 0, ''),
(463, 4, 1, '30.00', 1, 1, '2018-06-27 10:09:25', 3, '192.168.30.20', '0000-00-00 00:00:00', 0, ''),
(464, 4, 2, '40.00', 1, 1, '2018-06-27 10:09:25', 3, '192.168.30.20', '0000-00-00 00:00:00', 0, ''),
(465, 4, 3, '', 1, 1, '2018-06-27 10:09:25', 3, '192.168.30.20', '0000-00-00 00:00:00', 0, ''),
(466, 4, 4, '', 1, 1, '2018-06-27 10:09:25', 3, '192.168.30.20', '0000-00-00 00:00:00', 0, ''),
(467, 4, 5, '', 1, 1, '2018-06-27 10:09:25', 3, '192.168.30.20', '0000-00-00 00:00:00', 0, ''),
(468, 4, 6, '', 1, 1, '2018-06-27 10:09:25', 3, '192.168.30.20', '0000-00-00 00:00:00', 0, ''),
(469, 4, 7, '', 1, 1, '2018-06-27 10:09:25', 3, '192.168.30.20', '0000-00-00 00:00:00', 0, ''),
(470, 4, 8, '', 1, 1, '2018-06-27 10:09:25', 3, '192.168.30.20', '0000-00-00 00:00:00', 0, ''),
(471, 4, 9, '', 1, 1, '2018-06-27 10:09:25', 3, '192.168.30.20', '0000-00-00 00:00:00', 0, ''),
(472, 4, 10, '', 1, 1, '2018-06-27 10:09:25', 3, '192.168.30.20', '0000-00-00 00:00:00', 0, ''),
(473, 4, 11, '', 1, 1, '2018-06-27 10:09:25', 3, '192.168.30.20', '0000-00-00 00:00:00', 0, ''),
(474, 4, 12, '', 1, 1, '2018-06-27 10:09:25', 3, '192.168.30.20', '0000-00-00 00:00:00', 0, ''),
(475, 4, 13, '', 1, 1, '2018-06-27 10:09:25', 3, '192.168.30.20', '0000-00-00 00:00:00', 0, ''),
(476, 4, 14, '', 1, 1, '2018-06-27 10:09:25', 3, '192.168.30.20', '0000-00-00 00:00:00', 0, ''),
(477, 2, 1, '20', 1, 1, '2018-06-27 10:10:21', 3, '192.168.30.20', '0000-00-00 00:00:00', 0, ''),
(478, 2, 2, '40.00', 1, 1, '2018-06-27 10:10:21', 3, '192.168.30.20', '0000-00-00 00:00:00', 0, ''),
(479, 2, 3, '', 1, 1, '2018-06-27 10:10:21', 3, '192.168.30.20', '0000-00-00 00:00:00', 0, ''),
(480, 2, 4, '', 1, 1, '2018-06-27 10:10:21', 3, '192.168.30.20', '0000-00-00 00:00:00', 0, ''),
(481, 2, 5, '', 1, 1, '2018-06-27 10:10:21', 3, '192.168.30.20', '0000-00-00 00:00:00', 0, ''),
(482, 2, 6, '', 1, 1, '2018-06-27 10:10:21', 3, '192.168.30.20', '0000-00-00 00:00:00', 0, ''),
(483, 2, 7, '', 1, 1, '2018-06-27 10:10:21', 3, '192.168.30.20', '0000-00-00 00:00:00', 0, ''),
(484, 2, 8, '', 1, 1, '2018-06-27 10:10:21', 3, '192.168.30.20', '0000-00-00 00:00:00', 0, ''),
(485, 2, 9, '', 1, 1, '2018-06-27 10:10:21', 3, '192.168.30.20', '0000-00-00 00:00:00', 0, ''),
(486, 2, 10, '', 1, 1, '2018-06-27 10:10:21', 3, '192.168.30.20', '0000-00-00 00:00:00', 0, ''),
(487, 2, 11, '', 1, 1, '2018-06-27 10:10:21', 3, '192.168.30.20', '0000-00-00 00:00:00', 0, ''),
(488, 2, 12, '', 1, 1, '2018-06-27 10:10:21', 3, '192.168.30.20', '0000-00-00 00:00:00', 0, ''),
(489, 2, 13, '', 1, 1, '2018-06-27 10:10:21', 3, '192.168.30.20', '0000-00-00 00:00:00', 0, ''),
(490, 2, 14, '', 1, 1, '2018-06-27 10:10:21', 3, '192.168.30.20', '0000-00-00 00:00:00', 0, ''),
(491, 1, 1, '10.00', 1, 1, '2018-06-27 10:17:49', 3, '192.168.30.20', '0000-00-00 00:00:00', 0, ''),
(492, 1, 2, '12.00', 1, 1, '2018-06-27 10:17:49', 3, '192.168.30.20', '0000-00-00 00:00:00', 0, ''),
(493, 1, 3, '24.00', 1, 1, '2018-06-27 10:17:49', 3, '192.168.30.20', '0000-00-00 00:00:00', 0, ''),
(494, 1, 4, '25.00', 1, 1, '2018-06-27 10:17:49', 3, '192.168.30.20', '0000-00-00 00:00:00', 0, ''),
(495, 1, 5, '28.00', 1, 1, '2018-06-27 10:17:49', 3, '192.168.30.20', '0000-00-00 00:00:00', 0, ''),
(496, 1, 6, '', 1, 1, '2018-06-27 10:17:49', 3, '192.168.30.20', '0000-00-00 00:00:00', 0, ''),
(497, 1, 7, '', 1, 1, '2018-06-27 10:17:49', 3, '192.168.30.20', '0000-00-00 00:00:00', 0, ''),
(498, 1, 8, '', 1, 1, '2018-06-27 10:17:49', 3, '192.168.30.20', '0000-00-00 00:00:00', 0, ''),
(499, 1, 9, '', 1, 1, '2018-06-27 10:17:49', 3, '192.168.30.20', '0000-00-00 00:00:00', 0, ''),
(500, 1, 10, '', 1, 1, '2018-06-27 10:17:49', 3, '192.168.30.20', '0000-00-00 00:00:00', 0, ''),
(501, 1, 11, '', 1, 1, '2018-06-27 10:17:49', 3, '192.168.30.20', '0000-00-00 00:00:00', 0, ''),
(502, 1, 12, '', 1, 1, '2018-06-27 10:17:49', 3, '192.168.30.20', '0000-00-00 00:00:00', 0, ''),
(503, 1, 13, '', 1, 1, '2018-06-27 10:17:49', 3, '192.168.30.20', '0000-00-00 00:00:00', 0, ''),
(504, 1, 14, '', 1, 1, '2018-06-27 10:17:49', 3, '192.168.30.20', '0000-00-00 00:00:00', 0, ''),
(505, 1, 1, '10.00', 1, 1, '2018-06-27 10:50:37', 3, '192.168.30.20', '0000-00-00 00:00:00', 0, ''),
(506, 1, 2, '12.00', 1, 1, '2018-06-27 10:50:37', 3, '192.168.30.20', '0000-00-00 00:00:00', 0, ''),
(507, 1, 3, '24.00', 1, 1, '2018-06-27 10:50:37', 3, '192.168.30.20', '0000-00-00 00:00:00', 0, ''),
(508, 1, 4, '25.00', 1, 1, '2018-06-27 10:50:37', 3, '192.168.30.20', '0000-00-00 00:00:00', 0, ''),
(509, 1, 5, '28.00', 1, 1, '2018-06-27 10:50:37', 3, '192.168.30.20', '0000-00-00 00:00:00', 0, ''),
(510, 1, 6, '', 1, 1, '2018-06-27 10:50:37', 3, '192.168.30.20', '0000-00-00 00:00:00', 0, ''),
(511, 1, 7, '', 1, 1, '2018-06-27 10:50:37', 3, '192.168.30.20', '0000-00-00 00:00:00', 0, ''),
(512, 1, 8, '', 1, 1, '2018-06-27 10:50:37', 3, '192.168.30.20', '0000-00-00 00:00:00', 0, ''),
(513, 1, 9, '', 1, 1, '2018-06-27 10:50:37', 3, '192.168.30.20', '0000-00-00 00:00:00', 0, ''),
(514, 1, 10, '', 1, 1, '2018-06-27 10:50:37', 3, '192.168.30.20', '0000-00-00 00:00:00', 0, ''),
(515, 1, 11, '', 1, 1, '2018-06-27 10:50:37', 3, '192.168.30.20', '0000-00-00 00:00:00', 0, ''),
(516, 1, 12, '', 1, 1, '2018-06-27 10:50:37', 3, '192.168.30.20', '0000-00-00 00:00:00', 0, ''),
(517, 1, 13, '', 1, 1, '2018-06-27 10:50:37', 3, '192.168.30.20', '0000-00-00 00:00:00', 0, ''),
(518, 1, 14, '', 1, 1, '2018-06-27 10:50:37', 3, '192.168.30.20', '0000-00-00 00:00:00', 0, ''),
(519, 1, 1, '10.00', 1, 1, '2018-06-27 11:00:33', 3, '192.168.30.20', '0000-00-00 00:00:00', 0, ''),
(520, 1, 2, '12.00', 1, 1, '2018-06-27 11:00:33', 3, '192.168.30.20', '0000-00-00 00:00:00', 0, ''),
(521, 1, 3, '24.00', 1, 1, '2018-06-27 11:00:33', 3, '192.168.30.20', '0000-00-00 00:00:00', 0, ''),
(522, 1, 4, '25.00', 1, 1, '2018-06-27 11:00:33', 3, '192.168.30.20', '0000-00-00 00:00:00', 0, ''),
(523, 1, 5, '28.00', 1, 1, '2018-06-27 11:00:33', 3, '192.168.30.20', '0000-00-00 00:00:00', 0, ''),
(524, 1, 6, '', 1, 1, '2018-06-27 11:00:33', 3, '192.168.30.20', '0000-00-00 00:00:00', 0, ''),
(525, 1, 7, '', 1, 1, '2018-06-27 11:00:33', 3, '192.168.30.20', '0000-00-00 00:00:00', 0, '');
INSERT INTO `ft_broker_payout_fixed_rates` (`id`, `broker_id`, `category_id`, `category_rates`, `status`, `is_delete`, `created_time`, `created_by`, `created_ip`, `modified_time`, `modified_by`, `modified_ip`) VALUES
(526, 1, 8, '', 1, 1, '2018-06-27 11:00:33', 3, '192.168.30.20', '0000-00-00 00:00:00', 0, ''),
(527, 1, 9, '', 1, 1, '2018-06-27 11:00:33', 3, '192.168.30.20', '0000-00-00 00:00:00', 0, ''),
(528, 1, 10, '', 1, 1, '2018-06-27 11:00:33', 3, '192.168.30.20', '0000-00-00 00:00:00', 0, ''),
(529, 1, 11, '', 1, 1, '2018-06-27 11:00:33', 3, '192.168.30.20', '0000-00-00 00:00:00', 0, ''),
(530, 1, 12, '', 1, 1, '2018-06-27 11:00:33', 3, '192.168.30.20', '0000-00-00 00:00:00', 0, ''),
(531, 1, 13, '', 1, 1, '2018-06-27 11:00:33', 3, '192.168.30.20', '0000-00-00 00:00:00', 0, ''),
(532, 1, 14, '', 1, 1, '2018-06-27 11:00:33', 3, '192.168.30.20', '0000-00-00 00:00:00', 0, ''),
(533, 1, 1, '10.00', 1, 1, '2018-06-27 11:07:15', 3, '192.168.30.20', '0000-00-00 00:00:00', 0, ''),
(534, 1, 2, '12.00', 1, 1, '2018-06-27 11:07:15', 3, '192.168.30.20', '0000-00-00 00:00:00', 0, ''),
(535, 1, 3, '24.00', 1, 1, '2018-06-27 11:07:15', 3, '192.168.30.20', '0000-00-00 00:00:00', 0, ''),
(536, 1, 4, '25.00', 1, 1, '2018-06-27 11:07:15', 3, '192.168.30.20', '0000-00-00 00:00:00', 0, ''),
(537, 1, 5, '28.00', 1, 1, '2018-06-27 11:07:15', 3, '192.168.30.20', '0000-00-00 00:00:00', 0, ''),
(538, 1, 6, '', 1, 1, '2018-06-27 11:07:15', 3, '192.168.30.20', '0000-00-00 00:00:00', 0, ''),
(539, 1, 7, '', 1, 1, '2018-06-27 11:07:15', 3, '192.168.30.20', '0000-00-00 00:00:00', 0, ''),
(540, 1, 8, '', 1, 1, '2018-06-27 11:07:15', 3, '192.168.30.20', '0000-00-00 00:00:00', 0, ''),
(541, 1, 9, '', 1, 1, '2018-06-27 11:07:15', 3, '192.168.30.20', '0000-00-00 00:00:00', 0, ''),
(542, 1, 10, '', 1, 1, '2018-06-27 11:07:15', 3, '192.168.30.20', '0000-00-00 00:00:00', 0, ''),
(543, 1, 11, '', 1, 1, '2018-06-27 11:07:15', 3, '192.168.30.20', '0000-00-00 00:00:00', 0, ''),
(544, 1, 12, '', 1, 1, '2018-06-27 11:07:15', 3, '192.168.30.20', '0000-00-00 00:00:00', 0, ''),
(545, 1, 13, '', 1, 1, '2018-06-27 11:07:15', 3, '192.168.30.20', '0000-00-00 00:00:00', 0, ''),
(546, 1, 14, '', 1, 1, '2018-06-27 11:07:15', 3, '192.168.30.20', '0000-00-00 00:00:00', 0, ''),
(547, 3, 1, '30.00', 1, 1, '2018-06-27 11:07:55', 3, '192.168.30.20', '0000-00-00 00:00:00', 0, ''),
(548, 3, 2, '25.00', 1, 1, '2018-06-27 11:07:55', 3, '192.168.30.20', '0000-00-00 00:00:00', 0, ''),
(549, 3, 3, '', 1, 1, '2018-06-27 11:07:55', 3, '192.168.30.20', '0000-00-00 00:00:00', 0, ''),
(550, 3, 4, '', 1, 1, '2018-06-27 11:07:55', 3, '192.168.30.20', '0000-00-00 00:00:00', 0, ''),
(551, 3, 5, '', 1, 1, '2018-06-27 11:07:55', 3, '192.168.30.20', '0000-00-00 00:00:00', 0, ''),
(552, 3, 6, '', 1, 1, '2018-06-27 11:07:55', 3, '192.168.30.20', '0000-00-00 00:00:00', 0, ''),
(553, 3, 7, '', 1, 1, '2018-06-27 11:07:55', 3, '192.168.30.20', '0000-00-00 00:00:00', 0, ''),
(554, 3, 8, '', 1, 1, '2018-06-27 11:07:55', 3, '192.168.30.20', '0000-00-00 00:00:00', 0, ''),
(555, 3, 9, '', 1, 1, '2018-06-27 11:07:55', 3, '192.168.30.20', '0000-00-00 00:00:00', 0, ''),
(556, 3, 10, '', 1, 1, '2018-06-27 11:07:55', 3, '192.168.30.20', '0000-00-00 00:00:00', 0, ''),
(557, 3, 11, '', 1, 1, '2018-06-27 11:07:55', 3, '192.168.30.20', '0000-00-00 00:00:00', 0, ''),
(558, 3, 12, '', 1, 1, '2018-06-27 11:07:55', 3, '192.168.30.20', '0000-00-00 00:00:00', 0, ''),
(559, 3, 13, '', 1, 1, '2018-06-27 11:07:55', 3, '192.168.30.20', '0000-00-00 00:00:00', 0, ''),
(560, 3, 14, '', 1, 1, '2018-06-27 11:07:55', 3, '192.168.30.20', '0000-00-00 00:00:00', 0, ''),
(561, 4, 1, '30.00', 1, 1, '2018-06-27 11:08:34', 3, '192.168.30.20', '0000-00-00 00:00:00', 0, ''),
(562, 4, 2, '40.00', 1, 1, '2018-06-27 11:08:34', 3, '192.168.30.20', '0000-00-00 00:00:00', 0, ''),
(563, 4, 3, '', 1, 1, '2018-06-27 11:08:34', 3, '192.168.30.20', '0000-00-00 00:00:00', 0, ''),
(564, 4, 4, '', 1, 1, '2018-06-27 11:08:34', 3, '192.168.30.20', '0000-00-00 00:00:00', 0, ''),
(565, 4, 5, '', 1, 1, '2018-06-27 11:08:34', 3, '192.168.30.20', '0000-00-00 00:00:00', 0, ''),
(566, 4, 6, '', 1, 1, '2018-06-27 11:08:34', 3, '192.168.30.20', '0000-00-00 00:00:00', 0, ''),
(567, 4, 7, '', 1, 1, '2018-06-27 11:08:34', 3, '192.168.30.20', '0000-00-00 00:00:00', 0, ''),
(568, 4, 8, '', 1, 1, '2018-06-27 11:08:34', 3, '192.168.30.20', '0000-00-00 00:00:00', 0, ''),
(569, 4, 9, '', 1, 1, '2018-06-27 11:08:34', 3, '192.168.30.20', '0000-00-00 00:00:00', 0, ''),
(570, 4, 10, '', 1, 1, '2018-06-27 11:08:34', 3, '192.168.30.20', '0000-00-00 00:00:00', 0, ''),
(571, 4, 11, '', 1, 1, '2018-06-27 11:08:34', 3, '192.168.30.20', '0000-00-00 00:00:00', 0, ''),
(572, 4, 12, '', 1, 1, '2018-06-27 11:08:34', 3, '192.168.30.20', '0000-00-00 00:00:00', 0, ''),
(573, 4, 13, '', 1, 1, '2018-06-27 11:08:34', 3, '192.168.30.20', '0000-00-00 00:00:00', 0, ''),
(574, 4, 14, '', 1, 1, '2018-06-27 11:08:34', 3, '192.168.30.20', '0000-00-00 00:00:00', 0, ''),
(575, 3, 1, '30.00', 1, 1, '2018-06-27 17:53:11', 3, '192.168.30.17', '0000-00-00 00:00:00', 0, ''),
(576, 3, 2, '25.00', 1, 1, '2018-06-27 17:53:11', 3, '192.168.30.17', '0000-00-00 00:00:00', 0, ''),
(577, 3, 3, '', 1, 1, '2018-06-27 17:53:11', 3, '192.168.30.17', '0000-00-00 00:00:00', 0, ''),
(578, 3, 4, '', 1, 1, '2018-06-27 17:53:11', 3, '192.168.30.17', '0000-00-00 00:00:00', 0, ''),
(579, 3, 5, '', 1, 1, '2018-06-27 17:53:11', 3, '192.168.30.17', '0000-00-00 00:00:00', 0, ''),
(580, 3, 6, '', 1, 1, '2018-06-27 17:53:11', 3, '192.168.30.17', '0000-00-00 00:00:00', 0, ''),
(581, 3, 7, '', 1, 1, '2018-06-27 17:53:11', 3, '192.168.30.17', '0000-00-00 00:00:00', 0, ''),
(582, 3, 8, '', 1, 1, '2018-06-27 17:53:11', 3, '192.168.30.17', '0000-00-00 00:00:00', 0, ''),
(583, 3, 9, '', 1, 1, '2018-06-27 17:53:11', 3, '192.168.30.17', '0000-00-00 00:00:00', 0, ''),
(584, 3, 10, '', 1, 1, '2018-06-27 17:53:11', 3, '192.168.30.17', '0000-00-00 00:00:00', 0, ''),
(585, 3, 11, '', 1, 1, '2018-06-27 17:53:11', 3, '192.168.30.17', '0000-00-00 00:00:00', 0, ''),
(586, 3, 12, '', 1, 1, '2018-06-27 17:53:11', 3, '192.168.30.17', '0000-00-00 00:00:00', 0, ''),
(587, 3, 13, '', 1, 1, '2018-06-27 17:53:11', 3, '192.168.30.17', '0000-00-00 00:00:00', 0, ''),
(588, 3, 14, '', 1, 1, '2018-06-27 17:53:11', 3, '192.168.30.17', '0000-00-00 00:00:00', 0, ''),
(589, 3, 1, '30.00', 1, 1, '2018-06-27 17:53:28', 3, '192.168.30.17', '0000-00-00 00:00:00', 0, ''),
(590, 3, 2, '25.00', 1, 1, '2018-06-27 17:53:28', 3, '192.168.30.17', '0000-00-00 00:00:00', 0, ''),
(591, 3, 3, '', 1, 1, '2018-06-27 17:53:28', 3, '192.168.30.17', '0000-00-00 00:00:00', 0, ''),
(592, 3, 4, '', 1, 1, '2018-06-27 17:53:28', 3, '192.168.30.17', '0000-00-00 00:00:00', 0, ''),
(593, 3, 5, '', 1, 1, '2018-06-27 17:53:28', 3, '192.168.30.17', '0000-00-00 00:00:00', 0, ''),
(594, 3, 6, '', 1, 1, '2018-06-27 17:53:28', 3, '192.168.30.17', '0000-00-00 00:00:00', 0, ''),
(595, 3, 7, '', 1, 1, '2018-06-27 17:53:28', 3, '192.168.30.17', '0000-00-00 00:00:00', 0, ''),
(596, 3, 8, '', 1, 1, '2018-06-27 17:53:28', 3, '192.168.30.17', '0000-00-00 00:00:00', 0, ''),
(597, 3, 9, '', 1, 1, '2018-06-27 17:53:28', 3, '192.168.30.17', '0000-00-00 00:00:00', 0, ''),
(598, 3, 10, '', 1, 1, '2018-06-27 17:53:28', 3, '192.168.30.17', '0000-00-00 00:00:00', 0, ''),
(599, 3, 11, '', 1, 1, '2018-06-27 17:53:28', 3, '192.168.30.17', '0000-00-00 00:00:00', 0, ''),
(600, 3, 12, '', 1, 1, '2018-06-27 17:53:28', 3, '192.168.30.17', '0000-00-00 00:00:00', 0, ''),
(601, 3, 13, '', 1, 1, '2018-06-27 17:53:28', 3, '192.168.30.17', '0000-00-00 00:00:00', 0, ''),
(602, 3, 14, '', 1, 1, '2018-06-27 17:53:28', 3, '192.168.30.17', '0000-00-00 00:00:00', 0, ''),
(603, 1, 1, '10.00', 1, 1, '2018-06-28 16:17:49', 3, '192.168.30.20', '0000-00-00 00:00:00', 0, ''),
(604, 1, 2, '12.00', 1, 1, '2018-06-28 16:17:49', 3, '192.168.30.20', '0000-00-00 00:00:00', 0, ''),
(605, 1, 3, '24.00', 1, 1, '2018-06-28 16:17:49', 3, '192.168.30.20', '0000-00-00 00:00:00', 0, ''),
(606, 1, 4, '25.00', 1, 1, '2018-06-28 16:17:49', 3, '192.168.30.20', '0000-00-00 00:00:00', 0, ''),
(607, 1, 5, '28.00', 1, 1, '2018-06-28 16:17:49', 3, '192.168.30.20', '0000-00-00 00:00:00', 0, ''),
(608, 1, 6, '', 1, 1, '2018-06-28 16:17:49', 3, '192.168.30.20', '0000-00-00 00:00:00', 0, ''),
(609, 1, 7, '', 1, 1, '2018-06-28 16:17:49', 3, '192.168.30.20', '0000-00-00 00:00:00', 0, ''),
(610, 1, 8, '', 1, 1, '2018-06-28 16:17:49', 3, '192.168.30.20', '0000-00-00 00:00:00', 0, ''),
(611, 1, 9, '', 1, 1, '2018-06-28 16:17:49', 3, '192.168.30.20', '0000-00-00 00:00:00', 0, ''),
(612, 1, 10, '', 1, 1, '2018-06-28 16:17:49', 3, '192.168.30.20', '0000-00-00 00:00:00', 0, ''),
(613, 1, 11, '', 1, 1, '2018-06-28 16:17:49', 3, '192.168.30.20', '0000-00-00 00:00:00', 0, ''),
(614, 1, 12, '', 1, 1, '2018-06-28 16:17:49', 3, '192.168.30.20', '0000-00-00 00:00:00', 0, ''),
(615, 1, 13, '', 1, 1, '2018-06-28 16:17:49', 3, '192.168.30.20', '0000-00-00 00:00:00', 0, ''),
(616, 1, 14, '', 1, 1, '2018-06-28 16:17:49', 3, '192.168.30.20', '0000-00-00 00:00:00', 0, ''),
(617, 2, 1, '20', 1, 1, '2018-06-28 16:59:08', 3, '192.168.30.20', '0000-00-00 00:00:00', 0, ''),
(618, 2, 2, '40.00', 1, 1, '2018-06-28 16:59:08', 3, '192.168.30.20', '0000-00-00 00:00:00', 0, ''),
(619, 2, 3, '', 1, 1, '2018-06-28 16:59:08', 3, '192.168.30.20', '0000-00-00 00:00:00', 0, ''),
(620, 2, 4, '', 1, 1, '2018-06-28 16:59:08', 3, '192.168.30.20', '0000-00-00 00:00:00', 0, ''),
(621, 2, 5, '', 1, 1, '2018-06-28 16:59:08', 3, '192.168.30.20', '0000-00-00 00:00:00', 0, ''),
(622, 2, 6, '', 1, 1, '2018-06-28 16:59:08', 3, '192.168.30.20', '0000-00-00 00:00:00', 0, ''),
(623, 2, 7, '', 1, 1, '2018-06-28 16:59:08', 3, '192.168.30.20', '0000-00-00 00:00:00', 0, ''),
(624, 2, 8, '', 1, 1, '2018-06-28 16:59:08', 3, '192.168.30.20', '0000-00-00 00:00:00', 0, ''),
(625, 2, 9, '', 1, 1, '2018-06-28 16:59:08', 3, '192.168.30.20', '0000-00-00 00:00:00', 0, ''),
(626, 2, 10, '', 1, 1, '2018-06-28 16:59:08', 3, '192.168.30.20', '0000-00-00 00:00:00', 0, ''),
(627, 2, 11, '', 1, 1, '2018-06-28 16:59:08', 3, '192.168.30.20', '0000-00-00 00:00:00', 0, ''),
(628, 2, 12, '', 1, 1, '2018-06-28 16:59:08', 3, '192.168.30.20', '0000-00-00 00:00:00', 0, ''),
(629, 2, 13, '', 1, 1, '2018-06-28 16:59:08', 3, '192.168.30.20', '0000-00-00 00:00:00', 0, ''),
(630, 2, 14, '', 1, 1, '2018-06-28 16:59:08', 3, '192.168.30.20', '0000-00-00 00:00:00', 0, ''),
(631, 4, 1, '30.00', 1, 1, '2018-06-28 17:03:59', 3, '192.168.30.20', '0000-00-00 00:00:00', 0, ''),
(632, 4, 2, '40.00', 1, 1, '2018-06-28 17:03:59', 3, '192.168.30.20', '0000-00-00 00:00:00', 0, ''),
(633, 4, 3, '', 1, 1, '2018-06-28 17:03:59', 3, '192.168.30.20', '0000-00-00 00:00:00', 0, ''),
(634, 4, 4, '', 1, 1, '2018-06-28 17:03:59', 3, '192.168.30.20', '0000-00-00 00:00:00', 0, ''),
(635, 4, 5, '', 1, 1, '2018-06-28 17:03:59', 3, '192.168.30.20', '0000-00-00 00:00:00', 0, ''),
(636, 4, 6, '', 1, 1, '2018-06-28 17:03:59', 3, '192.168.30.20', '0000-00-00 00:00:00', 0, ''),
(637, 4, 7, '', 1, 1, '2018-06-28 17:03:59', 3, '192.168.30.20', '0000-00-00 00:00:00', 0, ''),
(638, 4, 8, '', 1, 1, '2018-06-28 17:03:59', 3, '192.168.30.20', '0000-00-00 00:00:00', 0, ''),
(639, 4, 9, '', 1, 1, '2018-06-28 17:03:59', 3, '192.168.30.20', '0000-00-00 00:00:00', 0, ''),
(640, 4, 10, '', 1, 1, '2018-06-28 17:03:59', 3, '192.168.30.20', '0000-00-00 00:00:00', 0, ''),
(641, 4, 11, '', 1, 1, '2018-06-28 17:03:59', 3, '192.168.30.20', '0000-00-00 00:00:00', 0, ''),
(642, 4, 12, '', 1, 1, '2018-06-28 17:03:59', 3, '192.168.30.20', '0000-00-00 00:00:00', 0, ''),
(643, 4, 13, '', 1, 1, '2018-06-28 17:03:59', 3, '192.168.30.20', '0000-00-00 00:00:00', 0, ''),
(644, 4, 14, '', 1, 1, '2018-06-28 17:03:59', 3, '192.168.30.20', '0000-00-00 00:00:00', 0, ''),
(645, 4, 1, '30.00', 1, 1, '2018-06-28 17:04:42', 3, '192.168.30.20', '0000-00-00 00:00:00', 0, ''),
(646, 4, 2, '40.00', 1, 1, '2018-06-28 17:04:42', 3, '192.168.30.20', '0000-00-00 00:00:00', 0, ''),
(647, 4, 3, '', 1, 1, '2018-06-28 17:04:42', 3, '192.168.30.20', '0000-00-00 00:00:00', 0, ''),
(648, 4, 4, '', 1, 1, '2018-06-28 17:04:42', 3, '192.168.30.20', '0000-00-00 00:00:00', 0, ''),
(649, 4, 5, '', 1, 1, '2018-06-28 17:04:42', 3, '192.168.30.20', '0000-00-00 00:00:00', 0, ''),
(650, 4, 6, '', 1, 1, '2018-06-28 17:04:42', 3, '192.168.30.20', '0000-00-00 00:00:00', 0, ''),
(651, 4, 7, '', 1, 1, '2018-06-28 17:04:42', 3, '192.168.30.20', '0000-00-00 00:00:00', 0, ''),
(652, 4, 8, '', 1, 1, '2018-06-28 17:04:42', 3, '192.168.30.20', '0000-00-00 00:00:00', 0, ''),
(653, 4, 9, '', 1, 1, '2018-06-28 17:04:42', 3, '192.168.30.20', '0000-00-00 00:00:00', 0, ''),
(654, 4, 10, '', 1, 1, '2018-06-28 17:04:42', 3, '192.168.30.20', '0000-00-00 00:00:00', 0, ''),
(655, 4, 11, '', 1, 1, '2018-06-28 17:04:42', 3, '192.168.30.20', '0000-00-00 00:00:00', 0, ''),
(656, 4, 12, '', 1, 1, '2018-06-28 17:04:42', 3, '192.168.30.20', '0000-00-00 00:00:00', 0, ''),
(657, 4, 13, '', 1, 1, '2018-06-28 17:04:42', 3, '192.168.30.20', '0000-00-00 00:00:00', 0, ''),
(658, 4, 14, '', 1, 1, '2018-06-28 17:04:42', 3, '192.168.30.20', '0000-00-00 00:00:00', 0, ''),
(659, 4, 1, '30.00', 1, 1, '2018-06-28 17:06:02', 3, '192.168.30.20', '0000-00-00 00:00:00', 0, ''),
(660, 4, 2, '40.00', 1, 1, '2018-06-28 17:06:02', 3, '192.168.30.20', '0000-00-00 00:00:00', 0, ''),
(661, 4, 3, '', 1, 1, '2018-06-28 17:06:02', 3, '192.168.30.20', '0000-00-00 00:00:00', 0, ''),
(662, 4, 4, '', 1, 1, '2018-06-28 17:06:02', 3, '192.168.30.20', '0000-00-00 00:00:00', 0, ''),
(663, 4, 5, '', 1, 1, '2018-06-28 17:06:02', 3, '192.168.30.20', '0000-00-00 00:00:00', 0, ''),
(664, 4, 6, '', 1, 1, '2018-06-28 17:06:02', 3, '192.168.30.20', '0000-00-00 00:00:00', 0, ''),
(665, 4, 7, '', 1, 1, '2018-06-28 17:06:02', 3, '192.168.30.20', '0000-00-00 00:00:00', 0, ''),
(666, 4, 8, '', 1, 1, '2018-06-28 17:06:02', 3, '192.168.30.20', '0000-00-00 00:00:00', 0, ''),
(667, 4, 9, '', 1, 1, '2018-06-28 17:06:02', 3, '192.168.30.20', '0000-00-00 00:00:00', 0, ''),
(668, 4, 10, '', 1, 1, '2018-06-28 17:06:02', 3, '192.168.30.20', '0000-00-00 00:00:00', 0, ''),
(669, 4, 11, '', 1, 1, '2018-06-28 17:06:02', 3, '192.168.30.20', '0000-00-00 00:00:00', 0, ''),
(670, 4, 12, '', 1, 1, '2018-06-28 17:06:02', 3, '192.168.30.20', '0000-00-00 00:00:00', 0, ''),
(671, 4, 13, '', 1, 1, '2018-06-28 17:06:02', 3, '192.168.30.20', '0000-00-00 00:00:00', 0, ''),
(672, 4, 14, '', 1, 1, '2018-06-28 17:06:02', 3, '192.168.30.20', '0000-00-00 00:00:00', 0, ''),
(673, 1, 1, '10.00', 1, 1, '2018-06-28 17:25:52', 3, '192.168.30.20', '0000-00-00 00:00:00', 0, ''),
(674, 1, 2, '12.00', 1, 1, '2018-06-28 17:25:52', 3, '192.168.30.20', '0000-00-00 00:00:00', 0, ''),
(675, 1, 3, '24.00', 1, 1, '2018-06-28 17:25:52', 3, '192.168.30.20', '0000-00-00 00:00:00', 0, ''),
(676, 1, 4, '25.00', 1, 1, '2018-06-28 17:25:52', 3, '192.168.30.20', '0000-00-00 00:00:00', 0, ''),
(677, 1, 5, '28.00', 1, 1, '2018-06-28 17:25:52', 3, '192.168.30.20', '0000-00-00 00:00:00', 0, ''),
(678, 1, 6, '', 1, 1, '2018-06-28 17:25:52', 3, '192.168.30.20', '0000-00-00 00:00:00', 0, ''),
(679, 1, 7, '', 1, 1, '2018-06-28 17:25:52', 3, '192.168.30.20', '0000-00-00 00:00:00', 0, ''),
(680, 1, 8, '', 1, 1, '2018-06-28 17:25:52', 3, '192.168.30.20', '0000-00-00 00:00:00', 0, ''),
(681, 1, 9, '', 1, 1, '2018-06-28 17:25:52', 3, '192.168.30.20', '0000-00-00 00:00:00', 0, ''),
(682, 1, 10, '', 1, 1, '2018-06-28 17:25:52', 3, '192.168.30.20', '0000-00-00 00:00:00', 0, ''),
(683, 1, 11, '', 1, 1, '2018-06-28 17:25:52', 3, '192.168.30.20', '0000-00-00 00:00:00', 0, ''),
(684, 1, 12, '', 1, 1, '2018-06-28 17:25:52', 3, '192.168.30.20', '0000-00-00 00:00:00', 0, ''),
(685, 1, 13, '', 1, 1, '2018-06-28 17:25:52', 3, '192.168.30.20', '0000-00-00 00:00:00', 0, ''),
(686, 1, 14, '', 1, 1, '2018-06-28 17:25:52', 3, '192.168.30.20', '0000-00-00 00:00:00', 0, ''),
(687, 4, 1, '30.00', 1, 1, '2018-06-28 17:26:44', 3, '192.168.30.20', '0000-00-00 00:00:00', 0, ''),
(688, 4, 2, '40.00', 1, 1, '2018-06-28 17:26:44', 3, '192.168.30.20', '0000-00-00 00:00:00', 0, ''),
(689, 4, 3, '', 1, 1, '2018-06-28 17:26:44', 3, '192.168.30.20', '0000-00-00 00:00:00', 0, ''),
(690, 4, 4, '', 1, 1, '2018-06-28 17:26:44', 3, '192.168.30.20', '0000-00-00 00:00:00', 0, ''),
(691, 4, 5, '', 1, 1, '2018-06-28 17:26:44', 3, '192.168.30.20', '0000-00-00 00:00:00', 0, ''),
(692, 4, 6, '', 1, 1, '2018-06-28 17:26:44', 3, '192.168.30.20', '0000-00-00 00:00:00', 0, ''),
(693, 4, 7, '', 1, 1, '2018-06-28 17:26:44', 3, '192.168.30.20', '0000-00-00 00:00:00', 0, ''),
(694, 4, 8, '', 1, 1, '2018-06-28 17:26:44', 3, '192.168.30.20', '0000-00-00 00:00:00', 0, ''),
(695, 4, 9, '', 1, 1, '2018-06-28 17:26:44', 3, '192.168.30.20', '0000-00-00 00:00:00', 0, ''),
(696, 4, 10, '', 1, 1, '2018-06-28 17:26:44', 3, '192.168.30.20', '0000-00-00 00:00:00', 0, ''),
(697, 4, 11, '', 1, 1, '2018-06-28 17:26:44', 3, '192.168.30.20', '0000-00-00 00:00:00', 0, ''),
(698, 4, 12, '', 1, 1, '2018-06-28 17:26:44', 3, '192.168.30.20', '0000-00-00 00:00:00', 0, ''),
(699, 4, 13, '', 1, 1, '2018-06-28 17:26:44', 3, '192.168.30.20', '0000-00-00 00:00:00', 0, ''),
(700, 4, 14, '', 1, 1, '2018-06-28 17:26:44', 3, '192.168.30.20', '0000-00-00 00:00:00', 0, ''),
(701, 4, 1, '30.00', 1, 1, '2018-06-28 17:27:18', 3, '192.168.30.20', '0000-00-00 00:00:00', 0, ''),
(702, 4, 2, '40.00', 1, 1, '2018-06-28 17:27:18', 3, '192.168.30.20', '0000-00-00 00:00:00', 0, ''),
(703, 4, 3, '', 1, 1, '2018-06-28 17:27:18', 3, '192.168.30.20', '0000-00-00 00:00:00', 0, ''),
(704, 4, 4, '', 1, 1, '2018-06-28 17:27:18', 3, '192.168.30.20', '0000-00-00 00:00:00', 0, ''),
(705, 4, 5, '', 1, 1, '2018-06-28 17:27:18', 3, '192.168.30.20', '0000-00-00 00:00:00', 0, ''),
(706, 4, 6, '', 1, 1, '2018-06-28 17:27:18', 3, '192.168.30.20', '0000-00-00 00:00:00', 0, ''),
(707, 4, 7, '', 1, 1, '2018-06-28 17:27:18', 3, '192.168.30.20', '0000-00-00 00:00:00', 0, ''),
(708, 4, 8, '', 1, 1, '2018-06-28 17:27:18', 3, '192.168.30.20', '0000-00-00 00:00:00', 0, ''),
(709, 4, 9, '', 1, 1, '2018-06-28 17:27:18', 3, '192.168.30.20', '0000-00-00 00:00:00', 0, ''),
(710, 4, 10, '', 1, 1, '2018-06-28 17:27:18', 3, '192.168.30.20', '0000-00-00 00:00:00', 0, ''),
(711, 4, 11, '', 1, 1, '2018-06-28 17:27:18', 3, '192.168.30.20', '0000-00-00 00:00:00', 0, ''),
(712, 4, 12, '', 1, 1, '2018-06-28 17:27:18', 3, '192.168.30.20', '0000-00-00 00:00:00', 0, ''),
(713, 4, 13, '', 1, 1, '2018-06-28 17:27:18', 3, '192.168.30.20', '0000-00-00 00:00:00', 0, ''),
(714, 4, 14, '', 1, 1, '2018-06-28 17:27:18', 3, '192.168.30.20', '0000-00-00 00:00:00', 0, ''),
(715, 4, 1, '30.00', 1, 1, '2018-07-04 12:48:39', 3, '192.168.30.20', '0000-00-00 00:00:00', 0, ''),
(716, 4, 2, '40.00', 1, 1, '2018-07-04 12:48:39', 3, '192.168.30.20', '0000-00-00 00:00:00', 0, ''),
(717, 4, 3, '', 1, 1, '2018-07-04 12:48:39', 3, '192.168.30.20', '0000-00-00 00:00:00', 0, ''),
(718, 4, 4, '', 1, 1, '2018-07-04 12:48:39', 3, '192.168.30.20', '0000-00-00 00:00:00', 0, ''),
(719, 4, 5, '', 1, 1, '2018-07-04 12:48:39', 3, '192.168.30.20', '0000-00-00 00:00:00', 0, ''),
(720, 4, 6, '', 1, 1, '2018-07-04 12:48:39', 3, '192.168.30.20', '0000-00-00 00:00:00', 0, ''),
(721, 4, 7, '', 1, 1, '2018-07-04 12:48:39', 3, '192.168.30.20', '0000-00-00 00:00:00', 0, ''),
(722, 4, 8, '', 1, 1, '2018-07-04 12:48:39', 3, '192.168.30.20', '0000-00-00 00:00:00', 0, ''),
(723, 4, 9, '', 1, 1, '2018-07-04 12:48:39', 3, '192.168.30.20', '0000-00-00 00:00:00', 0, ''),
(724, 4, 10, '', 1, 1, '2018-07-04 12:48:39', 3, '192.168.30.20', '0000-00-00 00:00:00', 0, ''),
(725, 4, 11, '', 1, 1, '2018-07-04 12:48:39', 3, '192.168.30.20', '0000-00-00 00:00:00', 0, ''),
(726, 4, 12, '', 1, 1, '2018-07-04 12:48:39', 3, '192.168.30.20', '0000-00-00 00:00:00', 0, ''),
(727, 4, 13, '', 1, 1, '2018-07-04 12:48:39', 3, '192.168.30.20', '0000-00-00 00:00:00', 0, ''),
(728, 4, 14, '', 1, 1, '2018-07-04 12:48:39', 3, '192.168.30.20', '0000-00-00 00:00:00', 0, ''),
(729, 4, 1, '30.00', 1, 1, '2018-07-04 12:49:47', 3, '192.168.30.20', '0000-00-00 00:00:00', 0, ''),
(730, 4, 2, '40.00', 1, 1, '2018-07-04 12:49:47', 3, '192.168.30.20', '0000-00-00 00:00:00', 0, ''),
(731, 4, 3, '', 1, 1, '2018-07-04 12:49:47', 3, '192.168.30.20', '0000-00-00 00:00:00', 0, ''),
(732, 4, 4, '', 1, 1, '2018-07-04 12:49:47', 3, '192.168.30.20', '0000-00-00 00:00:00', 0, ''),
(733, 4, 5, '', 1, 1, '2018-07-04 12:49:47', 3, '192.168.30.20', '0000-00-00 00:00:00', 0, ''),
(734, 4, 6, '', 1, 1, '2018-07-04 12:49:47', 3, '192.168.30.20', '0000-00-00 00:00:00', 0, ''),
(735, 4, 7, '', 1, 1, '2018-07-04 12:49:47', 3, '192.168.30.20', '0000-00-00 00:00:00', 0, ''),
(736, 4, 8, '', 1, 1, '2018-07-04 12:49:47', 3, '192.168.30.20', '0000-00-00 00:00:00', 0, ''),
(737, 4, 9, '', 1, 1, '2018-07-04 12:49:47', 3, '192.168.30.20', '0000-00-00 00:00:00', 0, ''),
(738, 4, 10, '', 1, 1, '2018-07-04 12:49:47', 3, '192.168.30.20', '0000-00-00 00:00:00', 0, ''),
(739, 4, 11, '', 1, 1, '2018-07-04 12:49:47', 3, '192.168.30.20', '0000-00-00 00:00:00', 0, ''),
(740, 4, 12, '', 1, 1, '2018-07-04 12:49:47', 3, '192.168.30.20', '0000-00-00 00:00:00', 0, ''),
(741, 4, 13, '', 1, 1, '2018-07-04 12:49:47', 3, '192.168.30.20', '0000-00-00 00:00:00', 0, ''),
(742, 4, 14, '', 1, 1, '2018-07-04 12:49:47', 3, '192.168.30.20', '0000-00-00 00:00:00', 0, ''),
(743, 1, 1, '10.00', 1, 1, '2018-07-05 15:06:22', 3, '192.168.30.20', '0000-00-00 00:00:00', 0, ''),
(744, 1, 2, '12.00', 1, 1, '2018-07-05 15:06:22', 3, '192.168.30.20', '0000-00-00 00:00:00', 0, ''),
(745, 1, 3, '24.00', 1, 1, '2018-07-05 15:06:22', 3, '192.168.30.20', '0000-00-00 00:00:00', 0, ''),
(746, 1, 4, '25.00', 1, 1, '2018-07-05 15:06:22', 3, '192.168.30.20', '0000-00-00 00:00:00', 0, ''),
(747, 1, 5, '28.00', 1, 1, '2018-07-05 15:06:22', 3, '192.168.30.20', '0000-00-00 00:00:00', 0, ''),
(748, 1, 6, '', 1, 1, '2018-07-05 15:06:22', 3, '192.168.30.20', '0000-00-00 00:00:00', 0, ''),
(749, 1, 7, '', 1, 1, '2018-07-05 15:06:22', 3, '192.168.30.20', '0000-00-00 00:00:00', 0, ''),
(750, 1, 8, '', 1, 1, '2018-07-05 15:06:22', 3, '192.168.30.20', '0000-00-00 00:00:00', 0, ''),
(751, 1, 9, '', 1, 1, '2018-07-05 15:06:22', 3, '192.168.30.20', '0000-00-00 00:00:00', 0, ''),
(752, 1, 10, '', 1, 1, '2018-07-05 15:06:22', 3, '192.168.30.20', '0000-00-00 00:00:00', 0, ''),
(753, 1, 11, '', 1, 1, '2018-07-05 15:06:22', 3, '192.168.30.20', '0000-00-00 00:00:00', 0, ''),
(754, 1, 12, '', 1, 1, '2018-07-05 15:06:22', 3, '192.168.30.20', '0000-00-00 00:00:00', 0, ''),
(755, 1, 13, '', 1, 1, '2018-07-05 15:06:22', 3, '192.168.30.20', '0000-00-00 00:00:00', 0, ''),
(756, 1, 14, '', 1, 1, '2018-07-05 15:06:22', 3, '192.168.30.20', '0000-00-00 00:00:00', 0, ''),
(757, 1, 1, '10.00', 1, 1, '2018-07-05 15:07:29', 3, '192.168.30.20', '0000-00-00 00:00:00', 0, ''),
(758, 1, 2, '12.00', 1, 1, '2018-07-05 15:07:29', 3, '192.168.30.20', '0000-00-00 00:00:00', 0, ''),
(759, 1, 3, '24.00', 1, 1, '2018-07-05 15:07:29', 3, '192.168.30.20', '0000-00-00 00:00:00', 0, ''),
(760, 1, 4, '25.00', 1, 1, '2018-07-05 15:07:29', 3, '192.168.30.20', '0000-00-00 00:00:00', 0, ''),
(761, 1, 5, '28.00', 1, 1, '2018-07-05 15:07:29', 3, '192.168.30.20', '0000-00-00 00:00:00', 0, ''),
(762, 1, 6, '', 1, 1, '2018-07-05 15:07:29', 3, '192.168.30.20', '0000-00-00 00:00:00', 0, ''),
(763, 1, 7, '', 1, 1, '2018-07-05 15:07:29', 3, '192.168.30.20', '0000-00-00 00:00:00', 0, ''),
(764, 1, 8, '', 1, 1, '2018-07-05 15:07:29', 3, '192.168.30.20', '0000-00-00 00:00:00', 0, ''),
(765, 1, 9, '', 1, 1, '2018-07-05 15:07:29', 3, '192.168.30.20', '0000-00-00 00:00:00', 0, ''),
(766, 1, 10, '', 1, 1, '2018-07-05 15:07:29', 3, '192.168.30.20', '0000-00-00 00:00:00', 0, ''),
(767, 1, 11, '', 1, 1, '2018-07-05 15:07:29', 3, '192.168.30.20', '0000-00-00 00:00:00', 0, ''),
(768, 1, 12, '', 1, 1, '2018-07-05 15:07:29', 3, '192.168.30.20', '0000-00-00 00:00:00', 0, ''),
(769, 1, 13, '', 1, 1, '2018-07-05 15:07:29', 3, '192.168.30.20', '0000-00-00 00:00:00', 0, ''),
(770, 1, 14, '', 1, 1, '2018-07-05 15:07:29', 3, '192.168.30.20', '0000-00-00 00:00:00', 0, ''),
(771, 1, 1, '10.00', 1, 1, '2018-07-05 15:10:41', 3, '192.168.30.20', '0000-00-00 00:00:00', 0, ''),
(772, 1, 2, '12.00', 1, 1, '2018-07-05 15:10:41', 3, '192.168.30.20', '0000-00-00 00:00:00', 0, ''),
(773, 1, 3, '24.00', 1, 1, '2018-07-05 15:10:41', 3, '192.168.30.20', '0000-00-00 00:00:00', 0, ''),
(774, 1, 4, '25.00', 1, 1, '2018-07-05 15:10:41', 3, '192.168.30.20', '0000-00-00 00:00:00', 0, ''),
(775, 1, 5, '28.00', 1, 1, '2018-07-05 15:10:41', 3, '192.168.30.20', '0000-00-00 00:00:00', 0, ''),
(776, 1, 6, '', 1, 1, '2018-07-05 15:10:41', 3, '192.168.30.20', '0000-00-00 00:00:00', 0, ''),
(777, 1, 7, '', 1, 1, '2018-07-05 15:10:41', 3, '192.168.30.20', '0000-00-00 00:00:00', 0, ''),
(778, 1, 8, '', 1, 1, '2018-07-05 15:10:41', 3, '192.168.30.20', '0000-00-00 00:00:00', 0, ''),
(779, 1, 9, '', 1, 1, '2018-07-05 15:10:41', 3, '192.168.30.20', '0000-00-00 00:00:00', 0, ''),
(780, 1, 10, '', 1, 1, '2018-07-05 15:10:41', 3, '192.168.30.20', '0000-00-00 00:00:00', 0, ''),
(781, 1, 11, '', 1, 1, '2018-07-05 15:10:41', 3, '192.168.30.20', '0000-00-00 00:00:00', 0, ''),
(782, 1, 12, '', 1, 1, '2018-07-05 15:10:41', 3, '192.168.30.20', '0000-00-00 00:00:00', 0, ''),
(783, 1, 13, '', 1, 1, '2018-07-05 15:10:41', 3, '192.168.30.20', '0000-00-00 00:00:00', 0, ''),
(784, 1, 14, '', 1, 1, '2018-07-05 15:10:41', 3, '192.168.30.20', '0000-00-00 00:00:00', 0, ''),
(785, 1, 1, '10.00', 1, 1, '2018-07-05 15:37:48', 3, '192.168.30.20', '0000-00-00 00:00:00', 0, ''),
(786, 1, 2, '12.00', 1, 1, '2018-07-05 15:37:48', 3, '192.168.30.20', '0000-00-00 00:00:00', 0, ''),
(787, 1, 3, '24.00', 1, 1, '2018-07-05 15:37:48', 3, '192.168.30.20', '0000-00-00 00:00:00', 0, ''),
(788, 1, 4, '25.00', 1, 1, '2018-07-05 15:37:48', 3, '192.168.30.20', '0000-00-00 00:00:00', 0, ''),
(789, 1, 5, '28.00', 1, 1, '2018-07-05 15:37:48', 3, '192.168.30.20', '0000-00-00 00:00:00', 0, ''),
(790, 1, 6, '', 1, 1, '2018-07-05 15:37:48', 3, '192.168.30.20', '0000-00-00 00:00:00', 0, ''),
(791, 1, 7, '', 1, 1, '2018-07-05 15:37:48', 3, '192.168.30.20', '0000-00-00 00:00:00', 0, ''),
(792, 1, 8, '', 1, 1, '2018-07-05 15:37:48', 3, '192.168.30.20', '0000-00-00 00:00:00', 0, ''),
(793, 1, 9, '', 1, 1, '2018-07-05 15:37:48', 3, '192.168.30.20', '0000-00-00 00:00:00', 0, ''),
(794, 1, 10, '', 1, 1, '2018-07-05 15:37:48', 3, '192.168.30.20', '0000-00-00 00:00:00', 0, ''),
(795, 1, 11, '', 1, 1, '2018-07-05 15:37:48', 3, '192.168.30.20', '0000-00-00 00:00:00', 0, ''),
(796, 1, 12, '', 1, 1, '2018-07-05 15:37:48', 3, '192.168.30.20', '0000-00-00 00:00:00', 0, ''),
(797, 1, 13, '', 1, 1, '2018-07-05 15:37:48', 3, '192.168.30.20', '0000-00-00 00:00:00', 0, ''),
(798, 1, 14, '', 1, 1, '2018-07-05 15:37:48', 3, '192.168.30.20', '0000-00-00 00:00:00', 0, ''),
(799, 1, 1, '10.00', 1, 0, '2018-07-05 16:30:47', 3, '192.168.30.20', '0000-00-00 00:00:00', 0, ''),
(800, 1, 2, '12.00', 1, 0, '2018-07-05 16:30:47', 3, '192.168.30.20', '0000-00-00 00:00:00', 0, ''),
(801, 1, 3, '24.00', 1, 0, '2018-07-05 16:30:47', 3, '192.168.30.20', '0000-00-00 00:00:00', 0, ''),
(802, 1, 4, '25.00', 1, 0, '2018-07-05 16:30:47', 3, '192.168.30.20', '0000-00-00 00:00:00', 0, ''),
(803, 1, 5, '28.00', 1, 0, '2018-07-05 16:30:47', 3, '192.168.30.20', '0000-00-00 00:00:00', 0, ''),
(804, 1, 6, '', 1, 0, '2018-07-05 16:30:47', 3, '192.168.30.20', '0000-00-00 00:00:00', 0, ''),
(805, 1, 7, '', 1, 0, '2018-07-05 16:30:47', 3, '192.168.30.20', '0000-00-00 00:00:00', 0, ''),
(806, 1, 8, '', 1, 0, '2018-07-05 16:30:47', 3, '192.168.30.20', '0000-00-00 00:00:00', 0, ''),
(807, 1, 9, '', 1, 0, '2018-07-05 16:30:47', 3, '192.168.30.20', '0000-00-00 00:00:00', 0, ''),
(808, 1, 10, '', 1, 0, '2018-07-05 16:30:47', 3, '192.168.30.20', '0000-00-00 00:00:00', 0, ''),
(809, 1, 11, '', 1, 0, '2018-07-05 16:30:47', 3, '192.168.30.20', '0000-00-00 00:00:00', 0, ''),
(810, 1, 12, '', 1, 0, '2018-07-05 16:30:47', 3, '192.168.30.20', '0000-00-00 00:00:00', 0, ''),
(811, 1, 13, '', 1, 0, '2018-07-05 16:30:47', 3, '192.168.30.20', '0000-00-00 00:00:00', 0, ''),
(812, 1, 14, '', 1, 0, '2018-07-05 16:30:47', 3, '192.168.30.20', '0000-00-00 00:00:00', 0, ''),
(813, 3, 1, '30.00', 1, 1, '2018-07-05 16:31:57', 3, '192.168.30.20', '0000-00-00 00:00:00', 0, ''),
(814, 3, 2, '25.00', 1, 1, '2018-07-05 16:31:57', 3, '192.168.30.20', '0000-00-00 00:00:00', 0, ''),
(815, 3, 3, '', 1, 1, '2018-07-05 16:31:57', 3, '192.168.30.20', '0000-00-00 00:00:00', 0, ''),
(816, 3, 4, '', 1, 1, '2018-07-05 16:31:57', 3, '192.168.30.20', '0000-00-00 00:00:00', 0, ''),
(817, 3, 5, '', 1, 1, '2018-07-05 16:31:57', 3, '192.168.30.20', '0000-00-00 00:00:00', 0, ''),
(818, 3, 6, '', 1, 1, '2018-07-05 16:31:57', 3, '192.168.30.20', '0000-00-00 00:00:00', 0, ''),
(819, 3, 7, '', 1, 1, '2018-07-05 16:31:57', 3, '192.168.30.20', '0000-00-00 00:00:00', 0, ''),
(820, 3, 8, '', 1, 1, '2018-07-05 16:31:57', 3, '192.168.30.20', '0000-00-00 00:00:00', 0, ''),
(821, 3, 9, '', 1, 1, '2018-07-05 16:31:57', 3, '192.168.30.20', '0000-00-00 00:00:00', 0, ''),
(822, 3, 10, '', 1, 1, '2018-07-05 16:31:57', 3, '192.168.30.20', '0000-00-00 00:00:00', 0, ''),
(823, 3, 11, '', 1, 1, '2018-07-05 16:31:57', 3, '192.168.30.20', '0000-00-00 00:00:00', 0, ''),
(824, 3, 12, '', 1, 1, '2018-07-05 16:31:57', 3, '192.168.30.20', '0000-00-00 00:00:00', 0, ''),
(825, 3, 13, '', 1, 1, '2018-07-05 16:31:57', 3, '192.168.30.20', '0000-00-00 00:00:00', 0, ''),
(826, 3, 14, '', 1, 1, '2018-07-05 16:31:57', 3, '192.168.30.20', '0000-00-00 00:00:00', 0, ''),
(827, 4, 1, '30.00', 1, 1, '2018-07-05 16:32:45', 3, '192.168.30.20', '0000-00-00 00:00:00', 0, ''),
(828, 4, 2, '40.00', 1, 1, '2018-07-05 16:32:45', 3, '192.168.30.20', '0000-00-00 00:00:00', 0, ''),
(829, 4, 3, '', 1, 1, '2018-07-05 16:32:45', 3, '192.168.30.20', '0000-00-00 00:00:00', 0, ''),
(830, 4, 4, '', 1, 1, '2018-07-05 16:32:45', 3, '192.168.30.20', '0000-00-00 00:00:00', 0, ''),
(831, 4, 5, '', 1, 1, '2018-07-05 16:32:45', 3, '192.168.30.20', '0000-00-00 00:00:00', 0, ''),
(832, 4, 6, '', 1, 1, '2018-07-05 16:32:45', 3, '192.168.30.20', '0000-00-00 00:00:00', 0, ''),
(833, 4, 7, '', 1, 1, '2018-07-05 16:32:45', 3, '192.168.30.20', '0000-00-00 00:00:00', 0, ''),
(834, 4, 8, '', 1, 1, '2018-07-05 16:32:45', 3, '192.168.30.20', '0000-00-00 00:00:00', 0, ''),
(835, 4, 9, '', 1, 1, '2018-07-05 16:32:45', 3, '192.168.30.20', '0000-00-00 00:00:00', 0, ''),
(836, 4, 10, '', 1, 1, '2018-07-05 16:32:45', 3, '192.168.30.20', '0000-00-00 00:00:00', 0, ''),
(837, 4, 11, '', 1, 1, '2018-07-05 16:32:45', 3, '192.168.30.20', '0000-00-00 00:00:00', 0, ''),
(838, 4, 12, '', 1, 1, '2018-07-05 16:32:45', 3, '192.168.30.20', '0000-00-00 00:00:00', 0, ''),
(839, 4, 13, '', 1, 1, '2018-07-05 16:32:45', 3, '192.168.30.20', '0000-00-00 00:00:00', 0, ''),
(840, 4, 14, '', 1, 1, '2018-07-05 16:32:45', 3, '192.168.30.20', '0000-00-00 00:00:00', 0, ''),
(841, 2, 1, '20', 1, 1, '2018-07-05 16:34:07', 3, '192.168.30.20', '0000-00-00 00:00:00', 0, ''),
(842, 2, 2, '40.00', 1, 1, '2018-07-05 16:34:07', 3, '192.168.30.20', '0000-00-00 00:00:00', 0, ''),
(843, 2, 3, '', 1, 1, '2018-07-05 16:34:07', 3, '192.168.30.20', '0000-00-00 00:00:00', 0, ''),
(844, 2, 4, '', 1, 1, '2018-07-05 16:34:07', 3, '192.168.30.20', '0000-00-00 00:00:00', 0, ''),
(845, 2, 5, '', 1, 1, '2018-07-05 16:34:07', 3, '192.168.30.20', '0000-00-00 00:00:00', 0, ''),
(846, 2, 6, '', 1, 1, '2018-07-05 16:34:07', 3, '192.168.30.20', '0000-00-00 00:00:00', 0, ''),
(847, 2, 7, '', 1, 1, '2018-07-05 16:34:07', 3, '192.168.30.20', '0000-00-00 00:00:00', 0, ''),
(848, 2, 8, '', 1, 1, '2018-07-05 16:34:07', 3, '192.168.30.20', '0000-00-00 00:00:00', 0, ''),
(849, 2, 9, '', 1, 1, '2018-07-05 16:34:07', 3, '192.168.30.20', '0000-00-00 00:00:00', 0, ''),
(850, 2, 10, '', 1, 1, '2018-07-05 16:34:07', 3, '192.168.30.20', '0000-00-00 00:00:00', 0, ''),
(851, 2, 11, '', 1, 1, '2018-07-05 16:34:07', 3, '192.168.30.20', '0000-00-00 00:00:00', 0, ''),
(852, 2, 12, '', 1, 1, '2018-07-05 16:34:07', 3, '192.168.30.20', '0000-00-00 00:00:00', 0, ''),
(853, 2, 13, '', 1, 1, '2018-07-05 16:34:07', 3, '192.168.30.20', '0000-00-00 00:00:00', 0, ''),
(854, 2, 14, '', 1, 1, '2018-07-05 16:34:07', 3, '192.168.30.20', '0000-00-00 00:00:00', 0, ''),
(855, 2, 1, '20', 1, 1, '2018-07-05 16:34:36', 3, '192.168.30.20', '0000-00-00 00:00:00', 0, ''),
(856, 2, 2, '40.00', 1, 1, '2018-07-05 16:34:36', 3, '192.168.30.20', '0000-00-00 00:00:00', 0, ''),
(857, 2, 3, '', 1, 1, '2018-07-05 16:34:36', 3, '192.168.30.20', '0000-00-00 00:00:00', 0, ''),
(858, 2, 4, '', 1, 1, '2018-07-05 16:34:36', 3, '192.168.30.20', '0000-00-00 00:00:00', 0, ''),
(859, 2, 5, '', 1, 1, '2018-07-05 16:34:36', 3, '192.168.30.20', '0000-00-00 00:00:00', 0, ''),
(860, 2, 6, '', 1, 1, '2018-07-05 16:34:36', 3, '192.168.30.20', '0000-00-00 00:00:00', 0, ''),
(861, 2, 7, '', 1, 1, '2018-07-05 16:34:36', 3, '192.168.30.20', '0000-00-00 00:00:00', 0, ''),
(862, 2, 8, '', 1, 1, '2018-07-05 16:34:36', 3, '192.168.30.20', '0000-00-00 00:00:00', 0, ''),
(863, 2, 9, '', 1, 1, '2018-07-05 16:34:36', 3, '192.168.30.20', '0000-00-00 00:00:00', 0, ''),
(864, 2, 10, '', 1, 1, '2018-07-05 16:34:36', 3, '192.168.30.20', '0000-00-00 00:00:00', 0, ''),
(865, 2, 11, '', 1, 1, '2018-07-05 16:34:36', 3, '192.168.30.20', '0000-00-00 00:00:00', 0, ''),
(866, 2, 12, '', 1, 1, '2018-07-05 16:34:36', 3, '192.168.30.20', '0000-00-00 00:00:00', 0, ''),
(867, 2, 13, '', 1, 1, '2018-07-05 16:34:36', 3, '192.168.30.20', '0000-00-00 00:00:00', 0, ''),
(868, 2, 14, '', 1, 1, '2018-07-05 16:34:36', 3, '192.168.30.20', '0000-00-00 00:00:00', 0, ''),
(869, 2, 1, '20', 1, 0, '2018-07-05 16:34:50', 3, '192.168.30.20', '0000-00-00 00:00:00', 0, ''),
(870, 2, 2, '40.00', 1, 0, '2018-07-05 16:34:50', 3, '192.168.30.20', '0000-00-00 00:00:00', 0, ''),
(871, 2, 3, '', 1, 0, '2018-07-05 16:34:50', 3, '192.168.30.20', '0000-00-00 00:00:00', 0, ''),
(872, 2, 4, '', 1, 0, '2018-07-05 16:34:50', 3, '192.168.30.20', '0000-00-00 00:00:00', 0, ''),
(873, 2, 5, '', 1, 0, '2018-07-05 16:34:50', 3, '192.168.30.20', '0000-00-00 00:00:00', 0, ''),
(874, 2, 6, '', 1, 0, '2018-07-05 16:34:50', 3, '192.168.30.20', '0000-00-00 00:00:00', 0, ''),
(875, 2, 7, '', 1, 0, '2018-07-05 16:34:50', 3, '192.168.30.20', '0000-00-00 00:00:00', 0, ''),
(876, 2, 8, '', 1, 0, '2018-07-05 16:34:50', 3, '192.168.30.20', '0000-00-00 00:00:00', 0, ''),
(877, 2, 9, '', 1, 0, '2018-07-05 16:34:50', 3, '192.168.30.20', '0000-00-00 00:00:00', 0, ''),
(878, 2, 10, '', 1, 0, '2018-07-05 16:34:50', 3, '192.168.30.20', '0000-00-00 00:00:00', 0, ''),
(879, 2, 11, '', 1, 0, '2018-07-05 16:34:50', 3, '192.168.30.20', '0000-00-00 00:00:00', 0, ''),
(880, 2, 12, '', 1, 0, '2018-07-05 16:34:50', 3, '192.168.30.20', '0000-00-00 00:00:00', 0, ''),
(881, 2, 13, '', 1, 0, '2018-07-05 16:34:50', 3, '192.168.30.20', '0000-00-00 00:00:00', 0, ''),
(882, 2, 14, '', 1, 0, '2018-07-05 16:34:50', 3, '192.168.30.20', '0000-00-00 00:00:00', 0, ''),
(883, 3, 1, '30.00', 1, 1, '2018-07-06 15:54:03', 3, '192.168.30.20', '0000-00-00 00:00:00', 0, ''),
(884, 3, 2, '25.00', 1, 1, '2018-07-06 15:54:03', 3, '192.168.30.20', '0000-00-00 00:00:00', 0, ''),
(885, 3, 3, '', 1, 1, '2018-07-06 15:54:03', 3, '192.168.30.20', '0000-00-00 00:00:00', 0, ''),
(886, 3, 4, '', 1, 1, '2018-07-06 15:54:03', 3, '192.168.30.20', '0000-00-00 00:00:00', 0, ''),
(887, 3, 5, '', 1, 1, '2018-07-06 15:54:03', 3, '192.168.30.20', '0000-00-00 00:00:00', 0, ''),
(888, 3, 6, '', 1, 1, '2018-07-06 15:54:03', 3, '192.168.30.20', '0000-00-00 00:00:00', 0, ''),
(889, 3, 7, '', 1, 1, '2018-07-06 15:54:03', 3, '192.168.30.20', '0000-00-00 00:00:00', 0, ''),
(890, 3, 8, '', 1, 1, '2018-07-06 15:54:03', 3, '192.168.30.20', '0000-00-00 00:00:00', 0, ''),
(891, 3, 9, '', 1, 1, '2018-07-06 15:54:03', 3, '192.168.30.20', '0000-00-00 00:00:00', 0, ''),
(892, 3, 10, '', 1, 1, '2018-07-06 15:54:03', 3, '192.168.30.20', '0000-00-00 00:00:00', 0, ''),
(893, 3, 11, '', 1, 1, '2018-07-06 15:54:03', 3, '192.168.30.20', '0000-00-00 00:00:00', 0, ''),
(894, 3, 12, '', 1, 1, '2018-07-06 15:54:03', 3, '192.168.30.20', '0000-00-00 00:00:00', 0, ''),
(895, 3, 13, '', 1, 1, '2018-07-06 15:54:03', 3, '192.168.30.20', '0000-00-00 00:00:00', 0, ''),
(896, 3, 14, '', 1, 1, '2018-07-06 15:54:03', 3, '192.168.30.20', '0000-00-00 00:00:00', 0, ''),
(897, 3, 1, '30.00', 1, 0, '2018-07-06 16:07:59', 3, '192.168.30.20', '0000-00-00 00:00:00', 0, ''),
(898, 3, 2, '25.00', 1, 0, '2018-07-06 16:07:59', 3, '192.168.30.20', '0000-00-00 00:00:00', 0, ''),
(899, 3, 3, '', 1, 0, '2018-07-06 16:07:59', 3, '192.168.30.20', '0000-00-00 00:00:00', 0, ''),
(900, 3, 4, '', 1, 0, '2018-07-06 16:07:59', 3, '192.168.30.20', '0000-00-00 00:00:00', 0, ''),
(901, 3, 5, '', 1, 0, '2018-07-06 16:07:59', 3, '192.168.30.20', '0000-00-00 00:00:00', 0, ''),
(902, 3, 6, '', 1, 0, '2018-07-06 16:07:59', 3, '192.168.30.20', '0000-00-00 00:00:00', 0, ''),
(903, 3, 7, '', 1, 0, '2018-07-06 16:07:59', 3, '192.168.30.20', '0000-00-00 00:00:00', 0, ''),
(904, 3, 8, '', 1, 0, '2018-07-06 16:07:59', 3, '192.168.30.20', '0000-00-00 00:00:00', 0, ''),
(905, 3, 9, '', 1, 0, '2018-07-06 16:07:59', 3, '192.168.30.20', '0000-00-00 00:00:00', 0, ''),
(906, 3, 10, '', 1, 0, '2018-07-06 16:07:59', 3, '192.168.30.20', '0000-00-00 00:00:00', 0, ''),
(907, 3, 11, '', 1, 0, '2018-07-06 16:07:59', 3, '192.168.30.20', '0000-00-00 00:00:00', 0, ''),
(908, 3, 12, '', 1, 0, '2018-07-06 16:07:59', 3, '192.168.30.20', '0000-00-00 00:00:00', 0, ''),
(909, 3, 13, '', 1, 0, '2018-07-06 16:07:59', 3, '192.168.30.20', '0000-00-00 00:00:00', 0, ''),
(910, 3, 14, '', 1, 0, '2018-07-06 16:07:59', 3, '192.168.30.20', '0000-00-00 00:00:00', 0, ''),
(911, 4, 1, '30.00', 1, 0, '2018-07-06 17:04:46', 3, '192.168.30.20', '0000-00-00 00:00:00', 0, ''),
(912, 4, 2, '40.00', 1, 0, '2018-07-06 17:04:46', 3, '192.168.30.20', '0000-00-00 00:00:00', 0, ''),
(913, 4, 3, '', 1, 0, '2018-07-06 17:04:46', 3, '192.168.30.20', '0000-00-00 00:00:00', 0, ''),
(914, 4, 4, '', 1, 0, '2018-07-06 17:04:46', 3, '192.168.30.20', '0000-00-00 00:00:00', 0, ''),
(915, 4, 5, '', 1, 0, '2018-07-06 17:04:46', 3, '192.168.30.20', '0000-00-00 00:00:00', 0, ''),
(916, 4, 6, '', 1, 0, '2018-07-06 17:04:46', 3, '192.168.30.20', '0000-00-00 00:00:00', 0, ''),
(917, 4, 7, '', 1, 0, '2018-07-06 17:04:46', 3, '192.168.30.20', '0000-00-00 00:00:00', 0, ''),
(918, 4, 8, '', 1, 0, '2018-07-06 17:04:46', 3, '192.168.30.20', '0000-00-00 00:00:00', 0, ''),
(919, 4, 9, '', 1, 0, '2018-07-06 17:04:46', 3, '192.168.30.20', '0000-00-00 00:00:00', 0, ''),
(920, 4, 10, '', 1, 0, '2018-07-06 17:04:46', 3, '192.168.30.20', '0000-00-00 00:00:00', 0, ''),
(921, 4, 11, '', 1, 0, '2018-07-06 17:04:46', 3, '192.168.30.20', '0000-00-00 00:00:00', 0, ''),
(922, 4, 12, '', 1, 0, '2018-07-06 17:04:46', 3, '192.168.30.20', '0000-00-00 00:00:00', 0, ''),
(923, 4, 13, '', 1, 0, '2018-07-06 17:04:46', 3, '192.168.30.20', '0000-00-00 00:00:00', 0, ''),
(924, 4, 14, '', 1, 0, '2018-07-06 17:04:46', 3, '192.168.30.20', '0000-00-00 00:00:00', 0, ''),
(925, 5, 1, '', 1, 0, '2018-07-11 16:18:13', 3, '192.168.30.20', '0000-00-00 00:00:00', 0, ''),
(926, 5, 2, '', 1, 0, '2018-07-11 16:18:13', 3, '192.168.30.20', '0000-00-00 00:00:00', 0, ''),
(927, 5, 3, '', 1, 0, '2018-07-11 16:18:13', 3, '192.168.30.20', '0000-00-00 00:00:00', 0, ''),
(928, 5, 4, '', 1, 0, '2018-07-11 16:18:13', 3, '192.168.30.20', '0000-00-00 00:00:00', 0, ''),
(929, 5, 5, '', 1, 0, '2018-07-11 16:18:13', 3, '192.168.30.20', '0000-00-00 00:00:00', 0, ''),
(930, 5, 6, '', 1, 0, '2018-07-11 16:18:13', 3, '192.168.30.20', '0000-00-00 00:00:00', 0, ''),
(931, 5, 7, '', 1, 0, '2018-07-11 16:18:13', 3, '192.168.30.20', '0000-00-00 00:00:00', 0, ''),
(932, 5, 8, '', 1, 0, '2018-07-11 16:18:13', 3, '192.168.30.20', '0000-00-00 00:00:00', 0, ''),
(933, 5, 9, '', 1, 0, '2018-07-11 16:18:13', 3, '192.168.30.20', '0000-00-00 00:00:00', 0, ''),
(934, 5, 10, '', 1, 0, '2018-07-11 16:18:13', 3, '192.168.30.20', '0000-00-00 00:00:00', 0, ''),
(935, 5, 11, '', 1, 0, '2018-07-11 16:18:13', 3, '192.168.30.20', '0000-00-00 00:00:00', 0, ''),
(936, 5, 12, '', 1, 0, '2018-07-11 16:18:13', 3, '192.168.30.20', '0000-00-00 00:00:00', 0, ''),
(937, 5, 13, '', 1, 0, '2018-07-11 16:18:13', 3, '192.168.30.20', '0000-00-00 00:00:00', 0, ''),
(938, 5, 14, '', 1, 0, '2018-07-11 16:18:13', 3, '192.168.30.20', '0000-00-00 00:00:00', 0, '');

-- --------------------------------------------------------

--
-- Table structure for table `ft_broker_payout_grid`
--

CREATE TABLE IF NOT EXISTS `ft_broker_payout_grid` (
`id` int(11) NOT NULL,
  `broker_id` int(8) NOT NULL,
  `sliding_rates` int(12) NOT NULL,
  `from` varchar(100) NOT NULL,
  `to` varchar(100) NOT NULL,
  `per` varchar(3) NOT NULL,
  `status` tinyint(1) NOT NULL DEFAULT '1',
  `is_delete` tinyint(1) NOT NULL DEFAULT '0',
  `created_by` int(12) NOT NULL,
  `created_time` datetime NOT NULL,
  `created_ip` varchar(100) NOT NULL,
  `modified_by` int(12) NOT NULL,
  `modified_time` datetime NOT NULL,
  `modified_ip` varchar(100) NOT NULL
) ENGINE=InnoDB AUTO_INCREMENT=167 DEFAULT CHARSET=latin1;

--
-- Dumping data for table `ft_broker_payout_grid`
--

INSERT INTO `ft_broker_payout_grid` (`id`, `broker_id`, `sliding_rates`, `from`, `to`, `per`, `status`, `is_delete`, `created_by`, `created_time`, `created_ip`, `modified_by`, `modified_time`, `modified_ip`) VALUES
(1, 1, 50, '20', '40', '60', 1, 1, 3, '2018-06-13 17:01:22', '192.168.30.20', 0, '0000-00-00 00:00:00', ''),
(2, 1, 100, '80', '70', '90', 1, 1, 3, '2018-06-13 17:01:22', '192.168.30.20', 0, '0000-00-00 00:00:00', ''),
(3, 1, 200, '300', '400', '500', 1, 1, 3, '2018-06-13 17:01:22', '192.168.30.20', 0, '0000-00-00 00:00:00', ''),
(4, 1, 50, '20', '40', '60', 1, 1, 3, '2018-06-13 17:02:14', '192.168.30.20', 0, '0000-00-00 00:00:00', ''),
(5, 1, 100, '80', '70', '90', 1, 1, 3, '2018-06-13 17:02:14', '192.168.30.20', 0, '0000-00-00 00:00:00', ''),
(6, 1, 200, '300', '400', '500', 1, 1, 3, '2018-06-13 17:02:14', '192.168.30.20', 0, '0000-00-00 00:00:00', ''),
(7, 1, 50, '20', '40', '60', 1, 1, 3, '2018-06-13 17:02:59', '192.168.30.20', 0, '0000-00-00 00:00:00', ''),
(8, 1, 100, '80', '70', '90', 1, 1, 3, '2018-06-13 17:02:59', '192.168.30.20', 0, '0000-00-00 00:00:00', ''),
(9, 1, 200, '300', '400', '500', 1, 1, 3, '2018-06-13 17:02:59', '192.168.30.20', 0, '0000-00-00 00:00:00', ''),
(10, 2, 100, '200', '3500', '200', 1, 1, 3, '2018-06-13 17:05:50', '192.168.30.20', 0, '0000-00-00 00:00:00', ''),
(11, 2, 80, '4500', '800', '600', 1, 1, 3, '2018-06-13 17:05:50', '192.168.30.20', 0, '0000-00-00 00:00:00', ''),
(12, 3, 100, '200', '3500', '200', 1, 1, 3, '2018-06-13 17:07:41', '192.168.30.20', 0, '0000-00-00 00:00:00', ''),
(13, 3, 100, '4500', '800', '600', 1, 1, 3, '2018-06-13 17:07:41', '192.168.30.20', 0, '0000-00-00 00:00:00', ''),
(14, 3, 100, '200', '3500', '200', 1, 1, 3, '2018-06-13 17:08:26', '192.168.30.20', 0, '0000-00-00 00:00:00', ''),
(15, 3, 100, '4500', '800', '600', 1, 1, 3, '2018-06-13 17:08:26', '192.168.30.20', 0, '0000-00-00 00:00:00', ''),
(16, 2, 100, '200', '3500', '200', 1, 1, 3, '2018-06-13 17:08:54', '192.168.30.20', 0, '0000-00-00 00:00:00', ''),
(17, 2, 100, '4500', '800', '600', 1, 1, 3, '2018-06-13 17:08:54', '192.168.30.20', 0, '0000-00-00 00:00:00', ''),
(18, 4, 100, '200', '3500', '200', 1, 1, 3, '2018-06-13 17:30:12', '192.168.30.20', 0, '0000-00-00 00:00:00', ''),
(19, 4, 100, '4500', '800', '600', 1, 1, 3, '2018-06-13 17:30:12', '192.168.30.20', 0, '0000-00-00 00:00:00', ''),
(20, 4, 100, '200', '3500', '200', 1, 1, 3, '2018-06-13 17:30:46', '192.168.30.20', 0, '0000-00-00 00:00:00', ''),
(21, 4, 100, '4500', '800', '600', 1, 1, 3, '2018-06-13 17:30:46', '192.168.30.20', 0, '0000-00-00 00:00:00', ''),
(22, 2, 150, '200', '3500', '200', 1, 1, 3, '2018-06-13 17:32:38', '192.168.30.20', 0, '0000-00-00 00:00:00', ''),
(23, 2, 80, '4500', '800', '600', 1, 1, 3, '2018-06-13 17:32:38', '192.168.30.20', 0, '0000-00-00 00:00:00', ''),
(24, 1, 50, '20', '40', '60', 1, 1, 3, '2018-06-18 15:00:02', '192.168.30.20', 0, '0000-00-00 00:00:00', ''),
(25, 1, 100, '80', '70', '90', 1, 1, 3, '2018-06-18 15:00:02', '192.168.30.20', 0, '0000-00-00 00:00:00', ''),
(26, 1, 200, '300', '400', '500', 1, 1, 3, '2018-06-18 15:00:02', '192.168.30.20', 0, '0000-00-00 00:00:00', ''),
(27, 3, 100, '200', '3500', '200', 1, 1, 3, '2018-06-18 15:01:38', '192.168.30.20', 0, '0000-00-00 00:00:00', ''),
(28, 3, 100, '4500', '800', '600', 1, 1, 3, '2018-06-18 15:01:38', '192.168.30.20', 0, '0000-00-00 00:00:00', ''),
(29, 3, 100, '200', '3500', '200', 1, 1, 3, '2018-06-18 15:03:08', '192.168.30.20', 0, '0000-00-00 00:00:00', ''),
(30, 3, 100, '4500', '800', '600', 1, 1, 3, '2018-06-18 15:03:08', '192.168.30.20', 0, '0000-00-00 00:00:00', ''),
(31, 3, 100, '200', '3500', '200', 1, 1, 3, '2018-06-18 15:07:34', '192.168.30.20', 0, '0000-00-00 00:00:00', ''),
(32, 3, 100, '4500', '800', '600', 1, 1, 3, '2018-06-18 15:07:34', '192.168.30.20', 0, '0000-00-00 00:00:00', ''),
(33, 3, 100, '200', '3500', '200', 1, 1, 3, '2018-06-18 15:19:01', '192.168.30.20', 0, '0000-00-00 00:00:00', ''),
(34, 3, 100, '4500', '800', '600', 1, 1, 3, '2018-06-18 15:19:01', '192.168.30.20', 0, '0000-00-00 00:00:00', ''),
(35, 3, 100, '200', '3500', '200', 1, 1, 3, '2018-06-18 15:20:15', '192.168.30.20', 0, '0000-00-00 00:00:00', ''),
(36, 3, 100, '4500', '800', '600', 1, 1, 3, '2018-06-18 15:20:15', '192.168.30.20', 0, '0000-00-00 00:00:00', ''),
(37, 3, 100, '200', '3500', '200', 1, 1, 3, '2018-06-18 15:22:43', '192.168.30.20', 0, '0000-00-00 00:00:00', ''),
(38, 3, 100, '4500', '800', '600', 1, 1, 3, '2018-06-18 15:22:43', '192.168.30.20', 0, '0000-00-00 00:00:00', ''),
(39, 3, 100, '200', '3500', '200', 1, 1, 3, '2018-06-18 15:31:52', '192.168.30.20', 0, '0000-00-00 00:00:00', ''),
(40, 3, 100, '4500', '800', '600', 1, 1, 3, '2018-06-18 15:31:52', '192.168.30.20', 0, '0000-00-00 00:00:00', ''),
(41, 3, 100, '200', '3500', '200', 1, 1, 3, '2018-06-18 15:34:27', '192.168.30.20', 0, '0000-00-00 00:00:00', ''),
(42, 3, 100, '4500', '800', '600', 1, 1, 3, '2018-06-18 15:34:27', '192.168.30.20', 0, '0000-00-00 00:00:00', ''),
(43, 1, 50, '20', '40', '60', 1, 1, 3, '2018-06-20 14:13:18', '192.168.30.20', 0, '0000-00-00 00:00:00', ''),
(44, 1, 100, '80', '70', '90', 1, 1, 3, '2018-06-20 14:13:18', '192.168.30.20', 0, '0000-00-00 00:00:00', ''),
(45, 1, 200, '300', '400', '500', 1, 1, 3, '2018-06-20 14:13:18', '192.168.30.20', 0, '0000-00-00 00:00:00', ''),
(46, 3, 100, '200', '3500', '200', 1, 1, 3, '2018-06-20 16:59:48', '192.168.30.20', 0, '0000-00-00 00:00:00', ''),
(47, 3, 100, '4500', '800', '600', 1, 1, 3, '2018-06-20 16:59:48', '192.168.30.20', 0, '0000-00-00 00:00:00', ''),
(48, 4, 100, '200', '3500', '200', 1, 1, 3, '2018-06-20 17:02:26', '192.168.30.20', 0, '0000-00-00 00:00:00', ''),
(49, 4, 100, '4500', '800', '600', 1, 1, 3, '2018-06-20 17:02:26', '192.168.30.20', 0, '0000-00-00 00:00:00', ''),
(50, 1, 50, '20', '40', '60', 1, 1, 3, '2018-06-25 10:15:09', '192.168.30.20', 0, '0000-00-00 00:00:00', ''),
(51, 1, 100, '80', '70', '90', 1, 1, 3, '2018-06-25 10:15:09', '192.168.30.20', 0, '0000-00-00 00:00:00', ''),
(52, 1, 200, '300', '400', '500', 1, 1, 3, '2018-06-25 10:15:09', '192.168.30.20', 0, '0000-00-00 00:00:00', ''),
(53, 3, 50, '200', '3500', '200', 1, 1, 3, '2018-06-25 10:15:41', '192.168.30.20', 0, '0000-00-00 00:00:00', ''),
(54, 3, 400, '4500', '800', '600', 1, 1, 3, '2018-06-25 10:15:41', '192.168.30.20', 0, '0000-00-00 00:00:00', ''),
(55, 4, 300, '200', '3500', '200', 1, 1, 3, '2018-06-25 10:16:18', '192.168.30.20', 0, '0000-00-00 00:00:00', ''),
(56, 4, 200, '4500', '800', '600', 1, 1, 3, '2018-06-25 10:16:18', '192.168.30.20', 0, '0000-00-00 00:00:00', ''),
(57, 2, 150, '200', '3500', '200', 1, 1, 3, '2018-06-25 15:44:05', '192.168.30.20', 0, '0000-00-00 00:00:00', ''),
(58, 2, 80, '4500', '800', '600', 1, 1, 3, '2018-06-25 15:44:05', '192.168.30.20', 0, '0000-00-00 00:00:00', ''),
(59, 3, 50, '200', '3500', '50', 1, 1, 3, '2018-06-26 14:35:49', '192.168.30.20', 0, '0000-00-00 00:00:00', ''),
(60, 3, 400, '4500', '800', '40', 1, 1, 3, '2018-06-26 14:35:49', '192.168.30.20', 0, '0000-00-00 00:00:00', ''),
(61, 3, 50, '200', '3500', '50', 1, 1, 3, '2018-06-26 14:38:30', '192.168.30.20', 0, '0000-00-00 00:00:00', ''),
(62, 3, 400, '4500', '800', '40', 1, 1, 3, '2018-06-26 14:38:30', '192.168.30.20', 0, '0000-00-00 00:00:00', ''),
(63, 3, 50, '200', '3500', '50', 1, 1, 3, '2018-06-26 14:46:46', '192.168.30.20', 0, '0000-00-00 00:00:00', ''),
(64, 3, 400, '4500', '800', '40', 1, 1, 3, '2018-06-26 14:46:46', '192.168.30.20', 0, '0000-00-00 00:00:00', ''),
(65, 2, 80, '4500', '6500', '60', 1, 1, 3, '2018-06-26 14:48:38', '192.168.30.20', 0, '0000-00-00 00:00:00', ''),
(66, 2, 100, '0', '4500', '39.', 1, 1, 3, '2018-06-26 14:48:38', '192.168.30.20', 0, '0000-00-00 00:00:00', ''),
(67, 2, 80, '4500', '6500', '60', 1, 1, 3, '2018-06-26 14:49:17', '192.168.30.20', 0, '0000-00-00 00:00:00', ''),
(68, 2, 100, '0', '4500', '40', 1, 1, 3, '2018-06-26 14:49:17', '192.168.30.20', 0, '0000-00-00 00:00:00', ''),
(69, 1, 0, '0', '4500', '40', 1, 1, 3, '2018-06-27 10:06:50', '192.168.30.20', 0, '0000-00-00 00:00:00', ''),
(70, 1, 0, '4500', '9000', '70', 1, 1, 3, '2018-06-27 10:06:50', '192.168.30.20', 0, '0000-00-00 00:00:00', ''),
(71, 1, 0, '0', '2500', '30', 1, 1, 3, '2018-06-27 10:06:50', '192.168.30.20', 0, '0000-00-00 00:00:00', ''),
(72, 3, 0, '0', '3500', '40', 1, 1, 3, '2018-06-27 10:07:47', '192.168.30.20', 0, '0000-00-00 00:00:00', ''),
(73, 3, 0, '3500', '6500', '60', 1, 1, 3, '2018-06-27 10:07:47', '192.168.30.20', 0, '0000-00-00 00:00:00', ''),
(74, 3, 0, '6500', '9500', '80', 1, 1, 3, '2018-06-27 10:07:47', '192.168.30.20', 0, '0000-00-00 00:00:00', ''),
(75, 3, 0, '4500', '5500', '45', 1, 1, 3, '2018-06-27 10:07:47', '192.168.30.20', 0, '0000-00-00 00:00:00', ''),
(76, 4, 0, '0', '2500', '30', 1, 1, 3, '2018-06-27 10:09:25', '192.168.30.20', 0, '0000-00-00 00:00:00', ''),
(77, 4, 0, '2500', '4500', '50', 1, 1, 3, '2018-06-27 10:09:25', '192.168.30.20', 0, '0000-00-00 00:00:00', ''),
(78, 4, 0, '4500', '7000', '70', 1, 1, 3, '2018-06-27 10:09:25', '192.168.30.20', 0, '0000-00-00 00:00:00', ''),
(79, 2, 0, '0', '2500', '30', 1, 1, 3, '2018-06-27 10:10:21', '192.168.30.20', 0, '0000-00-00 00:00:00', ''),
(80, 2, 0, '2500', '4500', '50', 1, 1, 3, '2018-06-27 10:10:21', '192.168.30.20', 0, '0000-00-00 00:00:00', ''),
(81, 2, 0, '4500', '7000', '70', 1, 1, 3, '2018-06-27 10:10:21', '192.168.30.20', 0, '0000-00-00 00:00:00', ''),
(82, 2, 0, '7000', '9500', '80', 1, 1, 3, '2018-06-27 10:10:21', '192.168.30.20', 0, '0000-00-00 00:00:00', ''),
(83, 1, 0, '2500', '4500', '40', 1, 1, 3, '2018-06-27 10:17:49', '192.168.30.20', 0, '0000-00-00 00:00:00', ''),
(84, 1, 0, '4500', '9000', '70', 1, 1, 3, '2018-06-27 10:17:49', '192.168.30.20', 0, '0000-00-00 00:00:00', ''),
(85, 1, 0, '0', '2500', '30', 1, 1, 3, '2018-06-27 10:17:49', '192.168.30.20', 0, '0000-00-00 00:00:00', ''),
(86, 1, 0, '0', '2500', '30', 1, 1, 3, '2018-06-27 10:50:37', '192.168.30.20', 0, '0000-00-00 00:00:00', ''),
(87, 1, 0, '2500', '4500', '50', 1, 1, 3, '2018-06-27 10:50:37', '192.168.30.20', 0, '0000-00-00 00:00:00', ''),
(88, 1, 0, '4500', '7000', '70', 1, 1, 3, '2018-06-27 10:50:37', '192.168.30.20', 0, '0000-00-00 00:00:00', ''),
(89, 1, 0, '0', '4500', '40', 1, 1, 3, '2018-06-27 11:00:33', '192.168.30.20', 0, '0000-00-00 00:00:00', ''),
(90, 1, 0, '4500', '9000', '70', 1, 1, 3, '2018-06-27 11:00:33', '192.168.30.20', 0, '0000-00-00 00:00:00', ''),
(91, 1, 0, '0', '4500', '40', 1, 1, 3, '2018-06-27 11:07:15', '192.168.30.20', 0, '0000-00-00 00:00:00', ''),
(92, 1, 0, '4500', '9000', '70', 1, 1, 3, '2018-06-27 11:07:15', '192.168.30.20', 0, '0000-00-00 00:00:00', ''),
(93, 3, 0, '0', '3500', '40', 1, 1, 3, '2018-06-27 11:07:55', '192.168.30.20', 0, '0000-00-00 00:00:00', ''),
(94, 3, 0, '3500', '6500', '60', 1, 1, 3, '2018-06-27 11:07:55', '192.168.30.20', 0, '0000-00-00 00:00:00', ''),
(95, 3, 0, '6500', '9500', '80', 1, 1, 3, '2018-06-27 11:07:55', '192.168.30.20', 0, '0000-00-00 00:00:00', ''),
(96, 3, 0, '4500', '5500', '45', 1, 1, 3, '2018-06-27 11:07:55', '192.168.30.20', 0, '0000-00-00 00:00:00', ''),
(97, 4, 0, '0', '2500', '30', 1, 1, 3, '2018-06-27 11:08:34', '192.168.30.20', 0, '0000-00-00 00:00:00', ''),
(98, 4, 0, '2500', '4500', '50', 1, 1, 3, '2018-06-27 11:08:34', '192.168.30.20', 0, '0000-00-00 00:00:00', ''),
(99, 4, 0, '4500', '7000', '70', 1, 1, 3, '2018-06-27 11:08:34', '192.168.30.20', 0, '0000-00-00 00:00:00', ''),
(100, 3, 0, '0', '3500', '40', 1, 1, 3, '2018-06-27 17:53:11', '192.168.30.17', 0, '0000-00-00 00:00:00', ''),
(101, 3, 0, '3500', '6500', '60', 1, 1, 3, '2018-06-27 17:53:11', '192.168.30.17', 0, '0000-00-00 00:00:00', ''),
(102, 3, 0, '6500', '9500', '80', 1, 1, 3, '2018-06-27 17:53:11', '192.168.30.17', 0, '0000-00-00 00:00:00', ''),
(103, 3, 0, '4500', '5500', '45', 1, 1, 3, '2018-06-27 17:53:11', '192.168.30.17', 0, '0000-00-00 00:00:00', ''),
(104, 3, 0, '5500', '980000000', '9.5', 1, 1, 3, '2018-06-27 17:53:11', '192.168.30.17', 0, '0000-00-00 00:00:00', ''),
(105, 3, 0, '0', '3500', '40', 1, 1, 3, '2018-06-27 17:53:28', '192.168.30.17', 0, '0000-00-00 00:00:00', ''),
(106, 3, 0, '3500', '6500', '60', 1, 1, 3, '2018-06-27 17:53:28', '192.168.30.17', 0, '0000-00-00 00:00:00', ''),
(107, 3, 0, '6500', '9500', '80', 1, 1, 3, '2018-06-27 17:53:28', '192.168.30.17', 0, '0000-00-00 00:00:00', ''),
(108, 3, 0, '4500', '5500', '45', 1, 1, 3, '2018-06-27 17:53:28', '192.168.30.17', 0, '0000-00-00 00:00:00', ''),
(109, 3, 0, '5500', '980000000', '9.5', 1, 1, 3, '2018-06-27 17:53:28', '192.168.30.17', 0, '0000-00-00 00:00:00', ''),
(110, 1, 0, '0', '4500', '40', 1, 1, 3, '2018-06-28 16:17:49', '192.168.30.20', 0, '0000-00-00 00:00:00', ''),
(111, 1, 0, '4500', '9000', '70', 1, 1, 3, '2018-06-28 16:17:49', '192.168.30.20', 0, '0000-00-00 00:00:00', ''),
(112, 2, 0, '0', '2500', '30', 1, 1, 3, '2018-06-28 16:59:08', '192.168.30.20', 0, '0000-00-00 00:00:00', ''),
(113, 2, 0, '2500', '4500', '50', 1, 1, 3, '2018-06-28 16:59:08', '192.168.30.20', 0, '0000-00-00 00:00:00', ''),
(114, 2, 0, '4500', '7000', '70', 1, 1, 3, '2018-06-28 16:59:08', '192.168.30.20', 0, '0000-00-00 00:00:00', ''),
(115, 2, 0, '7000', '9500', '80', 1, 1, 3, '2018-06-28 16:59:08', '192.168.30.20', 0, '0000-00-00 00:00:00', ''),
(116, 1, 0, '0', '4500', '40', 1, 1, 3, '2018-06-28 17:25:52', '192.168.30.20', 0, '0000-00-00 00:00:00', ''),
(117, 1, 0, '4500', '9000', '70', 1, 1, 3, '2018-06-28 17:25:52', '192.168.30.20', 0, '0000-00-00 00:00:00', ''),
(118, 1, 0, '9000', '15000', '80', 1, 1, 3, '2018-06-28 17:25:52', '192.168.30.20', 0, '0000-00-00 00:00:00', ''),
(119, 4, 0, '0', '2500', '30', 1, 1, 3, '2018-06-28 17:26:44', '192.168.30.20', 0, '0000-00-00 00:00:00', ''),
(120, 4, 0, '2500', '4500', '50', 1, 1, 3, '2018-06-28 17:26:44', '192.168.30.20', 0, '0000-00-00 00:00:00', ''),
(121, 4, 0, '4500', '7000', '70', 1, 1, 3, '2018-06-28 17:26:44', '192.168.30.20', 0, '0000-00-00 00:00:00', ''),
(122, 4, 0, '7000', '15000', '80', 1, 1, 3, '2018-06-28 17:26:44', '192.168.30.20', 0, '0000-00-00 00:00:00', ''),
(123, 1, 0, '0', '4500', '40', 1, 1, 3, '2018-07-05 15:06:22', '192.168.30.20', 0, '0000-00-00 00:00:00', ''),
(124, 1, 0, '4500', '9000', '70', 1, 1, 3, '2018-07-05 15:06:22', '192.168.30.20', 0, '0000-00-00 00:00:00', ''),
(125, 1, 0, '9000', '15000', '80', 1, 1, 3, '2018-07-05 15:06:22', '192.168.30.20', 0, '0000-00-00 00:00:00', ''),
(126, 1, 0, '0', '4500', '40', 1, 1, 3, '2018-07-05 15:07:29', '192.168.30.20', 0, '0000-00-00 00:00:00', ''),
(127, 1, 0, '4500', '9000', '70', 1, 1, 3, '2018-07-05 15:07:29', '192.168.30.20', 0, '0000-00-00 00:00:00', ''),
(128, 1, 0, '9000', '15000', '80', 1, 1, 3, '2018-07-05 15:07:29', '192.168.30.20', 0, '0000-00-00 00:00:00', ''),
(129, 1, 0, '0', '4500', '40', 1, 1, 3, '2018-07-05 15:10:41', '192.168.30.20', 0, '0000-00-00 00:00:00', ''),
(130, 1, 0, '4500', '9000', '70', 1, 1, 3, '2018-07-05 15:10:41', '192.168.30.20', 0, '0000-00-00 00:00:00', ''),
(131, 1, 0, '9000', '15000', '80', 1, 1, 3, '2018-07-05 15:10:41', '192.168.30.20', 0, '0000-00-00 00:00:00', ''),
(132, 1, 0, '0', '4500', '40', 1, 1, 3, '2018-07-05 15:37:48', '192.168.30.20', 0, '0000-00-00 00:00:00', ''),
(133, 1, 0, '4500', '9000', '70', 1, 1, 3, '2018-07-05 15:37:48', '192.168.30.20', 0, '0000-00-00 00:00:00', ''),
(134, 1, 0, '9000', '15000', '80', 1, 1, 3, '2018-07-05 15:37:48', '192.168.30.20', 0, '0000-00-00 00:00:00', ''),
(135, 1, 0, '0', '4500', '40', 1, 0, 3, '2018-07-05 16:30:47', '192.168.30.20', 0, '0000-00-00 00:00:00', ''),
(136, 1, 0, '4500', '9000', '70', 1, 0, 3, '2018-07-05 16:30:47', '192.168.30.20', 0, '0000-00-00 00:00:00', ''),
(137, 1, 0, '9000', '15000', '80', 1, 0, 3, '2018-07-05 16:30:47', '192.168.30.20', 0, '0000-00-00 00:00:00', ''),
(138, 3, 0, '0', '3500', '40', 1, 1, 3, '2018-07-05 16:31:57', '192.168.30.20', 0, '0000-00-00 00:00:00', ''),
(139, 3, 0, '3500', '6500', '60', 1, 1, 3, '2018-07-05 16:31:57', '192.168.30.20', 0, '0000-00-00 00:00:00', ''),
(140, 3, 0, '6500', '9500', '80', 1, 1, 3, '2018-07-05 16:31:57', '192.168.30.20', 0, '0000-00-00 00:00:00', ''),
(141, 3, 0, '4500', '5500', '45', 1, 1, 3, '2018-07-05 16:31:57', '192.168.30.20', 0, '0000-00-00 00:00:00', ''),
(142, 3, 0, '5500', '980000000', '9.5', 1, 1, 3, '2018-07-05 16:31:57', '192.168.30.20', 0, '0000-00-00 00:00:00', ''),
(143, 2, 0, '0', '2500', '30', 1, 1, 3, '2018-07-05 16:34:07', '192.168.30.20', 0, '0000-00-00 00:00:00', ''),
(144, 2, 0, '2500', '4500', '50', 1, 1, 3, '2018-07-05 16:34:07', '192.168.30.20', 0, '0000-00-00 00:00:00', ''),
(145, 2, 0, '4500', '7000', '70', 1, 1, 3, '2018-07-05 16:34:07', '192.168.30.20', 0, '0000-00-00 00:00:00', ''),
(146, 2, 0, '7000', '9500', '80', 1, 1, 3, '2018-07-05 16:34:07', '192.168.30.20', 0, '0000-00-00 00:00:00', ''),
(147, 2, 0, '0', '2500', '30', 1, 1, 3, '2018-07-05 16:34:36', '192.168.30.20', 0, '0000-00-00 00:00:00', ''),
(148, 2, 0, '2500', '4500', '50', 1, 1, 3, '2018-07-05 16:34:36', '192.168.30.20', 0, '0000-00-00 00:00:00', ''),
(149, 2, 0, '4500', '7000', '70', 1, 1, 3, '2018-07-05 16:34:36', '192.168.30.20', 0, '0000-00-00 00:00:00', ''),
(150, 2, 0, '7000', '9500', '80', 1, 1, 3, '2018-07-05 16:34:36', '192.168.30.20', 0, '0000-00-00 00:00:00', ''),
(151, 2, 0, '0', '2500', '30', 1, 0, 3, '2018-07-05 16:34:50', '192.168.30.20', 0, '0000-00-00 00:00:00', ''),
(152, 2, 0, '2500', '4500', '50', 1, 0, 3, '2018-07-05 16:34:50', '192.168.30.20', 0, '0000-00-00 00:00:00', ''),
(153, 2, 0, '4500', '7000', '70', 1, 0, 3, '2018-07-05 16:34:50', '192.168.30.20', 0, '0000-00-00 00:00:00', ''),
(154, 2, 0, '7000', '9500', '80', 1, 0, 3, '2018-07-05 16:34:50', '192.168.30.20', 0, '0000-00-00 00:00:00', ''),
(155, 3, 0, '0', '3500', '40', 1, 1, 3, '2018-07-06 15:54:03', '192.168.30.20', 0, '0000-00-00 00:00:00', ''),
(156, 3, 0, '3500', '6500', '60', 1, 1, 3, '2018-07-06 15:54:03', '192.168.30.20', 0, '0000-00-00 00:00:00', ''),
(157, 3, 0, '6500', '9500', '80', 1, 1, 3, '2018-07-06 15:54:03', '192.168.30.20', 0, '0000-00-00 00:00:00', ''),
(158, 3, 0, '4500', '5500', '45', 1, 1, 3, '2018-07-06 15:54:03', '192.168.30.20', 0, '0000-00-00 00:00:00', ''),
(159, 3, 0, '5500', '980000000', '9.5', 1, 1, 3, '2018-07-06 15:54:03', '192.168.30.20', 0, '0000-00-00 00:00:00', ''),
(160, 3, 0, '0', '3500', '40', 1, 0, 3, '2018-07-06 16:07:59', '192.168.30.20', 0, '0000-00-00 00:00:00', ''),
(161, 3, 0, '3500', '6500', '60', 1, 0, 3, '2018-07-06 16:07:59', '192.168.30.20', 0, '0000-00-00 00:00:00', ''),
(162, 3, 0, '6500', '9500', '80', 1, 0, 3, '2018-07-06 16:07:59', '192.168.30.20', 0, '0000-00-00 00:00:00', ''),
(163, 3, 0, '4500', '5500', '45', 1, 0, 3, '2018-07-06 16:07:59', '192.168.30.20', 0, '0000-00-00 00:00:00', ''),
(164, 3, 0, '5500', '980000000', '9.5', 1, 0, 3, '2018-07-06 16:07:59', '192.168.30.20', 0, '0000-00-00 00:00:00', ''),
(165, 5, 0, '0', '4500', '40', 1, 0, 3, '2018-07-11 16:18:13', '192.168.30.20', 0, '0000-00-00 00:00:00', ''),
(166, 5, 0, '4500', '9000', '70', 1, 0, 3, '2018-07-11 16:18:13', '192.168.30.20', 0, '0000-00-00 00:00:00', '');

-- --------------------------------------------------------

--
-- Table structure for table `ft_broker_payout_master`
--

CREATE TABLE IF NOT EXISTS `ft_broker_payout_master` (
`id` int(11) NOT NULL,
  `broker_id` int(8) NOT NULL,
  `payout_schedule_id` int(12) NOT NULL,
  `payout_schedule_name` varchar(100) NOT NULL,
  `description` varchar(50) NOT NULL,
  `transaction_type_general` tinyint(1) NOT NULL,
  `product_category1` tinyint(1) NOT NULL DEFAULT '0',
  `product_category2` tinyint(1) NOT NULL DEFAULT '0',
  `product_category3` tinyint(1) NOT NULL DEFAULT '0',
  `product_category4` tinyint(1) NOT NULL DEFAULT '0',
  `basis` tinyint(1) NOT NULL,
  `cumulative` tinyint(1) NOT NULL,
  `year` tinyint(1) NOT NULL,
  `calculation_detail` tinyint(1) NOT NULL,
  `clearing_charge_deducted_from` tinyint(1) NOT NULL,
  `reset` date NOT NULL,
  `description_type` varchar(100) NOT NULL,
  `team_member` varchar(100) NOT NULL,
  `minimum_trade_gross` varchar(100) NOT NULL,
  `minimum_12B1_gross` varchar(100) NOT NULL,
  `start` date NOT NULL,
  `until` date NOT NULL,
  `apply_to` tinyint(1) NOT NULL,
  `product_2` tinyint(1) NOT NULL DEFAULT '0',
  `product_3` tinyint(1) NOT NULL DEFAULT '0',
  `product_4` tinyint(1) NOT NULL DEFAULT '0',
  `product_5` tinyint(1) NOT NULL DEFAULT '0',
  `calculate_on` tinyint(1) NOT NULL,
  `deduct` tinyint(1) NOT NULL,
  `hold_commissions` varchar(100) NOT NULL,
  `hold_commission_until` date NOT NULL,
  `hold_commission_after` date NOT NULL,
  `summarize_payroll_adjustments` varchar(100) NOT NULL,
  `summarize_12B1_from_autoposting` varchar(100) NOT NULL,
  `status` tinyint(1) NOT NULL DEFAULT '1',
  `is_delete` tinyint(1) NOT NULL DEFAULT '0',
  `created_by` int(12) NOT NULL,
  `created_time` datetime NOT NULL,
  `created_ip` varchar(100) NOT NULL,
  `modified_by` int(12) NOT NULL,
  `modified_time` datetime NOT NULL,
  `modified_ip` varchar(100) NOT NULL
) ENGINE=InnoDB AUTO_INCREMENT=6 DEFAULT CHARSET=latin1;

--
-- Dumping data for table `ft_broker_payout_master`
--

INSERT INTO `ft_broker_payout_master` (`id`, `broker_id`, `payout_schedule_id`, `payout_schedule_name`, `description`, `transaction_type_general`, `product_category1`, `product_category2`, `product_category3`, `product_category4`, `basis`, `cumulative`, `year`, `calculation_detail`, `clearing_charge_deducted_from`, `reset`, `description_type`, `team_member`, `minimum_trade_gross`, `minimum_12B1_gross`, `start`, `until`, `apply_to`, `product_2`, `product_3`, `product_4`, `product_5`, `calculate_on`, `deduct`, `hold_commissions`, `hold_commission_until`, `hold_commission_after`, `summarize_payroll_adjustments`, `summarize_12B1_from_autoposting`, `status`, `is_delete`, `created_by`, `created_time`, `created_ip`, `modified_by`, `modified_time`, `modified_ip`) VALUES
(1, 1, 1, 'Schedule1', '', 1, 0, 0, 0, 0, 1, 2, 1, 1, 2, '2018-05-09', 'pragna', '1', '154', '156', '0000-00-00', '0000-00-00', 2, 0, 0, 0, 0, 1, 0, '1', '2018-06-27', '2018-06-26', '', '', 1, 0, 3, '2018-06-13 17:01:22', '192.168.30.20', 3, '2018-07-05 16:30:47', '192.168.30.20'),
(2, 2, 3, 'Schedule3', '', 1, 0, 0, 0, 0, 1, 1, 1, 2, 1, '1970-01-01', '', '', '', '', '0000-00-00', '0000-00-00', 2, 0, 0, 0, 0, 2, 0, '', '0000-00-00', '0000-00-00', '', '', 1, 0, 3, '2018-06-13 17:05:50', '192.168.30.20', 3, '2018-07-05 16:34:50', '192.168.30.20'),
(3, 3, 2, 'schedule2', '', 1, 0, 0, 0, 0, 2, 2, 2, 2, 1, '2018-06-27', 'harshi', '1', '', '', '0000-00-00', '0000-00-00', 1, 0, 0, 0, 0, 1, 0, '', '0000-00-00', '0000-00-00', '', '', 1, 0, 3, '2018-06-13 17:07:41', '192.168.30.20', 3, '2018-07-06 16:07:59', '192.168.30.20'),
(4, 4, 3, 'Schedule3', '', 1, 0, 0, 0, 0, 1, 1, 1, 1, 1, '1970-01-01', '', '', '', '', '0000-00-00', '0000-00-00', 0, 0, 0, 0, 0, 0, 0, '', '0000-00-00', '0000-00-00', '', '', 1, 0, 3, '2018-06-13 17:30:12', '192.168.30.20', 3, '2018-07-06 17:04:46', '192.168.30.20'),
(5, 5, 1, 'Schedule1', '', 1, 0, 0, 0, 0, 2, 1, 2, 0, 0, '2018-05-09', 'pragna', '1', '154', '156', '0000-00-00', '0000-00-00', 0, 0, 0, 0, 0, 0, 0, '', '0000-00-00', '0000-00-00', '', '', 1, 0, 3, '2018-07-11 16:18:13', '192.168.30.20', 0, '0000-00-00 00:00:00', '');

-- --------------------------------------------------------

--
-- Table structure for table `ft_broker_payout_override`
--

CREATE TABLE IF NOT EXISTS `ft_broker_payout_override` (
`id` int(11) NOT NULL,
  `broker_id` int(8) NOT NULL,
  `rap` varchar(10) NOT NULL,
  `from` varchar(100) NOT NULL,
  `to` varchar(100) NOT NULL,
  `product_category` int(12) NOT NULL,
  `per` varchar(3) NOT NULL,
  `status` tinyint(1) NOT NULL DEFAULT '1',
  `is_delete` tinyint(1) NOT NULL DEFAULT '0',
  `created_by` int(12) NOT NULL,
  `created_time` datetime NOT NULL,
  `created_ip` varchar(100) NOT NULL,
  `modified_by` int(12) NOT NULL,
  `modified_time` datetime NOT NULL,
  `modified_ip` varchar(100) NOT NULL
) ENGINE=InnoDB AUTO_INCREMENT=89 DEFAULT CHARSET=latin1;

--
-- Dumping data for table `ft_broker_payout_override`
--

INSERT INTO `ft_broker_payout_override` (`id`, `broker_id`, `rap`, `from`, `to`, `product_category`, `per`, `status`, `is_delete`, `created_by`, `created_time`, `created_ip`, `modified_by`, `modified_time`, `modified_ip`) VALUES
(1, 1, '1', '2018-06-19', '2018-06-20', 1, '200', 1, 1, 3, '2018-06-20 14:13:18', '192.168.30.20', 0, '0000-00-00 00:00:00', ''),
(2, 1, '4', '2018-06-18', '2018-06-21', 0, '300', 1, 1, 3, '2018-06-20 14:13:18', '192.168.30.20', 0, '0000-00-00 00:00:00', ''),
(3, 3, '2', '2018-06-20', '2018-06-25', 1, '20', 1, 1, 3, '2018-06-20 16:59:48', '192.168.30.20', 0, '0000-00-00 00:00:00', ''),
(4, 3, '3', '2018-06-20', '2018-06-28', 0, '25', 1, 1, 3, '2018-06-20 16:59:48', '192.168.30.20', 0, '0000-00-00 00:00:00', ''),
(5, 4, '4', '2018-06-27', '2018-06-29', 2, '10', 1, 1, 3, '2018-06-20 17:02:26', '192.168.30.20', 0, '0000-00-00 00:00:00', ''),
(6, 4, '3', '2018-06-28', '2018-06-30', 0, '20', 1, 1, 3, '2018-06-20 17:02:26', '192.168.30.20', 0, '0000-00-00 00:00:00', ''),
(7, 1, '1', '2018-06-19', '2018-06-20', 1, '200', 1, 1, 3, '2018-06-25 10:15:09', '192.168.30.20', 0, '0000-00-00 00:00:00', ''),
(8, 1, '4', '2018-06-18', '2018-06-21', 0, '300', 1, 1, 3, '2018-06-25 10:15:09', '192.168.30.20', 0, '0000-00-00 00:00:00', ''),
(9, 3, '2', '2018-06-20', '2018-06-25', 1, '20', 1, 1, 3, '2018-06-25 10:15:41', '192.168.30.20', 0, '0000-00-00 00:00:00', ''),
(10, 3, '3', '2018-06-20', '2018-06-28', 0, '25', 1, 1, 3, '2018-06-25 10:15:41', '192.168.30.20', 0, '0000-00-00 00:00:00', ''),
(11, 4, '4', '2018-06-27', '2018-06-29', 2, '10', 1, 1, 3, '2018-06-25 10:16:18', '192.168.30.20', 0, '0000-00-00 00:00:00', ''),
(12, 4, '3', '2018-06-28', '2018-06-30', 0, '20', 1, 1, 3, '2018-06-25 10:16:18', '192.168.30.20', 0, '0000-00-00 00:00:00', ''),
(13, 3, '2', '2018-06-20', '2018-06-25', 1, '20', 1, 1, 3, '2018-06-26 14:35:49', '192.168.30.20', 0, '0000-00-00 00:00:00', ''),
(14, 3, '3', '2018-06-20', '2018-06-28', 0, '25', 1, 1, 3, '2018-06-26 14:35:49', '192.168.30.20', 0, '0000-00-00 00:00:00', ''),
(15, 3, '2', '2018-06-20', '2018-06-25', 1, '20', 1, 1, 3, '2018-06-26 14:38:30', '192.168.30.20', 0, '0000-00-00 00:00:00', ''),
(16, 3, '3', '2018-06-20', '2018-06-28', 0, '25', 1, 1, 3, '2018-06-26 14:38:30', '192.168.30.20', 0, '0000-00-00 00:00:00', ''),
(17, 3, '2', '2018-06-20', '2018-06-25', 1, '20', 1, 1, 3, '2018-06-26 14:46:46', '192.168.30.20', 0, '0000-00-00 00:00:00', ''),
(18, 3, '3', '2018-06-20', '2018-06-28', 0, '25', 1, 1, 3, '2018-06-26 14:46:46', '192.168.30.20', 0, '0000-00-00 00:00:00', ''),
(19, 1, '1', '2018-06-19', '2018-06-20', 1, '200', 1, 1, 3, '2018-06-27 10:06:50', '192.168.30.20', 0, '0000-00-00 00:00:00', ''),
(20, 1, '4', '2018-06-18', '2018-06-21', 0, '300', 1, 1, 3, '2018-06-27 10:06:50', '192.168.30.20', 0, '0000-00-00 00:00:00', ''),
(21, 3, '2', '2018-06-20', '2018-06-25', 1, '20', 1, 1, 3, '2018-06-27 10:07:47', '192.168.30.20', 0, '0000-00-00 00:00:00', ''),
(22, 3, '3', '2018-06-20', '2018-06-28', 0, '25', 1, 1, 3, '2018-06-27 10:07:47', '192.168.30.20', 0, '0000-00-00 00:00:00', ''),
(23, 4, '4', '2018-06-27', '2018-06-29', 2, '10', 1, 1, 3, '2018-06-27 10:09:25', '192.168.30.20', 0, '0000-00-00 00:00:00', ''),
(24, 4, '3', '2018-06-28', '2018-06-30', 0, '20', 1, 1, 3, '2018-06-27 10:09:25', '192.168.30.20', 0, '0000-00-00 00:00:00', ''),
(25, 1, '1', '2018-06-19', '2018-06-20', 1, '200', 1, 1, 3, '2018-06-27 10:17:49', '192.168.30.20', 0, '0000-00-00 00:00:00', ''),
(26, 1, '4', '2018-06-18', '2018-06-21', 0, '300', 1, 1, 3, '2018-06-27 10:17:49', '192.168.30.20', 0, '0000-00-00 00:00:00', ''),
(27, 1, '1', '2018-06-19', '2018-06-20', 1, '200', 1, 1, 3, '2018-06-27 10:50:37', '192.168.30.20', 0, '0000-00-00 00:00:00', ''),
(28, 1, '4', '2018-06-18', '2018-06-21', 0, '300', 1, 1, 3, '2018-06-27 10:50:37', '192.168.30.20', 0, '0000-00-00 00:00:00', ''),
(29, 1, '1', '2018-06-19', '2018-06-20', 1, '200', 1, 1, 3, '2018-06-27 11:00:33', '192.168.30.20', 0, '0000-00-00 00:00:00', ''),
(30, 1, '4', '2018-06-18', '2018-06-21', 0, '300', 1, 1, 3, '2018-06-27 11:00:33', '192.168.30.20', 0, '0000-00-00 00:00:00', ''),
(31, 1, '1', '2018-06-19', '2018-06-20', 1, '200', 1, 1, 3, '2018-06-27 11:07:15', '192.168.30.20', 0, '0000-00-00 00:00:00', ''),
(32, 1, '4', '2018-06-18', '2018-06-21', 0, '300', 1, 1, 3, '2018-06-27 11:07:15', '192.168.30.20', 0, '0000-00-00 00:00:00', ''),
(33, 3, '2', '2018-06-20', '2018-06-25', 1, '20', 1, 1, 3, '2018-06-27 11:07:55', '192.168.30.20', 0, '0000-00-00 00:00:00', ''),
(34, 3, '3', '2018-06-20', '2018-06-28', 0, '25', 1, 1, 3, '2018-06-27 11:07:55', '192.168.30.20', 0, '0000-00-00 00:00:00', ''),
(35, 4, '4', '2018-06-27', '2018-06-29', 2, '10', 1, 1, 3, '2018-06-27 11:08:34', '192.168.30.20', 0, '0000-00-00 00:00:00', ''),
(36, 4, '3', '2018-06-28', '2018-06-30', 0, '20', 1, 1, 3, '2018-06-27 11:08:34', '192.168.30.20', 0, '0000-00-00 00:00:00', ''),
(37, 3, '2', '2018-06-20', '2018-06-25', 1, '20', 1, 1, 3, '2018-06-27 17:53:11', '192.168.30.17', 0, '0000-00-00 00:00:00', ''),
(38, 3, '3', '2018-06-20', '2018-06-28', 0, '25', 1, 1, 3, '2018-06-27 17:53:11', '192.168.30.17', 0, '0000-00-00 00:00:00', ''),
(39, 3, '2', '2018-06-20', '2018-06-25', 1, '20', 1, 1, 3, '2018-06-27 17:53:28', '192.168.30.17', 0, '0000-00-00 00:00:00', ''),
(40, 3, '3', '2018-06-20', '2018-06-28', 0, '25', 1, 1, 3, '2018-06-27 17:53:28', '192.168.30.17', 0, '0000-00-00 00:00:00', ''),
(41, 1, '1', '2018-06-19', '2018-06-20', 1, '200', 1, 1, 3, '2018-06-28 16:17:49', '192.168.30.20', 0, '0000-00-00 00:00:00', ''),
(42, 1, '4', '2018-06-18', '2018-06-21', 0, '300', 1, 1, 3, '2018-06-28 16:17:49', '192.168.30.20', 0, '0000-00-00 00:00:00', ''),
(43, 4, '4', '2018-06-27', '2018-06-29', 2, '10', 1, 1, 3, '2018-06-28 17:03:59', '192.168.30.20', 0, '0000-00-00 00:00:00', ''),
(44, 4, '3', '2018-06-28', '2018-06-30', 0, '20', 1, 1, 3, '2018-06-28 17:03:59', '192.168.30.20', 0, '0000-00-00 00:00:00', ''),
(45, 4, '4', '2018-06-27', '2018-06-29', 2, '10', 1, 1, 3, '2018-06-28 17:04:42', '192.168.30.20', 0, '0000-00-00 00:00:00', ''),
(46, 4, '3', '2018-06-28', '2018-06-30', 0, '20', 1, 1, 3, '2018-06-28 17:04:42', '192.168.30.20', 0, '0000-00-00 00:00:00', ''),
(47, 4, '4', '2018-06-27', '2018-06-29', 2, '10', 1, 1, 3, '2018-06-28 17:06:02', '192.168.30.20', 0, '0000-00-00 00:00:00', ''),
(48, 4, '3', '2018-06-28', '2018-06-30', 0, '20', 1, 1, 3, '2018-06-28 17:06:02', '192.168.30.20', 0, '0000-00-00 00:00:00', ''),
(49, 1, '1', '2018-06-19', '2018-06-20', 1, '200', 1, 1, 3, '2018-06-28 17:25:52', '192.168.30.20', 0, '0000-00-00 00:00:00', ''),
(50, 1, '4', '2018-06-18', '2018-06-21', 0, '300', 1, 1, 3, '2018-06-28 17:25:52', '192.168.30.20', 0, '0000-00-00 00:00:00', ''),
(51, 4, '4', '2018-06-27', '2018-06-29', 2, '10', 1, 1, 3, '2018-06-28 17:26:44', '192.168.30.20', 0, '0000-00-00 00:00:00', ''),
(52, 4, '3', '2018-06-28', '2018-06-30', 0, '20', 1, 1, 3, '2018-06-28 17:26:44', '192.168.30.20', 0, '0000-00-00 00:00:00', ''),
(53, 4, '4', '2018-06-27', '2018-06-29', 2, '10', 1, 1, 3, '2018-06-28 17:27:18', '192.168.30.20', 0, '0000-00-00 00:00:00', ''),
(54, 4, '3', '2018-06-28', '2018-06-30', 0, '20', 1, 1, 3, '2018-06-28 17:27:18', '192.168.30.20', 0, '0000-00-00 00:00:00', ''),
(55, 4, '4', '2018-06-27', '2018-07-04', 2, '10', 1, 1, 3, '2018-07-04 12:48:39', '192.168.30.20', 0, '0000-00-00 00:00:00', ''),
(56, 4, '3', '2018-06-28', '2018-06-30', 0, '20', 1, 1, 3, '2018-07-04 12:48:39', '192.168.30.20', 0, '0000-00-00 00:00:00', ''),
(57, 4, '4', '2018-06-27', '2018-07-04', 2, '10', 1, 1, 3, '2018-07-04 12:49:47', '192.168.30.20', 0, '0000-00-00 00:00:00', ''),
(58, 4, '3', '2018-06-28', '2018-06-30', 0, '20', 1, 1, 3, '2018-07-04 12:49:47', '192.168.30.20', 0, '0000-00-00 00:00:00', ''),
(59, 4, '1', '2018-07-01', '2018-07-05', 1, '30', 1, 1, 3, '2018-07-04 12:49:47', '192.168.30.20', 0, '0000-00-00 00:00:00', ''),
(60, 1, '1', '2018-06-19', '2018-07-05', 1, '200', 1, 1, 3, '2018-07-05 15:06:22', '192.168.30.20', 0, '0000-00-00 00:00:00', ''),
(61, 1, '4', '2018-06-18', '2018-06-21', 0, '300', 1, 1, 3, '2018-07-05 15:06:22', '192.168.30.20', 0, '0000-00-00 00:00:00', ''),
(62, 1, '1', '2018-06-19', '2018-07-05', 1, '200', 1, 1, 3, '2018-07-05 15:07:29', '192.168.30.20', 0, '0000-00-00 00:00:00', ''),
(63, 1, '4', '2018-06-18', '2018-06-21', 0, '300', 1, 1, 3, '2018-07-05 15:07:29', '192.168.30.20', 0, '0000-00-00 00:00:00', ''),
(64, 1, '2', '2018-07-05', '2018-07-05', 3, '200', 1, 1, 3, '2018-07-05 15:07:29', '192.168.30.20', 0, '0000-00-00 00:00:00', ''),
(65, 1, '1', '2018-06-19', '2018-07-05', 1, '200', 1, 1, 3, '2018-07-05 15:10:41', '192.168.30.20', 0, '0000-00-00 00:00:00', ''),
(66, 1, '4', '2018-06-18', '2018-07-06', 0, '300', 1, 1, 3, '2018-07-05 15:10:41', '192.168.30.20', 0, '0000-00-00 00:00:00', ''),
(67, 1, '2', '2018-07-05', '2018-07-05', 3, '200', 1, 1, 3, '2018-07-05 15:10:41', '192.168.30.20', 0, '0000-00-00 00:00:00', ''),
(68, 1, '1', '2018-06-19', '2018-07-05', 1, '8', 1, 1, 3, '2018-07-05 15:37:48', '192.168.30.20', 0, '0000-00-00 00:00:00', ''),
(69, 1, '4', '2018-06-18', '2018-07-06', 0, '10', 1, 1, 3, '2018-07-05 15:37:48', '192.168.30.20', 0, '0000-00-00 00:00:00', ''),
(70, 1, '2', '2018-07-05', '2018-07-05', 3, '5', 1, 1, 3, '2018-07-05 15:37:48', '192.168.30.20', 0, '0000-00-00 00:00:00', ''),
(71, 1, '4', '2018-06-18', '2018-07-06', 0, '10', 1, 0, 3, '2018-07-05 16:30:47', '192.168.30.20', 0, '0000-00-00 00:00:00', ''),
(72, 1, '2', '2018-07-05', '2018-07-05', 2, '5', 1, 0, 3, '2018-07-05 16:30:47', '192.168.30.20', 0, '0000-00-00 00:00:00', ''),
(73, 3, '4', '2018-06-20', '2018-06-25', 1, '20', 1, 1, 3, '2018-07-05 16:31:57', '192.168.30.20', 0, '0000-00-00 00:00:00', ''),
(74, 3, '1', '2018-06-20', '2018-07-06', 0, '25', 1, 1, 3, '2018-07-05 16:31:57', '192.168.30.20', 0, '0000-00-00 00:00:00', ''),
(75, 4, '3', '2018-06-28', '2018-07-07', 0, '20', 1, 1, 3, '2018-07-05 16:32:45', '192.168.30.20', 0, '0000-00-00 00:00:00', ''),
(76, 4, '1', '2018-07-01', '2018-07-05', 1, '30', 1, 1, 3, '2018-07-05 16:32:45', '192.168.30.20', 0, '0000-00-00 00:00:00', ''),
(77, 2, '1', '2018-07-05', '2018-07-10', 2, '5', 1, 1, 3, '2018-07-05 16:34:07', '192.168.30.20', 0, '0000-00-00 00:00:00', ''),
(78, 2, '3', '2018-07-04', '2018-07-05', 0, '8', 1, 1, 3, '2018-07-05 16:34:07', '192.168.30.20', 0, '0000-00-00 00:00:00', ''),
(79, 2, '1', '2018-07-05', '2018-07-10', 2, '5', 1, 1, 3, '2018-07-05 16:34:36', '192.168.30.20', 0, '0000-00-00 00:00:00', ''),
(80, 2, '3', '2018-07-04', '2018-07-05', 0, '8', 1, 1, 3, '2018-07-05 16:34:36', '192.168.30.20', 0, '0000-00-00 00:00:00', ''),
(81, 2, '1', '2018-07-05', '2018-07-10', 2, '5', 1, 0, 3, '2018-07-05 16:34:50', '192.168.30.20', 0, '0000-00-00 00:00:00', ''),
(82, 2, '3', '2018-07-04', '2018-07-05', 0, '8', 1, 0, 3, '2018-07-05 16:34:50', '192.168.30.20', 0, '0000-00-00 00:00:00', ''),
(83, 3, '4', '2018-06-20', '2018-06-25', 1, '20', 1, 1, 3, '2018-07-06 15:54:03', '192.168.30.20', 0, '0000-00-00 00:00:00', ''),
(84, 3, '1', '2018-06-20', '2018-07-06', 0, '25', 1, 1, 3, '2018-07-06 15:54:03', '192.168.30.20', 0, '0000-00-00 00:00:00', ''),
(85, 3, '4', '2018-06-20', '2018-07-06', 1, '20', 1, 0, 3, '2018-07-06 16:07:59', '192.168.30.20', 0, '0000-00-00 00:00:00', ''),
(86, 3, '1', '2018-06-20', '2018-07-06', 0, '25', 1, 0, 3, '2018-07-06 16:07:59', '192.168.30.20', 0, '0000-00-00 00:00:00', ''),
(87, 4, '3', '2018-06-28', '2018-07-07', 0, '20', 1, 0, 3, '2018-07-06 17:04:46', '192.168.30.20', 0, '0000-00-00 00:00:00', ''),
(88, 4, '1', '2018-07-01', '2018-07-05', 1, '30', 1, 0, 3, '2018-07-06 17:04:46', '192.168.30.20', 0, '0000-00-00 00:00:00', '');

-- --------------------------------------------------------

--
-- Table structure for table `ft_broker_payout_schedule`
--

CREATE TABLE IF NOT EXISTS `ft_broker_payout_schedule` (
`id` int(12) NOT NULL,
  `payout_schedule_name` varchar(100) NOT NULL,
  `transaction_type_general` tinyint(1) NOT NULL DEFAULT '1',
  `product_category` tinyint(1) NOT NULL DEFAULT '0',
  `basis` tinyint(1) NOT NULL,
  `cumulative` tinyint(1) NOT NULL,
  `year` tinyint(1) NOT NULL,
  `calculation_detail` tinyint(1) NOT NULL,
  `clearing_charge_deducted_from` tinyint(1) NOT NULL,
  `reset` date NOT NULL,
  `description_type` varchar(100) NOT NULL,
  `team_member` varchar(100) NOT NULL,
  `minimum_trade_gross` varchar(100) NOT NULL,
  `minimum_12B1_gross` varchar(100) NOT NULL,
  `is_default` tinyint(1) NOT NULL DEFAULT '0',
  `status` tinyint(1) NOT NULL DEFAULT '1',
  `is_delete` tinyint(1) NOT NULL DEFAULT '0',
  `created_by` int(12) NOT NULL,
  `created_time` datetime NOT NULL,
  `created_ip` varchar(100) NOT NULL,
  `modified_by` int(12) NOT NULL,
  `modified_time` datetime NOT NULL,
  `modified_ip` varchar(100) NOT NULL
) ENGINE=InnoDB AUTO_INCREMENT=4 DEFAULT CHARSET=latin1;

--
-- Dumping data for table `ft_broker_payout_schedule`
--

INSERT INTO `ft_broker_payout_schedule` (`id`, `payout_schedule_name`, `transaction_type_general`, `product_category`, `basis`, `cumulative`, `year`, `calculation_detail`, `clearing_charge_deducted_from`, `reset`, `description_type`, `team_member`, `minimum_trade_gross`, `minimum_12B1_gross`, `is_default`, `status`, `is_delete`, `created_by`, `created_time`, `created_ip`, `modified_by`, `modified_time`, `modified_ip`) VALUES
(1, 'Schedule1', 1, 0, 2, 1, 2, 3, 0, '2018-05-09', 'pragna', '1', '154', '156', 1, 1, 0, 3, '2018-05-09 17:01:42', '192.168.30.30', 3, '2018-06-27 11:00:00', '192.168.30.20'),
(2, 'schedule2', 1, 0, 0, 0, 0, 0, 0, '1970-01-01', 'harshi', '1', '', '', 0, 1, 0, 3, '2018-05-09 17:10:03', '192.168.30.30', 3, '2018-06-27 10:02:00', '192.168.30.20'),
(3, 'Schedule3', 1, 0, 1, 1, 1, 1, 1, '1970-01-01', '', '', '', '', 0, 1, 0, 3, '2018-05-21 10:45:45', '192.168.30.20', 3, '2018-06-27 10:06:00', '192.168.30.20');

-- --------------------------------------------------------

--
-- Table structure for table `ft_broker_payout_schedule_grid`
--

CREATE TABLE IF NOT EXISTS `ft_broker_payout_schedule_grid` (
`id` int(12) NOT NULL,
  `payout_schedule_id` int(12) NOT NULL,
  `sliding_rates` int(12) NOT NULL,
  `from` varchar(100) NOT NULL,
  `to` varchar(100) NOT NULL,
  `per` varchar(100) NOT NULL,
  `status` tinyint(1) NOT NULL DEFAULT '1',
  `is_delete` tinyint(1) NOT NULL DEFAULT '0',
  `created_by` int(12) NOT NULL,
  `created_time` datetime NOT NULL,
  `created_ip` varchar(100) NOT NULL,
  `modified_by` int(12) NOT NULL,
  `modified_time` datetime NOT NULL,
  `modified_ip` varchar(100) NOT NULL
) ENGINE=InnoDB AUTO_INCREMENT=36 DEFAULT CHARSET=latin1;

--
-- Dumping data for table `ft_broker_payout_schedule_grid`
--

INSERT INTO `ft_broker_payout_schedule_grid` (`id`, `payout_schedule_id`, `sliding_rates`, `from`, `to`, `per`, `status`, `is_delete`, `created_by`, `created_time`, `created_ip`, `modified_by`, `modified_time`, `modified_ip`) VALUES
(1, 1, 0, '200', '3500', '2000', 1, 1, 3, '2018-05-09 17:01:42', '192.168.30.30', 0, '0000-00-00 00:00:00', ''),
(2, 1, 0, '4500', '800', '600', 1, 1, 3, '2018-05-09 17:01:42', '192.168.30.30', 0, '0000-00-00 00:00:00', ''),
(3, 1, 0, '200', '3500', '2000', 1, 1, 3, '2018-05-09 17:09:07', '192.168.30.30', 0, '0000-00-00 00:00:00', ''),
(4, 1, 0, '4500', '800', '600', 1, 1, 3, '2018-05-09 17:09:07', '192.168.30.30', 0, '0000-00-00 00:00:00', ''),
(5, 2, 0, '20', '40', '60', 1, 1, 3, '2018-05-09 17:10:03', '192.168.30.30', 0, '0000-00-00 00:00:00', ''),
(6, 2, 0, '80', '70', '90', 1, 1, 3, '2018-05-09 17:10:03', '192.168.30.30', 0, '0000-00-00 00:00:00', ''),
(7, 1, 0, '200', '3500', '2000', 1, 1, 3, '2018-05-11 17:40:36', '192.168.30.30', 0, '0000-00-00 00:00:00', ''),
(8, 1, 0, '4500', '800', '600', 1, 1, 3, '2018-05-11 17:40:36', '192.168.30.30', 0, '0000-00-00 00:00:00', ''),
(9, 2, 0, '20', '40', '60', 1, 1, 3, '2018-05-11 17:47:02', '192.168.30.30', 0, '0000-00-00 00:00:00', ''),
(10, 2, 0, '80', '70', '90', 1, 1, 3, '2018-05-11 17:47:02', '192.168.30.30', 0, '0000-00-00 00:00:00', ''),
(11, 2, 0, '20', '40', '60', 1, 1, 3, '2018-05-11 17:57:03', '192.168.30.30', 0, '0000-00-00 00:00:00', ''),
(12, 2, 0, '80', '70', '90', 1, 1, 3, '2018-05-11 17:57:03', '192.168.30.30', 0, '0000-00-00 00:00:00', ''),
(13, 1, 0, '200', '3500', '2000', 1, 1, 3, '2018-05-11 17:57:27', '192.168.30.30', 0, '0000-00-00 00:00:00', ''),
(14, 1, 0, '4500', '800', '600', 1, 1, 3, '2018-05-11 17:57:27', '192.168.30.30', 0, '0000-00-00 00:00:00', ''),
(15, 1, 0, '200', '3500', '2000', 1, 1, 3, '2018-05-21 10:38:56', '192.168.30.20', 0, '0000-00-00 00:00:00', ''),
(16, 1, 0, '4500', '800', '600', 1, 1, 3, '2018-05-21 10:38:56', '192.168.30.20', 0, '0000-00-00 00:00:00', ''),
(17, 1, 100, '200', '3500', '2000', 1, 1, 3, '2018-05-21 10:43:03', '192.168.30.20', 0, '0000-00-00 00:00:00', ''),
(18, 1, 100, '4500', '800', '600', 1, 1, 3, '2018-05-21 10:43:03', '192.168.30.20', 0, '0000-00-00 00:00:00', ''),
(19, 1, 100, '200', '3500', '2000', 1, 1, 3, '2018-05-21 10:44:33', '192.168.30.20', 0, '0000-00-00 00:00:00', ''),
(20, 1, 100, '4500', '800', '600', 1, 1, 3, '2018-05-21 10:44:33', '192.168.30.20', 0, '0000-00-00 00:00:00', ''),
(21, 3, 200, '300', '400', '20', 1, 1, 3, '2018-05-21 10:52:13', '192.168.30.20', 0, '0000-00-00 00:00:00', ''),
(22, 3, 700, '800', '900', '40', 1, 1, 3, '2018-05-21 10:52:13', '192.168.30.20', 0, '0000-00-00 00:00:00', ''),
(23, 3, 500, '6008', '800', '10', 1, 1, 3, '2018-05-21 10:52:13', '192.168.30.20', 0, '0000-00-00 00:00:00', ''),
(24, 1, 100, '200', '3500', '2000', 1, 1, 3, '2018-06-13 16:44:09', '192.168.30.20', 0, '0000-00-00 00:00:00', ''),
(25, 1, 100, '4500', '800', '600', 1, 1, 3, '2018-06-13 16:44:09', '192.168.30.20', 0, '0000-00-00 00:00:00', ''),
(26, 1, 0, '0', '4500', '40', 1, 1, 3, '2018-06-27 10:01:16', '192.168.30.20', 0, '0000-00-00 00:00:00', ''),
(27, 1, 0, '4500', '9000', '70', 1, 1, 3, '2018-06-27 10:01:16', '192.168.30.20', 0, '0000-00-00 00:00:00', ''),
(28, 2, 0, '0', '3500', '40', 1, 0, 3, '2018-06-27 10:02:00', '192.168.30.20', 0, '0000-00-00 00:00:00', ''),
(29, 2, 0, '3500', '6500', '60', 1, 0, 3, '2018-06-27 10:02:00', '192.168.30.20', 0, '0000-00-00 00:00:00', ''),
(30, 2, 0, '6500', '9500', '80', 1, 0, 3, '2018-06-27 10:02:00', '192.168.30.20', 0, '0000-00-00 00:00:00', ''),
(31, 3, 0, '0', '2500', '30', 1, 0, 3, '2018-06-27 10:06:00', '192.168.30.20', 0, '0000-00-00 00:00:00', ''),
(32, 3, 0, '2500', '4500', '50', 1, 0, 3, '2018-06-27 10:06:00', '192.168.30.20', 0, '0000-00-00 00:00:00', ''),
(33, 3, 0, '4500', '7000', '70', 1, 0, 3, '2018-06-27 10:06:00', '192.168.30.20', 0, '0000-00-00 00:00:00', ''),
(34, 1, 0, '0', '4500', '40', 1, 0, 3, '2018-06-27 11:00:00', '192.168.30.20', 0, '0000-00-00 00:00:00', ''),
(35, 1, 0, '4500', '9000', '70', 1, 0, 3, '2018-06-27 11:00:00', '192.168.30.20', 0, '0000-00-00 00:00:00', '');

-- --------------------------------------------------------

--
-- Table structure for table `ft_broker_payout_spilit`
--

CREATE TABLE IF NOT EXISTS `ft_broker_payout_spilit` (
`id` int(11) NOT NULL,
  `rap` varchar(3) NOT NULL,
  `rate` varchar(3) NOT NULL,
  `start` date NOT NULL,
  `until` date NOT NULL,
  `broker_id` int(8) NOT NULL,
  `status` tinyint(1) NOT NULL DEFAULT '1',
  `is_delete` tinyint(1) NOT NULL DEFAULT '0',
  `created_by` int(12) NOT NULL,
  `created_time` datetime NOT NULL,
  `created_ip` varchar(100) NOT NULL,
  `modified_by` int(12) NOT NULL,
  `modified_time` datetime NOT NULL,
  `modified_ip` varchar(100) NOT NULL
) ENGINE=InnoDB AUTO_INCREMENT=86 DEFAULT CHARSET=latin1;

--
-- Dumping data for table `ft_broker_payout_spilit`
--

INSERT INTO `ft_broker_payout_spilit` (`id`, `rap`, `rate`, `start`, `until`, `broker_id`, `status`, `is_delete`, `created_by`, `created_time`, `created_ip`, `modified_by`, `modified_time`, `modified_ip`) VALUES
(1, '3', '400', '2018-06-22', '2018-06-23', 1, 1, 1, 3, '2018-06-20 14:13:18', '192.168.30.20', 0, '0000-00-00 00:00:00', ''),
(2, '2', '500', '2018-06-22', '2018-06-24', 1, 1, 1, 3, '2018-06-20 14:13:18', '192.168.30.20', 0, '0000-00-00 00:00:00', ''),
(3, '3', '40', '2018-06-25', '2018-06-30', 3, 1, 1, 3, '2018-06-20 16:59:48', '192.168.30.20', 0, '0000-00-00 00:00:00', ''),
(4, '1', '13', '2018-06-30', '2018-07-05', 3, 1, 1, 3, '2018-06-20 16:59:48', '192.168.30.20', 0, '0000-00-00 00:00:00', ''),
(5, '2', '40', '2018-07-01', '2018-07-05', 4, 1, 1, 3, '2018-06-20 17:02:26', '192.168.30.20', 0, '0000-00-00 00:00:00', ''),
(6, '1', '8', '2018-06-11', '2018-06-15', 4, 1, 1, 3, '2018-06-20 17:02:26', '192.168.30.20', 0, '0000-00-00 00:00:00', ''),
(7, '3', '400', '2018-06-22', '2018-06-23', 1, 1, 1, 3, '2018-06-25 10:15:09', '192.168.30.20', 0, '0000-00-00 00:00:00', ''),
(8, '2', '500', '2018-06-22', '2018-06-24', 1, 1, 1, 3, '2018-06-25 10:15:09', '192.168.30.20', 0, '0000-00-00 00:00:00', ''),
(9, '3', '40', '2018-06-25', '2018-06-30', 3, 1, 1, 3, '2018-06-25 10:15:41', '192.168.30.20', 0, '0000-00-00 00:00:00', ''),
(10, '1', '13', '2018-06-30', '2018-07-05', 3, 1, 1, 3, '2018-06-25 10:15:41', '192.168.30.20', 0, '0000-00-00 00:00:00', ''),
(11, '2', '40', '2018-07-01', '2018-07-05', 4, 1, 1, 3, '2018-06-25 10:16:18', '192.168.30.20', 0, '0000-00-00 00:00:00', ''),
(12, '1', '8', '2018-06-11', '2018-06-15', 4, 1, 1, 3, '2018-06-25 10:16:18', '192.168.30.20', 0, '0000-00-00 00:00:00', ''),
(13, '3', '40', '2018-06-25', '2018-06-30', 3, 1, 1, 3, '2018-06-26 14:35:49', '192.168.30.20', 0, '0000-00-00 00:00:00', ''),
(14, '1', '13', '2018-06-30', '2018-07-05', 3, 1, 1, 3, '2018-06-26 14:35:49', '192.168.30.20', 0, '0000-00-00 00:00:00', ''),
(15, '3', '40', '2018-06-25', '2018-06-30', 3, 1, 1, 3, '2018-06-26 14:38:30', '192.168.30.20', 0, '0000-00-00 00:00:00', ''),
(16, '1', '13', '2018-06-30', '2018-07-05', 3, 1, 1, 3, '2018-06-26 14:38:30', '192.168.30.20', 0, '0000-00-00 00:00:00', ''),
(17, '3', '40', '2018-06-25', '2018-06-30', 3, 1, 1, 3, '2018-06-26 14:46:46', '192.168.30.20', 0, '0000-00-00 00:00:00', ''),
(18, '1', '13', '2018-06-30', '2018-07-05', 3, 1, 1, 3, '2018-06-26 14:46:46', '192.168.30.20', 0, '0000-00-00 00:00:00', ''),
(19, '3', '400', '2018-06-22', '2018-06-23', 1, 1, 1, 3, '2018-06-27 10:06:50', '192.168.30.20', 0, '0000-00-00 00:00:00', ''),
(20, '2', '500', '2018-06-22', '2018-06-24', 1, 1, 1, 3, '2018-06-27 10:06:50', '192.168.30.20', 0, '0000-00-00 00:00:00', ''),
(21, '3', '40', '2018-06-25', '2018-06-30', 3, 1, 1, 3, '2018-06-27 10:07:47', '192.168.30.20', 0, '0000-00-00 00:00:00', ''),
(22, '1', '13', '2018-06-30', '2018-07-05', 3, 1, 1, 3, '2018-06-27 10:07:47', '192.168.30.20', 0, '0000-00-00 00:00:00', ''),
(23, '2', '40', '2018-07-01', '2018-07-05', 4, 1, 1, 3, '2018-06-27 10:09:25', '192.168.30.20', 0, '0000-00-00 00:00:00', ''),
(24, '1', '8', '2018-06-11', '2018-06-15', 4, 1, 1, 3, '2018-06-27 10:09:25', '192.168.30.20', 0, '0000-00-00 00:00:00', ''),
(25, '3', '400', '2018-06-22', '2018-06-23', 1, 1, 1, 3, '2018-06-27 10:17:49', '192.168.30.20', 0, '0000-00-00 00:00:00', ''),
(26, '2', '500', '2018-06-22', '2018-06-24', 1, 1, 1, 3, '2018-06-27 10:17:49', '192.168.30.20', 0, '0000-00-00 00:00:00', ''),
(27, '3', '400', '2018-06-22', '2018-06-23', 1, 1, 1, 3, '2018-06-27 10:50:37', '192.168.30.20', 0, '0000-00-00 00:00:00', ''),
(28, '2', '500', '2018-06-22', '2018-06-24', 1, 1, 1, 3, '2018-06-27 10:50:37', '192.168.30.20', 0, '0000-00-00 00:00:00', ''),
(29, '3', '400', '2018-06-22', '2018-06-23', 1, 1, 1, 3, '2018-06-27 11:00:33', '192.168.30.20', 0, '0000-00-00 00:00:00', ''),
(30, '2', '500', '2018-06-22', '2018-06-24', 1, 1, 1, 3, '2018-06-27 11:00:33', '192.168.30.20', 0, '0000-00-00 00:00:00', ''),
(31, '3', '400', '2018-06-22', '2018-06-23', 1, 1, 1, 3, '2018-06-27 11:07:15', '192.168.30.20', 0, '0000-00-00 00:00:00', ''),
(32, '2', '500', '2018-06-22', '2018-06-24', 1, 1, 1, 3, '2018-06-27 11:07:15', '192.168.30.20', 0, '0000-00-00 00:00:00', ''),
(33, '3', '40', '2018-06-25', '2018-06-30', 3, 1, 1, 3, '2018-06-27 11:07:55', '192.168.30.20', 0, '0000-00-00 00:00:00', ''),
(34, '1', '13', '2018-06-30', '2018-07-05', 3, 1, 1, 3, '2018-06-27 11:07:55', '192.168.30.20', 0, '0000-00-00 00:00:00', ''),
(35, '2', '40', '2018-07-01', '2018-07-05', 4, 1, 1, 3, '2018-06-27 11:08:34', '192.168.30.20', 0, '0000-00-00 00:00:00', ''),
(36, '1', '8', '2018-06-11', '2018-06-15', 4, 1, 1, 3, '2018-06-27 11:08:34', '192.168.30.20', 0, '0000-00-00 00:00:00', ''),
(37, '3', '40', '2018-06-25', '2018-06-30', 3, 1, 1, 3, '2018-06-27 17:53:11', '192.168.30.17', 0, '0000-00-00 00:00:00', ''),
(38, '1', '13', '2018-06-30', '2018-07-05', 3, 1, 1, 3, '2018-06-27 17:53:11', '192.168.30.17', 0, '0000-00-00 00:00:00', ''),
(39, '3', '40', '2018-06-25', '2018-06-30', 3, 1, 1, 3, '2018-06-27 17:53:28', '192.168.30.17', 0, '0000-00-00 00:00:00', ''),
(40, '1', '13', '2018-06-30', '2018-07-05', 3, 1, 1, 3, '2018-06-27 17:53:28', '192.168.30.17', 0, '0000-00-00 00:00:00', ''),
(41, '3', '400', '2018-06-22', '2018-06-23', 1, 1, 1, 3, '2018-06-28 16:17:49', '192.168.30.20', 0, '0000-00-00 00:00:00', ''),
(42, '2', '500', '2018-06-22', '2018-06-24', 1, 1, 1, 3, '2018-06-28 16:17:49', '192.168.30.20', 0, '0000-00-00 00:00:00', ''),
(43, '2', '40', '2018-07-01', '2018-07-05', 4, 1, 1, 3, '2018-06-28 17:03:59', '192.168.30.20', 0, '0000-00-00 00:00:00', ''),
(44, '1', '8', '2018-06-11', '2018-06-15', 4, 1, 1, 3, '2018-06-28 17:03:59', '192.168.30.20', 0, '0000-00-00 00:00:00', ''),
(45, '2', '40', '2018-07-01', '2018-07-05', 4, 1, 1, 3, '2018-06-28 17:04:42', '192.168.30.20', 0, '0000-00-00 00:00:00', ''),
(46, '1', '8', '2018-06-11', '2018-06-15', 4, 1, 1, 3, '2018-06-28 17:04:42', '192.168.30.20', 0, '0000-00-00 00:00:00', ''),
(47, '2', '40', '2018-07-01', '2018-07-05', 4, 1, 1, 3, '2018-06-28 17:06:02', '192.168.30.20', 0, '0000-00-00 00:00:00', ''),
(48, '1', '8', '2018-06-11', '2018-06-15', 4, 1, 1, 3, '2018-06-28 17:06:02', '192.168.30.20', 0, '0000-00-00 00:00:00', ''),
(49, '3', '400', '2018-06-22', '2018-06-23', 1, 1, 1, 3, '2018-06-28 17:25:52', '192.168.30.20', 0, '0000-00-00 00:00:00', ''),
(50, '2', '500', '2018-06-22', '2018-06-24', 1, 1, 1, 3, '2018-06-28 17:25:52', '192.168.30.20', 0, '0000-00-00 00:00:00', ''),
(51, '2', '40', '2018-07-01', '2018-07-05', 4, 1, 1, 3, '2018-06-28 17:26:44', '192.168.30.20', 0, '0000-00-00 00:00:00', ''),
(52, '1', '8', '2018-06-11', '2018-06-15', 4, 1, 1, 3, '2018-06-28 17:26:44', '192.168.30.20', 0, '0000-00-00 00:00:00', ''),
(53, '2', '40', '2018-07-01', '2018-07-05', 4, 1, 1, 3, '2018-06-28 17:27:18', '192.168.30.20', 0, '0000-00-00 00:00:00', ''),
(54, '1', '8', '2018-06-11', '2018-06-15', 4, 1, 1, 3, '2018-06-28 17:27:18', '192.168.30.20', 0, '0000-00-00 00:00:00', ''),
(55, '2', '40', '2018-07-01', '2018-07-05', 4, 1, 1, 3, '2018-07-04 12:48:39', '192.168.30.20', 0, '0000-00-00 00:00:00', ''),
(56, '1', '8', '2018-06-11', '2018-06-15', 4, 1, 1, 3, '2018-07-04 12:48:39', '192.168.30.20', 0, '0000-00-00 00:00:00', ''),
(57, '2', '40', '2018-07-01', '2018-07-05', 4, 1, 1, 3, '2018-07-04 12:49:47', '192.168.30.20', 0, '0000-00-00 00:00:00', ''),
(58, '1', '8', '2018-06-11', '2018-06-15', 4, 1, 1, 3, '2018-07-04 12:49:47', '192.168.30.20', 0, '0000-00-00 00:00:00', ''),
(59, '3', '400', '2018-06-22', '2018-06-23', 1, 1, 1, 3, '2018-07-05 15:06:22', '192.168.30.20', 0, '0000-00-00 00:00:00', ''),
(60, '2', '500', '2018-06-22', '2018-06-24', 1, 1, 1, 3, '2018-07-05 15:06:22', '192.168.30.20', 0, '0000-00-00 00:00:00', ''),
(61, '3', '400', '2018-06-22', '2018-06-23', 1, 1, 1, 3, '2018-07-05 15:07:29', '192.168.30.20', 0, '0000-00-00 00:00:00', ''),
(62, '2', '500', '2018-06-22', '2018-06-24', 1, 1, 1, 3, '2018-07-05 15:07:29', '192.168.30.20', 0, '0000-00-00 00:00:00', ''),
(63, '3', '400', '2018-06-22', '2018-06-23', 1, 1, 1, 3, '2018-07-05 15:10:41', '192.168.30.20', 0, '0000-00-00 00:00:00', ''),
(64, '2', '500', '2018-06-22', '2018-06-24', 1, 1, 1, 3, '2018-07-05 15:10:41', '192.168.30.20', 0, '0000-00-00 00:00:00', ''),
(65, '3', '15', '2018-06-22', '2018-07-05', 1, 1, 1, 3, '2018-07-05 15:37:48', '192.168.30.20', 0, '0000-00-00 00:00:00', ''),
(66, '2', '8', '2018-06-22', '2018-07-06', 1, 1, 1, 3, '2018-07-05 15:37:48', '192.168.30.20', 0, '0000-00-00 00:00:00', ''),
(67, '3', '15', '2018-06-22', '2018-07-05', 1, 1, 0, 3, '2018-07-05 16:30:47', '192.168.30.20', 0, '0000-00-00 00:00:00', ''),
(68, '2', '8', '2018-06-22', '2018-07-06', 1, 1, 0, 3, '2018-07-05 16:30:47', '192.168.30.20', 0, '0000-00-00 00:00:00', ''),
(69, '1', '13', '2018-06-30', '2018-07-05', 3, 1, 1, 3, '2018-07-05 16:31:57', '192.168.30.20', 0, '0000-00-00 00:00:00', ''),
(70, '4', '10', '2018-07-05', '2018-07-10', 3, 1, 1, 3, '2018-07-05 16:31:57', '192.168.30.20', 0, '0000-00-00 00:00:00', ''),
(71, '2', '40', '2018-07-01', '2018-07-05', 4, 1, 1, 3, '2018-07-05 16:32:45', '192.168.30.20', 0, '0000-00-00 00:00:00', ''),
(72, '1', '8', '2018-06-11', '2018-06-15', 4, 1, 1, 3, '2018-07-05 16:32:45', '192.168.30.20', 0, '0000-00-00 00:00:00', ''),
(73, '1', '5', '2018-07-05', '2018-07-06', 2, 1, 1, 3, '2018-07-05 16:34:07', '192.168.30.20', 0, '0000-00-00 00:00:00', ''),
(74, '4', '8', '2018-07-07', '2018-07-09', 2, 1, 1, 3, '2018-07-05 16:34:07', '192.168.30.20', 0, '0000-00-00 00:00:00', ''),
(75, '1', '5', '2018-07-05', '2018-07-06', 2, 1, 1, 3, '2018-07-05 16:34:36', '192.168.30.20', 0, '0000-00-00 00:00:00', ''),
(76, '4', '8', '2018-07-07', '2018-07-09', 2, 1, 1, 3, '2018-07-05 16:34:36', '192.168.30.20', 0, '0000-00-00 00:00:00', ''),
(77, '1', '5', '2018-07-05', '2018-07-06', 2, 1, 0, 3, '2018-07-05 16:34:50', '192.168.30.20', 0, '0000-00-00 00:00:00', ''),
(78, '4', '8', '2018-07-07', '2018-07-09', 2, 1, 0, 3, '2018-07-05 16:34:50', '192.168.30.20', 0, '0000-00-00 00:00:00', ''),
(79, '1', '13', '2018-06-30', '2018-07-05', 3, 1, 1, 3, '2018-07-06 15:54:03', '192.168.30.20', 0, '0000-00-00 00:00:00', ''),
(80, '4', '10', '2018-07-05', '2018-07-10', 3, 1, 1, 3, '2018-07-06 15:54:03', '192.168.30.20', 0, '0000-00-00 00:00:00', ''),
(81, '1', '13', '2018-06-30', '2018-07-05', 3, 1, 0, 3, '2018-07-06 16:07:59', '192.168.30.20', 0, '0000-00-00 00:00:00', ''),
(82, '4', '10', '2018-07-05', '2018-07-10', 3, 1, 0, 3, '2018-07-06 16:07:59', '192.168.30.20', 0, '0000-00-00 00:00:00', ''),
(83, '2', '40', '2018-07-01', '2018-07-05', 4, 1, 0, 3, '2018-07-06 17:04:46', '192.168.30.20', 0, '0000-00-00 00:00:00', ''),
(84, '1', '8', '2018-06-11', '2018-06-15', 4, 1, 0, 3, '2018-07-06 17:04:46', '192.168.30.20', 0, '0000-00-00 00:00:00', ''),
(85, '3', '12', '2018-07-06', '2018-07-06', 4, 1, 0, 3, '2018-07-06 17:04:46', '192.168.30.20', 0, '0000-00-00 00:00:00', '');

-- --------------------------------------------------------

--
-- Table structure for table `ft_broker_register_master`
--

CREATE TABLE IF NOT EXISTS `ft_broker_register_master` (
`id` int(11) NOT NULL,
  `broker_id` varchar(11) NOT NULL,
  `license_id` varchar(11) NOT NULL,
  `license_name` varchar(20) NOT NULL,
  `approval_date` date NOT NULL,
  `expiration_date` date NOT NULL,
  `reason` varchar(100) NOT NULL,
  `status` tinyint(1) NOT NULL DEFAULT '1',
  `is_delete` tinyint(1) NOT NULL DEFAULT '0',
  `created_by` int(12) NOT NULL,
  `created_time` datetime NOT NULL,
  `created_ip` varchar(100) NOT NULL,
  `modified_by` int(12) NOT NULL,
  `modified_time` datetime NOT NULL,
  `modified_ip` varchar(100) NOT NULL
) ENGINE=InnoDB AUTO_INCREMENT=216 DEFAULT CHARSET=latin1;

--
-- Dumping data for table `ft_broker_register_master`
--

INSERT INTO `ft_broker_register_master` (`id`, `broker_id`, `license_id`, `license_name`, `approval_date`, `expiration_date`, `reason`, `status`, `is_delete`, `created_by`, `created_time`, `created_ip`, `modified_by`, `modified_time`, `modified_ip`) VALUES
(1, '1', '1', 'Series 1', '2018-06-13', '2018-06-15', 'test', 1, 0, 3, '2018-06-13 17:01:22', '192.168.30.20', 3, '2018-07-05 16:30:47', '192.168.30.20'),
(2, '1', '2', 'Series 2', '1970-01-01', '1970-01-01', '', 1, 0, 3, '2018-06-13 17:01:22', '192.168.30.20', 3, '2018-07-05 16:30:47', '192.168.30.20'),
(3, '1', '3', 'Series 4', '1970-01-01', '1970-01-01', '', 1, 0, 3, '2018-06-13 17:01:22', '192.168.30.20', 3, '2018-07-05 16:30:47', '192.168.30.20'),
(4, '1', '4', 'Series 5', '1970-01-01', '1970-01-01', '', 1, 0, 3, '2018-06-13 17:01:22', '192.168.30.20', 3, '2018-07-05 16:30:47', '192.168.30.20'),
(5, '1', '5', 'Series 6', '1970-01-01', '1970-01-01', '', 1, 0, 3, '2018-06-13 17:01:22', '192.168.30.20', 3, '2018-07-05 16:30:47', '192.168.30.20'),
(6, '1', '6', 'Series 7', '1970-01-01', '1970-01-01', '', 1, 0, 3, '2018-06-13 17:01:22', '192.168.30.20', 3, '2018-07-05 16:30:47', '192.168.30.20'),
(7, '1', '7', 'Series 9', '1970-01-01', '1970-01-01', '', 1, 0, 3, '2018-06-13 17:01:22', '192.168.30.20', 3, '2018-07-05 16:30:47', '192.168.30.20'),
(8, '1', '8', 'Series 10', '1970-01-01', '1970-01-01', '', 1, 0, 3, '2018-06-13 17:01:22', '192.168.30.20', 3, '2018-07-05 16:30:47', '192.168.30.20'),
(9, '1', '9', 'Series 11', '1970-01-01', '1970-01-01', '', 1, 0, 3, '2018-06-13 17:01:22', '192.168.30.20', 3, '2018-07-05 16:30:47', '192.168.30.20'),
(10, '1', '10', 'Series 14', '1970-01-01', '1970-01-01', '', 1, 0, 3, '2018-06-13 17:01:22', '192.168.30.20', 3, '2018-07-05 16:30:47', '192.168.30.20'),
(11, '1', '11', 'Series 15', '1970-01-01', '1970-01-01', '', 1, 0, 3, '2018-06-13 17:01:22', '192.168.30.20', 3, '2018-07-05 16:30:47', '192.168.30.20'),
(12, '1', '12', 'Series 16', '1970-01-01', '1970-01-01', '', 1, 0, 3, '2018-06-13 17:01:22', '192.168.30.20', 3, '2018-07-05 16:30:47', '192.168.30.20'),
(13, '1', '13', 'Series 17', '1970-01-01', '1970-01-01', '', 1, 0, 3, '2018-06-13 17:01:22', '192.168.30.20', 3, '2018-07-05 16:30:47', '192.168.30.20'),
(14, '1', '14', 'Series 22', '1970-01-01', '1970-01-01', '', 1, 0, 3, '2018-06-13 17:01:22', '192.168.30.20', 3, '2018-07-05 16:30:47', '192.168.30.20'),
(15, '1', '15', 'Series 23', '1970-01-01', '1970-01-01', '', 1, 0, 3, '2018-06-13 17:01:22', '192.168.30.20', 3, '2018-07-05 16:30:47', '192.168.30.20'),
(16, '1', '16', 'Series 24', '1970-01-01', '1970-01-01', '', 1, 0, 3, '2018-06-13 17:01:22', '192.168.30.20', 3, '2018-07-05 16:30:47', '192.168.30.20'),
(17, '1', '17', 'Series 26', '1970-01-01', '1970-01-01', '', 1, 0, 3, '2018-06-13 17:01:22', '192.168.30.20', 3, '2018-07-05 16:30:47', '192.168.30.20'),
(18, '1', '18', 'Series 27', '1970-01-01', '1970-01-01', '', 1, 0, 3, '2018-06-13 17:01:22', '192.168.30.20', 3, '2018-07-05 16:30:47', '192.168.30.20'),
(19, '1', '19', 'Series 28', '1970-01-01', '1970-01-01', '', 1, 0, 3, '2018-06-13 17:01:22', '192.168.30.20', 3, '2018-07-05 16:30:47', '192.168.30.20'),
(20, '1', '20', 'Series 30', '1970-01-01', '1970-01-01', '', 1, 0, 3, '2018-06-13 17:01:22', '192.168.30.20', 3, '2018-07-05 16:30:47', '192.168.30.20'),
(21, '1', '21', 'Series 31', '1970-01-01', '1970-01-01', '', 1, 0, 3, '2018-06-13 17:01:22', '192.168.30.20', 3, '2018-07-05 16:30:47', '192.168.30.20'),
(22, '1', '22', 'Series 32', '1970-01-01', '1970-01-01', '', 1, 0, 3, '2018-06-13 17:01:22', '192.168.30.20', 3, '2018-07-05 16:30:47', '192.168.30.20'),
(23, '1', '23', 'Series 33', '1970-01-01', '1970-01-01', '', 1, 0, 3, '2018-06-13 17:01:22', '192.168.30.20', 3, '2018-07-05 16:30:47', '192.168.30.20'),
(24, '1', '24', 'Series 37', '1970-01-01', '1970-01-01', '', 1, 0, 3, '2018-06-13 17:01:22', '192.168.30.20', 3, '2018-07-05 16:30:47', '192.168.30.20'),
(25, '1', '25', 'Series 38', '1970-01-01', '1970-01-01', '', 1, 0, 3, '2018-06-13 17:01:22', '192.168.30.20', 3, '2018-07-05 16:30:47', '192.168.30.20'),
(26, '1', '26', 'Series 39', '1970-01-01', '1970-01-01', '', 1, 0, 3, '2018-06-13 17:01:22', '192.168.30.20', 3, '2018-07-05 16:30:47', '192.168.30.20'),
(27, '1', '27', 'Series 42', '1970-01-01', '1970-01-01', '', 1, 0, 3, '2018-06-13 17:01:22', '192.168.30.20', 3, '2018-07-05 16:30:47', '192.168.30.20'),
(28, '1', '28', 'Series 51', '1970-01-01', '1970-01-01', '', 1, 0, 3, '2018-06-13 17:01:22', '192.168.30.20', 3, '2018-07-05 16:30:47', '192.168.30.20'),
(29, '1', '29', 'Series 52', '1970-01-01', '1970-01-01', '', 1, 0, 3, '2018-06-13 17:01:22', '192.168.30.20', 3, '2018-07-05 16:30:47', '192.168.30.20'),
(30, '1', '30', 'Series 53', '1970-01-01', '1970-01-01', '', 1, 0, 3, '2018-06-13 17:01:22', '192.168.30.20', 3, '2018-07-05 16:30:47', '192.168.30.20'),
(31, '1', '31', 'Series 55', '1970-01-01', '1970-01-01', '', 1, 0, 3, '2018-06-13 17:01:22', '192.168.30.20', 3, '2018-07-05 16:30:47', '192.168.30.20'),
(32, '1', '32', 'Series 62', '1970-01-01', '1970-01-01', '', 1, 0, 3, '2018-06-13 17:01:22', '192.168.30.20', 3, '2018-07-05 16:30:47', '192.168.30.20'),
(33, '1', '33', 'Series 63', '1970-01-01', '1970-01-01', '', 1, 0, 3, '2018-06-13 17:01:22', '192.168.30.20', 3, '2018-07-05 16:30:47', '192.168.30.20'),
(34, '1', '34', 'Series 64', '1970-01-01', '1970-01-01', '', 1, 0, 3, '2018-06-13 17:01:22', '192.168.30.20', 3, '2018-07-05 16:30:47', '192.168.30.20'),
(35, '1', '35', 'Series 65', '1970-01-01', '1970-01-01', '', 1, 0, 3, '2018-06-13 17:01:22', '192.168.30.20', 3, '2018-07-05 16:30:47', '192.168.30.20'),
(36, '1', '36', 'Series 66', '1970-01-01', '1970-01-01', '', 1, 0, 3, '2018-06-13 17:01:22', '192.168.30.20', 3, '2018-07-05 16:30:47', '192.168.30.20'),
(37, '1', '37', 'Series 72', '1970-01-01', '1970-01-01', '', 1, 0, 3, '2018-06-13 17:01:22', '192.168.30.20', 3, '2018-07-05 16:30:47', '192.168.30.20'),
(38, '1', '38', 'Series 82', '1970-01-01', '1970-01-01', '', 1, 0, 3, '2018-06-13 17:01:22', '192.168.30.20', 3, '2018-07-05 16:30:47', '192.168.30.20'),
(39, '1', '39', 'Series 86', '1970-01-01', '1970-01-01', '', 1, 0, 3, '2018-06-13 17:01:22', '192.168.30.20', 3, '2018-07-05 16:30:47', '192.168.30.20'),
(40, '1', '40', 'Series 87', '1970-01-01', '1970-01-01', '', 1, 0, 3, '2018-06-13 17:01:22', '192.168.30.20', 3, '2018-07-05 16:30:47', '192.168.30.20'),
(41, '1', '41', 'Variable Annuities', '1970-01-01', '1970-01-01', '', 1, 0, 3, '2018-06-13 17:01:22', '192.168.30.20', 3, '2018-07-05 16:30:47', '192.168.30.20'),
(42, '1', '42', 'Variable Life', '1970-01-01', '1970-01-01', '', 1, 0, 3, '2018-06-13 17:01:22', '192.168.30.20', 3, '2018-07-05 16:30:47', '192.168.30.20'),
(43, '1', '43', 'Life Insurance', '1970-01-01', '1970-01-01', '', 1, 0, 3, '2018-06-13 17:01:22', '192.168.30.20', 3, '2018-07-05 16:30:47', '192.168.30.20'),
(44, '2', '1', 'Series 1', '1970-01-01', '1970-01-01', '', 1, 0, 3, '2018-06-13 17:05:50', '192.168.30.20', 3, '2018-07-05 16:34:50', '192.168.30.20'),
(45, '2', '2', 'Series 2', '1970-01-01', '1970-01-01', '', 1, 0, 3, '2018-06-13 17:05:50', '192.168.30.20', 3, '2018-07-05 16:34:50', '192.168.30.20'),
(46, '2', '3', 'Series 4', '1970-01-01', '1970-01-01', '', 1, 0, 3, '2018-06-13 17:05:50', '192.168.30.20', 3, '2018-07-05 16:34:50', '192.168.30.20'),
(47, '2', '4', 'Series 5', '1970-01-01', '1970-01-01', '', 1, 0, 3, '2018-06-13 17:05:50', '192.168.30.20', 3, '2018-07-05 16:34:50', '192.168.30.20'),
(48, '2', '5', 'Series 6', '1970-01-01', '1970-01-01', '', 1, 0, 3, '2018-06-13 17:05:50', '192.168.30.20', 3, '2018-07-05 16:34:50', '192.168.30.20'),
(49, '2', '6', 'Series 7', '1970-01-01', '1970-01-01', '', 1, 0, 3, '2018-06-13 17:05:50', '192.168.30.20', 3, '2018-07-05 16:34:50', '192.168.30.20'),
(50, '2', '7', 'Series 9', '1970-01-01', '1970-01-01', '', 1, 0, 3, '2018-06-13 17:05:50', '192.168.30.20', 3, '2018-07-05 16:34:50', '192.168.30.20'),
(51, '2', '8', 'Series 10', '1970-01-01', '1970-01-01', '', 1, 0, 3, '2018-06-13 17:05:50', '192.168.30.20', 3, '2018-07-05 16:34:50', '192.168.30.20'),
(52, '2', '9', 'Series 11', '1970-01-01', '1970-01-01', '', 1, 0, 3, '2018-06-13 17:05:50', '192.168.30.20', 3, '2018-07-05 16:34:50', '192.168.30.20'),
(53, '2', '10', 'Series 14', '1970-01-01', '1970-01-01', '', 1, 0, 3, '2018-06-13 17:05:50', '192.168.30.20', 3, '2018-07-05 16:34:50', '192.168.30.20'),
(54, '2', '11', 'Series 15', '1970-01-01', '1970-01-01', '', 1, 0, 3, '2018-06-13 17:05:50', '192.168.30.20', 3, '2018-07-05 16:34:50', '192.168.30.20'),
(55, '2', '12', 'Series 16', '1970-01-01', '1970-01-01', '', 1, 0, 3, '2018-06-13 17:05:50', '192.168.30.20', 3, '2018-07-05 16:34:50', '192.168.30.20'),
(56, '2', '13', 'Series 17', '1970-01-01', '1970-01-01', '', 1, 0, 3, '2018-06-13 17:05:50', '192.168.30.20', 3, '2018-07-05 16:34:50', '192.168.30.20'),
(57, '2', '14', 'Series 22', '1970-01-01', '1970-01-01', '', 1, 0, 3, '2018-06-13 17:05:50', '192.168.30.20', 3, '2018-07-05 16:34:50', '192.168.30.20'),
(58, '2', '15', 'Series 23', '1970-01-01', '1970-01-01', '', 1, 0, 3, '2018-06-13 17:05:50', '192.168.30.20', 3, '2018-07-05 16:34:50', '192.168.30.20'),
(59, '2', '16', 'Series 24', '1970-01-01', '1970-01-01', '', 1, 0, 3, '2018-06-13 17:05:50', '192.168.30.20', 3, '2018-07-05 16:34:50', '192.168.30.20'),
(60, '2', '17', 'Series 26', '1970-01-01', '1970-01-01', '', 1, 0, 3, '2018-06-13 17:05:50', '192.168.30.20', 3, '2018-07-05 16:34:50', '192.168.30.20'),
(61, '2', '18', 'Series 27', '1970-01-01', '1970-01-01', '', 1, 0, 3, '2018-06-13 17:05:50', '192.168.30.20', 3, '2018-07-05 16:34:50', '192.168.30.20'),
(62, '2', '19', 'Series 28', '1970-01-01', '1970-01-01', '', 1, 0, 3, '2018-06-13 17:05:50', '192.168.30.20', 3, '2018-07-05 16:34:50', '192.168.30.20'),
(63, '2', '20', 'Series 30', '1970-01-01', '1970-01-01', '', 1, 0, 3, '2018-06-13 17:05:50', '192.168.30.20', 3, '2018-07-05 16:34:50', '192.168.30.20'),
(64, '2', '21', 'Series 31', '1970-01-01', '1970-01-01', '', 1, 0, 3, '2018-06-13 17:05:50', '192.168.30.20', 3, '2018-07-05 16:34:50', '192.168.30.20'),
(65, '2', '22', 'Series 32', '1970-01-01', '1970-01-01', '', 1, 0, 3, '2018-06-13 17:05:50', '192.168.30.20', 3, '2018-07-05 16:34:50', '192.168.30.20'),
(66, '2', '23', 'Series 33', '1970-01-01', '1970-01-01', '', 1, 0, 3, '2018-06-13 17:05:50', '192.168.30.20', 3, '2018-07-05 16:34:50', '192.168.30.20'),
(67, '2', '24', 'Series 37', '1970-01-01', '1970-01-01', '', 1, 0, 3, '2018-06-13 17:05:50', '192.168.30.20', 3, '2018-07-05 16:34:50', '192.168.30.20'),
(68, '2', '25', 'Series 38', '1970-01-01', '1970-01-01', '', 1, 0, 3, '2018-06-13 17:05:50', '192.168.30.20', 3, '2018-07-05 16:34:50', '192.168.30.20'),
(69, '2', '26', 'Series 39', '1970-01-01', '1970-01-01', '', 1, 0, 3, '2018-06-13 17:05:50', '192.168.30.20', 3, '2018-07-05 16:34:50', '192.168.30.20'),
(70, '2', '27', 'Series 42', '1970-01-01', '1970-01-01', '', 1, 0, 3, '2018-06-13 17:05:50', '192.168.30.20', 3, '2018-07-05 16:34:50', '192.168.30.20'),
(71, '2', '28', 'Series 51', '1970-01-01', '1970-01-01', '', 1, 0, 3, '2018-06-13 17:05:50', '192.168.30.20', 3, '2018-07-05 16:34:50', '192.168.30.20'),
(72, '2', '29', 'Series 52', '1970-01-01', '1970-01-01', '', 1, 0, 3, '2018-06-13 17:05:50', '192.168.30.20', 3, '2018-07-05 16:34:50', '192.168.30.20'),
(73, '2', '30', 'Series 53', '1970-01-01', '1970-01-01', '', 1, 0, 3, '2018-06-13 17:05:50', '192.168.30.20', 3, '2018-07-05 16:34:50', '192.168.30.20'),
(74, '2', '31', 'Series 55', '1970-01-01', '1970-01-01', '', 1, 0, 3, '2018-06-13 17:05:50', '192.168.30.20', 3, '2018-07-05 16:34:50', '192.168.30.20'),
(75, '2', '32', 'Series 62', '1970-01-01', '1970-01-01', '', 1, 0, 3, '2018-06-13 17:05:50', '192.168.30.20', 3, '2018-07-05 16:34:50', '192.168.30.20'),
(76, '2', '33', 'Series 63', '1970-01-01', '1970-01-01', '', 1, 0, 3, '2018-06-13 17:05:50', '192.168.30.20', 3, '2018-07-05 16:34:50', '192.168.30.20'),
(77, '2', '34', 'Series 64', '1970-01-01', '1970-01-01', '', 1, 0, 3, '2018-06-13 17:05:50', '192.168.30.20', 3, '2018-07-05 16:34:50', '192.168.30.20'),
(78, '2', '35', 'Series 65', '1970-01-01', '1970-01-01', '', 1, 0, 3, '2018-06-13 17:05:50', '192.168.30.20', 3, '2018-07-05 16:34:50', '192.168.30.20'),
(79, '2', '36', 'Series 66', '1970-01-01', '1970-01-01', '', 1, 0, 3, '2018-06-13 17:05:50', '192.168.30.20', 3, '2018-07-05 16:34:50', '192.168.30.20'),
(80, '2', '37', 'Series 72', '1970-01-01', '1970-01-01', '', 1, 0, 3, '2018-06-13 17:05:50', '192.168.30.20', 3, '2018-07-05 16:34:50', '192.168.30.20'),
(81, '2', '38', 'Series 82', '1970-01-01', '1970-01-01', '', 1, 0, 3, '2018-06-13 17:05:50', '192.168.30.20', 3, '2018-07-05 16:34:50', '192.168.30.20'),
(82, '2', '39', 'Series 86', '1970-01-01', '1970-01-01', '', 1, 0, 3, '2018-06-13 17:05:50', '192.168.30.20', 3, '2018-07-05 16:34:50', '192.168.30.20'),
(83, '2', '40', 'Series 87', '1970-01-01', '1970-01-01', '', 1, 0, 3, '2018-06-13 17:05:50', '192.168.30.20', 3, '2018-07-05 16:34:50', '192.168.30.20'),
(84, '2', '41', 'Variable Annuities', '1970-01-01', '1970-01-01', '', 1, 0, 3, '2018-06-13 17:05:50', '192.168.30.20', 3, '2018-07-05 16:34:50', '192.168.30.20'),
(85, '2', '42', 'Variable Life', '1970-01-01', '1970-01-01', '', 1, 0, 3, '2018-06-13 17:05:50', '192.168.30.20', 3, '2018-07-05 16:34:50', '192.168.30.20'),
(86, '2', '43', 'Life Insurance', '1970-01-01', '1970-01-01', '', 1, 0, 3, '2018-06-13 17:05:50', '192.168.30.20', 3, '2018-07-05 16:34:50', '192.168.30.20'),
(87, '3', '1', 'Series 1', '1970-01-01', '1970-01-01', '', 1, 0, 3, '2018-06-13 17:07:41', '192.168.30.20', 3, '2018-07-06 16:07:59', '192.168.30.20'),
(88, '3', '2', 'Series 2', '1970-01-01', '1970-01-01', '', 1, 0, 3, '2018-06-13 17:07:41', '192.168.30.20', 3, '2018-07-06 16:07:59', '192.168.30.20'),
(89, '3', '3', 'Series 4', '1970-01-01', '1970-01-01', '', 1, 0, 3, '2018-06-13 17:07:41', '192.168.30.20', 3, '2018-07-06 16:07:59', '192.168.30.20'),
(90, '3', '4', 'Series 5', '1970-01-01', '1970-01-01', '', 1, 0, 3, '2018-06-13 17:07:41', '192.168.30.20', 3, '2018-07-06 16:07:59', '192.168.30.20'),
(91, '3', '5', 'Series 6', '1970-01-01', '1970-01-01', '', 1, 0, 3, '2018-06-13 17:07:41', '192.168.30.20', 3, '2018-07-06 16:07:59', '192.168.30.20'),
(92, '3', '6', 'Series 7', '1970-01-01', '1970-01-01', '', 1, 0, 3, '2018-06-13 17:07:41', '192.168.30.20', 3, '2018-07-06 16:07:59', '192.168.30.20'),
(93, '3', '7', 'Series 9', '1970-01-01', '1970-01-01', '', 1, 0, 3, '2018-06-13 17:07:41', '192.168.30.20', 3, '2018-07-06 16:07:59', '192.168.30.20'),
(94, '3', '8', 'Series 10', '1970-01-01', '1970-01-01', '', 1, 0, 3, '2018-06-13 17:07:41', '192.168.30.20', 3, '2018-07-06 16:07:59', '192.168.30.20'),
(95, '3', '9', 'Series 11', '1970-01-01', '1970-01-01', '', 1, 0, 3, '2018-06-13 17:07:41', '192.168.30.20', 3, '2018-07-06 16:07:59', '192.168.30.20'),
(96, '3', '10', 'Series 14', '1970-01-01', '1970-01-01', '', 1, 0, 3, '2018-06-13 17:07:41', '192.168.30.20', 3, '2018-07-06 16:07:59', '192.168.30.20'),
(97, '3', '11', 'Series 15', '1970-01-01', '1970-01-01', '', 1, 0, 3, '2018-06-13 17:07:41', '192.168.30.20', 3, '2018-07-06 16:07:59', '192.168.30.20'),
(98, '3', '12', 'Series 16', '1970-01-01', '1970-01-01', '', 1, 0, 3, '2018-06-13 17:07:41', '192.168.30.20', 3, '2018-07-06 16:07:59', '192.168.30.20'),
(99, '3', '13', 'Series 17', '1970-01-01', '1970-01-01', '', 1, 0, 3, '2018-06-13 17:07:41', '192.168.30.20', 3, '2018-07-06 16:07:59', '192.168.30.20'),
(100, '3', '14', 'Series 22', '1970-01-01', '1970-01-01', '', 1, 0, 3, '2018-06-13 17:07:41', '192.168.30.20', 3, '2018-07-06 16:07:59', '192.168.30.20'),
(101, '3', '15', 'Series 23', '1970-01-01', '1970-01-01', '', 1, 0, 3, '2018-06-13 17:07:41', '192.168.30.20', 3, '2018-07-06 16:07:59', '192.168.30.20'),
(102, '3', '16', 'Series 24', '1970-01-01', '1970-01-01', '', 1, 0, 3, '2018-06-13 17:07:41', '192.168.30.20', 3, '2018-07-06 16:07:59', '192.168.30.20'),
(103, '3', '17', 'Series 26', '1970-01-01', '1970-01-01', '', 1, 0, 3, '2018-06-13 17:07:41', '192.168.30.20', 3, '2018-07-06 16:07:59', '192.168.30.20'),
(104, '3', '18', 'Series 27', '1970-01-01', '1970-01-01', '', 1, 0, 3, '2018-06-13 17:07:41', '192.168.30.20', 3, '2018-07-06 16:07:59', '192.168.30.20'),
(105, '3', '19', 'Series 28', '1970-01-01', '1970-01-01', '', 1, 0, 3, '2018-06-13 17:07:41', '192.168.30.20', 3, '2018-07-06 16:07:59', '192.168.30.20'),
(106, '3', '20', 'Series 30', '1970-01-01', '1970-01-01', '', 1, 0, 3, '2018-06-13 17:07:41', '192.168.30.20', 3, '2018-07-06 16:07:59', '192.168.30.20'),
(107, '3', '21', 'Series 31', '1970-01-01', '1970-01-01', '', 1, 0, 3, '2018-06-13 17:07:41', '192.168.30.20', 3, '2018-07-06 16:07:59', '192.168.30.20'),
(108, '3', '22', 'Series 32', '1970-01-01', '1970-01-01', '', 1, 0, 3, '2018-06-13 17:07:41', '192.168.30.20', 3, '2018-07-06 16:07:59', '192.168.30.20'),
(109, '3', '23', 'Series 33', '1970-01-01', '1970-01-01', '', 1, 0, 3, '2018-06-13 17:07:41', '192.168.30.20', 3, '2018-07-06 16:07:59', '192.168.30.20'),
(110, '3', '24', 'Series 37', '1970-01-01', '1970-01-01', '', 1, 0, 3, '2018-06-13 17:07:41', '192.168.30.20', 3, '2018-07-06 16:07:59', '192.168.30.20'),
(111, '3', '25', 'Series 38', '1970-01-01', '1970-01-01', '', 1, 0, 3, '2018-06-13 17:07:41', '192.168.30.20', 3, '2018-07-06 16:07:59', '192.168.30.20'),
(112, '3', '26', 'Series 39', '1970-01-01', '1970-01-01', '', 1, 0, 3, '2018-06-13 17:07:41', '192.168.30.20', 3, '2018-07-06 16:07:59', '192.168.30.20'),
(113, '3', '27', 'Series 42', '1970-01-01', '1970-01-01', '', 1, 0, 3, '2018-06-13 17:07:41', '192.168.30.20', 3, '2018-07-06 16:07:59', '192.168.30.20'),
(114, '3', '28', 'Series 51', '1970-01-01', '1970-01-01', '', 1, 0, 3, '2018-06-13 17:07:41', '192.168.30.20', 3, '2018-07-06 16:07:59', '192.168.30.20'),
(115, '3', '29', 'Series 52', '1970-01-01', '1970-01-01', '', 1, 0, 3, '2018-06-13 17:07:41', '192.168.30.20', 3, '2018-07-06 16:07:59', '192.168.30.20'),
(116, '3', '30', 'Series 53', '1970-01-01', '1970-01-01', '', 1, 0, 3, '2018-06-13 17:07:41', '192.168.30.20', 3, '2018-07-06 16:07:59', '192.168.30.20'),
(117, '3', '31', 'Series 55', '1970-01-01', '1970-01-01', '', 1, 0, 3, '2018-06-13 17:07:41', '192.168.30.20', 3, '2018-07-06 16:07:59', '192.168.30.20'),
(118, '3', '32', 'Series 62', '1970-01-01', '1970-01-01', '', 1, 0, 3, '2018-06-13 17:07:41', '192.168.30.20', 3, '2018-07-06 16:07:59', '192.168.30.20'),
(119, '3', '33', 'Series 63', '1970-01-01', '1970-01-01', '', 1, 0, 3, '2018-06-13 17:07:41', '192.168.30.20', 3, '2018-07-06 16:07:59', '192.168.30.20'),
(120, '3', '34', 'Series 64', '1970-01-01', '1970-01-01', '', 1, 0, 3, '2018-06-13 17:07:41', '192.168.30.20', 3, '2018-07-06 16:07:59', '192.168.30.20'),
(121, '3', '35', 'Series 65', '1970-01-01', '1970-01-01', '', 1, 0, 3, '2018-06-13 17:07:41', '192.168.30.20', 3, '2018-07-06 16:07:59', '192.168.30.20'),
(122, '3', '36', 'Series 66', '1970-01-01', '1970-01-01', '', 1, 0, 3, '2018-06-13 17:07:41', '192.168.30.20', 3, '2018-07-06 16:07:59', '192.168.30.20'),
(123, '3', '37', 'Series 72', '1970-01-01', '1970-01-01', '', 1, 0, 3, '2018-06-13 17:07:41', '192.168.30.20', 3, '2018-07-06 16:07:59', '192.168.30.20'),
(124, '3', '38', 'Series 82', '1970-01-01', '1970-01-01', '', 1, 0, 3, '2018-06-13 17:07:41', '192.168.30.20', 3, '2018-07-06 16:07:59', '192.168.30.20'),
(125, '3', '39', 'Series 86', '1970-01-01', '1970-01-01', '', 1, 0, 3, '2018-06-13 17:07:41', '192.168.30.20', 3, '2018-07-06 16:07:59', '192.168.30.20'),
(126, '3', '40', 'Series 87', '1970-01-01', '1970-01-01', '', 1, 0, 3, '2018-06-13 17:07:41', '192.168.30.20', 3, '2018-07-06 16:07:59', '192.168.30.20'),
(127, '3', '41', 'Variable Annuities', '1970-01-01', '1970-01-01', '', 1, 0, 3, '2018-06-13 17:07:41', '192.168.30.20', 3, '2018-07-06 16:07:59', '192.168.30.20'),
(128, '3', '42', 'Variable Life', '1970-01-01', '1970-01-01', '', 1, 0, 3, '2018-06-13 17:07:41', '192.168.30.20', 3, '2018-07-06 16:07:59', '192.168.30.20'),
(129, '3', '43', 'Life Insurance', '1970-01-01', '1970-01-01', '', 1, 0, 3, '2018-06-13 17:07:41', '192.168.30.20', 3, '2018-07-06 16:07:59', '192.168.30.20'),
(130, '4', '1', 'Series 1', '1970-01-01', '1970-01-01', '', 1, 0, 3, '2018-06-13 17:30:12', '192.168.30.20', 3, '2018-07-06 17:04:46', '192.168.30.20'),
(131, '4', '2', 'Series 2', '1970-01-01', '1970-01-01', '', 1, 0, 3, '2018-06-13 17:30:12', '192.168.30.20', 3, '2018-07-06 17:04:46', '192.168.30.20'),
(132, '4', '3', 'Series 4', '1970-01-01', '1970-01-01', '', 1, 0, 3, '2018-06-13 17:30:12', '192.168.30.20', 3, '2018-07-06 17:04:46', '192.168.30.20'),
(133, '4', '4', 'Series 5', '1970-01-01', '1970-01-01', '', 1, 0, 3, '2018-06-13 17:30:12', '192.168.30.20', 3, '2018-07-06 17:04:46', '192.168.30.20'),
(134, '4', '5', 'Series 6', '1970-01-01', '1970-01-01', '', 1, 0, 3, '2018-06-13 17:30:12', '192.168.30.20', 3, '2018-07-06 17:04:46', '192.168.30.20'),
(135, '4', '6', 'Series 7', '1970-01-01', '1970-01-01', '', 1, 0, 3, '2018-06-13 17:30:12', '192.168.30.20', 3, '2018-07-06 17:04:46', '192.168.30.20'),
(136, '4', '7', 'Series 9', '1970-01-01', '1970-01-01', '', 1, 0, 3, '2018-06-13 17:30:12', '192.168.30.20', 3, '2018-07-06 17:04:46', '192.168.30.20'),
(137, '4', '8', 'Series 10', '1970-01-01', '1970-01-01', '', 1, 0, 3, '2018-06-13 17:30:12', '192.168.30.20', 3, '2018-07-06 17:04:46', '192.168.30.20'),
(138, '4', '9', 'Series 11', '1970-01-01', '1970-01-01', '', 1, 0, 3, '2018-06-13 17:30:12', '192.168.30.20', 3, '2018-07-06 17:04:46', '192.168.30.20'),
(139, '4', '10', 'Series 14', '1970-01-01', '1970-01-01', '', 1, 0, 3, '2018-06-13 17:30:12', '192.168.30.20', 3, '2018-07-06 17:04:46', '192.168.30.20'),
(140, '4', '11', 'Series 15', '1970-01-01', '1970-01-01', '', 1, 0, 3, '2018-06-13 17:30:12', '192.168.30.20', 3, '2018-07-06 17:04:46', '192.168.30.20'),
(141, '4', '12', 'Series 16', '1970-01-01', '1970-01-01', '', 1, 0, 3, '2018-06-13 17:30:12', '192.168.30.20', 3, '2018-07-06 17:04:46', '192.168.30.20'),
(142, '4', '13', 'Series 17', '1970-01-01', '1970-01-01', '', 1, 0, 3, '2018-06-13 17:30:12', '192.168.30.20', 3, '2018-07-06 17:04:46', '192.168.30.20'),
(143, '4', '14', 'Series 22', '1970-01-01', '1970-01-01', '', 1, 0, 3, '2018-06-13 17:30:12', '192.168.30.20', 3, '2018-07-06 17:04:46', '192.168.30.20'),
(144, '4', '15', 'Series 23', '1970-01-01', '1970-01-01', '', 1, 0, 3, '2018-06-13 17:30:12', '192.168.30.20', 3, '2018-07-06 17:04:46', '192.168.30.20'),
(145, '4', '16', 'Series 24', '1970-01-01', '1970-01-01', '', 1, 0, 3, '2018-06-13 17:30:12', '192.168.30.20', 3, '2018-07-06 17:04:46', '192.168.30.20'),
(146, '4', '17', 'Series 26', '1970-01-01', '1970-01-01', '', 1, 0, 3, '2018-06-13 17:30:12', '192.168.30.20', 3, '2018-07-06 17:04:46', '192.168.30.20'),
(147, '4', '18', 'Series 27', '1970-01-01', '1970-01-01', '', 1, 0, 3, '2018-06-13 17:30:12', '192.168.30.20', 3, '2018-07-06 17:04:46', '192.168.30.20'),
(148, '4', '19', 'Series 28', '1970-01-01', '1970-01-01', '', 1, 0, 3, '2018-06-13 17:30:12', '192.168.30.20', 3, '2018-07-06 17:04:46', '192.168.30.20'),
(149, '4', '20', 'Series 30', '1970-01-01', '1970-01-01', '', 1, 0, 3, '2018-06-13 17:30:12', '192.168.30.20', 3, '2018-07-06 17:04:46', '192.168.30.20'),
(150, '4', '21', 'Series 31', '1970-01-01', '1970-01-01', '', 1, 0, 3, '2018-06-13 17:30:12', '192.168.30.20', 3, '2018-07-06 17:04:46', '192.168.30.20'),
(151, '4', '22', 'Series 32', '1970-01-01', '1970-01-01', '', 1, 0, 3, '2018-06-13 17:30:12', '192.168.30.20', 3, '2018-07-06 17:04:46', '192.168.30.20'),
(152, '4', '23', 'Series 33', '1970-01-01', '1970-01-01', '', 1, 0, 3, '2018-06-13 17:30:12', '192.168.30.20', 3, '2018-07-06 17:04:46', '192.168.30.20'),
(153, '4', '24', 'Series 37', '1970-01-01', '1970-01-01', '', 1, 0, 3, '2018-06-13 17:30:12', '192.168.30.20', 3, '2018-07-06 17:04:46', '192.168.30.20'),
(154, '4', '25', 'Series 38', '1970-01-01', '1970-01-01', '', 1, 0, 3, '2018-06-13 17:30:12', '192.168.30.20', 3, '2018-07-06 17:04:46', '192.168.30.20'),
(155, '4', '26', 'Series 39', '1970-01-01', '1970-01-01', '', 1, 0, 3, '2018-06-13 17:30:12', '192.168.30.20', 3, '2018-07-06 17:04:46', '192.168.30.20'),
(156, '4', '27', 'Series 42', '1970-01-01', '1970-01-01', '', 1, 0, 3, '2018-06-13 17:30:12', '192.168.30.20', 3, '2018-07-06 17:04:46', '192.168.30.20'),
(157, '4', '28', 'Series 51', '1970-01-01', '1970-01-01', '', 1, 0, 3, '2018-06-13 17:30:12', '192.168.30.20', 3, '2018-07-06 17:04:46', '192.168.30.20'),
(158, '4', '29', 'Series 52', '1970-01-01', '1970-01-01', '', 1, 0, 3, '2018-06-13 17:30:12', '192.168.30.20', 3, '2018-07-06 17:04:46', '192.168.30.20'),
(159, '4', '30', 'Series 53', '1970-01-01', '1970-01-01', '', 1, 0, 3, '2018-06-13 17:30:12', '192.168.30.20', 3, '2018-07-06 17:04:46', '192.168.30.20'),
(160, '4', '31', 'Series 55', '1970-01-01', '1970-01-01', '', 1, 0, 3, '2018-06-13 17:30:12', '192.168.30.20', 3, '2018-07-06 17:04:46', '192.168.30.20'),
(161, '4', '32', 'Series 62', '1970-01-01', '1970-01-01', '', 1, 0, 3, '2018-06-13 17:30:12', '192.168.30.20', 3, '2018-07-06 17:04:46', '192.168.30.20'),
(162, '4', '33', 'Series 63', '1970-01-01', '1970-01-01', '', 1, 0, 3, '2018-06-13 17:30:12', '192.168.30.20', 3, '2018-07-06 17:04:46', '192.168.30.20'),
(163, '4', '34', 'Series 64', '1970-01-01', '1970-01-01', '', 1, 0, 3, '2018-06-13 17:30:12', '192.168.30.20', 3, '2018-07-06 17:04:46', '192.168.30.20'),
(164, '4', '35', 'Series 65', '1970-01-01', '1970-01-01', '', 1, 0, 3, '2018-06-13 17:30:12', '192.168.30.20', 3, '2018-07-06 17:04:46', '192.168.30.20'),
(165, '4', '36', 'Series 66', '1970-01-01', '1970-01-01', '', 1, 0, 3, '2018-06-13 17:30:12', '192.168.30.20', 3, '2018-07-06 17:04:46', '192.168.30.20'),
(166, '4', '37', 'Series 72', '1970-01-01', '1970-01-01', '', 1, 0, 3, '2018-06-13 17:30:12', '192.168.30.20', 3, '2018-07-06 17:04:46', '192.168.30.20'),
(167, '4', '38', 'Series 82', '1970-01-01', '1970-01-01', '', 1, 0, 3, '2018-06-13 17:30:12', '192.168.30.20', 3, '2018-07-06 17:04:46', '192.168.30.20'),
(168, '4', '39', 'Series 86', '1970-01-01', '1970-01-01', '', 1, 0, 3, '2018-06-13 17:30:12', '192.168.30.20', 3, '2018-07-06 17:04:46', '192.168.30.20'),
(169, '4', '40', 'Series 87', '1970-01-01', '1970-01-01', '', 1, 0, 3, '2018-06-13 17:30:12', '192.168.30.20', 3, '2018-07-06 17:04:46', '192.168.30.20'),
(170, '4', '41', 'Variable Annuities', '1970-01-01', '1970-01-01', '', 1, 0, 3, '2018-06-13 17:30:12', '192.168.30.20', 3, '2018-07-06 17:04:46', '192.168.30.20'),
(171, '4', '42', 'Variable Life', '1970-01-01', '1970-01-01', '', 1, 0, 3, '2018-06-13 17:30:12', '192.168.30.20', 3, '2018-07-06 17:04:46', '192.168.30.20'),
(172, '4', '43', 'Life Insurance', '1970-01-01', '1970-01-01', '', 1, 0, 3, '2018-06-13 17:30:12', '192.168.30.20', 3, '2018-07-06 17:04:46', '192.168.30.20'),
(173, '5', '1', 'Series 1', '1970-01-01', '1970-01-01', '', 1, 0, 3, '2018-07-11 16:18:13', '192.168.30.20', 0, '0000-00-00 00:00:00', ''),
(174, '5', '2', 'Series 2', '1970-01-01', '1970-01-01', '', 1, 0, 3, '2018-07-11 16:18:13', '192.168.30.20', 0, '0000-00-00 00:00:00', ''),
(175, '5', '3', 'Series 4', '1970-01-01', '1970-01-01', '', 1, 0, 3, '2018-07-11 16:18:13', '192.168.30.20', 0, '0000-00-00 00:00:00', ''),
(176, '5', '4', 'Series 5', '1970-01-01', '1970-01-01', '', 1, 0, 3, '2018-07-11 16:18:13', '192.168.30.20', 0, '0000-00-00 00:00:00', ''),
(177, '5', '5', 'Series 6', '1970-01-01', '1970-01-01', '', 1, 0, 3, '2018-07-11 16:18:13', '192.168.30.20', 0, '0000-00-00 00:00:00', ''),
(178, '5', '6', 'Series 7', '1970-01-01', '1970-01-01', '', 1, 0, 3, '2018-07-11 16:18:13', '192.168.30.20', 0, '0000-00-00 00:00:00', ''),
(179, '5', '7', 'Series 9', '1970-01-01', '1970-01-01', '', 1, 0, 3, '2018-07-11 16:18:13', '192.168.30.20', 0, '0000-00-00 00:00:00', ''),
(180, '5', '8', 'Series 10', '1970-01-01', '1970-01-01', '', 1, 0, 3, '2018-07-11 16:18:13', '192.168.30.20', 0, '0000-00-00 00:00:00', ''),
(181, '5', '9', 'Series 11', '1970-01-01', '1970-01-01', '', 1, 0, 3, '2018-07-11 16:18:13', '192.168.30.20', 0, '0000-00-00 00:00:00', ''),
(182, '5', '10', 'Series 14', '1970-01-01', '1970-01-01', '', 1, 0, 3, '2018-07-11 16:18:13', '192.168.30.20', 0, '0000-00-00 00:00:00', ''),
(183, '5', '11', 'Series 15', '1970-01-01', '1970-01-01', '', 1, 0, 3, '2018-07-11 16:18:13', '192.168.30.20', 0, '0000-00-00 00:00:00', ''),
(184, '5', '12', 'Series 16', '1970-01-01', '1970-01-01', '', 1, 0, 3, '2018-07-11 16:18:13', '192.168.30.20', 0, '0000-00-00 00:00:00', ''),
(185, '5', '13', 'Series 17', '1970-01-01', '1970-01-01', '', 1, 0, 3, '2018-07-11 16:18:13', '192.168.30.20', 0, '0000-00-00 00:00:00', ''),
(186, '5', '14', 'Series 22', '1970-01-01', '1970-01-01', '', 1, 0, 3, '2018-07-11 16:18:13', '192.168.30.20', 0, '0000-00-00 00:00:00', ''),
(187, '5', '15', 'Series 23', '1970-01-01', '1970-01-01', '', 1, 0, 3, '2018-07-11 16:18:13', '192.168.30.20', 0, '0000-00-00 00:00:00', ''),
(188, '5', '16', 'Series 24', '1970-01-01', '1970-01-01', '', 1, 0, 3, '2018-07-11 16:18:13', '192.168.30.20', 0, '0000-00-00 00:00:00', ''),
(189, '5', '17', 'Series 26', '1970-01-01', '1970-01-01', '', 1, 0, 3, '2018-07-11 16:18:13', '192.168.30.20', 0, '0000-00-00 00:00:00', ''),
(190, '5', '18', 'Series 27', '1970-01-01', '1970-01-01', '', 1, 0, 3, '2018-07-11 16:18:13', '192.168.30.20', 0, '0000-00-00 00:00:00', ''),
(191, '5', '19', 'Series 28', '1970-01-01', '1970-01-01', '', 1, 0, 3, '2018-07-11 16:18:13', '192.168.30.20', 0, '0000-00-00 00:00:00', ''),
(192, '5', '20', 'Series 30', '1970-01-01', '1970-01-01', '', 1, 0, 3, '2018-07-11 16:18:13', '192.168.30.20', 0, '0000-00-00 00:00:00', ''),
(193, '5', '21', 'Series 31', '1970-01-01', '1970-01-01', '', 1, 0, 3, '2018-07-11 16:18:13', '192.168.30.20', 0, '0000-00-00 00:00:00', ''),
(194, '5', '22', 'Series 32', '1970-01-01', '1970-01-01', '', 1, 0, 3, '2018-07-11 16:18:13', '192.168.30.20', 0, '0000-00-00 00:00:00', ''),
(195, '5', '23', 'Series 33', '1970-01-01', '1970-01-01', '', 1, 0, 3, '2018-07-11 16:18:13', '192.168.30.20', 0, '0000-00-00 00:00:00', ''),
(196, '5', '24', 'Series 37', '1970-01-01', '1970-01-01', '', 1, 0, 3, '2018-07-11 16:18:13', '192.168.30.20', 0, '0000-00-00 00:00:00', ''),
(197, '5', '25', 'Series 38', '1970-01-01', '1970-01-01', '', 1, 0, 3, '2018-07-11 16:18:13', '192.168.30.20', 0, '0000-00-00 00:00:00', ''),
(198, '5', '26', 'Series 39', '1970-01-01', '1970-01-01', '', 1, 0, 3, '2018-07-11 16:18:13', '192.168.30.20', 0, '0000-00-00 00:00:00', ''),
(199, '5', '27', 'Series 42', '1970-01-01', '1970-01-01', '', 1, 0, 3, '2018-07-11 16:18:13', '192.168.30.20', 0, '0000-00-00 00:00:00', ''),
(200, '5', '28', 'Series 51', '1970-01-01', '1970-01-01', '', 1, 0, 3, '2018-07-11 16:18:13', '192.168.30.20', 0, '0000-00-00 00:00:00', ''),
(201, '5', '29', 'Series 52', '1970-01-01', '1970-01-01', '', 1, 0, 3, '2018-07-11 16:18:13', '192.168.30.20', 0, '0000-00-00 00:00:00', ''),
(202, '5', '30', 'Series 53', '1970-01-01', '1970-01-01', '', 1, 0, 3, '2018-07-11 16:18:13', '192.168.30.20', 0, '0000-00-00 00:00:00', ''),
(203, '5', '31', 'Series 55', '1970-01-01', '1970-01-01', '', 1, 0, 3, '2018-07-11 16:18:13', '192.168.30.20', 0, '0000-00-00 00:00:00', ''),
(204, '5', '32', 'Series 62', '1970-01-01', '1970-01-01', '', 1, 0, 3, '2018-07-11 16:18:13', '192.168.30.20', 0, '0000-00-00 00:00:00', ''),
(205, '5', '33', 'Series 63', '1970-01-01', '1970-01-01', '', 1, 0, 3, '2018-07-11 16:18:13', '192.168.30.20', 0, '0000-00-00 00:00:00', ''),
(206, '5', '34', 'Series 64', '1970-01-01', '1970-01-01', '', 1, 0, 3, '2018-07-11 16:18:13', '192.168.30.20', 0, '0000-00-00 00:00:00', ''),
(207, '5', '35', 'Series 65', '1970-01-01', '1970-01-01', '', 1, 0, 3, '2018-07-11 16:18:13', '192.168.30.20', 0, '0000-00-00 00:00:00', ''),
(208, '5', '36', 'Series 66', '1970-01-01', '1970-01-01', '', 1, 0, 3, '2018-07-11 16:18:13', '192.168.30.20', 0, '0000-00-00 00:00:00', ''),
(209, '5', '37', 'Series 72', '1970-01-01', '1970-01-01', '', 1, 0, 3, '2018-07-11 16:18:13', '192.168.30.20', 0, '0000-00-00 00:00:00', ''),
(210, '5', '38', 'Series 82', '1970-01-01', '1970-01-01', '', 1, 0, 3, '2018-07-11 16:18:13', '192.168.30.20', 0, '0000-00-00 00:00:00', ''),
(211, '5', '39', 'Series 86', '1970-01-01', '1970-01-01', '', 1, 0, 3, '2018-07-11 16:18:13', '192.168.30.20', 0, '0000-00-00 00:00:00', ''),
(212, '5', '40', 'Series 87', '1970-01-01', '1970-01-01', '', 1, 0, 3, '2018-07-11 16:18:13', '192.168.30.20', 0, '0000-00-00 00:00:00', ''),
(213, '5', '41', 'Variable Annuities', '1970-01-01', '1970-01-01', '', 1, 0, 3, '2018-07-11 16:18:13', '192.168.30.20', 0, '0000-00-00 00:00:00', ''),
(214, '5', '42', 'Variable Life', '1970-01-01', '1970-01-01', '', 1, 0, 3, '2018-07-11 16:18:13', '192.168.30.20', 0, '0000-00-00 00:00:00', ''),
(215, '5', '43', 'Life Insurance', '1970-01-01', '1970-01-01', '', 1, 0, 3, '2018-07-11 16:18:13', '192.168.30.20', 0, '0000-00-00 00:00:00', '');

-- --------------------------------------------------------

--
-- Table structure for table `ft_broker_req_doc_master`
--

CREATE TABLE IF NOT EXISTS `ft_broker_req_doc_master` (
`id` int(11) NOT NULL,
  `broker_id` int(11) NOT NULL,
  `received` tinyint(1) NOT NULL DEFAULT '0',
  `description` varchar(255) NOT NULL,
  `date` date NOT NULL,
  `required` tinyint(1) NOT NULL DEFAULT '0',
  `status` tinyint(1) NOT NULL DEFAULT '1',
  `is_delete` tinyint(1) NOT NULL DEFAULT '0',
  `created_by` int(12) NOT NULL,
  `created_time` datetime NOT NULL,
  `created_ip` varchar(100) NOT NULL,
  `modified_by` int(12) NOT NULL,
  `modified_time` datetime NOT NULL,
  `modified_ip` varchar(100) NOT NULL
) ENGINE=InnoDB AUTO_INCREMENT=35 DEFAULT CHARSET=latin1;

--
-- Dumping data for table `ft_broker_req_doc_master`
--

INSERT INTO `ft_broker_req_doc_master` (`id`, `broker_id`, `received`, `description`, `date`, `required`, `status`, `is_delete`, `created_by`, `created_time`, `created_ip`, `modified_by`, `modified_time`, `modified_ip`) VALUES
(1, 1, 1, '1', '2018-06-13', 1, 1, 1, 3, '2018-06-13 17:02:14', '192.168.30.20', 0, '0000-00-00 00:00:00', ''),
(2, 1, 1, '2', '2018-06-15', 0, 1, 1, 3, '2018-06-13 17:02:14', '192.168.30.20', 0, '0000-00-00 00:00:00', ''),
(3, 1, 1, '1', '2018-06-13', 1, 1, 1, 3, '2018-06-13 17:02:59', '192.168.30.20', 0, '0000-00-00 00:00:00', ''),
(4, 1, 1, '2', '2018-06-15', 0, 1, 1, 3, '2018-06-13 17:02:59', '192.168.30.20', 0, '0000-00-00 00:00:00', ''),
(5, 1, 1, '1', '2018-06-13', 1, 1, 1, 3, '2018-06-18 15:00:02', '192.168.30.20', 0, '0000-00-00 00:00:00', ''),
(6, 1, 1, '2', '2018-06-15', 0, 1, 1, 3, '2018-06-18 15:00:02', '192.168.30.20', 0, '0000-00-00 00:00:00', ''),
(7, 1, 1, '1', '2018-06-13', 1, 1, 1, 3, '2018-06-20 14:13:18', '192.168.30.20', 0, '0000-00-00 00:00:00', ''),
(8, 1, 1, '2', '2018-06-15', 0, 1, 1, 3, '2018-06-20 14:13:18', '192.168.30.20', 0, '0000-00-00 00:00:00', ''),
(9, 1, 1, '1', '2018-06-13', 1, 1, 1, 3, '2018-06-25 10:15:09', '192.168.30.20', 0, '0000-00-00 00:00:00', ''),
(10, 1, 1, '2', '2018-06-15', 0, 1, 1, 3, '2018-06-25 10:15:09', '192.168.30.20', 0, '0000-00-00 00:00:00', ''),
(11, 1, 1, '1', '2018-06-13', 1, 1, 1, 3, '2018-06-27 10:06:50', '192.168.30.20', 0, '0000-00-00 00:00:00', ''),
(12, 1, 1, '2', '2018-06-15', 0, 1, 1, 3, '2018-06-27 10:06:50', '192.168.30.20', 0, '0000-00-00 00:00:00', ''),
(13, 1, 1, '1', '2018-06-13', 1, 1, 1, 3, '2018-06-27 10:17:49', '192.168.30.20', 0, '0000-00-00 00:00:00', ''),
(14, 1, 1, '2', '2018-06-15', 0, 1, 1, 3, '2018-06-27 10:17:49', '192.168.30.20', 0, '0000-00-00 00:00:00', ''),
(15, 1, 1, '1', '2018-06-13', 1, 1, 1, 3, '2018-06-27 10:50:37', '192.168.30.20', 0, '0000-00-00 00:00:00', ''),
(16, 1, 1, '2', '2018-06-15', 0, 1, 1, 3, '2018-06-27 10:50:37', '192.168.30.20', 0, '0000-00-00 00:00:00', ''),
(17, 1, 1, '1', '2018-06-13', 1, 1, 1, 3, '2018-06-27 11:00:33', '192.168.30.20', 0, '0000-00-00 00:00:00', ''),
(18, 1, 1, '2', '2018-06-15', 0, 1, 1, 3, '2018-06-27 11:00:33', '192.168.30.20', 0, '0000-00-00 00:00:00', ''),
(19, 1, 1, '1', '2018-06-13', 1, 1, 1, 3, '2018-06-27 11:07:15', '192.168.30.20', 0, '0000-00-00 00:00:00', ''),
(20, 1, 1, '2', '2018-06-15', 0, 1, 1, 3, '2018-06-27 11:07:15', '192.168.30.20', 0, '0000-00-00 00:00:00', ''),
(21, 1, 1, '1', '2018-06-13', 1, 1, 1, 3, '2018-06-28 16:17:49', '192.168.30.20', 0, '0000-00-00 00:00:00', ''),
(22, 1, 1, '2', '2018-06-15', 0, 1, 1, 3, '2018-06-28 16:17:49', '192.168.30.20', 0, '0000-00-00 00:00:00', ''),
(23, 1, 1, '1', '2018-06-13', 1, 1, 1, 3, '2018-06-28 17:25:52', '192.168.30.20', 0, '0000-00-00 00:00:00', ''),
(24, 1, 1, '2', '2018-06-15', 0, 1, 1, 3, '2018-06-28 17:25:52', '192.168.30.20', 0, '0000-00-00 00:00:00', ''),
(25, 1, 1, '1', '2018-06-13', 1, 1, 1, 3, '2018-07-05 15:06:22', '192.168.30.20', 0, '0000-00-00 00:00:00', ''),
(26, 1, 1, '2', '2018-06-15', 0, 1, 1, 3, '2018-07-05 15:06:22', '192.168.30.20', 0, '0000-00-00 00:00:00', ''),
(27, 1, 1, '1', '2018-06-13', 1, 1, 1, 3, '2018-07-05 15:07:29', '192.168.30.20', 0, '0000-00-00 00:00:00', ''),
(28, 1, 1, '2', '2018-06-15', 0, 1, 1, 3, '2018-07-05 15:07:29', '192.168.30.20', 0, '0000-00-00 00:00:00', ''),
(29, 1, 1, '1', '2018-06-13', 1, 1, 1, 3, '2018-07-05 15:10:41', '192.168.30.20', 0, '0000-00-00 00:00:00', ''),
(30, 1, 1, '2', '2018-06-15', 0, 1, 1, 3, '2018-07-05 15:10:41', '192.168.30.20', 0, '0000-00-00 00:00:00', ''),
(31, 1, 1, '1', '2018-06-13', 1, 1, 1, 3, '2018-07-05 15:37:48', '192.168.30.20', 0, '0000-00-00 00:00:00', ''),
(32, 1, 1, '2', '2018-06-15', 0, 1, 1, 3, '2018-07-05 15:37:48', '192.168.30.20', 0, '0000-00-00 00:00:00', ''),
(33, 1, 1, '1', '2018-06-13', 1, 1, 0, 3, '2018-07-05 16:30:47', '192.168.30.20', 0, '0000-00-00 00:00:00', ''),
(34, 1, 1, '2', '2018-06-15', 0, 1, 0, 3, '2018-07-05 16:30:47', '192.168.30.20', 0, '0000-00-00 00:00:00', '');

-- --------------------------------------------------------

--
-- Table structure for table `ft_charge_detail`
--

CREATE TABLE IF NOT EXISTS `ft_charge_detail` (
`charge_detail_id` int(10) NOT NULL,
  `charge_type_id` int(5) DEFAULT NULL,
  `charge_name_id` int(5) DEFAULT NULL,
  `account_type` tinyint(1) DEFAULT NULL COMMENT '1=>Non-Managed Accounts, 2=>Managed Accounts',
  `account_process` tinyint(1) DEFAULT NULL COMMENT '1=>Clearin, 2=> Execution'
) ENGINE=InnoDB AUTO_INCREMENT=45 DEFAULT CHARSET=latin1;

--
-- Dumping data for table `ft_charge_detail`
--

INSERT INTO `ft_charge_detail` (`charge_detail_id`, `charge_type_id`, `charge_name_id`, `account_type`, `account_process`) VALUES
(1, 1, 1, 1, 1),
(2, 1, 1, 1, 2),
(3, 1, 1, 2, 1),
(4, 1, 1, 2, 2),
(5, 1, 2, 1, 1),
(6, 1, 2, 2, 1),
(7, 2, 3, 1, 1),
(8, 2, 3, 1, 2),
(9, 2, 3, 2, 1),
(10, 2, 3, 2, 2),
(11, 2, 4, 1, 1),
(12, 2, 4, 1, 2),
(13, 2, 4, 2, 1),
(14, 2, 4, 2, 2),
(15, 3, 5, 1, 1),
(16, 3, 5, 1, 2),
(17, 3, 5, 2, 1),
(18, 3, 5, 2, 2),
(19, 3, 2, 1, 1),
(20, 3, 2, 2, 1),
(21, 3, 6, 1, 1),
(22, 3, 6, 2, 1),
(23, 3, 7, 1, 1),
(24, 3, 7, 2, 1),
(25, 3, 8, 1, 1),
(26, 3, 8, 2, 1),
(27, 3, 9, 1, 1),
(28, 3, 9, 2, 1),
(29, 3, 10, 1, 1),
(30, 3, 10, 2, 1),
(31, 3, 11, 1, 1),
(32, 3, 11, 2, 1),
(33, 3, 12, 1, 1),
(34, 3, 12, 2, 1),
(35, 4, 13, 1, 1),
(36, 4, 13, 2, 1),
(37, 4, 14, 1, 1),
(38, 4, 14, 2, 1),
(39, 4, 15, 1, 1),
(40, 4, 15, 2, 1),
(41, 4, 16, 1, 1),
(42, 4, 16, 2, 1),
(43, 4, 17, 1, 1),
(44, 4, 17, 2, 1);

-- --------------------------------------------------------

--
-- Table structure for table `ft_charge_name_master`
--

CREATE TABLE IF NOT EXISTS `ft_charge_name_master` (
`charge_name_id` int(5) NOT NULL,
  `charge_name` varchar(50) DEFAULT NULL
) ENGINE=InnoDB AUTO_INCREMENT=18 DEFAULT CHARSET=latin1;

--
-- Dumping data for table `ft_charge_name_master`
--

INSERT INTO `ft_charge_name_master` (`charge_name_id`, `charge_name`) VALUES
(1, 'Listed'),
(2, 'OTC'),
(3, 'Up to $1 Premium'),
(4, '$1 Premium & Greater'),
(5, 'Listed Corporate'),
(6, 'Goverment Securities'),
(7, 'CMOs'),
(8, 'Money Market/CDs'),
(9, 'Mortgage Backed Securities'),
(10, 'Municipal Bonds'),
(11, 'UITs'),
(12, 'Zero Coupon Bonds'),
(13, 'Buys/Sells'),
(14, 'Exchanges'),
(15, 'PIPs/SWPs'),
(16, 'Transaction Surcharge'),
(17, 'Postage/Transaction');

-- --------------------------------------------------------

--
-- Table structure for table `ft_charge_type_master`
--

CREATE TABLE IF NOT EXISTS `ft_charge_type_master` (
`charge_type_id` int(4) NOT NULL,
  `charge_type` varchar(50) DEFAULT NULL
) ENGINE=InnoDB AUTO_INCREMENT=5 DEFAULT CHARSET=latin1;

--
-- Dumping data for table `ft_charge_type_master`
--

INSERT INTO `ft_charge_type_master` (`charge_type_id`, `charge_type`) VALUES
(1, 'Equities'),
(2, 'Options'),
(3, 'Fixed Income'),
(4, 'Mutual Funds');

-- --------------------------------------------------------

--
-- Table structure for table `ft_charge_value`
--

CREATE TABLE IF NOT EXISTS `ft_charge_value` (
`charge_value_id` int(10) NOT NULL,
  `charge_detail_id` int(10) DEFAULT NULL,
  `broker_id` int(10) DEFAULT NULL,
  `value` float(8,2) DEFAULT NULL,
  `none_check` tinyint(1) NOT NULL DEFAULT '0',
  `status` tinyint(1) NOT NULL DEFAULT '1',
  `is_delete` tinyint(1) NOT NULL DEFAULT '0',
  `created_by` int(12) NOT NULL,
  `created_time` datetime NOT NULL,
  `created_ip` varchar(100) NOT NULL,
  `modified_by` int(12) NOT NULL,
  `modified_time` datetime NOT NULL,
  `modified_ip` varchar(100) NOT NULL
) ENGINE=InnoDB AUTO_INCREMENT=221 DEFAULT CHARSET=latin1;

--
-- Dumping data for table `ft_charge_value`
--

INSERT INTO `ft_charge_value` (`charge_value_id`, `charge_detail_id`, `broker_id`, `value`, `none_check`, `status`, `is_delete`, `created_by`, `created_time`, `created_ip`, `modified_by`, `modified_time`, `modified_ip`) VALUES
(1, 1, 1, 50.00, 0, 1, 0, 3, '2018-06-13 17:01:22', '192.168.30.20', 3, '2018-07-05 16:30:47', '192.168.30.20'),
(2, 2, 1, 20.00, 0, 1, 0, 3, '2018-06-13 17:01:22', '192.168.30.20', 3, '2018-07-05 16:30:47', '192.168.30.20'),
(3, 3, 1, 40.00, 0, 1, 0, 3, '2018-06-13 17:01:22', '192.168.30.20', 3, '2018-07-05 16:30:47', '192.168.30.20'),
(4, 4, 1, 50.00, 0, 1, 0, 3, '2018-06-13 17:01:22', '192.168.30.20', 3, '2018-07-05 16:30:47', '192.168.30.20'),
(5, 5, 1, 10.00, 0, 1, 0, 3, '2018-06-13 17:01:22', '192.168.30.20', 3, '2018-07-05 16:30:47', '192.168.30.20'),
(6, 6, 1, 45.00, 0, 1, 0, 3, '2018-06-13 17:01:22', '192.168.30.20', 3, '2018-07-05 16:30:47', '192.168.30.20'),
(7, 7, 1, 25.00, 0, 1, 0, 3, '2018-06-13 17:01:22', '192.168.30.20', 3, '2018-07-05 16:30:47', '192.168.30.20'),
(8, 8, 1, 36.00, 0, 1, 0, 3, '2018-06-13 17:01:22', '192.168.30.20', 3, '2018-07-05 16:30:47', '192.168.30.20'),
(9, 9, 1, 20.00, 0, 1, 0, 3, '2018-06-13 17:01:22', '192.168.30.20', 3, '2018-07-05 16:30:47', '192.168.30.20'),
(10, 10, 1, 40.00, 0, 1, 0, 3, '2018-06-13 17:01:22', '192.168.30.20', 3, '2018-07-05 16:30:47', '192.168.30.20'),
(11, 11, 1, 50.00, 0, 1, 0, 3, '2018-06-13 17:01:22', '192.168.30.20', 3, '2018-07-05 16:30:47', '192.168.30.20'),
(12, 12, 1, 50.00, 0, 1, 0, 3, '2018-06-13 17:01:22', '192.168.30.20', 3, '2018-07-05 16:30:47', '192.168.30.20'),
(13, 13, 1, 50.00, 0, 1, 0, 3, '2018-06-13 17:01:22', '192.168.30.20', 3, '2018-07-05 16:30:47', '192.168.30.20'),
(14, 14, 1, 50.00, 0, 1, 0, 3, '2018-06-13 17:01:22', '192.168.30.20', 3, '2018-07-05 16:30:47', '192.168.30.20'),
(15, 19, 1, 0.00, 0, 1, 0, 3, '2018-06-13 17:01:22', '192.168.30.20', 3, '2018-07-05 16:30:47', '192.168.30.20'),
(16, 20, 1, 0.00, 0, 1, 0, 3, '2018-06-13 17:01:22', '192.168.30.20', 3, '2018-07-05 16:30:47', '192.168.30.20'),
(17, 15, 1, 0.00, 0, 1, 0, 3, '2018-06-13 17:01:22', '192.168.30.20', 3, '2018-07-05 16:30:47', '192.168.30.20'),
(18, 16, 1, 0.00, 0, 1, 0, 3, '2018-06-13 17:01:22', '192.168.30.20', 3, '2018-07-05 16:30:47', '192.168.30.20'),
(19, 17, 1, 0.00, 0, 1, 0, 3, '2018-06-13 17:01:22', '192.168.30.20', 3, '2018-07-05 16:30:47', '192.168.30.20'),
(20, 18, 1, 0.00, 0, 1, 0, 3, '2018-06-13 17:01:22', '192.168.30.20', 3, '2018-07-05 16:30:47', '192.168.30.20'),
(21, 21, 1, 0.00, 0, 1, 0, 3, '2018-06-13 17:01:22', '192.168.30.20', 3, '2018-07-05 16:30:47', '192.168.30.20'),
(22, 22, 1, 0.00, 0, 1, 0, 3, '2018-06-13 17:01:22', '192.168.30.20', 3, '2018-07-05 16:30:47', '192.168.30.20'),
(23, 23, 1, 0.00, 0, 1, 0, 3, '2018-06-13 17:01:22', '192.168.30.20', 3, '2018-07-05 16:30:47', '192.168.30.20'),
(24, 24, 1, 0.00, 0, 1, 0, 3, '2018-06-13 17:01:22', '192.168.30.20', 3, '2018-07-05 16:30:47', '192.168.30.20'),
(25, 25, 1, 0.00, 0, 1, 0, 3, '2018-06-13 17:01:22', '192.168.30.20', 3, '2018-07-05 16:30:47', '192.168.30.20'),
(26, 26, 1, 0.00, 0, 1, 0, 3, '2018-06-13 17:01:22', '192.168.30.20', 3, '2018-07-05 16:30:47', '192.168.30.20'),
(27, 27, 1, 0.00, 0, 1, 0, 3, '2018-06-13 17:01:22', '192.168.30.20', 3, '2018-07-05 16:30:47', '192.168.30.20'),
(28, 28, 1, 0.00, 0, 1, 0, 3, '2018-06-13 17:01:22', '192.168.30.20', 3, '2018-07-05 16:30:47', '192.168.30.20'),
(29, 29, 1, 0.00, 0, 1, 0, 3, '2018-06-13 17:01:22', '192.168.30.20', 3, '2018-07-05 16:30:47', '192.168.30.20'),
(30, 30, 1, 0.00, 0, 1, 0, 3, '2018-06-13 17:01:22', '192.168.30.20', 3, '2018-07-05 16:30:47', '192.168.30.20'),
(31, 31, 1, 0.00, 0, 1, 0, 3, '2018-06-13 17:01:22', '192.168.30.20', 3, '2018-07-05 16:30:47', '192.168.30.20'),
(32, 32, 1, 0.00, 0, 1, 0, 3, '2018-06-13 17:01:22', '192.168.30.20', 3, '2018-07-05 16:30:47', '192.168.30.20'),
(33, 33, 1, 0.00, 0, 1, 0, 3, '2018-06-13 17:01:22', '192.168.30.20', 3, '2018-07-05 16:30:47', '192.168.30.20'),
(34, 34, 1, 0.00, 0, 1, 0, 3, '2018-06-13 17:01:22', '192.168.30.20', 3, '2018-07-05 16:30:47', '192.168.30.20'),
(35, 35, 1, 0.00, 0, 1, 0, 3, '2018-06-13 17:01:22', '192.168.30.20', 3, '2018-07-05 16:30:47', '192.168.30.20'),
(36, 36, 1, 0.00, 0, 1, 0, 3, '2018-06-13 17:01:22', '192.168.30.20', 3, '2018-07-05 16:30:47', '192.168.30.20'),
(37, 37, 1, 0.00, 0, 1, 0, 3, '2018-06-13 17:01:22', '192.168.30.20', 3, '2018-07-05 16:30:47', '192.168.30.20'),
(38, 38, 1, 0.00, 0, 1, 0, 3, '2018-06-13 17:01:22', '192.168.30.20', 3, '2018-07-05 16:30:47', '192.168.30.20'),
(39, 39, 1, 0.00, 0, 1, 0, 3, '2018-06-13 17:01:22', '192.168.30.20', 3, '2018-07-05 16:30:47', '192.168.30.20'),
(40, 40, 1, 0.00, 0, 1, 0, 3, '2018-06-13 17:01:22', '192.168.30.20', 3, '2018-07-05 16:30:47', '192.168.30.20'),
(41, 41, 1, 0.00, 0, 1, 0, 3, '2018-06-13 17:01:22', '192.168.30.20', 3, '2018-07-05 16:30:47', '192.168.30.20'),
(42, 42, 1, 0.00, 0, 1, 0, 3, '2018-06-13 17:01:22', '192.168.30.20', 3, '2018-07-05 16:30:47', '192.168.30.20'),
(43, 43, 1, 0.00, 0, 1, 0, 3, '2018-06-13 17:01:22', '192.168.30.20', 3, '2018-07-05 16:30:47', '192.168.30.20'),
(44, 44, 1, 0.00, 0, 1, 0, 3, '2018-06-13 17:01:22', '192.168.30.20', 3, '2018-07-05 16:30:47', '192.168.30.20'),
(45, 1, 2, 0.00, 0, 1, 0, 3, '2018-06-13 17:05:50', '192.168.30.20', 3, '2018-07-05 16:34:50', '192.168.30.20'),
(46, 2, 2, 0.00, 0, 1, 0, 3, '2018-06-13 17:05:50', '192.168.30.20', 3, '2018-07-05 16:34:50', '192.168.30.20'),
(47, 3, 2, 0.00, 0, 1, 0, 3, '2018-06-13 17:05:50', '192.168.30.20', 3, '2018-07-05 16:34:50', '192.168.30.20'),
(48, 4, 2, 0.00, 0, 1, 0, 3, '2018-06-13 17:05:50', '192.168.30.20', 3, '2018-07-05 16:34:50', '192.168.30.20'),
(49, 5, 2, 0.00, 0, 1, 0, 3, '2018-06-13 17:05:50', '192.168.30.20', 3, '2018-07-05 16:34:50', '192.168.30.20'),
(50, 6, 2, 0.00, 0, 1, 0, 3, '2018-06-13 17:05:50', '192.168.30.20', 3, '2018-07-05 16:34:50', '192.168.30.20'),
(51, 7, 2, 0.00, 0, 1, 0, 3, '2018-06-13 17:05:50', '192.168.30.20', 3, '2018-07-05 16:34:50', '192.168.30.20'),
(52, 8, 2, 0.00, 0, 1, 0, 3, '2018-06-13 17:05:50', '192.168.30.20', 3, '2018-07-05 16:34:50', '192.168.30.20'),
(53, 9, 2, 0.00, 0, 1, 0, 3, '2018-06-13 17:05:50', '192.168.30.20', 3, '2018-07-05 16:34:50', '192.168.30.20'),
(54, 10, 2, 0.00, 0, 1, 0, 3, '2018-06-13 17:05:50', '192.168.30.20', 3, '2018-07-05 16:34:50', '192.168.30.20'),
(55, 11, 2, 0.00, 0, 1, 0, 3, '2018-06-13 17:05:50', '192.168.30.20', 3, '2018-07-05 16:34:50', '192.168.30.20'),
(56, 12, 2, 0.00, 0, 1, 0, 3, '2018-06-13 17:05:50', '192.168.30.20', 3, '2018-07-05 16:34:50', '192.168.30.20'),
(57, 13, 2, 0.00, 0, 1, 0, 3, '2018-06-13 17:05:50', '192.168.30.20', 3, '2018-07-05 16:34:50', '192.168.30.20'),
(58, 14, 2, 0.00, 0, 1, 0, 3, '2018-06-13 17:05:50', '192.168.30.20', 3, '2018-07-05 16:34:50', '192.168.30.20'),
(59, 19, 2, 0.00, 0, 1, 0, 3, '2018-06-13 17:05:50', '192.168.30.20', 3, '2018-07-05 16:34:50', '192.168.30.20'),
(60, 20, 2, 0.00, 0, 1, 0, 3, '2018-06-13 17:05:50', '192.168.30.20', 3, '2018-07-05 16:34:50', '192.168.30.20'),
(61, 15, 2, 0.00, 0, 1, 0, 3, '2018-06-13 17:05:50', '192.168.30.20', 3, '2018-07-05 16:34:50', '192.168.30.20'),
(62, 16, 2, 0.00, 0, 1, 0, 3, '2018-06-13 17:05:50', '192.168.30.20', 3, '2018-07-05 16:34:50', '192.168.30.20'),
(63, 17, 2, 0.00, 0, 1, 0, 3, '2018-06-13 17:05:50', '192.168.30.20', 3, '2018-07-05 16:34:50', '192.168.30.20'),
(64, 18, 2, 0.00, 0, 1, 0, 3, '2018-06-13 17:05:50', '192.168.30.20', 3, '2018-07-05 16:34:50', '192.168.30.20'),
(65, 21, 2, 0.00, 0, 1, 0, 3, '2018-06-13 17:05:50', '192.168.30.20', 3, '2018-07-05 16:34:50', '192.168.30.20'),
(66, 22, 2, 0.00, 0, 1, 0, 3, '2018-06-13 17:05:50', '192.168.30.20', 3, '2018-07-05 16:34:50', '192.168.30.20'),
(67, 23, 2, 0.00, 0, 1, 0, 3, '2018-06-13 17:05:50', '192.168.30.20', 3, '2018-07-05 16:34:50', '192.168.30.20'),
(68, 24, 2, 0.00, 0, 1, 0, 3, '2018-06-13 17:05:50', '192.168.30.20', 3, '2018-07-05 16:34:50', '192.168.30.20'),
(69, 25, 2, 0.00, 0, 1, 0, 3, '2018-06-13 17:05:50', '192.168.30.20', 3, '2018-07-05 16:34:50', '192.168.30.20'),
(70, 26, 2, 0.00, 0, 1, 0, 3, '2018-06-13 17:05:50', '192.168.30.20', 3, '2018-07-05 16:34:50', '192.168.30.20'),
(71, 27, 2, 0.00, 0, 1, 0, 3, '2018-06-13 17:05:50', '192.168.30.20', 3, '2018-07-05 16:34:50', '192.168.30.20'),
(72, 28, 2, 0.00, 0, 1, 0, 3, '2018-06-13 17:05:50', '192.168.30.20', 3, '2018-07-05 16:34:50', '192.168.30.20'),
(73, 29, 2, 0.00, 0, 1, 0, 3, '2018-06-13 17:05:50', '192.168.30.20', 3, '2018-07-05 16:34:50', '192.168.30.20'),
(74, 30, 2, 0.00, 0, 1, 0, 3, '2018-06-13 17:05:50', '192.168.30.20', 3, '2018-07-05 16:34:50', '192.168.30.20'),
(75, 31, 2, 0.00, 0, 1, 0, 3, '2018-06-13 17:05:50', '192.168.30.20', 3, '2018-07-05 16:34:50', '192.168.30.20'),
(76, 32, 2, 0.00, 0, 1, 0, 3, '2018-06-13 17:05:50', '192.168.30.20', 3, '2018-07-05 16:34:50', '192.168.30.20'),
(77, 33, 2, 0.00, 0, 1, 0, 3, '2018-06-13 17:05:50', '192.168.30.20', 3, '2018-07-05 16:34:50', '192.168.30.20'),
(78, 34, 2, 0.00, 0, 1, 0, 3, '2018-06-13 17:05:50', '192.168.30.20', 3, '2018-07-05 16:34:50', '192.168.30.20'),
(79, 35, 2, 0.00, 0, 1, 0, 3, '2018-06-13 17:05:50', '192.168.30.20', 3, '2018-07-05 16:34:50', '192.168.30.20'),
(80, 36, 2, 0.00, 0, 1, 0, 3, '2018-06-13 17:05:50', '192.168.30.20', 3, '2018-07-05 16:34:50', '192.168.30.20'),
(81, 37, 2, 0.00, 0, 1, 0, 3, '2018-06-13 17:05:50', '192.168.30.20', 3, '2018-07-05 16:34:50', '192.168.30.20'),
(82, 38, 2, 0.00, 0, 1, 0, 3, '2018-06-13 17:05:50', '192.168.30.20', 3, '2018-07-05 16:34:50', '192.168.30.20'),
(83, 39, 2, 0.00, 0, 1, 0, 3, '2018-06-13 17:05:50', '192.168.30.20', 3, '2018-07-05 16:34:50', '192.168.30.20'),
(84, 40, 2, 0.00, 0, 1, 0, 3, '2018-06-13 17:05:50', '192.168.30.20', 3, '2018-07-05 16:34:50', '192.168.30.20'),
(85, 41, 2, 0.00, 0, 1, 0, 3, '2018-06-13 17:05:50', '192.168.30.20', 3, '2018-07-05 16:34:50', '192.168.30.20'),
(86, 42, 2, 0.00, 0, 1, 0, 3, '2018-06-13 17:05:50', '192.168.30.20', 3, '2018-07-05 16:34:50', '192.168.30.20'),
(87, 43, 2, 0.00, 0, 1, 0, 3, '2018-06-13 17:05:50', '192.168.30.20', 3, '2018-07-05 16:34:50', '192.168.30.20'),
(88, 44, 2, 0.00, 0, 1, 0, 3, '2018-06-13 17:05:50', '192.168.30.20', 3, '2018-07-05 16:34:50', '192.168.30.20'),
(89, 1, 3, 0.00, 0, 1, 0, 3, '2018-06-13 17:07:41', '192.168.30.20', 3, '2018-07-06 16:07:59', '192.168.30.20'),
(90, 2, 3, 0.00, 0, 1, 0, 3, '2018-06-13 17:07:41', '192.168.30.20', 3, '2018-07-06 16:07:59', '192.168.30.20'),
(91, 3, 3, 0.00, 0, 1, 0, 3, '2018-06-13 17:07:41', '192.168.30.20', 3, '2018-07-06 16:07:59', '192.168.30.20'),
(92, 4, 3, 0.00, 0, 1, 0, 3, '2018-06-13 17:07:41', '192.168.30.20', 3, '2018-07-06 16:07:59', '192.168.30.20'),
(93, 5, 3, 0.00, 0, 1, 0, 3, '2018-06-13 17:07:41', '192.168.30.20', 3, '2018-07-06 16:07:59', '192.168.30.20'),
(94, 6, 3, 0.00, 0, 1, 0, 3, '2018-06-13 17:07:41', '192.168.30.20', 3, '2018-07-06 16:07:59', '192.168.30.20'),
(95, 7, 3, 0.00, 0, 1, 0, 3, '2018-06-13 17:07:41', '192.168.30.20', 3, '2018-07-06 16:07:59', '192.168.30.20'),
(96, 8, 3, 0.00, 0, 1, 0, 3, '2018-06-13 17:07:41', '192.168.30.20', 3, '2018-07-06 16:07:59', '192.168.30.20'),
(97, 9, 3, 0.00, 0, 1, 0, 3, '2018-06-13 17:07:41', '192.168.30.20', 3, '2018-07-06 16:07:59', '192.168.30.20'),
(98, 10, 3, 0.00, 0, 1, 0, 3, '2018-06-13 17:07:41', '192.168.30.20', 3, '2018-07-06 16:07:59', '192.168.30.20'),
(99, 11, 3, 0.00, 0, 1, 0, 3, '2018-06-13 17:07:41', '192.168.30.20', 3, '2018-07-06 16:07:59', '192.168.30.20'),
(100, 12, 3, 0.00, 0, 1, 0, 3, '2018-06-13 17:07:41', '192.168.30.20', 3, '2018-07-06 16:07:59', '192.168.30.20'),
(101, 13, 3, 0.00, 0, 1, 0, 3, '2018-06-13 17:07:41', '192.168.30.20', 3, '2018-07-06 16:07:59', '192.168.30.20'),
(102, 14, 3, 0.00, 0, 1, 0, 3, '2018-06-13 17:07:41', '192.168.30.20', 3, '2018-07-06 16:07:59', '192.168.30.20'),
(103, 19, 3, 0.00, 0, 1, 0, 3, '2018-06-13 17:07:41', '192.168.30.20', 3, '2018-07-06 16:07:59', '192.168.30.20'),
(104, 20, 3, 0.00, 0, 1, 0, 3, '2018-06-13 17:07:41', '192.168.30.20', 3, '2018-07-06 16:07:59', '192.168.30.20'),
(105, 15, 3, 0.00, 0, 1, 0, 3, '2018-06-13 17:07:41', '192.168.30.20', 3, '2018-07-06 16:07:59', '192.168.30.20'),
(106, 16, 3, 0.00, 0, 1, 0, 3, '2018-06-13 17:07:41', '192.168.30.20', 3, '2018-07-06 16:07:59', '192.168.30.20'),
(107, 17, 3, 0.00, 0, 1, 0, 3, '2018-06-13 17:07:41', '192.168.30.20', 3, '2018-07-06 16:07:59', '192.168.30.20'),
(108, 18, 3, 0.00, 0, 1, 0, 3, '2018-06-13 17:07:41', '192.168.30.20', 3, '2018-07-06 16:07:59', '192.168.30.20'),
(109, 21, 3, 0.00, 0, 1, 0, 3, '2018-06-13 17:07:41', '192.168.30.20', 3, '2018-07-06 16:07:59', '192.168.30.20'),
(110, 22, 3, 0.00, 0, 1, 0, 3, '2018-06-13 17:07:41', '192.168.30.20', 3, '2018-07-06 16:07:59', '192.168.30.20'),
(111, 23, 3, 0.00, 0, 1, 0, 3, '2018-06-13 17:07:41', '192.168.30.20', 3, '2018-07-06 16:07:59', '192.168.30.20'),
(112, 24, 3, 0.00, 0, 1, 0, 3, '2018-06-13 17:07:41', '192.168.30.20', 3, '2018-07-06 16:07:59', '192.168.30.20'),
(113, 25, 3, 0.00, 0, 1, 0, 3, '2018-06-13 17:07:41', '192.168.30.20', 3, '2018-07-06 16:07:59', '192.168.30.20'),
(114, 26, 3, 0.00, 0, 1, 0, 3, '2018-06-13 17:07:41', '192.168.30.20', 3, '2018-07-06 16:07:59', '192.168.30.20'),
(115, 27, 3, 0.00, 0, 1, 0, 3, '2018-06-13 17:07:41', '192.168.30.20', 3, '2018-07-06 16:07:59', '192.168.30.20'),
(116, 28, 3, 0.00, 0, 1, 0, 3, '2018-06-13 17:07:41', '192.168.30.20', 3, '2018-07-06 16:07:59', '192.168.30.20'),
(117, 29, 3, 0.00, 0, 1, 0, 3, '2018-06-13 17:07:41', '192.168.30.20', 3, '2018-07-06 16:07:59', '192.168.30.20'),
(118, 30, 3, 0.00, 0, 1, 0, 3, '2018-06-13 17:07:41', '192.168.30.20', 3, '2018-07-06 16:07:59', '192.168.30.20'),
(119, 31, 3, 0.00, 0, 1, 0, 3, '2018-06-13 17:07:41', '192.168.30.20', 3, '2018-07-06 16:07:59', '192.168.30.20'),
(120, 32, 3, 0.00, 0, 1, 0, 3, '2018-06-13 17:07:41', '192.168.30.20', 3, '2018-07-06 16:07:59', '192.168.30.20'),
(121, 33, 3, 0.00, 0, 1, 0, 3, '2018-06-13 17:07:41', '192.168.30.20', 3, '2018-07-06 16:07:59', '192.168.30.20'),
(122, 34, 3, 0.00, 0, 1, 0, 3, '2018-06-13 17:07:41', '192.168.30.20', 3, '2018-07-06 16:07:59', '192.168.30.20'),
(123, 35, 3, 0.00, 0, 1, 0, 3, '2018-06-13 17:07:41', '192.168.30.20', 3, '2018-07-06 16:07:59', '192.168.30.20'),
(124, 36, 3, 0.00, 0, 1, 0, 3, '2018-06-13 17:07:41', '192.168.30.20', 3, '2018-07-06 16:07:59', '192.168.30.20'),
(125, 37, 3, 0.00, 0, 1, 0, 3, '2018-06-13 17:07:41', '192.168.30.20', 3, '2018-07-06 16:07:59', '192.168.30.20'),
(126, 38, 3, 0.00, 0, 1, 0, 3, '2018-06-13 17:07:41', '192.168.30.20', 3, '2018-07-06 16:07:59', '192.168.30.20'),
(127, 39, 3, 0.00, 0, 1, 0, 3, '2018-06-13 17:07:41', '192.168.30.20', 3, '2018-07-06 16:07:59', '192.168.30.20'),
(128, 40, 3, 0.00, 0, 1, 0, 3, '2018-06-13 17:07:41', '192.168.30.20', 3, '2018-07-06 16:07:59', '192.168.30.20'),
(129, 41, 3, 0.00, 0, 1, 0, 3, '2018-06-13 17:07:41', '192.168.30.20', 3, '2018-07-06 16:07:59', '192.168.30.20'),
(130, 42, 3, 0.00, 0, 1, 0, 3, '2018-06-13 17:07:41', '192.168.30.20', 3, '2018-07-06 16:07:59', '192.168.30.20'),
(131, 43, 3, 0.00, 0, 1, 0, 3, '2018-06-13 17:07:41', '192.168.30.20', 3, '2018-07-06 16:07:59', '192.168.30.20'),
(132, 44, 3, 0.00, 0, 1, 0, 3, '2018-06-13 17:07:41', '192.168.30.20', 3, '2018-07-06 16:07:59', '192.168.30.20'),
(133, 1, 4, 0.00, 0, 1, 0, 3, '2018-06-13 17:30:12', '192.168.30.20', 3, '2018-07-06 17:04:46', '192.168.30.20'),
(134, 2, 4, 0.00, 0, 1, 0, 3, '2018-06-13 17:30:12', '192.168.30.20', 3, '2018-07-06 17:04:46', '192.168.30.20'),
(135, 3, 4, 0.00, 0, 1, 0, 3, '2018-06-13 17:30:12', '192.168.30.20', 3, '2018-07-06 17:04:46', '192.168.30.20'),
(136, 4, 4, 0.00, 0, 1, 0, 3, '2018-06-13 17:30:12', '192.168.30.20', 3, '2018-07-06 17:04:46', '192.168.30.20'),
(137, 5, 4, 0.00, 0, 1, 0, 3, '2018-06-13 17:30:12', '192.168.30.20', 3, '2018-07-06 17:04:46', '192.168.30.20'),
(138, 6, 4, 0.00, 0, 1, 0, 3, '2018-06-13 17:30:12', '192.168.30.20', 3, '2018-07-06 17:04:46', '192.168.30.20'),
(139, 7, 4, 0.00, 0, 1, 0, 3, '2018-06-13 17:30:12', '192.168.30.20', 3, '2018-07-06 17:04:46', '192.168.30.20'),
(140, 8, 4, 0.00, 0, 1, 0, 3, '2018-06-13 17:30:12', '192.168.30.20', 3, '2018-07-06 17:04:46', '192.168.30.20'),
(141, 9, 4, 0.00, 0, 1, 0, 3, '2018-06-13 17:30:12', '192.168.30.20', 3, '2018-07-06 17:04:46', '192.168.30.20'),
(142, 10, 4, 0.00, 0, 1, 0, 3, '2018-06-13 17:30:12', '192.168.30.20', 3, '2018-07-06 17:04:46', '192.168.30.20'),
(143, 11, 4, 0.00, 0, 1, 0, 3, '2018-06-13 17:30:12', '192.168.30.20', 3, '2018-07-06 17:04:46', '192.168.30.20'),
(144, 12, 4, 0.00, 0, 1, 0, 3, '2018-06-13 17:30:12', '192.168.30.20', 3, '2018-07-06 17:04:46', '192.168.30.20'),
(145, 13, 4, 0.00, 0, 1, 0, 3, '2018-06-13 17:30:12', '192.168.30.20', 3, '2018-07-06 17:04:46', '192.168.30.20'),
(146, 14, 4, 0.00, 0, 1, 0, 3, '2018-06-13 17:30:12', '192.168.30.20', 3, '2018-07-06 17:04:46', '192.168.30.20'),
(147, 19, 4, 0.00, 0, 1, 0, 3, '2018-06-13 17:30:12', '192.168.30.20', 3, '2018-07-06 17:04:46', '192.168.30.20'),
(148, 20, 4, 0.00, 0, 1, 0, 3, '2018-06-13 17:30:12', '192.168.30.20', 3, '2018-07-06 17:04:46', '192.168.30.20'),
(149, 15, 4, 0.00, 0, 1, 0, 3, '2018-06-13 17:30:12', '192.168.30.20', 3, '2018-07-06 17:04:46', '192.168.30.20'),
(150, 16, 4, 0.00, 0, 1, 0, 3, '2018-06-13 17:30:12', '192.168.30.20', 3, '2018-07-06 17:04:46', '192.168.30.20'),
(151, 17, 4, 0.00, 0, 1, 0, 3, '2018-06-13 17:30:12', '192.168.30.20', 3, '2018-07-06 17:04:46', '192.168.30.20'),
(152, 18, 4, 0.00, 0, 1, 0, 3, '2018-06-13 17:30:12', '192.168.30.20', 3, '2018-07-06 17:04:46', '192.168.30.20'),
(153, 21, 4, 0.00, 0, 1, 0, 3, '2018-06-13 17:30:12', '192.168.30.20', 3, '2018-07-06 17:04:46', '192.168.30.20'),
(154, 22, 4, 0.00, 0, 1, 0, 3, '2018-06-13 17:30:12', '192.168.30.20', 3, '2018-07-06 17:04:46', '192.168.30.20'),
(155, 23, 4, 0.00, 0, 1, 0, 3, '2018-06-13 17:30:12', '192.168.30.20', 3, '2018-07-06 17:04:46', '192.168.30.20'),
(156, 24, 4, 0.00, 0, 1, 0, 3, '2018-06-13 17:30:12', '192.168.30.20', 3, '2018-07-06 17:04:46', '192.168.30.20'),
(157, 25, 4, 0.00, 0, 1, 0, 3, '2018-06-13 17:30:12', '192.168.30.20', 3, '2018-07-06 17:04:46', '192.168.30.20'),
(158, 26, 4, 0.00, 0, 1, 0, 3, '2018-06-13 17:30:12', '192.168.30.20', 3, '2018-07-06 17:04:46', '192.168.30.20'),
(159, 27, 4, 0.00, 0, 1, 0, 3, '2018-06-13 17:30:12', '192.168.30.20', 3, '2018-07-06 17:04:46', '192.168.30.20'),
(160, 28, 4, 0.00, 0, 1, 0, 3, '2018-06-13 17:30:12', '192.168.30.20', 3, '2018-07-06 17:04:46', '192.168.30.20'),
(161, 29, 4, 0.00, 0, 1, 0, 3, '2018-06-13 17:30:12', '192.168.30.20', 3, '2018-07-06 17:04:46', '192.168.30.20'),
(162, 30, 4, 0.00, 0, 1, 0, 3, '2018-06-13 17:30:12', '192.168.30.20', 3, '2018-07-06 17:04:46', '192.168.30.20'),
(163, 31, 4, 0.00, 0, 1, 0, 3, '2018-06-13 17:30:12', '192.168.30.20', 3, '2018-07-06 17:04:46', '192.168.30.20'),
(164, 32, 4, 0.00, 0, 1, 0, 3, '2018-06-13 17:30:12', '192.168.30.20', 3, '2018-07-06 17:04:46', '192.168.30.20'),
(165, 33, 4, 0.00, 0, 1, 0, 3, '2018-06-13 17:30:12', '192.168.30.20', 3, '2018-07-06 17:04:46', '192.168.30.20'),
(166, 34, 4, 0.00, 0, 1, 0, 3, '2018-06-13 17:30:12', '192.168.30.20', 3, '2018-07-06 17:04:46', '192.168.30.20'),
(167, 35, 4, 0.00, 0, 1, 0, 3, '2018-06-13 17:30:12', '192.168.30.20', 3, '2018-07-06 17:04:46', '192.168.30.20'),
(168, 36, 4, 0.00, 0, 1, 0, 3, '2018-06-13 17:30:12', '192.168.30.20', 3, '2018-07-06 17:04:46', '192.168.30.20'),
(169, 37, 4, 0.00, 0, 1, 0, 3, '2018-06-13 17:30:12', '192.168.30.20', 3, '2018-07-06 17:04:46', '192.168.30.20'),
(170, 38, 4, 0.00, 0, 1, 0, 3, '2018-06-13 17:30:12', '192.168.30.20', 3, '2018-07-06 17:04:46', '192.168.30.20'),
(171, 39, 4, 0.00, 0, 1, 0, 3, '2018-06-13 17:30:12', '192.168.30.20', 3, '2018-07-06 17:04:46', '192.168.30.20'),
(172, 40, 4, 0.00, 0, 1, 0, 3, '2018-06-13 17:30:12', '192.168.30.20', 3, '2018-07-06 17:04:46', '192.168.30.20'),
(173, 41, 4, 0.00, 0, 1, 0, 3, '2018-06-13 17:30:12', '192.168.30.20', 3, '2018-07-06 17:04:46', '192.168.30.20'),
(174, 42, 4, 0.00, 0, 1, 0, 3, '2018-06-13 17:30:12', '192.168.30.20', 3, '2018-07-06 17:04:46', '192.168.30.20'),
(175, 43, 4, 0.00, 0, 1, 0, 3, '2018-06-13 17:30:12', '192.168.30.20', 3, '2018-07-06 17:04:46', '192.168.30.20'),
(176, 44, 4, 0.00, 0, 1, 0, 3, '2018-06-13 17:30:12', '192.168.30.20', 3, '2018-07-06 17:04:46', '192.168.30.20'),
(177, 1, 5, 0.00, 0, 1, 0, 3, '2018-07-11 16:18:13', '192.168.30.20', 0, '0000-00-00 00:00:00', ''),
(178, 2, 5, 0.00, 0, 1, 0, 3, '2018-07-11 16:18:13', '192.168.30.20', 0, '0000-00-00 00:00:00', ''),
(179, 3, 5, 0.00, 0, 1, 0, 3, '2018-07-11 16:18:13', '192.168.30.20', 0, '0000-00-00 00:00:00', ''),
(180, 4, 5, 0.00, 0, 1, 0, 3, '2018-07-11 16:18:13', '192.168.30.20', 0, '0000-00-00 00:00:00', ''),
(181, 5, 5, 0.00, 0, 1, 0, 3, '2018-07-11 16:18:13', '192.168.30.20', 0, '0000-00-00 00:00:00', ''),
(182, 6, 5, 0.00, 0, 1, 0, 3, '2018-07-11 16:18:13', '192.168.30.20', 0, '0000-00-00 00:00:00', ''),
(183, 7, 5, 0.00, 0, 1, 0, 3, '2018-07-11 16:18:13', '192.168.30.20', 0, '0000-00-00 00:00:00', ''),
(184, 8, 5, 0.00, 0, 1, 0, 3, '2018-07-11 16:18:13', '192.168.30.20', 0, '0000-00-00 00:00:00', ''),
(185, 9, 5, 0.00, 0, 1, 0, 3, '2018-07-11 16:18:13', '192.168.30.20', 0, '0000-00-00 00:00:00', ''),
(186, 10, 5, 0.00, 0, 1, 0, 3, '2018-07-11 16:18:13', '192.168.30.20', 0, '0000-00-00 00:00:00', ''),
(187, 11, 5, 0.00, 0, 1, 0, 3, '2018-07-11 16:18:13', '192.168.30.20', 0, '0000-00-00 00:00:00', ''),
(188, 12, 5, 0.00, 0, 1, 0, 3, '2018-07-11 16:18:13', '192.168.30.20', 0, '0000-00-00 00:00:00', ''),
(189, 13, 5, 0.00, 0, 1, 0, 3, '2018-07-11 16:18:13', '192.168.30.20', 0, '0000-00-00 00:00:00', ''),
(190, 14, 5, 0.00, 0, 1, 0, 3, '2018-07-11 16:18:13', '192.168.30.20', 0, '0000-00-00 00:00:00', ''),
(191, 19, 5, 0.00, 0, 1, 0, 3, '2018-07-11 16:18:13', '192.168.30.20', 0, '0000-00-00 00:00:00', ''),
(192, 20, 5, 0.00, 0, 1, 0, 3, '2018-07-11 16:18:13', '192.168.30.20', 0, '0000-00-00 00:00:00', ''),
(193, 15, 5, 0.00, 0, 1, 0, 3, '2018-07-11 16:18:13', '192.168.30.20', 0, '0000-00-00 00:00:00', ''),
(194, 16, 5, 0.00, 0, 1, 0, 3, '2018-07-11 16:18:13', '192.168.30.20', 0, '0000-00-00 00:00:00', ''),
(195, 17, 5, 0.00, 0, 1, 0, 3, '2018-07-11 16:18:13', '192.168.30.20', 0, '0000-00-00 00:00:00', ''),
(196, 18, 5, 0.00, 0, 1, 0, 3, '2018-07-11 16:18:13', '192.168.30.20', 0, '0000-00-00 00:00:00', ''),
(197, 21, 5, 0.00, 0, 1, 0, 3, '2018-07-11 16:18:13', '192.168.30.20', 0, '0000-00-00 00:00:00', ''),
(198, 22, 5, 0.00, 0, 1, 0, 3, '2018-07-11 16:18:13', '192.168.30.20', 0, '0000-00-00 00:00:00', ''),
(199, 23, 5, 0.00, 0, 1, 0, 3, '2018-07-11 16:18:13', '192.168.30.20', 0, '0000-00-00 00:00:00', ''),
(200, 24, 5, 0.00, 0, 1, 0, 3, '2018-07-11 16:18:13', '192.168.30.20', 0, '0000-00-00 00:00:00', ''),
(201, 25, 5, 0.00, 0, 1, 0, 3, '2018-07-11 16:18:13', '192.168.30.20', 0, '0000-00-00 00:00:00', ''),
(202, 26, 5, 0.00, 0, 1, 0, 3, '2018-07-11 16:18:13', '192.168.30.20', 0, '0000-00-00 00:00:00', ''),
(203, 27, 5, 0.00, 0, 1, 0, 3, '2018-07-11 16:18:13', '192.168.30.20', 0, '0000-00-00 00:00:00', ''),
(204, 28, 5, 0.00, 0, 1, 0, 3, '2018-07-11 16:18:13', '192.168.30.20', 0, '0000-00-00 00:00:00', ''),
(205, 29, 5, 0.00, 0, 1, 0, 3, '2018-07-11 16:18:13', '192.168.30.20', 0, '0000-00-00 00:00:00', ''),
(206, 30, 5, 0.00, 0, 1, 0, 3, '2018-07-11 16:18:13', '192.168.30.20', 0, '0000-00-00 00:00:00', ''),
(207, 31, 5, 0.00, 0, 1, 0, 3, '2018-07-11 16:18:13', '192.168.30.20', 0, '0000-00-00 00:00:00', ''),
(208, 32, 5, 0.00, 0, 1, 0, 3, '2018-07-11 16:18:13', '192.168.30.20', 0, '0000-00-00 00:00:00', ''),
(209, 33, 5, 0.00, 0, 1, 0, 3, '2018-07-11 16:18:13', '192.168.30.20', 0, '0000-00-00 00:00:00', ''),
(210, 34, 5, 0.00, 0, 1, 0, 3, '2018-07-11 16:18:13', '192.168.30.20', 0, '0000-00-00 00:00:00', ''),
(211, 35, 5, 0.00, 0, 1, 0, 3, '2018-07-11 16:18:13', '192.168.30.20', 0, '0000-00-00 00:00:00', ''),
(212, 36, 5, 0.00, 0, 1, 0, 3, '2018-07-11 16:18:13', '192.168.30.20', 0, '0000-00-00 00:00:00', ''),
(213, 37, 5, 0.00, 0, 1, 0, 3, '2018-07-11 16:18:13', '192.168.30.20', 0, '0000-00-00 00:00:00', ''),
(214, 38, 5, 0.00, 0, 1, 0, 3, '2018-07-11 16:18:13', '192.168.30.20', 0, '0000-00-00 00:00:00', ''),
(215, 39, 5, 0.00, 0, 1, 0, 3, '2018-07-11 16:18:13', '192.168.30.20', 0, '0000-00-00 00:00:00', ''),
(216, 40, 5, 0.00, 0, 1, 0, 3, '2018-07-11 16:18:13', '192.168.30.20', 0, '0000-00-00 00:00:00', ''),
(217, 41, 5, 0.00, 0, 1, 0, 3, '2018-07-11 16:18:13', '192.168.30.20', 0, '0000-00-00 00:00:00', ''),
(218, 42, 5, 0.00, 0, 1, 0, 3, '2018-07-11 16:18:13', '192.168.30.20', 0, '0000-00-00 00:00:00', ''),
(219, 43, 5, 0.00, 0, 1, 0, 3, '2018-07-11 16:18:13', '192.168.30.20', 0, '0000-00-00 00:00:00', ''),
(220, 44, 5, 0.00, 0, 1, 0, 3, '2018-07-11 16:18:13', '192.168.30.20', 0, '0000-00-00 00:00:00', '');

-- --------------------------------------------------------

--
-- Table structure for table `ft_client_account`
--

CREATE TABLE IF NOT EXISTS `ft_client_account` (
`id` int(12) NOT NULL,
  `joint_name` varchar(50) NOT NULL,
  `ssn` varchar(30) NOT NULL,
  `dob` date NOT NULL,
  `income` varchar(20) NOT NULL,
  `occupation` varchar(50) NOT NULL,
  `position` varchar(30) NOT NULL,
  `securities` tinyint(1) NOT NULL DEFAULT '0',
  `employer` varchar(20) NOT NULL,
  `employer_add` varchar(50) NOT NULL,
  `status` tinyint(1) NOT NULL DEFAULT '1',
  `is_delete` tinyint(1) NOT NULL DEFAULT '0',
  `created_by` int(12) NOT NULL,
  `created_time` datetime NOT NULL,
  `created_ip` varchar(100) NOT NULL,
  `modified_by` int(12) NOT NULL,
  `modified_time` datetime NOT NULL,
  `modified_ip` varchar(100) NOT NULL
) ENGINE=InnoDB AUTO_INCREMENT=2 DEFAULT CHARSET=latin1;

--
-- Dumping data for table `ft_client_account`
--

INSERT INTO `ft_client_account` (`id`, `joint_name`, `ssn`, `dob`, `income`, `occupation`, `position`, `securities`, `employer`, `employer_add`, `status`, `is_delete`, `created_by`, `created_time`, `created_ip`, `modified_by`, `modified_time`, `modified_ip`) VALUES
(1, 'joint 1', 'defdf', '0000-00-00', 'dfdf', 'dfdf', 'dfdf', 0, 'fdfd', 'dfdf', 1, 0, 2, '2018-01-03 18:27:30', '103.36.122.212', 2, '2018-01-03 18:27:36', '103.36.122.212');

-- --------------------------------------------------------

--
-- Table structure for table `ft_client_account_no`
--

CREATE TABLE IF NOT EXISTS `ft_client_account_no` (
`id` int(12) NOT NULL,
  `client_id` int(12) NOT NULL,
  `account_no` varchar(100) NOT NULL,
  `sponsor_company` varchar(100) NOT NULL,
  `status` tinyint(1) NOT NULL DEFAULT '1',
  `is_delete` tinyint(1) NOT NULL DEFAULT '0',
  `created_by` int(12) NOT NULL,
  `created_time` datetime NOT NULL,
  `created_ip` varchar(100) NOT NULL,
  `modified_by` int(12) NOT NULL,
  `modified_time` datetime NOT NULL,
  `modified_ip` varchar(100) NOT NULL
) ENGINE=InnoDB AUTO_INCREMENT=124 DEFAULT CHARSET=latin1;

--
-- Dumping data for table `ft_client_account_no`
--

INSERT INTO `ft_client_account_no` (`id`, `client_id`, `account_no`, `sponsor_company`, `status`, `is_delete`, `created_by`, `created_time`, `created_ip`, `modified_by`, `modified_time`, `modified_ip`) VALUES
(1, 1, '00150247194', '7', 1, 1, 3, '2018-04-16 16:39:14', '192.168.30.30', 0, '0000-00-00 00:00:00', ''),
(2, 1, '00150247590', '', 1, 1, 0, '0000-00-00 00:00:00', '', 0, '0000-00-00 00:00:00', ''),
(3, 2, '00150247184         ', '1', 1, 1, 3, '2018-04-16 17:34:26', '192.168.30.30', 0, '0000-00-00 00:00:00', ''),
(4, 2, '00150247582', '', 1, 1, 0, '0000-00-00 00:00:00', '', 0, '0000-00-00 00:00:00', ''),
(5, 3, '12312312311         ', '', 1, 0, 3, '2018-04-17 16:29:10', '192.168.30.30', 0, '0000-00-00 00:00:00', ''),
(6, 4, '45645645645         ', '', 1, 0, 3, '2018-04-17 16:29:10', '192.168.30.30', 0, '0000-00-00 00:00:00', ''),
(7, 5, '78978978978         ', '', 1, 0, 3, '2018-04-17 16:29:10', '192.168.30.30', 0, '0000-00-00 00:00:00', ''),
(8, 6, '15615615615         ', '', 1, 0, 3, '2018-04-17 16:29:10', '192.168.30.30', 0, '0000-00-00 00:00:00', ''),
(9, 5, '00150247581', '', 1, 0, 0, '0000-00-00 00:00:00', '', 0, '0000-00-00 00:00:00', ''),
(10, 7, '00150247337         ', '1', 1, 0, 3, '2018-04-17 16:30:59', '192.168.30.30', 0, '0000-00-00 00:00:00', ''),
(11, 8, '00000011111         ', '', 1, 0, 3, '2018-04-27 11:24:43', '192.168.30.20', 0, '0000-00-00 00:00:00', ''),
(12, 9, '00000781411         ', '', 1, 0, 3, '2018-04-27 11:26:11', '192.168.30.20', 0, '0000-00-00 00:00:00', ''),
(13, 10, '00000692770         ', '', 1, 0, 3, '2018-04-27 11:26:11', '192.168.30.20', 0, '0000-00-00 00:00:00', ''),
(14, 11, '00020000555         ', '', 1, 0, 3, '2018-04-27 11:27:32', '192.168.30.20', 0, '0000-00-00 00:00:00', ''),
(15, 12, '00020000444         ', '', 1, 0, 3, '2018-04-27 11:27:32', '192.168.30.20', 0, '0000-00-00 00:00:00', ''),
(16, 13, '00020000555         ', '', 1, 0, 3, '2018-05-02 17:15:28', '192.168.30.20', 0, '0000-00-00 00:00:00', ''),
(17, 14, '00020000444         ', '', 1, 0, 3, '2018-05-02 17:15:28', '192.168.30.20', 0, '0000-00-00 00:00:00', ''),
(18, 15, '00123456789         ', '', 1, 0, 3, '2018-05-03 15:14:35', '192.168.30.20', 0, '0000-00-00 00:00:00', ''),
(19, 16, '00123456789         ', '', 1, 0, 3, '2018-05-03 15:14:35', '192.168.30.20', 0, '0000-00-00 00:00:00', ''),
(20, 17, '00123456789         ', '', 1, 0, 3, '2018-05-03 15:14:35', '192.168.30.20', 0, '0000-00-00 00:00:00', ''),
(21, 18, '00123456789         ', '', 1, 0, 3, '2018-05-03 15:14:56', '192.168.30.20', 0, '0000-00-00 00:00:00', ''),
(22, 19, '00123456789         ', '', 1, 0, 3, '2018-05-03 15:14:56', '192.168.30.20', 0, '0000-00-00 00:00:00', ''),
(23, 20, '00123456789         ', '', 1, 0, 3, '2018-05-03 15:14:56', '192.168.30.20', 0, '0000-00-00 00:00:00', ''),
(24, 21, '00033334444         ', '', 1, 0, 3, '2018-05-03 15:47:34', '192.168.30.20', 0, '0000-00-00 00:00:00', ''),
(25, 22, '00033334444         ', '', 1, 0, 3, '2018-05-03 15:47:34', '192.168.30.20', 0, '0000-00-00 00:00:00', ''),
(26, 23, '00033334444         ', '', 1, 0, 3, '2018-05-03 15:48:27', '192.168.30.20', 0, '0000-00-00 00:00:00', ''),
(27, 24, '00033334444         ', '', 1, 0, 3, '2018-05-03 15:48:27', '192.168.30.20', 0, '0000-00-00 00:00:00', ''),
(28, 25, '00047847899         ', '', 1, 0, 3, '2018-05-03 15:48:27', '192.168.30.20', 0, '0000-00-00 00:00:00', ''),
(29, 26, '00112233445         ', '', 1, 0, 3, '2018-05-03 15:52:21', '192.168.30.20', 0, '0000-00-00 00:00:00', ''),
(30, 27, '00112233445         ', '', 1, 0, 3, '2018-05-03 15:52:21', '192.168.30.20', 0, '0000-00-00 00:00:00', ''),
(31, 28, '00123456789         ', '', 1, 0, 3, '2018-05-03 15:53:16', '192.168.30.20', 0, '0000-00-00 00:00:00', ''),
(32, 29, '00123456789         ', '', 1, 0, 3, '2018-05-03 15:53:16', '192.168.30.20', 0, '0000-00-00 00:00:00', ''),
(33, 30, '00123456789         ', '', 1, 0, 3, '2018-05-03 15:53:16', '192.168.30.20', 0, '0000-00-00 00:00:00', ''),
(34, 31, '00112233445         ', '', 1, 0, 3, '2018-05-03 15:53:16', '192.168.30.20', 0, '0000-00-00 00:00:00', ''),
(35, 32, '00112233445         ', '', 1, 0, 3, '2018-05-03 15:53:16', '192.168.30.20', 0, '0000-00-00 00:00:00', ''),
(36, 33, '00000011111         ', '', 1, 0, 3, '2018-05-03 16:02:59', '192.168.30.20', 0, '0000-00-00 00:00:00', ''),
(37, 1, '00033334444         ', '', 1, 1, 3, '2018-05-03 17:29:22', '192.168.30.20', 0, '0000-00-00 00:00:00', ''),
(38, 2, '00033334444         ', '', 1, 1, 3, '2018-05-03 17:29:22', '192.168.30.20', 0, '0000-00-00 00:00:00', ''),
(39, 3, '00047847899         ', '', 1, 0, 3, '2018-05-03 17:29:22', '192.168.30.20', 0, '0000-00-00 00:00:00', ''),
(40, 4, '00123456789         ', '', 1, 0, 3, '2018-05-03 17:29:55', '192.168.30.20', 0, '0000-00-00 00:00:00', ''),
(41, 5, '00123456789         ', '', 1, 0, 3, '2018-05-03 17:29:55', '192.168.30.20', 0, '0000-00-00 00:00:00', ''),
(42, 6, '00123456789         ', '', 1, 0, 3, '2018-05-03 17:29:55', '192.168.30.20', 0, '0000-00-00 00:00:00', ''),
(43, 1, '00150247590', '', 1, 1, 0, '0000-00-00 00:00:00', '', 0, '0000-00-00 00:00:00', ''),
(44, 3, '00150247582', '', 1, 0, 0, '0000-00-00 00:00:00', '', 0, '0000-00-00 00:00:00', ''),
(45, 5, '00150247337', '', 1, 0, 0, '0000-00-00 00:00:00', '', 0, '0000-00-00 00:00:00', ''),
(46, 7, '00123456789         ', '', 1, 0, 3, '2018-05-03 18:42:48', '192.168.30.20', 0, '0000-00-00 00:00:00', ''),
(47, 8, '00123456789         ', '', 1, 0, 3, '2018-05-03 18:42:48', '192.168.30.20', 0, '0000-00-00 00:00:00', ''),
(48, 9, '00123456789         ', '', 1, 0, 3, '2018-05-03 18:42:48', '192.168.30.20', 0, '0000-00-00 00:00:00', ''),
(49, 10, '00000011111         ', '', 1, 0, 3, '2018-05-03 18:44:37', '192.168.30.20', 0, '0000-00-00 00:00:00', ''),
(50, 0, '00150247590         ', '1', 1, 0, 3, '2018-05-05 09:33:18', '192.168.30.20', 0, '0000-00-00 00:00:00', ''),
(51, 0, '00150247590         ', '1', 1, 0, 3, '2018-05-05 09:39:57', '192.168.30.20', 0, '0000-00-00 00:00:00', ''),
(52, 0, '00150247590         ', '1', 1, 0, 3, '2018-05-05 09:40:12', '192.168.30.20', 0, '0000-00-00 00:00:00', ''),
(53, 1, '00150247590         ', '1', 1, 1, 3, '2018-05-05 09:40:29', '192.168.30.20', 0, '0000-00-00 00:00:00', ''),
(54, 0, '00150247582         ', '1', 1, 0, 3, '2018-05-05 09:44:12', '192.168.30.20', 0, '0000-00-00 00:00:00', ''),
(55, 2, '00150247582         ', '1', 1, 1, 3, '2018-05-05 09:44:26', '192.168.30.20', 0, '0000-00-00 00:00:00', ''),
(56, 3, '00150247581         ', '1', 1, 0, 3, '2018-05-05 09:45:50', '192.168.30.20', 0, '0000-00-00 00:00:00', ''),
(57, 4, '00150247337         ', '1', 1, 0, 3, '2018-05-05 09:46:34', '192.168.30.20', 0, '0000-00-00 00:00:00', ''),
(58, 5, '00123456789         ', '', 1, 0, 3, '2018-05-07 18:05:36', '192.168.30.20', 0, '0000-00-00 00:00:00', ''),
(59, 6, '00123456789         ', '', 1, 0, 3, '2018-05-07 18:05:36', '192.168.30.20', 0, '0000-00-00 00:00:00', ''),
(60, 7, '00123456789         ', '', 1, 0, 3, '2018-05-07 18:05:36', '192.168.30.20', 0, '0000-00-00 00:00:00', ''),
(61, 1, '00150247581', '', 1, 1, 0, '0000-00-00 00:00:00', '', 0, '0000-00-00 00:00:00', ''),
(62, 1, '00150247337', '', 1, 1, 0, '0000-00-00 00:00:00', '', 0, '0000-00-00 00:00:00', ''),
(63, 3, '00123456789         ', '', 1, 0, 3, '2018-05-21 09:24:23', '192.168.30.20', 0, '0000-00-00 00:00:00', ''),
(64, 4, '00123456789         ', '', 1, 0, 3, '2018-05-21 09:24:23', '192.168.30.20', 0, '0000-00-00 00:00:00', ''),
(65, 5, '00123456789         ', '', 1, 0, 3, '2018-05-21 09:24:23', '192.168.30.20', 0, '0000-00-00 00:00:00', ''),
(66, 6, '00123456789         ', '', 1, 0, 3, '2018-05-24 15:26:50', '192.168.30.20', 0, '0000-00-00 00:00:00', ''),
(67, 7, '00123456789         ', '', 1, 0, 3, '2018-05-24 15:26:50', '192.168.30.20', 0, '0000-00-00 00:00:00', ''),
(68, 8, '00123456789         ', '', 1, 0, 3, '2018-05-24 15:26:50', '192.168.30.20', 0, '0000-00-00 00:00:00', ''),
(69, 9, '00123456789         ', '', 1, 0, 3, '2018-05-24 15:32:20', '192.168.30.20', 0, '0000-00-00 00:00:00', ''),
(70, 10, '00123456789         ', '', 1, 0, 3, '2018-05-24 15:32:20', '192.168.30.20', 0, '0000-00-00 00:00:00', ''),
(71, 11, '00123456789         ', '', 1, 0, 3, '2018-05-24 15:32:20', '192.168.30.20', 0, '0000-00-00 00:00:00', ''),
(72, 12, '00123456789         ', '', 1, 0, 3, '2018-05-24 15:32:20', '192.168.30.20', 0, '0000-00-00 00:00:00', ''),
(73, 13, '00123456789         ', '', 1, 0, 3, '2018-05-24 15:32:20', '192.168.30.20', 0, '0000-00-00 00:00:00', ''),
(74, 14, '00123456789         ', '', 1, 0, 3, '2018-05-24 15:32:20', '192.168.30.20', 0, '0000-00-00 00:00:00', ''),
(75, 15, '00123456789         ', '', 1, 0, 3, '2018-05-24 15:32:20', '192.168.30.20', 0, '0000-00-00 00:00:00', ''),
(76, 16, '00123456789         ', '', 1, 0, 3, '2018-05-24 15:32:20', '192.168.30.20', 0, '0000-00-00 00:00:00', ''),
(77, 17, '00123456789         ', '', 1, 0, 3, '2018-05-24 15:32:20', '192.168.30.20', 0, '0000-00-00 00:00:00', ''),
(78, 18, '00123456789         ', '', 1, 0, 3, '2018-05-24 15:32:20', '192.168.30.20', 0, '0000-00-00 00:00:00', ''),
(79, 19, '00123456789         ', '', 1, 0, 3, '2018-05-24 15:32:20', '192.168.30.20', 0, '0000-00-00 00:00:00', ''),
(80, 20, '00123456789         ', '', 1, 0, 3, '2018-05-24 15:32:20', '192.168.30.20', 0, '0000-00-00 00:00:00', ''),
(81, 21, '00123456789         ', '', 1, 0, 3, '2018-05-24 15:43:28', '192.168.30.20', 0, '0000-00-00 00:00:00', ''),
(82, 22, '00123456789         ', '', 1, 0, 3, '2018-05-24 15:43:28', '192.168.30.20', 0, '0000-00-00 00:00:00', ''),
(83, 23, '00123456789         ', '', 1, 0, 3, '2018-05-24 15:43:28', '192.168.30.20', 0, '0000-00-00 00:00:00', ''),
(84, 24, '00123456789         ', '', 1, 0, 3, '2018-05-24 15:43:28', '192.168.30.20', 0, '0000-00-00 00:00:00', ''),
(85, 25, '00123456789         ', '', 1, 0, 3, '2018-05-24 15:43:28', '192.168.30.20', 0, '0000-00-00 00:00:00', ''),
(86, 26, '00123456789         ', '', 1, 0, 3, '2018-05-24 15:43:28', '192.168.30.20', 0, '0000-00-00 00:00:00', ''),
(87, 27, '00123456789         ', '', 1, 0, 3, '2018-05-24 15:43:28', '192.168.30.20', 0, '0000-00-00 00:00:00', ''),
(88, 28, '00123456789         ', '', 1, 0, 3, '2018-05-24 15:43:28', '192.168.30.20', 0, '0000-00-00 00:00:00', ''),
(89, 29, '00123456789         ', '', 1, 0, 3, '2018-05-24 15:43:28', '192.168.30.20', 0, '0000-00-00 00:00:00', ''),
(90, 30, '00123456789         ', '', 1, 0, 3, '2018-05-24 15:43:28', '192.168.30.20', 0, '0000-00-00 00:00:00', ''),
(91, 31, '00123456789         ', '', 1, 0, 3, '2018-05-24 15:43:28', '192.168.30.20', 0, '0000-00-00 00:00:00', ''),
(92, 32, '00123456789         ', '', 1, 0, 3, '2018-05-24 15:43:28', '192.168.30.20', 0, '0000-00-00 00:00:00', ''),
(93, 33, '00123456789         ', '', 1, 0, 3, '2018-05-24 17:17:04', '192.168.30.20', 0, '0000-00-00 00:00:00', ''),
(94, 34, '00123456789         ', '', 1, 0, 3, '2018-05-24 17:17:04', '192.168.30.20', 0, '0000-00-00 00:00:00', ''),
(95, 35, '00123456789         ', '', 1, 0, 3, '2018-05-24 17:17:04', '192.168.30.20', 0, '0000-00-00 00:00:00', ''),
(96, 36, '00123456789         ', '', 1, 0, 3, '2018-05-24 17:17:04', '192.168.30.20', 0, '0000-00-00 00:00:00', ''),
(97, 37, '00123456789         ', '', 1, 0, 3, '2018-05-24 17:17:04', '192.168.30.20', 0, '0000-00-00 00:00:00', ''),
(98, 38, '00123456789         ', '', 1, 0, 3, '2018-05-24 17:17:04', '192.168.30.20', 0, '0000-00-00 00:00:00', ''),
(99, 39, '00123456789         ', '', 1, 0, 3, '2018-05-24 17:17:04', '192.168.30.20', 0, '0000-00-00 00:00:00', ''),
(100, 40, '00123456789         ', '', 1, 0, 3, '2018-05-24 17:17:04', '192.168.30.20', 0, '0000-00-00 00:00:00', ''),
(101, 41, '00123456789         ', '', 1, 0, 3, '2018-05-24 17:17:04', '192.168.30.20', 0, '0000-00-00 00:00:00', ''),
(102, 42, '00123456789         ', '', 1, 0, 3, '2018-05-24 17:17:04', '192.168.30.20', 0, '0000-00-00 00:00:00', ''),
(103, 43, '00123456789         ', '', 1, 0, 3, '2018-05-24 17:17:04', '192.168.30.20', 0, '0000-00-00 00:00:00', ''),
(104, 44, '00123456789         ', '', 1, 0, 3, '2018-05-24 17:17:04', '192.168.30.20', 0, '0000-00-00 00:00:00', ''),
(105, 45, '00123456789         ', '', 1, 0, 3, '2018-06-09 14:23:56', '192.168.30.20', 0, '0000-00-00 00:00:00', ''),
(106, 46, '00123456789         ', '', 1, 0, 3, '2018-06-09 14:23:56', '192.168.30.20', 0, '0000-00-00 00:00:00', ''),
(107, 47, '00123456789         ', '', 1, 0, 3, '2018-06-09 14:23:56', '192.168.30.20', 0, '0000-00-00 00:00:00', ''),
(108, 48, '00123456789         ', '', 1, 0, 3, '2018-06-09 14:23:56', '192.168.30.20', 0, '0000-00-00 00:00:00', ''),
(109, 49, '00123456789         ', '', 1, 0, 3, '2018-06-09 14:23:56', '192.168.30.20', 0, '0000-00-00 00:00:00', ''),
(110, 50, '00123456789         ', '', 1, 0, 3, '2018-06-09 14:23:56', '192.168.30.20', 0, '0000-00-00 00:00:00', ''),
(111, 51, '00123456789         ', '', 1, 0, 3, '2018-06-09 14:23:56', '192.168.30.20', 0, '0000-00-00 00:00:00', ''),
(112, 52, '00123456789         ', '', 1, 0, 3, '2018-06-09 14:23:56', '192.168.30.20', 0, '0000-00-00 00:00:00', ''),
(113, 53, '00123456789         ', '', 1, 0, 3, '2018-06-09 14:23:56', '192.168.30.20', 0, '0000-00-00 00:00:00', ''),
(114, 54, '00123456789         ', '', 1, 0, 3, '2018-06-09 14:23:56', '192.168.30.20', 0, '0000-00-00 00:00:00', ''),
(115, 55, '00123456789         ', '', 1, 0, 3, '2018-06-09 14:23:56', '192.168.30.20', 0, '0000-00-00 00:00:00', ''),
(116, 56, '00123456789         ', '', 1, 0, 3, '2018-06-09 14:23:56', '192.168.30.20', 0, '0000-00-00 00:00:00', ''),
(117, 57, '00033334444         ', '', 1, 0, 3, '2018-06-09 16:14:31', '192.168.30.20', 0, '0000-00-00 00:00:00', ''),
(118, 58, '00033334444         ', '', 1, 0, 3, '2018-06-09 16:14:31', '192.168.30.20', 0, '0000-00-00 00:00:00', ''),
(119, 59, '00047847899         ', '', 1, 0, 3, '2018-06-09 16:14:31', '192.168.30.20', 0, '0000-00-00 00:00:00', ''),
(120, 60, '12312312311         ', '', 1, 0, 3, '2018-06-11 09:24:22', '192.168.30.20', 0, '0000-00-00 00:00:00', ''),
(121, 61, '45645645645         ', '', 1, 0, 3, '2018-06-11 09:24:22', '192.168.30.20', 0, '0000-00-00 00:00:00', ''),
(122, 62, '78978978978         ', '', 1, 0, 3, '2018-06-11 09:24:22', '192.168.30.20', 0, '0000-00-00 00:00:00', ''),
(123, 63, '15615615615         ', '', 1, 0, 3, '2018-06-11 09:24:22', '192.168.30.20', 0, '0000-00-00 00:00:00', '');

-- --------------------------------------------------------

--
-- Table structure for table `ft_client_attach`
--

CREATE TABLE IF NOT EXISTS `ft_client_attach` (
`id` int(12) NOT NULL,
  `date` datetime NOT NULL,
  `user_id` varchar(100) NOT NULL,
  `attach` varchar(100) NOT NULL,
  `file_name` varchar(50) NOT NULL,
  `status` tinyint(1) NOT NULL DEFAULT '1',
  `is_delete` tinyint(1) NOT NULL DEFAULT '0',
  `created_by` int(12) NOT NULL,
  `created_time` datetime NOT NULL,
  `created_ip` varchar(100) NOT NULL,
  `modified_by` int(12) NOT NULL,
  `modified_time` datetime NOT NULL,
  `modified_ip` varchar(100) NOT NULL
) ENGINE=InnoDB AUTO_INCREMENT=2 DEFAULT CHARSET=latin1;

--
-- Dumping data for table `ft_client_attach`
--

INSERT INTO `ft_client_attach` (`id`, `date`, `user_id`, `attach`, `file_name`, `status`, `is_delete`, `created_by`, `created_time`, `created_ip`, `modified_by`, `modified_time`, `modified_ip`) VALUES
(1, '2018-01-02 00:00:00', 'user02', '1514898430473489.png', 'apple-touch-icon@2.png', 1, 1, 2, '2018-01-02 18:37:10', '103.36.122.212', 0, '0000-00-00 00:00:00', '');

-- --------------------------------------------------------

--
-- Table structure for table `ft_client_employment`
--

CREATE TABLE IF NOT EXISTS `ft_client_employment` (
`id` int(12) NOT NULL,
  `client_id` int(12) NOT NULL,
  `occupation` varchar(100) NOT NULL,
  `employer` varchar(100) NOT NULL,
  `address` varchar(100) NOT NULL,
  `position` varchar(100) NOT NULL,
  `telephone` varchar(100) NOT NULL,
  `security_related_firm` tinyint(1) NOT NULL DEFAULT '0',
  `finra_affiliation` tinyint(1) NOT NULL DEFAULT '0',
  `spouse_name` varchar(100) NOT NULL,
  `spouse_ssn` varchar(100) NOT NULL,
  `dependents` varchar(100) NOT NULL,
  `salutation` varchar(100) NOT NULL,
  `options` tinyint(1) NOT NULL DEFAULT '0',
  `other` varchar(100) NOT NULL,
  `number` varchar(100) NOT NULL,
  `expiration` datetime NOT NULL,
  `state` varchar(100) NOT NULL,
  `date_verified` datetime NOT NULL,
  `status` tinyint(1) NOT NULL DEFAULT '1',
  `is_delete` tinyint(1) NOT NULL DEFAULT '0',
  `created_by` int(12) NOT NULL,
  `created_time` datetime NOT NULL,
  `created_ip` varchar(100) NOT NULL,
  `modified_by` int(12) NOT NULL,
  `modified_time` datetime NOT NULL,
  `modified_ip` varchar(100) NOT NULL
) ENGINE=InnoDB AUTO_INCREMENT=69 DEFAULT CHARSET=latin1;

--
-- Dumping data for table `ft_client_employment`
--

INSERT INTO `ft_client_employment` (`id`, `client_id`, `occupation`, `employer`, `address`, `position`, `telephone`, `security_related_firm`, `finra_affiliation`, `spouse_name`, `spouse_ssn`, `dependents`, `salutation`, `options`, `other`, `number`, `expiration`, `state`, `date_verified`, `status`, `is_delete`, `created_by`, `created_time`, `created_ip`, `modified_by`, `modified_time`, `modified_ip`) VALUES
(1, 1, '', '', '', '', '', 0, 0, '', '', '', '', 0, '', '', '1970-01-01 00:00:00', '', '1970-01-01 00:00:00', 1, 0, 3, '2018-01-13 09:33:36', '103.36.122.212', 3, '2018-05-24 09:58:19', '192.168.30.20'),
(2, 0, '', '', '', '', '', 0, 0, '', '', '', '', 0, '', '', '1970-01-01 00:00:00', '', '1970-01-01 00:00:00', 1, 0, 3, '2018-01-17 18:21:19', '103.36.122.212', 0, '0000-00-00 00:00:00', ''),
(3, 0, '', '', '', '', '', 0, 0, '', '', '', '', 0, '', '', '1970-01-01 00:00:00', '', '1970-01-01 00:00:00', 1, 0, 3, '2018-01-17 18:21:53', '103.36.122.212', 0, '0000-00-00 00:00:00', ''),
(4, 0, '', '', '', '', '', 0, 0, '', '', '', '', 0, '', '', '1970-01-01 00:00:00', '', '1970-01-01 00:00:00', 1, 0, 3, '2018-01-17 18:23:18', '103.36.122.212', 0, '0000-00-00 00:00:00', ''),
(5, 0, '', '', '', '', '', 0, 0, '', '', '', '', 0, '', '', '1970-01-01 00:00:00', '', '1970-01-01 00:00:00', 1, 0, 3, '2018-01-17 18:23:53', '103.36.122.212', 0, '0000-00-00 00:00:00', ''),
(6, 0, '', '', '', '', '', 0, 0, '', '', '', '', 0, '', '', '1970-01-01 00:00:00', '', '1970-01-01 00:00:00', 1, 0, 3, '2018-01-17 18:27:00', '103.36.122.212', 0, '0000-00-00 00:00:00', ''),
(7, 0, '', '', '', '', '', 0, 0, '', '', '', '', 0, '', '', '1970-01-01 00:00:00', '', '1970-01-01 00:00:00', 1, 0, 3, '2018-01-17 18:27:41', '103.36.122.212', 0, '0000-00-00 00:00:00', ''),
(8, 1, '', '', '', '', '', 0, 0, '', '', '', '', 0, '', '', '1970-01-01 00:00:00', '', '1970-01-01 00:00:00', 1, 0, 3, '2018-01-17 18:49:48', '103.36.122.212', 3, '2018-05-24 09:58:19', '192.168.30.20'),
(9, 2, '', '', '', '', '', 0, 0, '', '', '', '', 0, '', '', '1970-01-01 00:00:00', '', '1970-01-01 00:00:00', 1, 0, 3, '2018-01-17 18:50:14', '103.36.122.212', 3, '2018-05-24 10:52:21', '192.168.30.20'),
(10, 3, '', '', '', '', '', 0, 0, '', '', '', '', 0, '', '', '1970-01-01 00:00:00', '', '1970-01-01 00:00:00', 1, 0, 3, '2018-01-17 18:51:13', '103.36.122.212', 3, '2018-02-08 09:31:10', '192.168.30.30'),
(11, 4, '', '', '', '', '', 0, 0, '', '', '', '', 0, '', '', '1970-01-01 00:00:00', '', '1970-01-01 00:00:00', 1, 0, 3, '2018-01-17 18:52:07', '103.36.122.212', 3, '2018-02-08 09:28:45', '192.168.30.30'),
(12, 3, '', '', '', '', '', 0, 0, '', '', '', '', 0, '', '', '1970-01-01 00:00:00', '', '1970-01-01 00:00:00', 1, 0, 3, '2018-01-24 19:59:34', '103.36.122.212', 3, '2018-02-08 09:31:10', '192.168.30.30'),
(13, 5, '', '', '', '', '', 0, 0, '', '', '', '', 0, '', '', '1970-01-01 00:00:00', '', '1970-01-01 00:00:00', 1, 0, 3, '2018-02-05 12:11:17', '192.168.30.20', 0, '0000-00-00 00:00:00', ''),
(14, 35, '', '', '', '', '', 0, 0, '', '', '', '', 0, '', '', '1970-01-01 00:00:00', '', '1970-01-01 00:00:00', 1, 0, 1, '2018-04-10 14:19:46', '192.168.30.30', 0, '0000-00-00 00:00:00', ''),
(15, 0, '', '', '', '', '', 0, 0, '', '', '', '', 0, '', '', '1970-01-01 00:00:00', '', '1970-01-01 00:00:00', 1, 0, 1, '2018-04-10 15:15:51', '192.168.30.30', 0, '0000-00-00 00:00:00', ''),
(16, 36, '', '', '', '', '', 0, 0, '', '', '', '', 0, '', '', '1970-01-01 00:00:00', '', '1970-01-01 00:00:00', 1, 0, 1, '2018-04-10 15:21:15', '192.168.30.30', 0, '0000-00-00 00:00:00', ''),
(17, 37, '', '', '', '', '', 0, 0, '', '', '', '', 0, '', '', '1970-01-01 00:00:00', '', '1970-01-01 00:00:00', 1, 0, 1, '2018-04-10 15:25:00', '192.168.30.30', 0, '0000-00-00 00:00:00', ''),
(18, 38, '', '', '', '', '', 0, 0, '', '', '', '', 0, '', '', '1970-01-01 00:00:00', '', '1970-01-01 00:00:00', 1, 0, 1, '2018-04-10 15:27:05', '192.168.30.30', 0, '0000-00-00 00:00:00', ''),
(19, 39, '', '', '', '', '', 0, 0, '', '', '', '', 0, '', '', '1970-01-01 00:00:00', '', '1970-01-01 00:00:00', 1, 0, 1, '2018-04-10 15:30:30', '192.168.30.30', 0, '0000-00-00 00:00:00', ''),
(20, 39, '', '', '', '', '', 0, 0, '', '', '', '', 0, '', '', '1970-01-01 00:00:00', '', '1970-01-01 00:00:00', 1, 0, 1, '2018-04-10 15:30:55', '192.168.30.30', 0, '0000-00-00 00:00:00', ''),
(21, 39, '', '', '', '', '', 0, 0, '', '', '', '', 0, '', '', '1970-01-01 00:00:00', '', '1970-01-01 00:00:00', 1, 0, 1, '2018-04-10 15:31:36', '192.168.30.30', 0, '0000-00-00 00:00:00', ''),
(22, 40, '', '', '', '', '', 0, 0, '', '', '', '', 0, '', '', '1970-01-01 00:00:00', '', '1970-01-01 00:00:00', 1, 0, 1, '2018-04-10 15:34:18', '192.168.30.30', 0, '0000-00-00 00:00:00', ''),
(23, 41, '', '', '', '', '', 0, 0, '', '', '', '', 0, '', '', '1970-01-01 00:00:00', '', '1970-01-01 00:00:00', 1, 0, 1, '2018-04-10 15:37:18', '192.168.30.30', 0, '0000-00-00 00:00:00', ''),
(24, 42, '', '', '', '', '', 0, 0, '', '', '', '', 0, '', '', '1970-01-01 00:00:00', '', '1970-01-01 00:00:00', 1, 0, 1, '2018-04-10 15:52:21', '192.168.30.30', 0, '0000-00-00 00:00:00', ''),
(25, 43, '', '', '', '', '', 0, 0, '', '', '', '', 0, '', '', '1970-01-01 00:00:00', '', '1970-01-01 00:00:00', 1, 0, 1, '2018-04-10 15:56:14', '192.168.30.30', 0, '0000-00-00 00:00:00', ''),
(26, 44, '', '', '', '', '', 0, 0, '', '', '', '', 0, '', '', '1970-01-01 00:00:00', '', '1970-01-01 00:00:00', 1, 0, 1, '2018-04-10 15:59:26', '192.168.30.30', 0, '0000-00-00 00:00:00', ''),
(27, 44, '', '', '', '', '', 0, 0, '', '', '', '', 0, '', '', '1970-01-01 00:00:00', '', '1970-01-01 00:00:00', 1, 0, 1, '2018-04-10 16:00:35', '192.168.30.30', 0, '0000-00-00 00:00:00', ''),
(28, 44, '', '', '', '', '', 0, 0, '', '', '', '', 0, '', '', '1970-01-01 00:00:00', '', '1970-01-01 00:00:00', 1, 0, 1, '2018-04-10 16:00:42', '192.168.30.30', 0, '0000-00-00 00:00:00', ''),
(29, 44, '', '', '', '', '', 0, 0, '', '', '', '', 0, '', '', '1970-01-01 00:00:00', '', '1970-01-01 00:00:00', 1, 0, 1, '2018-04-10 16:06:58', '192.168.30.30', 0, '0000-00-00 00:00:00', ''),
(30, 44, '', '', '', '', '', 0, 0, '', '', '', '', 0, '', '', '1970-01-01 00:00:00', '', '1970-01-01 00:00:00', 1, 0, 1, '2018-04-10 16:07:07', '192.168.30.30', 0, '0000-00-00 00:00:00', ''),
(31, 0, '', '', '', '', '', 0, 0, '', '', '', '', 0, '', '', '1970-01-01 00:00:00', '', '1970-01-01 00:00:00', 1, 0, 1, '2018-04-10 16:07:36', '192.168.30.30', 0, '0000-00-00 00:00:00', ''),
(32, 0, '', '', '', '', '', 0, 0, '', '', '', '', 0, '', '', '1970-01-01 00:00:00', '', '1970-01-01 00:00:00', 1, 0, 1, '2018-04-10 16:10:12', '192.168.30.30', 0, '0000-00-00 00:00:00', ''),
(33, 0, '', '', '', '', '', 0, 0, '', '', '', '', 0, '', '', '1970-01-01 00:00:00', '', '1970-01-01 00:00:00', 1, 0, 1, '2018-04-10 16:10:19', '192.168.30.30', 0, '0000-00-00 00:00:00', ''),
(34, 0, '', '', '', '', '', 0, 0, '', '', '', '', 0, '', '', '1970-01-01 00:00:00', '', '1970-01-01 00:00:00', 1, 0, 1, '2018-04-10 16:11:11', '192.168.30.30', 0, '0000-00-00 00:00:00', ''),
(35, 0, '', '', '', '', '', 0, 0, '', '', '', '', 0, '', '', '1970-01-01 00:00:00', '', '1970-01-01 00:00:00', 1, 0, 1, '2018-04-10 16:12:00', '192.168.30.30', 0, '0000-00-00 00:00:00', ''),
(36, 0, '', '', '', '', '', 0, 0, '', '', '', '', 0, '', '', '1970-01-01 00:00:00', '', '1970-01-01 00:00:00', 1, 0, 1, '2018-04-10 16:12:19', '192.168.30.30', 0, '0000-00-00 00:00:00', ''),
(37, 45, '', '', '', '', '', 0, 0, '', '', '', '', 0, '', '', '1970-01-01 00:00:00', '', '1970-01-01 00:00:00', 1, 0, 1, '2018-04-10 16:12:40', '192.168.30.30', 0, '0000-00-00 00:00:00', ''),
(38, 45, '', '', '', '', '', 0, 0, '', '', '', '', 0, '', '', '1970-01-01 00:00:00', '', '1970-01-01 00:00:00', 1, 0, 1, '2018-04-10 16:16:03', '192.168.30.30', 0, '0000-00-00 00:00:00', ''),
(39, 46, '', '', '', '', '', 0, 0, '', '', '', '', 0, '', '', '1970-01-01 00:00:00', '', '1970-01-01 00:00:00', 1, 0, 1, '2018-04-10 16:18:15', '192.168.30.30', 0, '0000-00-00 00:00:00', ''),
(40, 47, '', '', '', '', '', 0, 0, '', '', '', '', 0, '', '', '1970-01-01 00:00:00', '', '1970-01-01 00:00:00', 1, 0, 1, '2018-04-10 17:24:09', '192.168.30.30', 0, '0000-00-00 00:00:00', ''),
(41, 0, '', '', '', '', '', 0, 0, '', '', '', '', 0, '', '', '1970-01-01 00:00:00', '', '1970-01-01 00:00:00', 1, 0, 1, '2018-04-10 17:27:33', '192.168.30.30', 0, '0000-00-00 00:00:00', ''),
(42, 48, '', '', '', '', '', 0, 0, '', '', '', '', 0, '', '', '1970-01-01 00:00:00', '', '1970-01-01 00:00:00', 1, 0, 1, '2018-04-10 17:28:05', '192.168.30.30', 0, '0000-00-00 00:00:00', ''),
(43, 1, '', '', '', '', '', 0, 0, '', '', '', '', 0, '', '', '1970-01-01 00:00:00', '', '1970-01-01 00:00:00', 1, 0, 3, '2018-04-11 11:38:51', '192.168.30.30', 3, '2018-05-24 09:58:19', '192.168.30.20'),
(44, 2, '', '', '', '', '', 0, 0, '', '', '', '', 0, '', '', '1970-01-01 00:00:00', '', '1970-01-01 00:00:00', 1, 0, 3, '2018-04-11 11:39:23', '192.168.30.30', 3, '2018-05-24 10:52:21', '192.168.30.20'),
(45, 2, '', '', '', '', '', 0, 0, '', '', '', '', 0, '', '', '1970-01-01 00:00:00', '', '1970-01-01 00:00:00', 1, 0, 3, '2018-04-11 11:44:38', '192.168.30.30', 3, '2018-05-24 10:52:21', '192.168.30.20'),
(46, 3, '', '', '', '', '', 0, 0, '', '', '', '', 0, '', '', '1970-01-01 00:00:00', '', '1970-01-01 00:00:00', 1, 0, 3, '2018-04-11 11:45:25', '192.168.30.30', 0, '0000-00-00 00:00:00', ''),
(47, 4, '', '', '', '', '', 0, 0, '', '', '', '', 0, '', '', '1970-01-01 00:00:00', '', '1970-01-01 00:00:00', 1, 0, 3, '2018-04-11 11:56:13', '192.168.30.30', 0, '0000-00-00 00:00:00', ''),
(48, 5, '', '', '', '', '', 0, 0, '', '', '', '', 0, '', '', '1970-01-01 00:00:00', '', '1970-01-01 00:00:00', 1, 0, 3, '2018-04-11 11:57:12', '192.168.30.30', 0, '0000-00-00 00:00:00', ''),
(49, 6, '', '', '', '', '', 0, 0, '', '', '', '', 0, '', '', '1970-01-01 00:00:00', '', '1970-01-01 00:00:00', 1, 0, 3, '2018-04-11 11:58:09', '192.168.30.30', 0, '0000-00-00 00:00:00', ''),
(50, 7, '', '', '', '', '', 0, 0, '', '', '', '', 0, '', '', '1970-01-01 00:00:00', '', '1970-01-01 00:00:00', 1, 0, 3, '2018-04-11 11:59:07', '192.168.30.30', 0, '0000-00-00 00:00:00', ''),
(51, 8, '', '', '', '', '', 0, 0, '', '', '', '', 0, '', '', '1970-01-01 00:00:00', '', '1970-01-01 00:00:00', 1, 0, 3, '2018-04-11 12:38:35', '192.168.30.30', 0, '0000-00-00 00:00:00', ''),
(52, 9, '', '', '', '', '', 0, 0, '', '', '', '', 0, '', '', '1970-01-01 00:00:00', '', '1970-01-01 00:00:00', 1, 0, 3, '2018-04-11 12:41:51', '192.168.30.30', 0, '0000-00-00 00:00:00', ''),
(53, 10, '', '', '', '', '', 0, 0, '', '', '', '', 0, '', '', '1970-01-01 00:00:00', '', '1970-01-01 00:00:00', 1, 0, 3, '2018-04-11 12:42:46', '192.168.30.30', 0, '0000-00-00 00:00:00', ''),
(54, 1, '', '', '', '', '', 0, 0, '', '', '', '', 0, '', '', '1970-01-01 00:00:00', '', '1970-01-01 00:00:00', 1, 0, 3, '2018-04-16 16:39:14', '192.168.30.30', 3, '2018-05-24 09:58:19', '192.168.30.20'),
(55, 2, '', '', '', '', '', 0, 0, '', '', '', '', 0, '', '', '1970-01-01 00:00:00', '', '1970-01-01 00:00:00', 1, 0, 3, '2018-04-16 17:34:26', '192.168.30.30', 3, '2018-05-24 10:52:21', '192.168.30.20'),
(56, 7, '', '', '', '', '', 0, 0, '', '', '', '', 0, '', '', '1970-01-01 00:00:00', '', '1970-01-01 00:00:00', 1, 0, 3, '2018-04-17 16:30:59', '192.168.30.30', 0, '0000-00-00 00:00:00', ''),
(57, 0, '', '', '', '', '', 0, 0, '', '', '', '', 0, '', '', '1970-01-01 00:00:00', '', '1970-01-01 00:00:00', 1, 0, 3, '2018-05-05 09:33:18', '192.168.30.20', 0, '0000-00-00 00:00:00', ''),
(58, 0, '', '', '', '', '', 0, 0, '', '', '', '', 0, '', '', '1970-01-01 00:00:00', '', '1970-01-01 00:00:00', 1, 0, 3, '2018-05-05 09:37:17', '192.168.30.20', 0, '0000-00-00 00:00:00', ''),
(59, 0, '', '', '', '', '', 0, 0, '', '', '', '', 0, '', '', '1970-01-01 00:00:00', '', '1970-01-01 00:00:00', 1, 0, 3, '2018-05-05 09:39:57', '192.168.30.20', 0, '0000-00-00 00:00:00', ''),
(60, 0, '', '', '', '', '', 0, 0, '', '', '', '', 0, '', '', '1970-01-01 00:00:00', '', '1970-01-01 00:00:00', 1, 0, 3, '2018-05-05 09:40:12', '192.168.30.20', 0, '0000-00-00 00:00:00', ''),
(61, 1, '', '', '', '', '', 0, 0, '', '', '', '', 0, '', '', '1970-01-01 00:00:00', '', '1970-01-01 00:00:00', 1, 0, 3, '2018-05-05 09:40:29', '192.168.30.20', 3, '2018-05-24 09:58:19', '192.168.30.20'),
(62, 0, '', '', '', '', '', 0, 0, '', '', '', '', 0, '', '', '1970-01-01 00:00:00', '', '1970-01-01 00:00:00', 1, 0, 3, '2018-05-05 09:44:12', '192.168.30.20', 0, '0000-00-00 00:00:00', ''),
(63, 2, '', '', '', '', '', 0, 0, '', '', '', '', 0, '', '', '1970-01-01 00:00:00', '', '1970-01-01 00:00:00', 1, 0, 3, '2018-05-05 09:44:26', '192.168.30.20', 3, '2018-05-24 10:52:21', '192.168.30.20'),
(64, 3, '', '', '', '', '', 0, 0, '', '', '', '', 0, '', '', '1970-01-01 00:00:00', '', '1970-01-01 00:00:00', 1, 0, 3, '2018-05-05 09:45:50', '192.168.30.20', 0, '0000-00-00 00:00:00', ''),
(65, 4, '', '', '', '', '', 0, 0, '', '', '', '', 0, '', '', '1970-01-01 00:00:00', '', '1970-01-01 00:00:00', 1, 0, 3, '2018-05-05 09:46:34', '192.168.30.20', 0, '0000-00-00 00:00:00', ''),
(66, 0, '', '', '', '', '', 0, 0, '', '', '', '', 0, '', '', '1970-01-01 00:00:00', '', '1970-01-01 00:00:00', 1, 0, 3, '2018-05-08 11:35:54', '192.168.30.20', 0, '0000-00-00 00:00:00', ''),
(67, 1, '', '', '', '', '', 0, 0, '', '', '', '', 0, '', '', '1970-01-01 00:00:00', '', '1970-01-01 00:00:00', 1, 0, 3, '2018-05-08 11:41:04', '192.168.30.20', 3, '2018-05-24 09:58:19', '192.168.30.20'),
(68, 2, '', '', '', '', '', 0, 0, '', '', '', '', 0, '', '', '1970-01-01 00:00:00', '', '1970-01-01 00:00:00', 1, 0, 3, '2018-05-08 11:41:46', '192.168.30.20', 3, '2018-05-24 10:52:21', '192.168.30.20');

-- --------------------------------------------------------

--
-- Table structure for table `ft_client_history`
--

CREATE TABLE IF NOT EXISTS `ft_client_history` (
`id` int(12) NOT NULL,
  `client_id` int(12) NOT NULL,
  `field` varchar(100) NOT NULL,
  `old_value` varchar(100) NOT NULL,
  `new_value` varchar(100) NOT NULL,
  `status` tinyint(1) NOT NULL DEFAULT '1',
  `is_delete` tinyint(1) NOT NULL DEFAULT '0',
  `created_by` int(12) NOT NULL,
  `created_time` datetime NOT NULL,
  `created_ip` varchar(100) NOT NULL,
  `modified_by` int(12) NOT NULL,
  `modified_time` datetime NOT NULL,
  `modified_ip` varchar(100) NOT NULL
) ENGINE=InnoDB AUTO_INCREMENT=5 DEFAULT CHARSET=latin1;

--
-- Dumping data for table `ft_client_history`
--

INSERT INTO `ft_client_history` (`id`, `client_id`, `field`, `old_value`, `new_value`, `status`, `is_delete`, `created_by`, `created_time`, `created_ip`, `modified_by`, `modified_time`, `modified_ip`) VALUES
(1, 1, 'account_no', '', '5445646', 1, 0, 3, '2018-02-01 18:15:38', '192.168.30.20', 0, '0000-00-00 00:00:00', ''),
(2, 1, 'account_no', '', '113123', 1, 0, 3, '2018-02-01 18:15:38', '192.168.30.20', 0, '0000-00-00 00:00:00', ''),
(3, 1, 'account_no', '', '46', 1, 0, 3, '2018-02-16 17:15:45', '192.168.30.20', 0, '0000-00-00 00:00:00', ''),
(4, 1, 'account_no', '', '87', 1, 0, 3, '2018-02-16 17:15:45', '192.168.30.20', 0, '0000-00-00 00:00:00', '');

-- --------------------------------------------------------

--
-- Table structure for table `ft_client_master`
--

CREATE TABLE IF NOT EXISTS `ft_client_master` (
`id` int(12) NOT NULL,
  `file_id` int(12) NOT NULL,
  `first_name` varchar(100) NOT NULL,
  `mi` varchar(100) NOT NULL,
  `last_name` varchar(100) NOT NULL,
  `do_not_contact` tinyint(1) NOT NULL DEFAULT '0',
  `active` tinyint(1) NOT NULL DEFAULT '0',
  `ofac_check` varchar(100) NOT NULL,
  `fincen_check` varchar(100) NOT NULL,
  `long_name` varchar(100) NOT NULL,
  `client_file_number` varchar(100) NOT NULL,
  `clearing_account` varchar(100) NOT NULL,
  `client_ssn` varchar(100) NOT NULL,
  `house_hold` varchar(100) NOT NULL,
  `split_broker` varchar(100) NOT NULL,
  `split_rate` decimal(10,0) NOT NULL DEFAULT '0',
  `address1` varchar(100) NOT NULL,
  `address2` varchar(100) NOT NULL,
  `city` varchar(100) NOT NULL,
  `state` varchar(100) NOT NULL,
  `zip_code` varchar(100) NOT NULL,
  `citizenship` varchar(100) NOT NULL,
  `birth_date` datetime NOT NULL,
  `age` int(12) NOT NULL,
  `date_established` datetime NOT NULL,
  `open_date` datetime NOT NULL,
  `naf_date` datetime NOT NULL,
  `last_contacted` datetime NOT NULL,
  `account_type` int(12) NOT NULL,
  `broker_name` varchar(100) NOT NULL,
  `broker_old_name` int(11) NOT NULL DEFAULT '0',
  `ressign_date` date NOT NULL,
  `telephone` varchar(100) NOT NULL,
  `contact_status` int(12) NOT NULL,
  `status` tinyint(1) NOT NULL DEFAULT '1',
  `is_delete` tinyint(1) NOT NULL DEFAULT '0',
  `created_by` int(12) NOT NULL,
  `created_ip` varchar(100) NOT NULL,
  `created_time` datetime NOT NULL,
  `modified_by` int(12) NOT NULL,
  `modified_ip` varchar(100) NOT NULL,
  `modified_time` datetime NOT NULL
) ENGINE=InnoDB AUTO_INCREMENT=64 DEFAULT CHARSET=latin1;

--
-- Dumping data for table `ft_client_master`
--

INSERT INTO `ft_client_master` (`id`, `file_id`, `first_name`, `mi`, `last_name`, `do_not_contact`, `active`, `ofac_check`, `fincen_check`, `long_name`, `client_file_number`, `clearing_account`, `client_ssn`, `house_hold`, `split_broker`, `split_rate`, `address1`, `address2`, `city`, `state`, `zip_code`, `citizenship`, `birth_date`, `age`, `date_established`, `open_date`, `naf_date`, `last_contacted`, `account_type`, `broker_name`, `broker_old_name`, `ressign_date`, `telephone`, `contact_status`, `status`, `is_delete`, `created_by`, `created_ip`, `created_time`, `modified_by`, `modified_ip`, `modified_time`) VALUES
(1, 0, 'Justin', 'T', 'Case', 0, 0, '', '', '', '97465', '', '', '', '2', '100', '', '', '', '', '', '', '1970-01-01 00:00:00', 0, '2018-05-08 00:00:00', '1970-01-01 00:00:00', '1970-01-01 00:00:00', '1970-01-01 00:00:00', 0, '2', 0, '0000-00-00', '', 0, 1, 0, 3, '192.168.30.20', '2018-05-08 11:41:04', 3, '192.168.30.20', '2018-05-24 09:58:19'),
(2, 0, 'Marcus', 'J', 'Gladstain', 0, 0, '', '', '', '654987', '', '', '', '8', '100', '', '', '', '', '', '', '1970-01-01 00:00:00', 0, '2018-05-08 00:00:00', '1970-01-01 00:00:00', '1970-01-01 00:00:00', '1970-01-01 00:00:00', 0, '2', 1, '2018-05-18', '', 0, 1, 0, 3, '192.168.30.20', '2018-05-08 11:41:46', 3, '192.168.30.20', '2018-05-24 10:52:21'),
(3, 21, 'MARK', 'DAVID', 'JOHNSON', 0, 0, '', '', '', '', '', '777889999', '', '', '0', '5165 W 10TH STREET                  SALINA KS 67401 4455 ', '', '', '', '674014455', '', '1970-01-01 00:00:00', 0, '0000-00-00 00:00:00', '0000-00-00 00:00:00', '0000-00-00 00:00:00', '2018-05-10 00:00:00', 0, '0', 0, '0000-00-00', '', 0, 1, 1, 3, '192.168.30.20', '2018-05-21 09:24:23', 0, '', '0000-00-00 00:00:00'),
(4, 21, 'MARK', 'DAVID', 'JOHNSON', 0, 0, '', '', '', '', '', '777889999', '', '', '0', '5165 W 10TH STREET                  SALINA KS 67401 4455 ', '', '', '', '674014455', '', '1970-01-01 00:00:00', 0, '0000-00-00 00:00:00', '0000-00-00 00:00:00', '0000-00-00 00:00:00', '2018-05-10 00:00:00', 0, '0', 0, '0000-00-00', '', 0, 1, 1, 3, '192.168.30.20', '2018-05-21 09:24:23', 0, '', '0000-00-00 00:00:00'),
(5, 21, 'MARK', 'DAVID', 'JOHNSON', 0, 0, '', '', '', '', '', '777889999', '', '', '0', '5165 W 10TH STREET                  SALINA KS 67401 4455 ', '', '', '', '674014455', '', '1970-01-01 00:00:00', 0, '0000-00-00 00:00:00', '0000-00-00 00:00:00', '0000-00-00 00:00:00', '2018-05-10 00:00:00', 0, '0', 0, '0000-00-00', '', 0, 1, 1, 3, '192.168.30.20', '2018-05-21 09:24:23', 0, '', '0000-00-00 00:00:00'),
(6, 26, 'MARK', 'DAVID', 'JOHNSON', 0, 0, '', '', '', '', '', '777889999', '', '', '0', '5165 W 10TH STREET                  SALINA KS 67401 4455 ', '', '', '', '674014455', '', '1970-01-01 00:00:00', 0, '0000-00-00 00:00:00', '0000-00-00 00:00:00', '0000-00-00 00:00:00', '2018-05-24 00:00:00', 0, '1', 0, '0000-00-00', '', 0, 1, 1, 3, '192.168.30.20', '2018-05-24 15:26:50', 0, '', '0000-00-00 00:00:00'),
(7, 26, 'MARK', 'DAVID', 'JOHNSON', 0, 0, '', '', '', '', '', '777889999', '', '', '0', '5165 W 10TH STREET                  SALINA KS 67401 4455 ', '', '', '', '674014455', '', '1970-01-01 00:00:00', 0, '0000-00-00 00:00:00', '0000-00-00 00:00:00', '0000-00-00 00:00:00', '2018-05-24 00:00:00', 0, '1', 0, '0000-00-00', '', 0, 1, 1, 3, '192.168.30.20', '2018-05-24 15:26:50', 0, '', '0000-00-00 00:00:00'),
(8, 26, 'MARK', 'DAVID', 'JOHNSON', 0, 0, '', '', '', '', '', '777889999', '', '', '0', '5165 W 10TH STREET                  SALINA KS 67401 4455 ', '', '', '', '674014455', '', '1970-01-01 00:00:00', 0, '0000-00-00 00:00:00', '0000-00-00 00:00:00', '0000-00-00 00:00:00', '2018-05-24 00:00:00', 0, '1', 0, '0000-00-00', '', 0, 1, 1, 3, '192.168.30.20', '2018-05-24 15:26:50', 0, '', '0000-00-00 00:00:00'),
(9, 21, 'MARK', 'DAVID', 'JOHNSON', 0, 0, '', '', '', '', '', '777889999', '', '', '0', '5165 W 10TH STREET                  SALINA KS 67401 4455 ', '', '', '', '674014455', '', '1970-01-01 00:00:00', 0, '0000-00-00 00:00:00', '0000-00-00 00:00:00', '0000-00-00 00:00:00', '2018-05-24 00:00:00', 0, '1', 0, '0000-00-00', '', 0, 1, 1, 3, '192.168.30.20', '2018-05-24 15:32:20', 0, '', '0000-00-00 00:00:00'),
(10, 21, 'MARK', 'DAVID', 'JOHNSON', 0, 0, '', '', '', '', '', '777889999', '', '', '0', '5165 W 10TH STREET                  SALINA KS 67401 4455 ', '', '', '', '674014455', '', '1970-01-01 00:00:00', 0, '0000-00-00 00:00:00', '0000-00-00 00:00:00', '0000-00-00 00:00:00', '2018-05-24 00:00:00', 0, '1', 0, '0000-00-00', '', 0, 1, 1, 3, '192.168.30.20', '2018-05-24 15:32:20', 0, '', '0000-00-00 00:00:00'),
(11, 21, 'MARK', 'DAVID', 'JOHNSON', 0, 0, '', '', '', '', '', '777889999', '', '', '0', '5165 W 10TH STREET                  SALINA KS 67401 4455 ', '', '', '', '674014455', '', '1970-01-01 00:00:00', 0, '0000-00-00 00:00:00', '0000-00-00 00:00:00', '0000-00-00 00:00:00', '2018-05-24 00:00:00', 0, '1', 0, '0000-00-00', '', 0, 1, 1, 3, '192.168.30.20', '2018-05-24 15:32:20', 0, '', '0000-00-00 00:00:00'),
(12, 23, 'MARK', 'DAVID', 'JOHNSON', 0, 0, '', '', '', '', '', '777889999', '', '', '0', '5165 W 10TH STREET                  SALINA KS 67401 4455 ', '', '', '', '674014455', '', '1970-01-01 00:00:00', 0, '0000-00-00 00:00:00', '0000-00-00 00:00:00', '0000-00-00 00:00:00', '2018-05-24 00:00:00', 0, '1', 0, '0000-00-00', '', 0, 1, 1, 3, '192.168.30.20', '2018-05-24 15:32:20', 0, '', '0000-00-00 00:00:00'),
(13, 23, 'MARK', 'DAVID', 'JOHNSON', 0, 0, '', '', '', '', '', '777889999', '', '', '0', '5165 W 10TH STREET                  SALINA KS 67401 4455 ', '', '', '', '674014455', '', '1970-01-01 00:00:00', 0, '0000-00-00 00:00:00', '0000-00-00 00:00:00', '0000-00-00 00:00:00', '2018-05-24 00:00:00', 0, '1', 0, '0000-00-00', '', 0, 1, 1, 3, '192.168.30.20', '2018-05-24 15:32:20', 0, '', '0000-00-00 00:00:00'),
(14, 23, 'MARK', 'DAVID', 'JOHNSON', 0, 0, '', '', '', '', '', '777889999', '', '', '0', '5165 W 10TH STREET                  SALINA KS 67401 4455 ', '', '', '', '674014455', '', '1970-01-01 00:00:00', 0, '0000-00-00 00:00:00', '0000-00-00 00:00:00', '0000-00-00 00:00:00', '2018-05-24 00:00:00', 0, '1', 0, '0000-00-00', '', 0, 1, 1, 3, '192.168.30.20', '2018-05-24 15:32:20', 0, '', '0000-00-00 00:00:00'),
(15, 26, 'MARK', 'DAVID', 'JOHNSON', 0, 0, '', '', '', '', '', '777889999', '', '', '0', '5165 W 10TH STREET                  SALINA KS 67401 4455 ', '', '', '', '674014455', '', '1970-01-01 00:00:00', 0, '0000-00-00 00:00:00', '0000-00-00 00:00:00', '0000-00-00 00:00:00', '2018-05-24 00:00:00', 0, '1', 0, '0000-00-00', '', 0, 1, 1, 3, '192.168.30.20', '2018-05-24 15:32:20', 0, '', '0000-00-00 00:00:00'),
(16, 26, 'MARK', 'DAVID', 'JOHNSON', 0, 0, '', '', '', '', '', '777889999', '', '', '0', '5165 W 10TH STREET                  SALINA KS 67401 4455 ', '', '', '', '674014455', '', '1970-01-01 00:00:00', 0, '0000-00-00 00:00:00', '0000-00-00 00:00:00', '0000-00-00 00:00:00', '2018-05-24 00:00:00', 0, '1', 0, '0000-00-00', '', 0, 1, 1, 3, '192.168.30.20', '2018-05-24 15:32:20', 0, '', '0000-00-00 00:00:00'),
(17, 26, 'MARK', 'DAVID', 'JOHNSON', 0, 0, '', '', '', '', '', '777889999', '', '', '0', '5165 W 10TH STREET                  SALINA KS 67401 4455 ', '', '', '', '674014455', '', '1970-01-01 00:00:00', 0, '0000-00-00 00:00:00', '0000-00-00 00:00:00', '0000-00-00 00:00:00', '2018-05-24 00:00:00', 0, '1', 0, '0000-00-00', '', 0, 1, 1, 3, '192.168.30.20', '2018-05-24 15:32:20', 0, '', '0000-00-00 00:00:00'),
(18, 29, 'MARK', 'DAVID', 'JOHNSON', 0, 0, '', '', '', '', '', '777889999', '', '', '0', '5165 W 10TH STREET                  SALINA KS 67401 4455 ', '', '', '', '674014455', '', '1970-01-01 00:00:00', 0, '0000-00-00 00:00:00', '0000-00-00 00:00:00', '0000-00-00 00:00:00', '2018-05-24 00:00:00', 0, '1', 0, '0000-00-00', '', 0, 1, 1, 3, '192.168.30.20', '2018-05-24 15:32:20', 0, '', '0000-00-00 00:00:00'),
(19, 29, 'MARK', 'DAVID', 'JOHNSON', 0, 0, '', '', '', '', '', '777889999', '', '', '0', '5165 W 10TH STREET                  SALINA KS 67401 4455 ', '', '', '', '674014455', '', '1970-01-01 00:00:00', 0, '0000-00-00 00:00:00', '0000-00-00 00:00:00', '0000-00-00 00:00:00', '2018-05-24 00:00:00', 0, '1', 0, '0000-00-00', '', 0, 1, 1, 3, '192.168.30.20', '2018-05-24 15:32:20', 0, '', '0000-00-00 00:00:00'),
(20, 29, 'MARK', 'DAVID', 'JOHNSON', 0, 0, '', '', '', '', '', '777889999', '', '', '0', '5165 W 10TH STREET                  SALINA KS 67401 4455 ', '', '', '', '674014455', '', '1970-01-01 00:00:00', 0, '0000-00-00 00:00:00', '0000-00-00 00:00:00', '0000-00-00 00:00:00', '2018-05-24 00:00:00', 0, '1', 0, '0000-00-00', '', 0, 1, 1, 3, '192.168.30.20', '2018-05-24 15:32:20', 0, '', '0000-00-00 00:00:00'),
(21, 21, 'MARK', 'DAVID', 'JOHNSON', 0, 0, '', '', '', '', '', '777889999', '', '', '0', '5165 W 10TH STREET                  SALINA KS 67401 4455 ', '', '', '', '674014455', '', '1970-01-01 00:00:00', 0, '0000-00-00 00:00:00', '0000-00-00 00:00:00', '0000-00-00 00:00:00', '2018-05-24 00:00:00', 0, '1', 0, '0000-00-00', '', 0, 1, 1, 3, '192.168.30.20', '2018-05-24 15:43:28', 0, '', '0000-00-00 00:00:00'),
(22, 21, 'MARK', 'DAVID', 'JOHNSON', 0, 0, '', '', '', '', '', '777889999', '', '', '0', '5165 W 10TH STREET                  SALINA KS 67401 4455 ', '', '', '', '674014455', '', '1970-01-01 00:00:00', 0, '0000-00-00 00:00:00', '0000-00-00 00:00:00', '0000-00-00 00:00:00', '2018-05-24 00:00:00', 0, '1', 0, '0000-00-00', '', 0, 1, 1, 3, '192.168.30.20', '2018-05-24 15:43:28', 0, '', '0000-00-00 00:00:00'),
(23, 21, 'MARK', 'DAVID', 'JOHNSON', 0, 0, '', '', '', '', '', '777889999', '', '', '0', '5165 W 10TH STREET                  SALINA KS 67401 4455 ', '', '', '', '674014455', '', '1970-01-01 00:00:00', 0, '0000-00-00 00:00:00', '0000-00-00 00:00:00', '0000-00-00 00:00:00', '2018-05-24 00:00:00', 0, '1', 0, '0000-00-00', '', 0, 1, 1, 3, '192.168.30.20', '2018-05-24 15:43:28', 0, '', '0000-00-00 00:00:00'),
(24, 23, 'MARK', 'DAVID', 'JOHNSON', 0, 0, '', '', '', '', '', '777889999', '', '', '0', '5165 W 10TH STREET                  SALINA KS 67401 4455 ', '', '', '', '674014455', '', '1970-01-01 00:00:00', 0, '0000-00-00 00:00:00', '0000-00-00 00:00:00', '0000-00-00 00:00:00', '2018-05-24 00:00:00', 0, '1', 0, '0000-00-00', '', 0, 1, 1, 3, '192.168.30.20', '2018-05-24 15:43:28', 0, '', '0000-00-00 00:00:00'),
(25, 23, 'MARK', 'DAVID', 'JOHNSON', 0, 0, '', '', '', '', '', '777889999', '', '', '0', '5165 W 10TH STREET                  SALINA KS 67401 4455 ', '', '', '', '674014455', '', '1970-01-01 00:00:00', 0, '0000-00-00 00:00:00', '0000-00-00 00:00:00', '0000-00-00 00:00:00', '2018-05-24 00:00:00', 0, '1', 0, '0000-00-00', '', 0, 1, 1, 3, '192.168.30.20', '2018-05-24 15:43:28', 0, '', '0000-00-00 00:00:00'),
(26, 23, 'MARK', 'DAVID', 'JOHNSON', 0, 0, '', '', '', '', '', '777889999', '', '', '0', '5165 W 10TH STREET                  SALINA KS 67401 4455 ', '', '', '', '674014455', '', '1970-01-01 00:00:00', 0, '0000-00-00 00:00:00', '0000-00-00 00:00:00', '0000-00-00 00:00:00', '2018-05-24 00:00:00', 0, '1', 0, '0000-00-00', '', 0, 1, 1, 3, '192.168.30.20', '2018-05-24 15:43:28', 0, '', '0000-00-00 00:00:00'),
(27, 26, 'MARK', 'DAVID', 'JOHNSON', 0, 0, '', '', '', '', '', '777889999', '', '', '0', '5165 W 10TH STREET                  SALINA KS 67401 4455 ', '', '', '', '674014455', '', '1970-01-01 00:00:00', 0, '0000-00-00 00:00:00', '0000-00-00 00:00:00', '0000-00-00 00:00:00', '2018-05-24 00:00:00', 0, '1', 0, '0000-00-00', '', 0, 1, 1, 3, '192.168.30.20', '2018-05-24 15:43:28', 0, '', '0000-00-00 00:00:00'),
(28, 26, 'MARK', 'DAVID', 'JOHNSON', 0, 0, '', '', '', '', '', '777889999', '', '', '0', '5165 W 10TH STREET                  SALINA KS 67401 4455 ', '', '', '', '674014455', '', '1970-01-01 00:00:00', 0, '0000-00-00 00:00:00', '0000-00-00 00:00:00', '0000-00-00 00:00:00', '2018-05-24 00:00:00', 0, '1', 0, '0000-00-00', '', 0, 1, 1, 3, '192.168.30.20', '2018-05-24 15:43:28', 0, '', '0000-00-00 00:00:00'),
(29, 26, 'MARK', 'DAVID', 'JOHNSON', 0, 0, '', '', '', '', '', '777889999', '', '', '0', '5165 W 10TH STREET                  SALINA KS 67401 4455 ', '', '', '', '674014455', '', '1970-01-01 00:00:00', 0, '0000-00-00 00:00:00', '0000-00-00 00:00:00', '0000-00-00 00:00:00', '2018-05-24 00:00:00', 0, '1', 0, '0000-00-00', '', 0, 1, 1, 3, '192.168.30.20', '2018-05-24 15:43:28', 0, '', '0000-00-00 00:00:00'),
(30, 29, 'MARK', 'DAVID', 'JOHNSON', 0, 0, '', '', '', '', '', '777889999', '', '', '0', '5165 W 10TH STREET                  SALINA KS 67401 4455 ', '', '', '', '674014455', '', '1970-01-01 00:00:00', 0, '0000-00-00 00:00:00', '0000-00-00 00:00:00', '0000-00-00 00:00:00', '2018-05-24 00:00:00', 0, '1', 0, '0000-00-00', '', 0, 1, 1, 3, '192.168.30.20', '2018-05-24 15:43:28', 0, '', '0000-00-00 00:00:00'),
(31, 29, 'MARK', 'DAVID', 'JOHNSON', 0, 0, '', '', '', '', '', '777889999', '', '', '0', '5165 W 10TH STREET                  SALINA KS 67401 4455 ', '', '', '', '674014455', '', '1970-01-01 00:00:00', 0, '0000-00-00 00:00:00', '0000-00-00 00:00:00', '0000-00-00 00:00:00', '2018-05-24 00:00:00', 0, '1', 0, '0000-00-00', '', 0, 1, 1, 3, '192.168.30.20', '2018-05-24 15:43:28', 0, '', '0000-00-00 00:00:00'),
(32, 29, 'MARK', 'DAVID', 'JOHNSON', 0, 0, '', '', '', '', '', '777889999', '', '', '0', '5165 W 10TH STREET                  SALINA KS 67401 4455 ', '', '', '', '674014455', '', '1970-01-01 00:00:00', 0, '0000-00-00 00:00:00', '0000-00-00 00:00:00', '0000-00-00 00:00:00', '2018-05-24 00:00:00', 0, '1', 0, '0000-00-00', '', 0, 1, 1, 3, '192.168.30.20', '2018-05-24 15:43:28', 0, '', '0000-00-00 00:00:00'),
(33, 21, 'MARK', 'DAVID', 'JOHNSON', 0, 0, '', '', '', '', '', '777889999', '', '', '0', '5165 W 10TH STREET                  SALINA KS 67401 4455 ', '', '', '', '674014455', '', '1970-01-01 00:00:00', 0, '0000-00-00 00:00:00', '0000-00-00 00:00:00', '0000-00-00 00:00:00', '2018-05-24 00:00:00', 0, '1', 0, '0000-00-00', '', 0, 1, 1, 3, '192.168.30.20', '2018-05-24 17:17:04', 0, '', '0000-00-00 00:00:00'),
(34, 21, 'MARK', 'DAVID', 'JOHNSON', 0, 0, '', '', '', '', '', '777889999', '', '', '0', '5165 W 10TH STREET                  SALINA KS 67401 4455 ', '', '', '', '674014455', '', '1970-01-01 00:00:00', 0, '0000-00-00 00:00:00', '0000-00-00 00:00:00', '0000-00-00 00:00:00', '2018-05-24 00:00:00', 0, '1', 0, '0000-00-00', '', 0, 1, 1, 3, '192.168.30.20', '2018-05-24 17:17:04', 0, '', '0000-00-00 00:00:00'),
(35, 21, 'MARK', 'DAVID', 'JOHNSON', 0, 0, '', '', '', '', '', '777889999', '', '', '0', '5165 W 10TH STREET                  SALINA KS 67401 4455 ', '', '', '', '674014455', '', '1970-01-01 00:00:00', 0, '0000-00-00 00:00:00', '0000-00-00 00:00:00', '0000-00-00 00:00:00', '2018-05-24 00:00:00', 0, '1', 0, '0000-00-00', '', 0, 1, 1, 3, '192.168.30.20', '2018-05-24 17:17:04', 0, '', '0000-00-00 00:00:00'),
(36, 23, 'MARK', 'DAVID', 'JOHNSON', 0, 0, '', '', '', '', '', '777889999', '', '', '0', '5165 W 10TH STREET                  SALINA KS 67401 4455 ', '', '', '', '674014455', '', '1970-01-01 00:00:00', 0, '0000-00-00 00:00:00', '0000-00-00 00:00:00', '0000-00-00 00:00:00', '2018-05-24 00:00:00', 0, '1', 0, '0000-00-00', '', 0, 1, 1, 3, '192.168.30.20', '2018-05-24 17:17:04', 0, '', '0000-00-00 00:00:00'),
(37, 23, 'MARK', 'DAVID', 'JOHNSON', 0, 0, '', '', '', '', '', '777889999', '', '', '0', '5165 W 10TH STREET                  SALINA KS 67401 4455 ', '', '', '', '674014455', '', '1970-01-01 00:00:00', 0, '0000-00-00 00:00:00', '0000-00-00 00:00:00', '0000-00-00 00:00:00', '2018-05-24 00:00:00', 0, '1', 0, '0000-00-00', '', 0, 1, 1, 3, '192.168.30.20', '2018-05-24 17:17:04', 0, '', '0000-00-00 00:00:00'),
(38, 23, 'MARK', 'DAVID', 'JOHNSON', 0, 0, '', '', '', '', '', '777889999', '', '', '0', '5165 W 10TH STREET                  SALINA KS 67401 4455 ', '', '', '', '674014455', '', '1970-01-01 00:00:00', 0, '0000-00-00 00:00:00', '0000-00-00 00:00:00', '0000-00-00 00:00:00', '2018-05-24 00:00:00', 0, '1', 0, '0000-00-00', '', 0, 1, 1, 3, '192.168.30.20', '2018-05-24 17:17:04', 0, '', '0000-00-00 00:00:00'),
(39, 26, 'MARK', 'DAVID', 'JOHNSON', 0, 0, '', '', '', '', '', '777889999', '', '', '0', '5165 W 10TH STREET                  SALINA KS 67401 4455 ', '', '', '', '674014455', '', '1970-01-01 00:00:00', 0, '0000-00-00 00:00:00', '0000-00-00 00:00:00', '0000-00-00 00:00:00', '2018-05-24 00:00:00', 0, '1', 0, '0000-00-00', '', 0, 1, 1, 3, '192.168.30.20', '2018-05-24 17:17:04', 0, '', '0000-00-00 00:00:00'),
(40, 26, 'MARK', 'DAVID', 'JOHNSON', 0, 0, '', '', '', '', '', '777889999', '', '', '0', '5165 W 10TH STREET                  SALINA KS 67401 4455 ', '', '', '', '674014455', '', '1970-01-01 00:00:00', 0, '0000-00-00 00:00:00', '0000-00-00 00:00:00', '0000-00-00 00:00:00', '2018-05-24 00:00:00', 0, '1', 0, '0000-00-00', '', 0, 1, 1, 3, '192.168.30.20', '2018-05-24 17:17:04', 0, '', '0000-00-00 00:00:00'),
(41, 26, 'MARK', 'DAVID', 'JOHNSON', 0, 0, '', '', '', '', '', '777889999', '', '', '0', '5165 W 10TH STREET                  SALINA KS 67401 4455 ', '', '', '', '674014455', '', '1970-01-01 00:00:00', 0, '0000-00-00 00:00:00', '0000-00-00 00:00:00', '0000-00-00 00:00:00', '2018-05-24 00:00:00', 0, '1', 0, '0000-00-00', '', 0, 1, 1, 3, '192.168.30.20', '2018-05-24 17:17:04', 0, '', '0000-00-00 00:00:00'),
(42, 29, 'MARK', 'DAVID', 'JOHNSON', 0, 0, '', '', '', '', '', '777889999', '', '', '0', '5165 W 10TH STREET                  SALINA KS 67401 4455 ', '', '', '', '674014455', '', '1970-01-01 00:00:00', 0, '0000-00-00 00:00:00', '0000-00-00 00:00:00', '0000-00-00 00:00:00', '2018-05-24 00:00:00', 0, '1', 0, '0000-00-00', '', 0, 1, 1, 3, '192.168.30.20', '2018-05-24 17:17:04', 0, '', '0000-00-00 00:00:00'),
(43, 29, 'MARK', 'DAVID', 'JOHNSON', 0, 0, '', '', '', '', '', '777889999', '', '', '0', '5165 W 10TH STREET                  SALINA KS 67401 4455 ', '', '', '', '674014455', '', '1970-01-01 00:00:00', 0, '0000-00-00 00:00:00', '0000-00-00 00:00:00', '0000-00-00 00:00:00', '2018-05-24 00:00:00', 0, '1', 0, '0000-00-00', '', 0, 1, 1, 3, '192.168.30.20', '2018-05-24 17:17:04', 0, '', '0000-00-00 00:00:00'),
(44, 29, 'MARK', 'DAVID', 'JOHNSON', 0, 0, '', '', '', '', '', '777889999', '', '', '0', '5165 W 10TH STREET                  SALINA KS 67401 4455 ', '', '', '', '674014455', '', '1970-01-01 00:00:00', 0, '0000-00-00 00:00:00', '0000-00-00 00:00:00', '0000-00-00 00:00:00', '2018-05-24 00:00:00', 0, '1', 0, '0000-00-00', '', 0, 1, 1, 3, '192.168.30.20', '2018-05-24 17:17:04', 0, '', '0000-00-00 00:00:00'),
(45, 21, 'MARK', 'DAVID', 'JOHNSON', 0, 0, '', '', '', '', '', '777889999', '', '', '0', '5165 W 10TH STREET                  SALINA KS 67401 4455 ', '', '', '', '674014455', '', '1970-01-01 00:00:00', 0, '0000-00-00 00:00:00', '0000-00-00 00:00:00', '0000-00-00 00:00:00', '2018-06-09 00:00:00', 0, '1', 0, '0000-00-00', '', 0, 1, 0, 3, '192.168.30.20', '2018-06-09 14:23:56', 0, '', '0000-00-00 00:00:00'),
(46, 21, 'MARK', 'DAVID', 'JOHNSON', 0, 0, '', '', '', '', '', '777889999', '', '', '0', '5165 W 10TH STREET                  SALINA KS 67401 4455 ', '', '', '', '674014455', '', '1970-01-01 00:00:00', 0, '0000-00-00 00:00:00', '0000-00-00 00:00:00', '0000-00-00 00:00:00', '2018-06-09 00:00:00', 0, '1', 0, '0000-00-00', '', 0, 1, 0, 3, '192.168.30.20', '2018-06-09 14:23:56', 0, '', '0000-00-00 00:00:00'),
(47, 21, 'MARK', 'DAVID', 'JOHNSON', 0, 0, '', '', '', '', '', '777889999', '', '', '0', '5165 W 10TH STREET                  SALINA KS 67401 4455 ', '', '', '', '674014455', '', '1970-01-01 00:00:00', 0, '0000-00-00 00:00:00', '0000-00-00 00:00:00', '0000-00-00 00:00:00', '2018-06-09 00:00:00', 0, '1', 0, '0000-00-00', '', 0, 1, 0, 3, '192.168.30.20', '2018-06-09 14:23:56', 0, '', '0000-00-00 00:00:00'),
(48, 23, 'MARK', 'DAVID', 'JOHNSON', 0, 0, '', '', '', '', '', '777889999', '', '', '0', '5165 W 10TH STREET                  SALINA KS 67401 4455 ', '', '', '', '674014455', '', '1970-01-01 00:00:00', 0, '0000-00-00 00:00:00', '0000-00-00 00:00:00', '0000-00-00 00:00:00', '2018-06-09 00:00:00', 0, '1', 0, '0000-00-00', '', 0, 1, 0, 3, '192.168.30.20', '2018-06-09 14:23:56', 0, '', '0000-00-00 00:00:00'),
(49, 23, 'MARK', 'DAVID', 'JOHNSON', 0, 0, '', '', '', '', '', '777889999', '', '', '0', '5165 W 10TH STREET                  SALINA KS 67401 4455 ', '', '', '', '674014455', '', '1970-01-01 00:00:00', 0, '0000-00-00 00:00:00', '0000-00-00 00:00:00', '0000-00-00 00:00:00', '2018-06-09 00:00:00', 0, '1', 0, '0000-00-00', '', 0, 1, 0, 3, '192.168.30.20', '2018-06-09 14:23:56', 0, '', '0000-00-00 00:00:00'),
(50, 23, 'MARK', 'DAVID', 'JOHNSON', 0, 0, '', '', '', '', '', '777889999', '', '', '0', '5165 W 10TH STREET                  SALINA KS 67401 4455 ', '', '', '', '674014455', '', '1970-01-01 00:00:00', 0, '0000-00-00 00:00:00', '0000-00-00 00:00:00', '0000-00-00 00:00:00', '2018-06-09 00:00:00', 0, '1', 0, '0000-00-00', '', 0, 1, 0, 3, '192.168.30.20', '2018-06-09 14:23:56', 0, '', '0000-00-00 00:00:00'),
(51, 26, 'MARK', 'DAVID', 'JOHNSON', 0, 0, '', '', '', '', '', '777889999', '', '', '0', '5165 W 10TH STREET                  SALINA KS 67401 4455 ', '', '', '', '674014455', '', '1970-01-01 00:00:00', 0, '0000-00-00 00:00:00', '0000-00-00 00:00:00', '0000-00-00 00:00:00', '2018-06-09 00:00:00', 0, '1', 0, '0000-00-00', '', 0, 1, 0, 3, '192.168.30.20', '2018-06-09 14:23:56', 0, '', '0000-00-00 00:00:00'),
(52, 26, 'MARK', 'DAVID', 'JOHNSON', 0, 0, '', '', '', '', '', '777889999', '', '', '0', '5165 W 10TH STREET                  SALINA KS 67401 4455 ', '', '', '', '674014455', '', '1970-01-01 00:00:00', 0, '0000-00-00 00:00:00', '0000-00-00 00:00:00', '0000-00-00 00:00:00', '2018-06-09 00:00:00', 0, '1', 0, '0000-00-00', '', 0, 1, 0, 3, '192.168.30.20', '2018-06-09 14:23:56', 0, '', '0000-00-00 00:00:00'),
(53, 26, 'MARK', 'DAVID', 'JOHNSON', 0, 0, '', '', '', '', '', '777889999', '', '', '0', '5165 W 10TH STREET                  SALINA KS 67401 4455 ', '', '', '', '674014455', '', '1970-01-01 00:00:00', 0, '0000-00-00 00:00:00', '0000-00-00 00:00:00', '0000-00-00 00:00:00', '2018-06-09 00:00:00', 0, '1', 0, '0000-00-00', '', 0, 1, 0, 3, '192.168.30.20', '2018-06-09 14:23:56', 0, '', '0000-00-00 00:00:00'),
(54, 29, 'MARK', 'DAVID', 'JOHNSON', 0, 0, '', '', '', '', '', '777889999', '', '', '0', '5165 W 10TH STREET                  SALINA KS 67401 4455 ', '', '', '', '674014455', '', '1970-01-01 00:00:00', 0, '0000-00-00 00:00:00', '0000-00-00 00:00:00', '0000-00-00 00:00:00', '2018-06-09 00:00:00', 0, '1', 0, '0000-00-00', '', 0, 1, 0, 3, '192.168.30.20', '2018-06-09 14:23:56', 0, '', '0000-00-00 00:00:00'),
(55, 29, 'MARK', 'DAVID', 'JOHNSON', 0, 0, '', '', '', '', '', '777889999', '', '', '0', '5165 W 10TH STREET                  SALINA KS 67401 4455 ', '', '', '', '674014455', '', '1970-01-01 00:00:00', 0, '0000-00-00 00:00:00', '0000-00-00 00:00:00', '0000-00-00 00:00:00', '2018-06-09 00:00:00', 0, '1', 0, '0000-00-00', '', 0, 1, 0, 3, '192.168.30.20', '2018-06-09 14:23:56', 0, '', '0000-00-00 00:00:00'),
(56, 29, 'MARK', 'DAVID', 'JOHNSON', 0, 0, '', '', '', '', '', '777889999', '', '', '0', '5165 W 10TH STREET                  SALINA KS 67401 4455 ', '', '', '', '674014455', '', '1970-01-01 00:00:00', 0, '0000-00-00 00:00:00', '0000-00-00 00:00:00', '0000-00-00 00:00:00', '2018-06-09 00:00:00', 0, '1', 0, '0000-00-00', '', 0, 1, 0, 3, '192.168.30.20', '2018-06-09 14:23:56', 0, '', '0000-00-00 00:00:00'),
(57, 32, 'KEVIN', 'JOHN', 'ANDERSON', 0, 0, '', '', '', '', '', '444654123', '', '', '0', '1616 WILSIRE DRIVE                  NEWTON KS 68332 7878 ', '', '', '', '683327878', '', '1970-01-01 00:00:00', 0, '0000-00-00 00:00:00', '0000-00-00 00:00:00', '0000-00-00 00:00:00', '2018-06-09 00:00:00', 0, '1', 0, '0000-00-00', '', 0, 1, 0, 3, '192.168.30.20', '2018-06-09 16:14:31', 0, '', '0000-00-00 00:00:00'),
(58, 32, 'KEVIN', 'JOHN', 'ANDERSON', 0, 0, '', '', '', '', '', '444654123', '', '', '0', '1616 WILSIRE DRIVE                  NEWTON KS 68332 7878 ', '', '', '', '683327878', '', '1970-01-01 00:00:00', 0, '0000-00-00 00:00:00', '0000-00-00 00:00:00', '0000-00-00 00:00:00', '2018-06-09 00:00:00', 0, '1', 0, '0000-00-00', '', 0, 1, 0, 3, '192.168.30.20', '2018-06-09 16:14:31', 0, '', '0000-00-00 00:00:00'),
(59, 32, 'JOHN', 'TAYLOR', '', 0, 0, '', '', '', '', '', '969678754', '', '', '0', '1313 STELLER LANE                   WAMEGO KS 66679 1165 ', '', '', '', '666791165', '', '1970-01-01 00:00:00', 0, '0000-00-00 00:00:00', '0000-00-00 00:00:00', '0000-00-00 00:00:00', '2018-06-09 00:00:00', 0, '8', 0, '0000-00-00', '', 0, 1, 0, 3, '192.168.30.20', '2018-06-09 16:14:31', 0, '', '0000-00-00 00:00:00'),
(60, 1, 'ROBERT', 'SCOTT', '', 0, 0, '', '', '', '', '', '505900482', '', '', '0', '215 MULBERY ST                    C EDAR RAPIDS IA 524027650                                        ', '', '', '', '524027650', '', '1970-01-01 00:00:00', 0, '0000-00-00 00:00:00', '0000-00-00 00:00:00', '0000-00-00 00:00:00', '2018-06-11 00:00:00', 0, '1', 0, '0000-00-00', '', 0, 1, 1, 3, '192.168.30.20', '2018-06-11 09:24:22', 0, '', '0000-00-00 00:00:00'),
(61, 1, 'APRIL', 'ALLEN', '', 0, 0, '', '', '', '', '', '505900482', '', '', '0', '15150 MAIN ST                       CEDAR RAPIDS IA 524027650                                       ', '', '', '', '524027650', '', '2018-06-11 00:00:00', 0, '0000-00-00 00:00:00', '0000-00-00 00:00:00', '0000-00-00 00:00:00', '2018-06-11 00:00:00', 0, '1', 0, '0000-00-00', '', 0, 1, 1, 3, '192.168.30.20', '2018-06-11 09:24:22', 0, '', '0000-00-00 00:00:00'),
(62, 1, 'SELMA', 'HYACK', '', 0, 0, '', '', '', '', '', '505900482', '', '', '0', '3215 OAK ST                         CEDAR RAPIDS IA 524027650                                       ', '', '', '', '524027650', '', '2018-06-11 00:00:00', 0, '0000-00-00 00:00:00', '0000-00-00 00:00:00', '0000-00-00 00:00:00', '2018-06-11 00:00:00', 0, '1', 0, '0000-00-00', '', 0, 1, 1, 3, '192.168.30.20', '2018-06-11 09:24:22', 0, '', '0000-00-00 00:00:00'),
(63, 1, 'KIMBERLY', 'ROGERS', '', 0, 0, '', '', '', '', '', '475726761', '', '', '0', '12 CULVER RD                        CEDAR RAPIDS IA 524025704                                       ', '', '', '', '524025704', '', '2018-06-11 00:00:00', 0, '0000-00-00 00:00:00', '0000-00-00 00:00:00', '0000-00-00 00:00:00', '2018-06-11 00:00:00', 0, '1', 0, '0000-00-00', '', 0, 1, 1, 3, '192.168.30.20', '2018-06-11 09:24:22', 0, '', '0000-00-00 00:00:00');

-- --------------------------------------------------------

--
-- Table structure for table `ft_client_notes`
--

CREATE TABLE IF NOT EXISTS `ft_client_notes` (
`id` int(12) NOT NULL,
  `date` datetime NOT NULL,
  `user_id` varchar(100) NOT NULL,
  `notes` varchar(100) NOT NULL,
  `status` tinyint(1) NOT NULL DEFAULT '1',
  `is_delete` tinyint(1) NOT NULL DEFAULT '0',
  `created_by` int(12) NOT NULL,
  `created_time` datetime NOT NULL,
  `created_ip` varchar(100) NOT NULL,
  `modified_by` int(12) NOT NULL,
  `modified_time` datetime NOT NULL,
  `modified_ip` varchar(100) NOT NULL
) ENGINE=InnoDB AUTO_INCREMENT=2 DEFAULT CHARSET=latin1;

--
-- Dumping data for table `ft_client_notes`
--

INSERT INTO `ft_client_notes` (`id`, `date`, `user_id`, `notes`, `status`, `is_delete`, `created_by`, `created_time`, `created_ip`, `modified_by`, `modified_time`, `modified_ip`) VALUES
(1, '2018-05-09 00:00:00', 'user03', 'dsf', 1, 0, 3, '2018-05-09 16:24:01', '192.168.30.30', 0, '0000-00-00 00:00:00', '');

-- --------------------------------------------------------

--
-- Table structure for table `ft_client_objectives`
--

CREATE TABLE IF NOT EXISTS `ft_client_objectives` (
`id` int(12) NOT NULL,
  `client_id` int(12) NOT NULL,
  `objectives` int(12) NOT NULL,
  `status` tinyint(1) NOT NULL DEFAULT '1',
  `is_delete` tinyint(1) NOT NULL DEFAULT '0',
  `created_by` int(12) NOT NULL,
  `created_time` datetime NOT NULL,
  `created_ip` varchar(100) NOT NULL,
  `modified_by` int(12) NOT NULL,
  `modified_time` datetime NOT NULL,
  `modified_ip` varchar(100) NOT NULL
) ENGINE=InnoDB AUTO_INCREMENT=18 DEFAULT CHARSET=latin1;

--
-- Dumping data for table `ft_client_objectives`
--

INSERT INTO `ft_client_objectives` (`id`, `client_id`, `objectives`, `status`, `is_delete`, `created_by`, `created_time`, `created_ip`, `modified_by`, `modified_time`, `modified_ip`) VALUES
(2, 4, 3, 1, 1, 3, '2018-04-04 12:17:01', '192.168.30.30', 0, '0000-00-00 00:00:00', ''),
(3, 1, 1, 1, 1, 3, '2018-04-05 14:29:20', '192.168.30.30', 0, '0000-00-00 00:00:00', ''),
(4, 1, 1, 1, 1, 3, '2018-04-05 14:29:39', '192.168.30.30', 0, '0000-00-00 00:00:00', ''),
(5, 1, 1, 1, 0, 3, '2018-04-05 14:37:51', '192.168.30.30', 0, '0000-00-00 00:00:00', ''),
(6, 12, 1, 1, 0, 3, '2018-04-07 16:54:40', '192.168.30.30', 0, '0000-00-00 00:00:00', ''),
(7, 39, 1, 1, 0, 1, '2018-04-10 16:20:13', '192.168.30.30', 0, '0000-00-00 00:00:00', ''),
(8, 41, 1, 1, 0, 1, '2018-04-10 16:20:30', '192.168.30.30', 0, '0000-00-00 00:00:00', ''),
(9, 43, 1, 1, 0, 1, '2018-04-10 16:20:45', '192.168.30.30', 0, '0000-00-00 00:00:00', ''),
(10, 44, 1, 1, 0, 1, '2018-04-10 16:20:57', '192.168.30.30', 0, '0000-00-00 00:00:00', ''),
(11, 45, 1, 1, 0, 1, '2018-04-10 16:21:08', '192.168.30.30', 0, '0000-00-00 00:00:00', ''),
(12, 2, 1, 1, 0, 3, '2018-04-11 12:01:58', '192.168.30.30', 0, '0000-00-00 00:00:00', ''),
(13, 3, 1, 1, 0, 3, '2018-04-11 12:02:12', '192.168.30.30', 0, '0000-00-00 00:00:00', ''),
(14, 4, 1, 1, 0, 3, '2018-04-11 12:02:40', '192.168.30.30', 0, '0000-00-00 00:00:00', ''),
(15, 5, 1, 1, 0, 3, '2018-04-11 12:02:50', '192.168.30.30', 0, '0000-00-00 00:00:00', ''),
(16, 6, 1, 1, 0, 3, '2018-04-11 12:03:59', '192.168.30.30', 0, '0000-00-00 00:00:00', ''),
(17, 7, 1, 1, 0, 3, '2018-04-11 12:04:10', '192.168.30.30', 0, '0000-00-00 00:00:00', '');

-- --------------------------------------------------------

--
-- Table structure for table `ft_client_suitability`
--

CREATE TABLE IF NOT EXISTS `ft_client_suitability` (
`id` int(12) NOT NULL,
  `client_id` int(12) NOT NULL,
  `income` int(12) NOT NULL,
  `goal_horizon` int(12) NOT NULL,
  `net_worth` int(12) NOT NULL,
  `risk_tolerance` int(12) NOT NULL,
  `annual_expenses` int(12) NOT NULL,
  `liquidity_needs` int(12) NOT NULL,
  `liquid_net_worth` int(12) NOT NULL,
  `special_expenses` int(12) NOT NULL,
  `per_of_portfolio` int(12) NOT NULL,
  `time_frame_for_special_exp` int(12) NOT NULL,
  `account_use` int(12) NOT NULL,
  `signed_by` varchar(100) NOT NULL,
  `sign_date` datetime NOT NULL,
  `tax_bracket` varchar(100) NOT NULL,
  `tax_id` int(12) NOT NULL,
  `status` tinyint(1) NOT NULL DEFAULT '1',
  `is_delete` tinyint(1) NOT NULL DEFAULT '0',
  `created_by` int(12) NOT NULL,
  `created_time` datetime NOT NULL,
  `created_ip` varchar(100) NOT NULL,
  `modified_by` int(12) NOT NULL,
  `modified_time` datetime NOT NULL,
  `modified_ip` varchar(100) NOT NULL
) ENGINE=InnoDB AUTO_INCREMENT=66 DEFAULT CHARSET=latin1;

--
-- Dumping data for table `ft_client_suitability`
--

INSERT INTO `ft_client_suitability` (`id`, `client_id`, `income`, `goal_horizon`, `net_worth`, `risk_tolerance`, `annual_expenses`, `liquidity_needs`, `liquid_net_worth`, `special_expenses`, `per_of_portfolio`, `time_frame_for_special_exp`, `account_use`, `signed_by`, `sign_date`, `tax_bracket`, `tax_id`, `status`, `is_delete`, `created_by`, `created_time`, `created_ip`, `modified_by`, `modified_time`, `modified_ip`) VALUES
(1, 1, 0, 0, 0, 0, 0, 0, 0, 0, 0, 0, 0, '', '1970-01-01 00:00:00', '', 0, 1, 0, 3, '2018-01-13 09:33:36', '103.36.122.212', 3, '2018-05-24 09:58:19', '192.168.30.20'),
(2, 0, 0, 0, 0, 0, 0, 0, 0, 0, 0, 0, 0, '', '1970-01-01 00:00:00', '', 0, 1, 0, 3, '2018-01-17 18:21:19', '103.36.122.212', 0, '0000-00-00 00:00:00', ''),
(3, 0, 0, 0, 0, 0, 0, 0, 0, 0, 0, 0, 0, '', '1970-01-01 00:00:00', '', 0, 1, 0, 3, '2018-01-17 18:21:53', '103.36.122.212', 0, '0000-00-00 00:00:00', ''),
(4, 0, 0, 0, 0, 0, 0, 0, 0, 0, 0, 0, 0, '', '1970-01-01 00:00:00', '', 0, 1, 0, 3, '2018-01-17 18:23:18', '103.36.122.212', 0, '0000-00-00 00:00:00', ''),
(5, 0, 0, 0, 0, 0, 0, 0, 0, 0, 0, 0, 0, '', '1970-01-01 00:00:00', '', 0, 1, 0, 3, '2018-01-17 18:23:53', '103.36.122.212', 0, '0000-00-00 00:00:00', ''),
(6, 0, 0, 0, 0, 0, 0, 0, 0, 0, 0, 0, 0, '', '1970-01-01 00:00:00', '', 0, 1, 0, 3, '2018-01-17 18:27:00', '103.36.122.212', 0, '0000-00-00 00:00:00', ''),
(7, 0, 0, 0, 0, 0, 0, 0, 0, 0, 0, 0, 0, '', '1970-01-01 00:00:00', '', 0, 1, 0, 3, '2018-01-17 18:27:41', '103.36.122.212', 0, '0000-00-00 00:00:00', ''),
(8, 1, 0, 0, 0, 0, 0, 0, 0, 0, 0, 0, 0, '', '1970-01-01 00:00:00', '', 0, 1, 0, 3, '2018-01-17 18:49:48', '103.36.122.212', 3, '2018-05-24 09:58:19', '192.168.30.20'),
(9, 2, 0, 0, 0, 0, 0, 0, 0, 0, 0, 0, 0, '', '1970-01-01 00:00:00', '', 0, 1, 0, 3, '2018-01-17 18:50:14', '103.36.122.212', 3, '2018-05-24 10:52:21', '192.168.30.20'),
(10, 3, 0, 0, 0, 0, 0, 0, 0, 0, 0, 0, 0, '', '1970-01-01 00:00:00', '', 0, 1, 0, 3, '2018-01-17 18:51:13', '103.36.122.212', 3, '2018-02-08 09:31:10', '192.168.30.30'),
(11, 4, 0, 0, 0, 0, 0, 0, 0, 0, 0, 0, 0, '', '1970-01-01 00:00:00', '', 0, 1, 0, 3, '2018-01-17 18:52:07', '103.36.122.212', 3, '2018-02-08 09:28:45', '192.168.30.30'),
(12, 3, 0, 0, 0, 0, 0, 0, 0, 0, 0, 0, 0, '', '1970-01-01 00:00:00', '', 0, 1, 0, 3, '2018-01-24 19:59:34', '103.36.122.212', 3, '2018-02-08 09:31:10', '192.168.30.30'),
(13, 5, 0, 0, 0, 0, 0, 0, 0, 0, 0, 0, 0, '', '1970-01-01 00:00:00', '', 0, 1, 0, 3, '2018-02-05 12:11:17', '192.168.30.20', 0, '0000-00-00 00:00:00', ''),
(14, 35, 0, 0, 0, 0, 0, 0, 0, 0, 0, 0, 0, '', '1970-01-01 00:00:00', '', 0, 1, 0, 1, '2018-04-10 14:19:46', '192.168.30.30', 0, '0000-00-00 00:00:00', ''),
(15, 0, 0, 0, 0, 0, 0, 0, 0, 0, 0, 0, 0, '', '1970-01-01 00:00:00', '', 0, 1, 0, 1, '2018-04-10 15:15:51', '192.168.30.30', 0, '0000-00-00 00:00:00', ''),
(16, 36, 0, 0, 0, 0, 0, 0, 0, 0, 0, 0, 0, '', '1970-01-01 00:00:00', '', 0, 1, 0, 1, '2018-04-10 15:21:15', '192.168.30.30', 0, '0000-00-00 00:00:00', ''),
(17, 37, 0, 0, 0, 0, 0, 0, 0, 0, 0, 0, 0, '', '1970-01-01 00:00:00', '', 0, 1, 0, 1, '2018-04-10 15:25:00', '192.168.30.30', 0, '0000-00-00 00:00:00', ''),
(18, 39, 0, 0, 0, 0, 0, 0, 0, 0, 0, 0, 0, '', '1970-01-01 00:00:00', '', 0, 1, 0, 1, '2018-04-10 15:31:36', '192.168.30.30', 0, '0000-00-00 00:00:00', ''),
(19, 40, 0, 0, 0, 0, 0, 0, 0, 0, 0, 0, 0, '', '1970-01-01 00:00:00', '', 0, 1, 0, 1, '2018-04-10 15:34:18', '192.168.30.30', 0, '0000-00-00 00:00:00', ''),
(20, 41, 0, 0, 0, 0, 0, 0, 0, 0, 0, 0, 0, '', '1970-01-01 00:00:00', '', 0, 1, 0, 1, '2018-04-10 15:37:18', '192.168.30.30', 0, '0000-00-00 00:00:00', ''),
(21, 42, 0, 0, 0, 0, 0, 0, 0, 0, 0, 0, 0, '', '1970-01-01 00:00:00', '', 0, 1, 0, 1, '2018-04-10 15:52:21', '192.168.30.30', 0, '0000-00-00 00:00:00', ''),
(22, 43, 0, 0, 0, 0, 0, 0, 0, 0, 0, 0, 0, '', '1970-01-01 00:00:00', '', 0, 1, 0, 1, '2018-04-10 15:56:14', '192.168.30.30', 0, '0000-00-00 00:00:00', ''),
(23, 44, 0, 0, 0, 0, 0, 0, 0, 0, 0, 0, 0, '', '1970-01-01 00:00:00', '', 0, 1, 0, 1, '2018-04-10 15:59:26', '192.168.30.30', 0, '0000-00-00 00:00:00', ''),
(24, 44, 0, 0, 0, 0, 0, 0, 0, 0, 0, 0, 0, '', '1970-01-01 00:00:00', '', 0, 1, 0, 1, '2018-04-10 16:00:35', '192.168.30.30', 0, '0000-00-00 00:00:00', ''),
(25, 44, 0, 0, 0, 0, 0, 0, 0, 0, 0, 0, 0, '', '1970-01-01 00:00:00', '', 0, 1, 0, 1, '2018-04-10 16:00:42', '192.168.30.30', 0, '0000-00-00 00:00:00', ''),
(26, 44, 0, 0, 0, 0, 0, 0, 0, 0, 0, 0, 0, '', '1970-01-01 00:00:00', '', 0, 1, 0, 1, '2018-04-10 16:06:58', '192.168.30.30', 0, '0000-00-00 00:00:00', ''),
(27, 44, 0, 0, 0, 0, 0, 0, 0, 0, 0, 0, 0, '', '1970-01-01 00:00:00', '', 0, 1, 0, 1, '2018-04-10 16:07:07', '192.168.30.30', 0, '0000-00-00 00:00:00', ''),
(28, 0, 0, 0, 0, 0, 0, 0, 0, 0, 0, 0, 0, '', '1970-01-01 00:00:00', '', 0, 1, 0, 1, '2018-04-10 16:07:36', '192.168.30.30', 0, '0000-00-00 00:00:00', ''),
(29, 0, 0, 0, 0, 0, 0, 0, 0, 0, 0, 0, 0, '', '1970-01-01 00:00:00', '', 0, 1, 0, 1, '2018-04-10 16:10:12', '192.168.30.30', 0, '0000-00-00 00:00:00', ''),
(30, 0, 0, 0, 0, 0, 0, 0, 0, 0, 0, 0, 0, '', '1970-01-01 00:00:00', '', 0, 1, 0, 1, '2018-04-10 16:10:19', '192.168.30.30', 0, '0000-00-00 00:00:00', ''),
(31, 0, 0, 0, 0, 0, 0, 0, 0, 0, 0, 0, 0, '', '1970-01-01 00:00:00', '', 0, 1, 0, 1, '2018-04-10 16:11:11', '192.168.30.30', 0, '0000-00-00 00:00:00', ''),
(32, 0, 0, 0, 0, 0, 0, 0, 0, 0, 0, 0, 0, '', '1970-01-01 00:00:00', '', 0, 1, 0, 1, '2018-04-10 16:12:00', '192.168.30.30', 0, '0000-00-00 00:00:00', ''),
(33, 0, 0, 0, 0, 0, 0, 0, 0, 0, 0, 0, 0, '', '1970-01-01 00:00:00', '', 0, 1, 0, 1, '2018-04-10 16:12:19', '192.168.30.30', 0, '0000-00-00 00:00:00', ''),
(34, 45, 0, 0, 0, 0, 0, 0, 0, 0, 0, 0, 0, '', '1970-01-01 00:00:00', '', 0, 1, 0, 1, '2018-04-10 16:12:40', '192.168.30.30', 0, '0000-00-00 00:00:00', ''),
(35, 45, 0, 0, 0, 0, 0, 0, 0, 0, 0, 0, 0, '', '1970-01-01 00:00:00', '', 0, 1, 0, 1, '2018-04-10 16:16:03', '192.168.30.30', 0, '0000-00-00 00:00:00', ''),
(36, 46, 0, 0, 0, 0, 0, 0, 0, 0, 0, 0, 0, '', '1970-01-01 00:00:00', '', 0, 1, 0, 1, '2018-04-10 16:18:15', '192.168.30.30', 0, '0000-00-00 00:00:00', ''),
(37, 47, 0, 0, 0, 0, 0, 0, 0, 0, 0, 0, 0, '', '1970-01-01 00:00:00', '', 0, 1, 0, 1, '2018-04-10 17:24:09', '192.168.30.30', 0, '0000-00-00 00:00:00', ''),
(38, 0, 0, 0, 0, 0, 0, 0, 0, 0, 0, 0, 0, '', '1970-01-01 00:00:00', '', 0, 1, 0, 1, '2018-04-10 17:27:33', '192.168.30.30', 0, '0000-00-00 00:00:00', ''),
(39, 48, 0, 0, 0, 0, 0, 0, 0, 0, 0, 0, 0, '', '1970-01-01 00:00:00', '', 0, 1, 0, 1, '2018-04-10 17:28:05', '192.168.30.30', 0, '0000-00-00 00:00:00', ''),
(40, 1, 0, 0, 0, 0, 0, 0, 0, 0, 0, 0, 0, '', '1970-01-01 00:00:00', '', 0, 1, 0, 3, '2018-04-11 11:38:51', '192.168.30.30', 3, '2018-05-24 09:58:19', '192.168.30.20'),
(41, 2, 0, 0, 0, 0, 0, 0, 0, 0, 0, 0, 0, '', '1970-01-01 00:00:00', '', 0, 1, 0, 3, '2018-04-11 11:39:23', '192.168.30.30', 3, '2018-05-24 10:52:21', '192.168.30.20'),
(42, 2, 0, 0, 0, 0, 0, 0, 0, 0, 0, 0, 0, '', '1970-01-01 00:00:00', '', 0, 1, 0, 3, '2018-04-11 11:44:38', '192.168.30.30', 3, '2018-05-24 10:52:21', '192.168.30.20'),
(43, 3, 0, 0, 0, 0, 0, 0, 0, 0, 0, 0, 0, '', '1970-01-01 00:00:00', '', 0, 1, 0, 3, '2018-04-11 11:45:25', '192.168.30.30', 0, '0000-00-00 00:00:00', ''),
(44, 4, 0, 0, 0, 0, 0, 0, 0, 0, 0, 0, 0, '', '1970-01-01 00:00:00', '', 0, 1, 0, 3, '2018-04-11 11:56:13', '192.168.30.30', 0, '0000-00-00 00:00:00', ''),
(45, 5, 0, 0, 0, 0, 0, 0, 0, 0, 0, 0, 0, '', '1970-01-01 00:00:00', '', 0, 1, 0, 3, '2018-04-11 11:57:12', '192.168.30.30', 0, '0000-00-00 00:00:00', ''),
(46, 6, 0, 0, 0, 0, 0, 0, 0, 0, 0, 0, 0, '', '1970-01-01 00:00:00', '', 0, 1, 0, 3, '2018-04-11 11:58:09', '192.168.30.30', 0, '0000-00-00 00:00:00', ''),
(47, 7, 0, 0, 0, 0, 0, 0, 0, 0, 0, 0, 0, '', '1970-01-01 00:00:00', '', 0, 1, 0, 3, '2018-04-11 11:59:07', '192.168.30.30', 0, '0000-00-00 00:00:00', ''),
(48, 8, 0, 0, 0, 0, 0, 0, 0, 0, 0, 0, 0, '', '1970-01-01 00:00:00', '', 0, 1, 0, 3, '2018-04-11 12:38:35', '192.168.30.30', 0, '0000-00-00 00:00:00', ''),
(49, 9, 0, 0, 0, 0, 0, 0, 0, 0, 0, 0, 0, '', '1970-01-01 00:00:00', '', 0, 1, 0, 3, '2018-04-11 12:41:51', '192.168.30.30', 0, '0000-00-00 00:00:00', ''),
(50, 10, 0, 0, 0, 0, 0, 0, 0, 0, 0, 0, 0, '', '1970-01-01 00:00:00', '', 0, 1, 0, 3, '2018-04-11 12:42:46', '192.168.30.30', 0, '0000-00-00 00:00:00', ''),
(51, 1, 0, 0, 0, 0, 0, 0, 0, 0, 0, 0, 0, '', '1970-01-01 00:00:00', '', 0, 1, 0, 3, '2018-04-16 16:39:14', '192.168.30.30', 3, '2018-05-24 09:58:19', '192.168.30.20'),
(52, 2, 0, 0, 0, 0, 0, 0, 0, 0, 0, 0, 0, '', '1970-01-01 00:00:00', '', 0, 1, 0, 3, '2018-04-16 17:34:26', '192.168.30.30', 3, '2018-05-24 10:52:21', '192.168.30.20'),
(53, 7, 0, 0, 0, 0, 0, 0, 0, 0, 0, 0, 0, '', '1970-01-01 00:00:00', '', 0, 1, 0, 3, '2018-04-17 16:30:59', '192.168.30.30', 0, '0000-00-00 00:00:00', ''),
(54, 0, 0, 0, 0, 0, 0, 0, 0, 0, 0, 0, 0, '', '1970-01-01 00:00:00', '', 0, 1, 0, 3, '2018-05-05 09:33:18', '192.168.30.20', 0, '0000-00-00 00:00:00', ''),
(55, 0, 0, 0, 0, 0, 0, 0, 0, 0, 0, 0, 0, '', '1970-01-01 00:00:00', '', 0, 1, 0, 3, '2018-05-05 09:37:17', '192.168.30.20', 0, '0000-00-00 00:00:00', ''),
(56, 0, 0, 0, 0, 0, 0, 0, 0, 0, 0, 0, 0, '', '1970-01-01 00:00:00', '', 0, 1, 0, 3, '2018-05-05 09:39:57', '192.168.30.20', 0, '0000-00-00 00:00:00', ''),
(57, 0, 0, 0, 0, 0, 0, 0, 0, 0, 0, 0, 0, '', '1970-01-01 00:00:00', '', 0, 1, 0, 3, '2018-05-05 09:40:12', '192.168.30.20', 0, '0000-00-00 00:00:00', ''),
(58, 1, 0, 0, 0, 0, 0, 0, 0, 0, 0, 0, 0, '', '1970-01-01 00:00:00', '', 0, 1, 0, 3, '2018-05-05 09:40:29', '192.168.30.20', 3, '2018-05-24 09:58:19', '192.168.30.20'),
(59, 0, 0, 0, 0, 0, 0, 0, 0, 0, 0, 0, 0, '', '1970-01-01 00:00:00', '', 0, 1, 0, 3, '2018-05-05 09:44:12', '192.168.30.20', 0, '0000-00-00 00:00:00', ''),
(60, 2, 0, 0, 0, 0, 0, 0, 0, 0, 0, 0, 0, '', '1970-01-01 00:00:00', '', 0, 1, 0, 3, '2018-05-05 09:44:26', '192.168.30.20', 3, '2018-05-24 10:52:21', '192.168.30.20'),
(61, 3, 0, 0, 0, 0, 0, 0, 0, 0, 0, 0, 0, '', '1970-01-01 00:00:00', '', 0, 1, 0, 3, '2018-05-05 09:45:50', '192.168.30.20', 0, '0000-00-00 00:00:00', ''),
(62, 4, 0, 0, 0, 0, 0, 0, 0, 0, 0, 0, 0, '', '1970-01-01 00:00:00', '', 0, 1, 0, 3, '2018-05-05 09:46:34', '192.168.30.20', 0, '0000-00-00 00:00:00', ''),
(63, 0, 0, 0, 0, 0, 0, 0, 0, 0, 0, 0, 0, '', '1970-01-01 00:00:00', '', 0, 1, 0, 3, '2018-05-08 11:35:54', '192.168.30.20', 0, '0000-00-00 00:00:00', ''),
(64, 1, 0, 0, 0, 0, 0, 0, 0, 0, 0, 0, 0, '', '1970-01-01 00:00:00', '', 0, 1, 0, 3, '2018-05-08 11:41:04', '192.168.30.20', 3, '2018-05-24 09:58:19', '192.168.30.20'),
(65, 2, 0, 0, 0, 0, 0, 0, 0, 0, 0, 0, 0, '', '1970-01-01 00:00:00', '', 0, 1, 0, 3, '2018-05-08 11:41:46', '192.168.30.20', 3, '2018-05-24 10:52:21', '192.168.30.20');

-- --------------------------------------------------------

--
-- Table structure for table `ft_company_master`
--

CREATE TABLE IF NOT EXISTS `ft_company_master` (
`id` int(11) NOT NULL,
  `company_name` varchar(50) NOT NULL,
  `company_type` varchar(50) NOT NULL,
  `manager_name` varchar(50) NOT NULL,
  `address1` varchar(50) NOT NULL,
  `address2` varchar(50) NOT NULL,
  `business_city` varchar(50) NOT NULL,
  `state_general` varchar(10) NOT NULL,
  `zip` varchar(10) NOT NULL,
  `mail_address1` varchar(50) NOT NULL,
  `mail_address2` varchar(50) NOT NULL,
  `m_city` varchar(30) NOT NULL,
  `m_state` varchar(10) NOT NULL,
  `m_zip` varchar(10) NOT NULL,
  `telephone` varchar(12) NOT NULL,
  `facsimile` varchar(30) NOT NULL,
  `e_date` date NOT NULL,
  `i_date` date NOT NULL,
  `payout_level` varchar(10) NOT NULL,
  `clearing_charge_calculation` varchar(10) NOT NULL,
  `sliding_scale_commision` varchar(10) NOT NULL,
  `product_category` varchar(10) NOT NULL,
  `p_rate` varchar(10) NOT NULL,
  `threshold1` varchar(20) NOT NULL,
  `l1_rate` varchar(5) NOT NULL,
  `threshold2` varchar(20) NOT NULL,
  `l2_rate` varchar(5) NOT NULL,
  `threshold3` varchar(20) NOT NULL,
  `l3_rate` varchar(5) NOT NULL,
  `threshold4` varchar(20) NOT NULL,
  `l4_rate` varchar(5) NOT NULL,
  `threshold5` varchar(20) NOT NULL,
  `l5_rate` varchar(5) NOT NULL,
  `threshold6` varchar(20) NOT NULL,
  `l6_rate` varchar(5) NOT NULL,
  `state` varchar(100) NOT NULL,
  `forign` tinyint(1) NOT NULL,
  `status` tinyint(1) NOT NULL DEFAULT '1',
  `is_delete` tinyint(1) NOT NULL DEFAULT '0',
  `created_by` int(12) NOT NULL,
  `created_time` datetime NOT NULL,
  `created_ip` varchar(100) NOT NULL,
  `modified_by` int(12) NOT NULL,
  `modified_time` datetime NOT NULL,
  `modified_ip` varchar(100) NOT NULL
) ENGINE=InnoDB AUTO_INCREMENT=3 DEFAULT CHARSET=latin1;

--
-- Dumping data for table `ft_company_master`
--

INSERT INTO `ft_company_master` (`id`, `company_name`, `company_type`, `manager_name`, `address1`, `address2`, `business_city`, `state_general`, `zip`, `mail_address1`, `mail_address2`, `m_city`, `m_state`, `m_zip`, `telephone`, `facsimile`, `e_date`, `i_date`, `payout_level`, `clearing_charge_calculation`, `sliding_scale_commision`, `product_category`, `p_rate`, `threshold1`, `l1_rate`, `threshold2`, `l2_rate`, `threshold3`, `l3_rate`, `threshold4`, `l4_rate`, `threshold5`, `l5_rate`, `threshold6`, `l6_rate`, `state`, `forign`, `status`, `is_delete`, `created_by`, `created_time`, `created_ip`, `modified_by`, `modified_time`, `modified_ip`) VALUES
(1, 'dfgfg', 'gfdg', '0', 'fgdfgf', '', 'gdfgdfg', '18', '97979', '', '', '', '', '', '', '', '2018-02-10', '2018-02-01', '', '', '', '', '', '', '', '', '', '', '', '', '', '', '', '', '', '52', 0, 1, 0, 3, '2018-02-07 14:17:30', '192.168.30.30', 3, '2018-05-11 16:47:07', '192.168.30.30'),
(2, 'ertert', '', '0', 'ert', '', 'ert', '3', '34543', '', '', '', '', '', '', '', '1970-01-01', '1970-01-01', '', '', '', '', '', '', '', '', '', '', '', '', '', '', '', '', '', '', 0, 1, 0, 3, '2018-02-27 11:42:44', '192.168.30.30', 0, '0000-00-00 00:00:00', '');

-- --------------------------------------------------------

--
-- Table structure for table `ft_date_interfaces`
--

CREATE TABLE IF NOT EXISTS `ft_date_interfaces` (
`id` int(12) NOT NULL,
  `user_id` int(12) NOT NULL,
  `dim_id` int(12) NOT NULL,
  `user_name` varchar(100) NOT NULL,
  `password` varchar(100) NOT NULL,
  `exclude_non_comm_trade_activity` tinyint(1) NOT NULL DEFAULT '0',
  `add_client` tinyint(1) NOT NULL DEFAULT '0',
  `update_client` tinyint(1) NOT NULL DEFAULT '0',
  `local_folder` varchar(100) NOT NULL,
  `is_authorized_person` tinyint(1) NOT NULL DEFAULT '0',
  `status` tinyint(1) NOT NULL DEFAULT '1',
  `is_delete` tinyint(1) NOT NULL DEFAULT '0',
  `created_by` int(12) NOT NULL,
  `created_time` datetime NOT NULL,
  `created_ip` varchar(100) NOT NULL,
  `modified_by` int(12) NOT NULL,
  `modified_time` datetime NOT NULL,
  `modified_ip` varchar(100) NOT NULL
) ENGINE=InnoDB AUTO_INCREMENT=3 DEFAULT CHARSET=latin1;

--
-- Dumping data for table `ft_date_interfaces`
--

INSERT INTO `ft_date_interfaces` (`id`, `user_id`, `dim_id`, `user_name`, `password`, `exclude_non_comm_trade_activity`, `add_client`, `update_client`, `local_folder`, `is_authorized_person`, `status`, `is_delete`, `created_by`, `created_time`, `created_ip`, `modified_by`, `modified_time`, `modified_ip`) VALUES
(1, 3, 1, 'user03', 'bUd1R0xhTVl5ZWdjNCtRSEhiQ3lxZz09', 1, 1, 1, '', 1, 1, 0, 3, '2018-02-03 12:08:33', '192.168.30.20', 3, '2018-02-03 12:10:13', '192.168.30.20'),
(2, 3, 2, 'user03', 'e10adc3949ba59abbe56e057f20f883e', 0, 1, 1, '', 1, 1, 0, 3, '2018-02-03 12:13:56', '192.168.30.20', 0, '0000-00-00 00:00:00', '');

-- --------------------------------------------------------

--
-- Table structure for table `ft_date_interfaces_master`
--

CREATE TABLE IF NOT EXISTS `ft_date_interfaces_master` (
`id` int(12) NOT NULL,
  `type` varchar(100) NOT NULL,
  `status` tinyint(1) NOT NULL DEFAULT '1',
  `is_delete` tinyint(1) NOT NULL DEFAULT '0',
  `created_by` int(12) NOT NULL,
  `created_time` datetime NOT NULL,
  `created_ip` varchar(100) NOT NULL,
  `modified_by` int(12) NOT NULL,
  `modified_time` datetime NOT NULL,
  `modified_ip` varchar(100) NOT NULL
) ENGINE=InnoDB DEFAULT CHARSET=latin1;

-- --------------------------------------------------------

--
-- Table structure for table `ft_fincen_check_data_detail`
--

CREATE TABLE IF NOT EXISTS `ft_fincen_check_data_detail` (
`id` int(12) NOT NULL,
  `fincen_scan_id` int(12) NOT NULL,
  `fincen_tracking_no` int(12) NOT NULL,
  `fincen_firstname` varchar(100) NOT NULL,
  `fincen_miname` varchar(100) NOT NULL,
  `fincen_lastname` varchar(100) NOT NULL,
  `fincen_address` varchar(100) NOT NULL,
  `fincen_country` varchar(100) NOT NULL,
  `fincen_phone` varchar(100) NOT NULL,
  `fincen_number` varchar(100) NOT NULL,
  `fincen_number_type` varchar(100) NOT NULL,
  `fincen_dob` date NOT NULL,
  `client_id` int(12) NOT NULL,
  `status` tinyint(1) NOT NULL DEFAULT '1',
  `is_delete` tinyint(1) NOT NULL DEFAULT '0',
  `created_by` int(12) NOT NULL,
  `created_time` datetime NOT NULL,
  `created_ip` varchar(100) NOT NULL,
  `modified_by` int(12) NOT NULL,
  `modified_time` datetime NOT NULL,
  `modified_ip` varchar(100) NOT NULL
) ENGINE=InnoDB AUTO_INCREMENT=106 DEFAULT CHARSET=latin1;

--
-- Dumping data for table `ft_fincen_check_data_detail`
--

INSERT INTO `ft_fincen_check_data_detail` (`id`, `fincen_scan_id`, `fincen_tracking_no`, `fincen_firstname`, `fincen_miname`, `fincen_lastname`, `fincen_address`, `fincen_country`, `fincen_phone`, `fincen_number`, `fincen_number_type`, `fincen_dob`, `client_id`, `status`, `is_delete`, `created_by`, `created_time`, `created_ip`, `modified_by`, `modified_time`, `modified_ip`) VALUES
(1, 3, 273844, 'Amir', 'Hachem', 'Al Katranji', 'No 21 Longsheng Lane Qiaozhong Street', 'CN', '', '', '', '1966-06-24', 3, 1, 0, 3, '2018-01-24 20:00:19', '103.36.122.212', 0, '0000-00-00 00:00:00', ''),
(2, 3, 273844, 'Amir', 'Hachem', 'Al Katranji', 'Grand Hills Ground Floor Al Khansa Street', 'LB', '', '', '', '1966-06-24', 3, 1, 0, 3, '2018-01-24 20:00:19', '103.36.122.212', 0, '0000-00-00 00:00:00', ''),
(3, 3, 273844, 'Amir', 'Hachem', 'Al Katranji', 'Khansa Jnah', 'LB', '', '', '', '1966-06-24', 3, 1, 0, 3, '2018-01-24 20:00:19', '103.36.122.212', 0, '0000-00-00 00:00:00', ''),
(4, 3, 273844, 'Amir', 'Hachem', 'Al Katranji', '', 'SY', '', '', '', '1966-06-24', 3, 1, 0, 3, '2018-01-24 20:00:19', '103.36.122.212', 0, '0000-00-00 00:00:00', ''),
(5, 3, 273844, 'Amir', 'Hachem', 'Al Katranji', '', 'SY', '', '', '', '1966-06-24', 3, 1, 0, 3, '2018-01-24 20:00:19', '103.36.122.212', 0, '0000-00-00 00:00:00', ''),
(6, 3, 273844, 'Amir', 'Hachem', 'Al Katranji', 'No 21 Longsheng Lane Qiaozhong Street', 'CN', '', '', '', '1966-06-24', 3, 1, 0, 3, '2018-01-24 20:00:19', '103.36.122.212', 0, '0000-00-00 00:00:00', ''),
(7, 3, 273844, 'Amir', 'Hachem', 'Al Katranji', 'Grand Hills Ground Floor Al Khansa Street', 'LB', '', '', '', '1966-06-24', 3, 1, 0, 3, '2018-01-24 20:00:19', '103.36.122.212', 0, '0000-00-00 00:00:00', ''),
(8, 3, 273844, 'Amir', 'Hachem', 'Al Katranji', 'Khansa Jnah', 'LB', '', '', '', '1966-06-24', 3, 1, 0, 3, '2018-01-24 20:00:19', '103.36.122.212', 0, '0000-00-00 00:00:00', ''),
(9, 3, 273844, 'Amir', 'Hachem', 'Al Katranji', '', 'SY', '', '', '', '1966-06-24', 3, 1, 0, 3, '2018-01-24 20:00:19', '103.36.122.212', 0, '0000-00-00 00:00:00', ''),
(10, 3, 273844, 'Amir', 'Hachem', 'Al Katranji', '', 'SY', '', '', '', '1966-06-24', 3, 1, 0, 3, '2018-01-24 20:00:19', '103.36.122.212', 0, '0000-00-00 00:00:00', ''),
(11, 3, 273844, 'Amir', 'Hachem', 'Al Katranji', 'No 21 Longsheng Lane Qiaozhong Street', 'CN', '', '', '', '1966-06-24', 3, 1, 0, 3, '2018-01-24 20:00:19', '103.36.122.212', 0, '0000-00-00 00:00:00', ''),
(12, 3, 273844, 'Amir', 'Hachem', 'Al Katranji', 'Grand Hills Ground Floor Al Khansa Street', 'LB', '', '', '', '1966-06-24', 3, 1, 0, 3, '2018-01-24 20:00:19', '103.36.122.212', 0, '0000-00-00 00:00:00', ''),
(13, 3, 273844, 'Amir', 'Hachem', 'Al Katranji', 'Khansa Jnah', 'LB', '', '', '', '1966-06-24', 3, 1, 0, 3, '2018-01-24 20:00:19', '103.36.122.212', 0, '0000-00-00 00:00:00', ''),
(14, 3, 273844, 'Amir', 'Hachem', 'Al Katranji', '', 'SY', '', '', '', '1966-06-24', 3, 1, 0, 3, '2018-01-24 20:00:19', '103.36.122.212', 0, '0000-00-00 00:00:00', ''),
(15, 3, 273844, 'Amir', 'Hachem', 'Al Katranji', '', 'SY', '', '', '', '1966-06-24', 3, 1, 0, 3, '2018-01-24 20:00:19', '103.36.122.212', 0, '0000-00-00 00:00:00', ''),
(16, 3, 273844, 'Amir', 'Hachem', 'Al Katranji', 'No 21 Longsheng Lane Qiaozhong Street', 'CN', '', '', '', '1966-06-24', 3, 1, 0, 3, '2018-01-24 20:00:19', '103.36.122.212', 0, '0000-00-00 00:00:00', ''),
(17, 3, 273844, 'Amir', 'Hachem', 'Al Katranji', 'Grand Hills Ground Floor Al Khansa Street', 'LB', '', '', '', '1966-06-24', 3, 1, 0, 3, '2018-01-24 20:00:19', '103.36.122.212', 0, '0000-00-00 00:00:00', ''),
(18, 3, 273844, 'Amir', 'Hachem', 'Al Katranji', 'Khansa Jnah', 'LB', '', '', '', '1966-06-24', 3, 1, 0, 3, '2018-01-24 20:00:19', '103.36.122.212', 0, '0000-00-00 00:00:00', ''),
(19, 3, 273844, 'Amir', 'Hachem', 'Al Katranji', '', 'SY', '', '', '', '1966-06-24', 3, 1, 0, 3, '2018-01-24 20:00:19', '103.36.122.212', 0, '0000-00-00 00:00:00', ''),
(20, 3, 273844, 'Amir', 'Hachem', 'Al Katranji', '', 'SY', '', '', '', '1966-06-24', 3, 1, 0, 3, '2018-01-24 20:00:19', '103.36.122.212', 0, '0000-00-00 00:00:00', ''),
(26, 16, 273844, 'Amir', 'Hachem', 'Al Katranji', 'No 21 Longsheng Lane Qiaozhong Street', 'CN', '', '', '', '1966-06-24', 3, 1, 0, 3, '2018-02-05 12:19:11', '192.168.30.20', 0, '0000-00-00 00:00:00', ''),
(27, 16, 273844, 'Amir', 'Hachem', 'Al Katranji', 'Grand Hills Ground Floor Al Khansa Street', 'LB', '', '', '', '1966-06-24', 3, 1, 0, 3, '2018-02-05 12:19:11', '192.168.30.20', 0, '0000-00-00 00:00:00', ''),
(28, 16, 273844, 'Amir', 'Hachem', 'Al Katranji', 'Khansa Jnah', 'LB', '', '', '', '1966-06-24', 3, 1, 0, 3, '2018-02-05 12:19:11', '192.168.30.20', 0, '0000-00-00 00:00:00', ''),
(29, 16, 273844, 'Amir', 'Hachem', 'Al Katranji', '', 'SY', '', '', '', '1966-06-24', 3, 1, 0, 3, '2018-02-05 12:19:11', '192.168.30.20', 0, '0000-00-00 00:00:00', ''),
(30, 16, 273844, 'Amir', 'Hachem', 'Al Katranji', '', 'SY', '', '', '', '1966-06-24', 3, 1, 0, 3, '2018-02-05 12:19:11', '192.168.30.20', 0, '0000-00-00 00:00:00', ''),
(31, 16, 273844, 'Amir', 'Hachem', 'Al Katranji', 'No 21 Longsheng Lane Qiaozhong Street', 'CN', '', '', '', '1966-06-24', 3, 1, 0, 3, '2018-02-05 12:19:11', '192.168.30.20', 0, '0000-00-00 00:00:00', ''),
(32, 16, 273844, 'Amir', 'Hachem', 'Al Katranji', 'Grand Hills Ground Floor Al Khansa Street', 'LB', '', '', '', '1966-06-24', 3, 1, 0, 3, '2018-02-05 12:19:11', '192.168.30.20', 0, '0000-00-00 00:00:00', ''),
(33, 16, 273844, 'Amir', 'Hachem', 'Al Katranji', 'Khansa Jnah', 'LB', '', '', '', '1966-06-24', 3, 1, 0, 3, '2018-02-05 12:19:11', '192.168.30.20', 0, '0000-00-00 00:00:00', ''),
(34, 16, 273844, 'Amir', 'Hachem', 'Al Katranji', '', 'SY', '', '', '', '1966-06-24', 3, 1, 0, 3, '2018-02-05 12:19:11', '192.168.30.20', 0, '0000-00-00 00:00:00', ''),
(35, 16, 273844, 'Amir', 'Hachem', 'Al Katranji', '', 'SY', '', '', '', '1966-06-24', 3, 1, 0, 3, '2018-02-05 12:19:11', '192.168.30.20', 0, '0000-00-00 00:00:00', ''),
(36, 16, 273844, 'Amir', 'Hachem', 'Al Katranji', 'No 21 Longsheng Lane Qiaozhong Street', 'CN', '', '', '', '1966-06-24', 3, 1, 0, 3, '2018-02-05 12:19:11', '192.168.30.20', 0, '0000-00-00 00:00:00', ''),
(37, 16, 273844, 'Amir', 'Hachem', 'Al Katranji', 'Grand Hills Ground Floor Al Khansa Street', 'LB', '', '', '', '1966-06-24', 3, 1, 0, 3, '2018-02-05 12:19:11', '192.168.30.20', 0, '0000-00-00 00:00:00', ''),
(38, 16, 273844, 'Amir', 'Hachem', 'Al Katranji', 'Khansa Jnah', 'LB', '', '', '', '1966-06-24', 3, 1, 0, 3, '2018-02-05 12:19:11', '192.168.30.20', 0, '0000-00-00 00:00:00', ''),
(39, 16, 273844, 'Amir', 'Hachem', 'Al Katranji', '', 'SY', '', '', '', '1966-06-24', 3, 1, 0, 3, '2018-02-05 12:19:11', '192.168.30.20', 0, '0000-00-00 00:00:00', ''),
(40, 16, 273844, 'Amir', 'Hachem', 'Al Katranji', '', 'SY', '', '', '', '1966-06-24', 3, 1, 0, 3, '2018-02-05 12:19:11', '192.168.30.20', 0, '0000-00-00 00:00:00', ''),
(41, 16, 273844, 'Amir', 'Hachem', 'Al Katranji', 'No 21 Longsheng Lane Qiaozhong Street', 'CN', '', '', '', '1966-06-24', 3, 1, 0, 3, '2018-02-05 12:19:11', '192.168.30.20', 0, '0000-00-00 00:00:00', ''),
(42, 16, 273844, 'Amir', 'Hachem', 'Al Katranji', 'Grand Hills Ground Floor Al Khansa Street', 'LB', '', '', '', '1966-06-24', 3, 1, 0, 3, '2018-02-05 12:19:11', '192.168.30.20', 0, '0000-00-00 00:00:00', ''),
(43, 16, 273844, 'Amir', 'Hachem', 'Al Katranji', 'Khansa Jnah', 'LB', '', '', '', '1966-06-24', 3, 1, 0, 3, '2018-02-05 12:19:11', '192.168.30.20', 0, '0000-00-00 00:00:00', ''),
(44, 16, 273844, 'Amir', 'Hachem', 'Al Katranji', '', 'SY', '', '', '', '1966-06-24', 3, 1, 0, 3, '2018-02-05 12:19:11', '192.168.30.20', 0, '0000-00-00 00:00:00', ''),
(45, 16, 273844, 'Amir', 'Hachem', 'Al Katranji', '', 'SY', '', '', '', '1966-06-24', 3, 1, 0, 3, '2018-02-05 12:19:11', '192.168.30.20', 0, '0000-00-00 00:00:00', ''),
(46, 17, 273844, 'Amir', 'Hachem', 'Al Katranji', 'No 21 Longsheng Lane Qiaozhong Street', 'CN', '', '', '', '1966-06-24', 3, 1, 0, 3, '2018-02-05 12:21:06', '192.168.30.20', 0, '0000-00-00 00:00:00', ''),
(47, 17, 273844, 'Amir', 'Hachem', 'Al Katranji', 'Grand Hills Ground Floor Al Khansa Street', 'LB', '', '', '', '1966-06-24', 3, 1, 0, 3, '2018-02-05 12:21:06', '192.168.30.20', 0, '0000-00-00 00:00:00', ''),
(48, 17, 273844, 'Amir', 'Hachem', 'Al Katranji', 'Khansa Jnah', 'LB', '', '', '', '1966-06-24', 3, 1, 0, 3, '2018-02-05 12:21:06', '192.168.30.20', 0, '0000-00-00 00:00:00', ''),
(49, 17, 273844, 'Amir', 'Hachem', 'Al Katranji', '', 'SY', '', '', '', '1966-06-24', 3, 1, 0, 3, '2018-02-05 12:21:06', '192.168.30.20', 0, '0000-00-00 00:00:00', ''),
(50, 17, 273844, 'Amir', 'Hachem', 'Al Katranji', '', 'SY', '', '', '', '1966-06-24', 3, 1, 0, 3, '2018-02-05 12:21:06', '192.168.30.20', 0, '0000-00-00 00:00:00', ''),
(51, 17, 273844, 'Amir', 'Hachem', 'Al Katranji', 'No 21 Longsheng Lane Qiaozhong Street', 'CN', '', '', '', '1966-06-24', 3, 1, 0, 3, '2018-02-05 12:21:06', '192.168.30.20', 0, '0000-00-00 00:00:00', ''),
(52, 17, 273844, 'Amir', 'Hachem', 'Al Katranji', 'Grand Hills Ground Floor Al Khansa Street', 'LB', '', '', '', '1966-06-24', 3, 1, 0, 3, '2018-02-05 12:21:06', '192.168.30.20', 0, '0000-00-00 00:00:00', ''),
(53, 17, 273844, 'Amir', 'Hachem', 'Al Katranji', 'Khansa Jnah', 'LB', '', '', '', '1966-06-24', 3, 1, 0, 3, '2018-02-05 12:21:06', '192.168.30.20', 0, '0000-00-00 00:00:00', ''),
(54, 17, 273844, 'Amir', 'Hachem', 'Al Katranji', '', 'SY', '', '', '', '1966-06-24', 3, 1, 0, 3, '2018-02-05 12:21:06', '192.168.30.20', 0, '0000-00-00 00:00:00', ''),
(55, 17, 273844, 'Amir', 'Hachem', 'Al Katranji', '', 'SY', '', '', '', '1966-06-24', 3, 1, 0, 3, '2018-02-05 12:21:06', '192.168.30.20', 0, '0000-00-00 00:00:00', ''),
(56, 17, 273844, 'Amir', 'Hachem', 'Al Katranji', 'No 21 Longsheng Lane Qiaozhong Street', 'CN', '', '', '', '1966-06-24', 3, 1, 0, 3, '2018-02-05 12:21:06', '192.168.30.20', 0, '0000-00-00 00:00:00', ''),
(57, 17, 273844, 'Amir', 'Hachem', 'Al Katranji', 'Grand Hills Ground Floor Al Khansa Street', 'LB', '', '', '', '1966-06-24', 3, 1, 0, 3, '2018-02-05 12:21:06', '192.168.30.20', 0, '0000-00-00 00:00:00', ''),
(58, 17, 273844, 'Amir', 'Hachem', 'Al Katranji', 'Khansa Jnah', 'LB', '', '', '', '1966-06-24', 3, 1, 0, 3, '2018-02-05 12:21:06', '192.168.30.20', 0, '0000-00-00 00:00:00', ''),
(59, 17, 273844, 'Amir', 'Hachem', 'Al Katranji', '', 'SY', '', '', '', '1966-06-24', 3, 1, 0, 3, '2018-02-05 12:21:06', '192.168.30.20', 0, '0000-00-00 00:00:00', ''),
(60, 17, 273844, 'Amir', 'Hachem', 'Al Katranji', '', 'SY', '', '', '', '1966-06-24', 3, 1, 0, 3, '2018-02-05 12:21:06', '192.168.30.20', 0, '0000-00-00 00:00:00', ''),
(61, 17, 273844, 'Amir', 'Hachem', 'Al Katranji', 'No 21 Longsheng Lane Qiaozhong Street', 'CN', '', '', '', '1966-06-24', 3, 1, 0, 3, '2018-02-05 12:21:06', '192.168.30.20', 0, '0000-00-00 00:00:00', ''),
(62, 17, 273844, 'Amir', 'Hachem', 'Al Katranji', 'Grand Hills Ground Floor Al Khansa Street', 'LB', '', '', '', '1966-06-24', 3, 1, 0, 3, '2018-02-05 12:21:06', '192.168.30.20', 0, '0000-00-00 00:00:00', ''),
(63, 17, 273844, 'Amir', 'Hachem', 'Al Katranji', 'Khansa Jnah', 'LB', '', '', '', '1966-06-24', 3, 1, 0, 3, '2018-02-05 12:21:06', '192.168.30.20', 0, '0000-00-00 00:00:00', ''),
(64, 17, 273844, 'Amir', 'Hachem', 'Al Katranji', '', 'SY', '', '', '', '1966-06-24', 3, 1, 0, 3, '2018-02-05 12:21:06', '192.168.30.20', 0, '0000-00-00 00:00:00', ''),
(65, 17, 273844, 'Amir', 'Hachem', 'Al Katranji', '', 'SY', '', '', '', '1966-06-24', 3, 1, 0, 3, '2018-02-05 12:21:06', '192.168.30.20', 0, '0000-00-00 00:00:00', ''),
(66, 18, 273844, 'Amir', 'Hachem', 'Al Katranji', 'No 21 Longsheng Lane Qiaozhong Street', 'CN', '', '', '', '1966-06-24', 3, 1, 0, 1, '2018-02-07 12:20:10', '192.168.30.30', 0, '0000-00-00 00:00:00', ''),
(67, 18, 273844, 'Amir', 'Hachem', 'Al Katranji', 'Grand Hills Ground Floor Al Khansa Street', 'LB', '', '', '', '1966-06-24', 3, 1, 0, 1, '2018-02-07 12:20:10', '192.168.30.30', 0, '0000-00-00 00:00:00', ''),
(68, 18, 273844, 'Amir', 'Hachem', 'Al Katranji', 'Khansa Jnah', 'LB', '', '', '', '1966-06-24', 3, 1, 0, 1, '2018-02-07 12:20:10', '192.168.30.30', 0, '0000-00-00 00:00:00', ''),
(69, 18, 273844, 'Amir', 'Hachem', 'Al Katranji', '', 'SY', '', '', '', '1966-06-24', 3, 1, 0, 1, '2018-02-07 12:20:10', '192.168.30.30', 0, '0000-00-00 00:00:00', ''),
(70, 18, 273844, 'Amir', 'Hachem', 'Al Katranji', '', 'SY', '', '', '', '1966-06-24', 3, 1, 0, 1, '2018-02-07 12:20:10', '192.168.30.30', 0, '0000-00-00 00:00:00', ''),
(71, 18, 273844, 'Amir', 'Hachem', 'Al Katranji', 'No 21 Longsheng Lane Qiaozhong Street', 'CN', '', '', '', '1966-06-24', 3, 1, 0, 1, '2018-02-07 12:20:10', '192.168.30.30', 0, '0000-00-00 00:00:00', ''),
(72, 18, 273844, 'Amir', 'Hachem', 'Al Katranji', 'Grand Hills Ground Floor Al Khansa Street', 'LB', '', '', '', '1966-06-24', 3, 1, 0, 1, '2018-02-07 12:20:10', '192.168.30.30', 0, '0000-00-00 00:00:00', ''),
(73, 18, 273844, 'Amir', 'Hachem', 'Al Katranji', 'Khansa Jnah', 'LB', '', '', '', '1966-06-24', 3, 1, 0, 1, '2018-02-07 12:20:10', '192.168.30.30', 0, '0000-00-00 00:00:00', ''),
(74, 18, 273844, 'Amir', 'Hachem', 'Al Katranji', '', 'SY', '', '', '', '1966-06-24', 3, 1, 0, 1, '2018-02-07 12:20:10', '192.168.30.30', 0, '0000-00-00 00:00:00', ''),
(75, 18, 273844, 'Amir', 'Hachem', 'Al Katranji', '', 'SY', '', '', '', '1966-06-24', 3, 1, 0, 1, '2018-02-07 12:20:10', '192.168.30.30', 0, '0000-00-00 00:00:00', ''),
(76, 18, 273844, 'Amir', 'Hachem', 'Al Katranji', 'No 21 Longsheng Lane Qiaozhong Street', 'CN', '', '', '', '1966-06-24', 3, 1, 0, 1, '2018-02-07 12:20:10', '192.168.30.30', 0, '0000-00-00 00:00:00', ''),
(77, 18, 273844, 'Amir', 'Hachem', 'Al Katranji', 'Grand Hills Ground Floor Al Khansa Street', 'LB', '', '', '', '1966-06-24', 3, 1, 0, 1, '2018-02-07 12:20:10', '192.168.30.30', 0, '0000-00-00 00:00:00', ''),
(78, 18, 273844, 'Amir', 'Hachem', 'Al Katranji', 'Khansa Jnah', 'LB', '', '', '', '1966-06-24', 3, 1, 0, 1, '2018-02-07 12:20:10', '192.168.30.30', 0, '0000-00-00 00:00:00', ''),
(79, 18, 273844, 'Amir', 'Hachem', 'Al Katranji', '', 'SY', '', '', '', '1966-06-24', 3, 1, 0, 1, '2018-02-07 12:20:10', '192.168.30.30', 0, '0000-00-00 00:00:00', ''),
(80, 18, 273844, 'Amir', 'Hachem', 'Al Katranji', '', 'SY', '', '', '', '1966-06-24', 3, 1, 0, 1, '2018-02-07 12:20:10', '192.168.30.30', 0, '0000-00-00 00:00:00', ''),
(81, 18, 273844, 'Amir', 'Hachem', 'Al Katranji', 'No 21 Longsheng Lane Qiaozhong Street', 'CN', '', '', '', '1966-06-24', 3, 1, 0, 1, '2018-02-07 12:20:10', '192.168.30.30', 0, '0000-00-00 00:00:00', ''),
(82, 18, 273844, 'Amir', 'Hachem', 'Al Katranji', 'Grand Hills Ground Floor Al Khansa Street', 'LB', '', '', '', '1966-06-24', 3, 1, 0, 1, '2018-02-07 12:20:10', '192.168.30.30', 0, '0000-00-00 00:00:00', ''),
(83, 18, 273844, 'Amir', 'Hachem', 'Al Katranji', 'Khansa Jnah', 'LB', '', '', '', '1966-06-24', 3, 1, 0, 1, '2018-02-07 12:20:10', '192.168.30.30', 0, '0000-00-00 00:00:00', ''),
(84, 18, 273844, 'Amir', 'Hachem', 'Al Katranji', '', 'SY', '', '', '', '1966-06-24', 3, 1, 0, 1, '2018-02-07 12:20:10', '192.168.30.30', 0, '0000-00-00 00:00:00', ''),
(85, 18, 273844, 'Amir', 'Hachem', 'Al Katranji', '', 'SY', '', '', '', '1966-06-24', 3, 1, 0, 1, '2018-02-07 12:20:10', '192.168.30.30', 0, '0000-00-00 00:00:00', ''),
(86, 19, 273844, 'Amir', 'Hachem', 'Al Katranji', 'No 21 Longsheng Lane Qiaozhong Street', 'CN', '', '', '', '1966-06-24', 3, 1, 0, 1, '2018-02-07 12:47:41', '192.168.30.30', 0, '0000-00-00 00:00:00', ''),
(87, 19, 273844, 'Amir', 'Hachem', 'Al Katranji', 'Grand Hills Ground Floor Al Khansa Street', 'LB', '', '', '', '1966-06-24', 3, 1, 0, 1, '2018-02-07 12:47:41', '192.168.30.30', 0, '0000-00-00 00:00:00', ''),
(88, 19, 273844, 'Amir', 'Hachem', 'Al Katranji', 'Khansa Jnah', 'LB', '', '', '', '1966-06-24', 3, 1, 0, 1, '2018-02-07 12:47:41', '192.168.30.30', 0, '0000-00-00 00:00:00', ''),
(89, 19, 273844, 'Amir', 'Hachem', 'Al Katranji', '', 'SY', '', '', '', '1966-06-24', 3, 1, 0, 1, '2018-02-07 12:47:41', '192.168.30.30', 0, '0000-00-00 00:00:00', ''),
(90, 19, 273844, 'Amir', 'Hachem', 'Al Katranji', '', 'SY', '', '', '', '1966-06-24', 3, 1, 0, 1, '2018-02-07 12:47:41', '192.168.30.30', 0, '0000-00-00 00:00:00', ''),
(91, 19, 273844, 'Amir', 'Hachem', 'Al Katranji', 'No 21 Longsheng Lane Qiaozhong Street', 'CN', '', '', '', '1966-06-24', 3, 1, 0, 1, '2018-02-07 12:47:41', '192.168.30.30', 0, '0000-00-00 00:00:00', ''),
(92, 19, 273844, 'Amir', 'Hachem', 'Al Katranji', 'Grand Hills Ground Floor Al Khansa Street', 'LB', '', '', '', '1966-06-24', 3, 1, 0, 1, '2018-02-07 12:47:41', '192.168.30.30', 0, '0000-00-00 00:00:00', ''),
(93, 19, 273844, 'Amir', 'Hachem', 'Al Katranji', 'Khansa Jnah', 'LB', '', '', '', '1966-06-24', 3, 1, 0, 1, '2018-02-07 12:47:41', '192.168.30.30', 0, '0000-00-00 00:00:00', ''),
(94, 19, 273844, 'Amir', 'Hachem', 'Al Katranji', '', 'SY', '', '', '', '1966-06-24', 3, 1, 0, 1, '2018-02-07 12:47:41', '192.168.30.30', 0, '0000-00-00 00:00:00', ''),
(95, 19, 273844, 'Amir', 'Hachem', 'Al Katranji', '', 'SY', '', '', '', '1966-06-24', 3, 1, 0, 1, '2018-02-07 12:47:41', '192.168.30.30', 0, '0000-00-00 00:00:00', ''),
(96, 19, 273844, 'Amir', 'Hachem', 'Al Katranji', 'No 21 Longsheng Lane Qiaozhong Street', 'CN', '', '', '', '1966-06-24', 3, 1, 0, 1, '2018-02-07 12:47:41', '192.168.30.30', 0, '0000-00-00 00:00:00', ''),
(97, 19, 273844, 'Amir', 'Hachem', 'Al Katranji', 'Grand Hills Ground Floor Al Khansa Street', 'LB', '', '', '', '1966-06-24', 3, 1, 0, 1, '2018-02-07 12:47:41', '192.168.30.30', 0, '0000-00-00 00:00:00', ''),
(98, 19, 273844, 'Amir', 'Hachem', 'Al Katranji', 'Khansa Jnah', 'LB', '', '', '', '1966-06-24', 3, 1, 0, 1, '2018-02-07 12:47:41', '192.168.30.30', 0, '0000-00-00 00:00:00', ''),
(99, 19, 273844, 'Amir', 'Hachem', 'Al Katranji', '', 'SY', '', '', '', '1966-06-24', 3, 1, 0, 1, '2018-02-07 12:47:41', '192.168.30.30', 0, '0000-00-00 00:00:00', ''),
(100, 19, 273844, 'Amir', 'Hachem', 'Al Katranji', '', 'SY', '', '', '', '1966-06-24', 3, 1, 0, 1, '2018-02-07 12:47:41', '192.168.30.30', 0, '0000-00-00 00:00:00', ''),
(101, 19, 273844, 'Amir', 'Hachem', 'Al Katranji', 'No 21 Longsheng Lane Qiaozhong Street', 'CN', '', '', '', '1966-06-24', 3, 1, 0, 1, '2018-02-07 12:47:41', '192.168.30.30', 0, '0000-00-00 00:00:00', ''),
(102, 19, 273844, 'Amir', 'Hachem', 'Al Katranji', 'Grand Hills Ground Floor Al Khansa Street', 'LB', '', '', '', '1966-06-24', 3, 1, 0, 1, '2018-02-07 12:47:41', '192.168.30.30', 0, '0000-00-00 00:00:00', ''),
(103, 19, 273844, 'Amir', 'Hachem', 'Al Katranji', 'Khansa Jnah', 'LB', '', '', '', '1966-06-24', 3, 1, 0, 1, '2018-02-07 12:47:41', '192.168.30.30', 0, '0000-00-00 00:00:00', ''),
(104, 19, 273844, 'Amir', 'Hachem', 'Al Katranji', '', 'SY', '', '', '', '1966-06-24', 3, 1, 0, 1, '2018-02-07 12:47:41', '192.168.30.30', 0, '0000-00-00 00:00:00', ''),
(105, 19, 273844, 'Amir', 'Hachem', 'Al Katranji', '', 'SY', '', '', '', '1966-06-24', 3, 1, 0, 1, '2018-02-07 12:47:41', '192.168.30.30', 0, '0000-00-00 00:00:00', '');

-- --------------------------------------------------------

--
-- Table structure for table `ft_fincen_check_data_master`
--

CREATE TABLE IF NOT EXISTS `ft_fincen_check_data_master` (
`id` int(12) NOT NULL,
  `total_scan` varchar(100) NOT NULL,
  `total_match` varchar(100) NOT NULL,
  `status` tinyint(1) NOT NULL DEFAULT '1',
  `is_delete` tinyint(1) NOT NULL DEFAULT '0',
  `created_by` int(12) NOT NULL,
  `created_time` datetime NOT NULL,
  `created_ip` varchar(100) NOT NULL,
  `modified_by` int(12) NOT NULL,
  `modified_time` datetime NOT NULL,
  `modified_ip` varchar(100) NOT NULL
) ENGINE=InnoDB AUTO_INCREMENT=20 DEFAULT CHARSET=latin1;

--
-- Dumping data for table `ft_fincen_check_data_master`
--

INSERT INTO `ft_fincen_check_data_master` (`id`, `total_scan`, `total_match`, `status`, `is_delete`, `created_by`, `created_time`, `created_ip`, `modified_by`, `modified_time`, `modified_ip`) VALUES
(3, '284', '21', 1, 0, 3, '2018-01-24 20:00:19', '103.36.122.212', 0, '0000-00-00 00:00:00', ''),
(16, '284', '21', 1, 0, 3, '2018-02-05 12:19:11', '192.168.30.20', 0, '0000-00-00 00:00:00', ''),
(17, '284', '21', 1, 0, 3, '2018-02-05 12:21:06', '192.168.30.20', 0, '0000-00-00 00:00:00', ''),
(18, '284', '21', 1, 0, 1, '2018-02-07 12:20:10', '192.168.30.30', 0, '0000-00-00 00:00:00', ''),
(19, '284', '21', 1, 0, 1, '2018-02-07 12:47:41', '192.168.30.30', 0, '0000-00-00 00:00:00', '');

-- --------------------------------------------------------

--
-- Table structure for table `ft_horizon_master`
--

CREATE TABLE IF NOT EXISTS `ft_horizon_master` (
`id` int(11) NOT NULL,
  `option` varchar(100) NOT NULL,
  `u_id` int(8) NOT NULL,
  `status` tinyint(1) NOT NULL DEFAULT '1',
  `is_delete` tinyint(1) NOT NULL DEFAULT '0',
  `created_by` int(12) NOT NULL,
  `created_time` datetime NOT NULL,
  `created_ip` varchar(100) NOT NULL,
  `modified_by` int(12) NOT NULL,
  `modified_time` datetime NOT NULL,
  `modified_ip` varchar(100) NOT NULL
) ENGINE=InnoDB AUTO_INCREMENT=2 DEFAULT CHARSET=latin1;

--
-- Dumping data for table `ft_horizon_master`
--

INSERT INTO `ft_horizon_master` (`id`, `option`, `u_id`, `status`, `is_delete`, `created_by`, `created_time`, `created_ip`, `modified_by`, `modified_time`, `modified_ip`) VALUES
(1, '2313', 0, 1, 0, 3, '2018-02-27 16:09:10', '192.168.30.30', 0, '0000-00-00 00:00:00', '');

-- --------------------------------------------------------

--
-- Table structure for table `ft_import_current_files`
--

CREATE TABLE IF NOT EXISTS `ft_import_current_files` (
`id` int(12) NOT NULL,
  `user_id` int(12) NOT NULL,
  `imported_date` date NOT NULL,
  `last_processed_date` date NOT NULL DEFAULT '0000-00-00',
  `file_name` varchar(100) NOT NULL,
  `file_type` varchar(100) NOT NULL,
  `source` varchar(100) NOT NULL,
  `processed` tinyint(1) NOT NULL DEFAULT '0',
  `process_completed` tinyint(1) NOT NULL DEFAULT '0',
  `is_archived` tinyint(1) NOT NULL DEFAULT '0',
  `status` tinyint(1) NOT NULL,
  `is_delete` tinyint(4) NOT NULL,
  `created_by` int(12) NOT NULL,
  `created_time` datetime NOT NULL,
  `created_ip` varchar(100) NOT NULL,
  `modified_by` int(12) NOT NULL,
  `modified_time` datetime NOT NULL,
  `modified_ip` varchar(100) NOT NULL
) ENGINE=InnoDB AUTO_INCREMENT=28 DEFAULT CHARSET=latin1;

--
-- Dumping data for table `ft_import_current_files`
--

INSERT INTO `ft_import_current_files` (`id`, `user_id`, `imported_date`, `last_processed_date`, `file_name`, `file_type`, `source`, `processed`, `process_completed`, `is_archived`, `status`, `is_delete`, `created_by`, `created_time`, `created_ip`, `modified_by`, `modified_time`, `modified_ip`) VALUES
(1, 3, '2018-06-19', '2018-06-19', 'MFBBRC1.A0656.txt', 'DST Commission', 'DSTIDC', 1, 1, 1, 0, 0, 3, '2018-06-19 11:07:56', '192.168.30.20', 3, '2018-07-11 15:17:46', '192.168.30.20'),
(2, 3, '2018-06-19', '2018-07-11', 'MFBBRC1.A0657.txt', 'DST Commission', 'DSTIDC', 1, 1, 0, 0, 0, 3, '2018-06-19 11:07:56', '192.168.30.20', 3, '2018-07-11 15:18:11', '192.168.30.20'),
(3, 3, '2018-06-19', '2018-07-11', 'MFBBRC1.A0658.txt', 'DST Commission', 'DSTIDC', 1, 1, 0, 0, 0, 3, '2018-06-19 11:07:56', '192.168.30.20', 3, '2018-07-11 16:17:26', '192.168.30.20'),
(4, 3, '2018-06-19', '0000-00-00', 'MFBBRC1.A0659.txt', 'DST Commission', 'DSTIDC', 0, 0, 0, 0, 0, 3, '2018-06-19 11:07:56', '192.168.30.20', 0, '0000-00-00 00:00:00', ''),
(5, 3, '2018-06-19', '0000-00-00', 'MFBBRC1.A0660.txt', 'DST Commission', 'DSTIDC', 0, 0, 0, 0, 0, 3, '2018-06-19 11:07:56', '192.168.30.20', 0, '0000-00-00 00:00:00', ''),
(6, 3, '2018-06-19', '0000-00-00', 'MFBBRC1.A0661.txt', 'DST Commission', 'DSTIDC', 0, 0, 0, 0, 0, 3, '2018-06-19 11:07:56', '192.168.30.20', 0, '0000-00-00 00:00:00', ''),
(7, 3, '2018-06-19', '0000-00-00', 'MFBBRC1.A0662.txt', 'DST Commission', 'DSTIDC', 0, 0, 0, 0, 0, 3, '2018-06-19 11:07:56', '192.168.30.20', 0, '0000-00-00 00:00:00', ''),
(8, 3, '2018-06-19', '0000-00-00', 'MFBBRC1.A0663.txt', 'DST Commission', 'DSTIDC', 0, 0, 0, 0, 0, 3, '2018-06-19 11:07:56', '192.168.30.20', 0, '0000-00-00 00:00:00', ''),
(9, 3, '2018-06-19', '0000-00-00', 'MFBBRC1.A0664.txt', 'DST Commission', 'DSTIDC', 0, 0, 0, 0, 0, 3, '2018-06-19 11:07:56', '192.168.30.20', 0, '0000-00-00 00:00:00', ''),
(10, 3, '2018-06-19', '0000-00-00', 'MFBBRC1.A0665.txt', 'DST Commission', 'DSTIDC', 0, 0, 0, 0, 0, 3, '2018-06-19 11:07:56', '192.168.30.20', 0, '0000-00-00 00:00:00', ''),
(11, 3, '2018-06-19', '0000-00-00', 'MFBBRC1.A0666.txt', 'DST Commission', 'DSTIDC', 0, 0, 0, 0, 0, 3, '2018-06-19 11:07:56', '192.168.30.20', 0, '0000-00-00 00:00:00', ''),
(12, 3, '2018-06-19', '2018-06-28', 'MFBBRC1.A0667.txt', 'DST Commission', 'DSTIDC', 1, 1, 0, 0, 0, 3, '2018-06-19 11:07:56', '192.168.30.20', 3, '2018-06-28 10:45:48', '192.168.30.20'),
(13, 3, '2018-06-19', '0000-00-00', 'MFBBRC1.A0668.txt', 'DST Commission', 'DSTIDC', 0, 0, 0, 0, 0, 3, '2018-06-19 11:07:56', '192.168.30.20', 0, '0000-00-00 00:00:00', ''),
(14, 3, '2018-06-19', '0000-00-00', 'AMERI08.N4129.TXT', 'New Account Activity', 'DSTFANMail', 0, 0, 0, 0, 0, 3, '2018-06-19 11:08:28', '192.168.30.20', 0, '0000-00-00 00:00:00', ''),
(15, 3, '2018-06-19', '0000-00-00', 'AMERI08.N4153.TXT', 'New Account Activity', 'DSTFANMail', 0, 0, 0, 0, 0, 3, '2018-06-19 11:08:28', '192.168.30.20', 0, '0000-00-00 00:00:00', ''),
(16, 3, '2018-06-19', '2018-07-11', 'AMERI08.N4177.TXT', 'New Account Activity', 'DSTFANMail', 1, 0, 0, 0, 0, 3, '2018-06-19 11:08:28', '192.168.30.20', 3, '2018-07-11 16:04:19', '192.168.30.20'),
(17, 3, '2018-06-19', '2018-07-11', 'AMERI08.N4201.TXT', 'New Account Activity', 'DSTFANMail', 1, 0, 0, 0, 0, 3, '2018-06-19 11:08:28', '192.168.30.20', 3, '2018-07-11 14:15:50', '192.168.30.20'),
(18, 3, '2018-06-19', '0000-00-00', 'AMERI08.N4225.TXT', 'New Account Activity', 'DSTFANMail', 0, 0, 0, 0, 0, 3, '2018-06-19 11:08:28', '192.168.30.20', 0, '0000-00-00 00:00:00', ''),
(19, 3, '2018-06-19', '0000-00-00', 'AMERI08.N4249.TXT', 'New Account Activity', 'DSTFANMail', 0, 0, 0, 0, 0, 3, '2018-06-19 11:08:28', '192.168.30.20', 0, '0000-00-00 00:00:00', ''),
(20, 3, '2018-06-19', '2018-07-11', 'AMERI09.N4130.TXT', 'Account Master Position', 'DSTFANMail', 1, 0, 0, 0, 0, 3, '2018-06-19 11:08:28', '192.168.30.20', 3, '2018-07-11 16:17:34', '192.168.30.20'),
(21, 3, '2018-06-19', '0000-00-00', 'AMERI09.N4154.TXT', 'Account Master Position', 'DSTFANMail', 0, 0, 0, 0, 0, 3, '2018-06-19 11:08:28', '192.168.30.20', 0, '0000-00-00 00:00:00', ''),
(22, 3, '2018-06-19', '0000-00-00', 'AMERI09.N4178.TXT', 'Account Master Position', 'DSTFANMail', 0, 0, 0, 0, 0, 3, '2018-06-19 11:08:28', '192.168.30.20', 0, '0000-00-00 00:00:00', ''),
(23, 3, '2018-06-19', '0000-00-00', 'AMERI09.N4202.TXT', 'Account Master Position', 'DSTFANMail', 0, 0, 0, 0, 0, 3, '2018-06-19 11:08:28', '192.168.30.20', 0, '0000-00-00 00:00:00', ''),
(24, 3, '2018-06-19', '0000-00-00', 'AMERI09.N4226.TXT', 'Account Master Position', 'DSTFANMail', 0, 0, 0, 0, 0, 3, '2018-06-19 11:08:28', '192.168.30.20', 0, '0000-00-00 00:00:00', ''),
(25, 3, '2018-06-19', '0000-00-00', 'AMERI09.N4250.TXT', 'Account Master Position', 'DSTFANMail', 0, 0, 0, 0, 0, 3, '2018-06-19 11:08:28', '192.168.30.20', 0, '0000-00-00 00:00:00', ''),
(26, 3, '2018-06-19', '2018-07-11', 'DFHFA09.A0029.txt', 'Account Master Position', 'DSTFANMail', 1, 0, 0, 0, 0, 3, '2018-06-19 11:08:28', '192.168.30.20', 3, '2018-07-11 15:02:57', '192.168.30.20'),
(27, 3, '2018-06-19', '2018-07-11', 'DSTBH07.N4134.TXT', 'Non-Financial Activity', 'DSTFANMail', 1, 0, 0, 0, 0, 3, '2018-06-19 11:08:28', '192.168.30.20', 3, '2018-07-11 11:29:13', '192.168.30.20');

-- --------------------------------------------------------

--
-- Table structure for table `ft_import_file_detail_data`
--

CREATE TABLE IF NOT EXISTS `ft_import_file_detail_data` (
`id` int(12) NOT NULL,
  `file_id` int(12) NOT NULL,
  `header_id` int(12) NOT NULL,
  `record_type1` varchar(100) NOT NULL,
  `sequence_number1` varchar(100) NOT NULL,
  `dealer_number` varchar(100) NOT NULL,
  `dealer_branch_number` varchar(100) NOT NULL,
  `cusip_number` varchar(100) NOT NULL,
  `mutual_fund_fund_code` varchar(100) NOT NULL,
  `mutual_fund_customer_account_number` varchar(100) NOT NULL,
  `account_number_code` varchar(100) NOT NULL,
  `mutual_fund_established_date` date NOT NULL,
  `last_maintenance_date` date NOT NULL,
  `line_code` varchar(100) NOT NULL,
  `alpha_code` varchar(100) NOT NULL,
  `mutual_fund_dealer_level_control_code` varchar(100) NOT NULL,
  `social_code` varchar(100) NOT NULL,
  `resident_state_country_code` varchar(100) NOT NULL,
  `social_security_number` varchar(100) NOT NULL,
  `ssn_status_code` varchar(100) NOT NULL,
  `systematic_withdrawal_plan(SWP)_account` varchar(100) NOT NULL,
  `pre_authorized_checking_amount` varchar(100) NOT NULL,
  `automated_clearing_house_account(ACH)` varchar(100) NOT NULL,
  `mutual_fund_reinvest_to_another_account` varchar(100) NOT NULL,
  `mutual_fund_capital_gains_distribution_option` varchar(100) NOT NULL,
  `mutual_fund_divident_distribution_option` varchar(100) NOT NULL,
  `check_writing_account` varchar(100) NOT NULL,
  `expedited_redemption_account` varchar(100) NOT NULL,
  `mutual_fund_sub_account` varchar(100) NOT NULL,
  `foreign_tax_rate` varchar(100) NOT NULL,
  `zip_code` varchar(100) NOT NULL,
  `zipcode_future_expansion` varchar(100) NOT NULL,
  `cumulative_discount_number` varchar(100) NOT NULL,
  `letter_of_intent(LOI)_number` varchar(100) NOT NULL,
  `timer_flag` varchar(100) NOT NULL,
  `list_bill_account` varchar(100) NOT NULL,
  `mutual_fund_monitored_VIP_account` varchar(100) NOT NULL,
  `mutual_fund_expedited_exchange_account` varchar(100) NOT NULL,
  `mutual_fund_penalty_withholding_account` varchar(100) NOT NULL,
  `certificate_issuance_code` varchar(100) NOT NULL,
  `mutual_fund_stop_transfer_flag` varchar(100) NOT NULL,
  `mutual_fund_blue_sky_exemption_flag` varchar(100) NOT NULL,
  `bank_card_issued` varchar(100) NOT NULL,
  `fiduciary_account` varchar(100) NOT NULL,
  `plan_status_code` varchar(100) NOT NULL,
  `mutual_fund_net_asset_value(NAV)_account` varchar(100) NOT NULL,
  `mailing_flag` varchar(100) NOT NULL,
  `interested_party_code` varchar(100) NOT NULL,
  `mutual_fund_share_account_phone_check_redemption_code` varchar(100) NOT NULL,
  `mutual_fund_share_account_house_account_code` varchar(100) NOT NULL,
  `record_type2` varchar(100) NOT NULL,
  `sequence_number2` varchar(100) NOT NULL,
  `mutual_fund_dividend_mail_account` varchar(100) NOT NULL,
  `mutual_fund_stop_purchase_account` varchar(100) NOT NULL,
  `stop_mail_account` varchar(100) NOT NULL,
  `mutual_fund_fractional_check` varchar(100) NOT NULL,
  `registration_line1` varchar(100) NOT NULL,
  `registration_line2` varchar(100) NOT NULL,
  `registration_line3` varchar(100) NOT NULL,
  `registration_line4` varchar(100) NOT NULL,
  `customer_date_of_birth` date NOT NULL,
  `mutual_fund_account_price_schedule_code` varchar(100) NOT NULL,
  `unused_002_1` varchar(100) NOT NULL,
  `record_type3` varchar(100) NOT NULL,
  `sequence_number3` varchar(100) NOT NULL,
  `account_registration_line5` varchar(100) NOT NULL,
  `account_registration_line6` varchar(100) NOT NULL,
  `account_registration_line7` varchar(100) NOT NULL,
  `representative_number` varchar(100) NOT NULL,
  `representative_name` varchar(100) NOT NULL,
  `position_close_out_indicator` varchar(100) NOT NULL,
  `account_type_indicator` varchar(100) NOT NULL,
  `product_identifier_code(VA only)` varchar(100) NOT NULL,
  `mutual_fund_alternative_investment_program_managers_variable_ann` varchar(100) NOT NULL,
  `record_type4` varchar(100) NOT NULL,
  `sequence_number4` int(12) NOT NULL,
  `brokerage_identification_number(BIN)` varchar(100) NOT NULL,
  `account_number_code_004` varchar(100) NOT NULL,
  `primary_investor_phone_number` varchar(100) NOT NULL,
  `secondary_investor_phone_number` varchar(100) NOT NULL,
  `NSCC_trust_company_number` varchar(100) NOT NULL,
  `NSCC_third_party_administrator_number` varchar(100) NOT NULL,
  `unused_004_1` varchar(100) NOT NULL,
  `trust_custodian_id_number` varchar(100) NOT NULL,
  `third_party_administrator_id_number` varchar(100) NOT NULL,
  `unused_004_2` varchar(100) NOT NULL,
  `status` tinyint(1) NOT NULL DEFAULT '1',
  `is_delete` tinyint(1) NOT NULL DEFAULT '0',
  `created_by` int(12) NOT NULL,
  `created_time` datetime NOT NULL,
  `created_ip` varchar(100) NOT NULL,
  `modified_by` int(12) NOT NULL,
  `modified_time` datetime NOT NULL,
  `modified_ip` varchar(100) NOT NULL
) ENGINE=InnoDB AUTO_INCREMENT=12 DEFAULT CHARSET=latin1;

--
-- Dumping data for table `ft_import_file_detail_data`
--

INSERT INTO `ft_import_file_detail_data` (`id`, `file_id`, `header_id`, `record_type1`, `sequence_number1`, `dealer_number`, `dealer_branch_number`, `cusip_number`, `mutual_fund_fund_code`, `mutual_fund_customer_account_number`, `account_number_code`, `mutual_fund_established_date`, `last_maintenance_date`, `line_code`, `alpha_code`, `mutual_fund_dealer_level_control_code`, `social_code`, `resident_state_country_code`, `social_security_number`, `ssn_status_code`, `systematic_withdrawal_plan(SWP)_account`, `pre_authorized_checking_amount`, `automated_clearing_house_account(ACH)`, `mutual_fund_reinvest_to_another_account`, `mutual_fund_capital_gains_distribution_option`, `mutual_fund_divident_distribution_option`, `check_writing_account`, `expedited_redemption_account`, `mutual_fund_sub_account`, `foreign_tax_rate`, `zip_code`, `zipcode_future_expansion`, `cumulative_discount_number`, `letter_of_intent(LOI)_number`, `timer_flag`, `list_bill_account`, `mutual_fund_monitored_VIP_account`, `mutual_fund_expedited_exchange_account`, `mutual_fund_penalty_withholding_account`, `certificate_issuance_code`, `mutual_fund_stop_transfer_flag`, `mutual_fund_blue_sky_exemption_flag`, `bank_card_issued`, `fiduciary_account`, `plan_status_code`, `mutual_fund_net_asset_value(NAV)_account`, `mailing_flag`, `interested_party_code`, `mutual_fund_share_account_phone_check_redemption_code`, `mutual_fund_share_account_house_account_code`, `record_type2`, `sequence_number2`, `mutual_fund_dividend_mail_account`, `mutual_fund_stop_purchase_account`, `stop_mail_account`, `mutual_fund_fractional_check`, `registration_line1`, `registration_line2`, `registration_line3`, `registration_line4`, `customer_date_of_birth`, `mutual_fund_account_price_schedule_code`, `unused_002_1`, `record_type3`, `sequence_number3`, `account_registration_line5`, `account_registration_line6`, `account_registration_line7`, `representative_number`, `representative_name`, `position_close_out_indicator`, `account_type_indicator`, `product_identifier_code(VA only)`, `mutual_fund_alternative_investment_program_managers_variable_ann`, `record_type4`, `sequence_number4`, `brokerage_identification_number(BIN)`, `account_number_code_004`, `primary_investor_phone_number`, `secondary_investor_phone_number`, `NSCC_trust_company_number`, `NSCC_third_party_administrator_number`, `unused_004_1`, `trust_custodian_id_number`, `third_party_administrator_id_number`, `unused_004_2`, `status`, `is_delete`, `created_by`, `created_time`, `created_ip`, `modified_by`, `modified_time`, `modified_ip`) VALUES
(1, 27, 1, 'NFA', '001', '0000021', '6626     ', 'BHMULREIT', '0003508', '00000011111         ', 'F', '2007-08-10', '1970-01-01', '5', 'SMITH-FAMI', '0', '070', '035', '123123123', '2', '0', '0', '0', '0', '0', '1', '0', '0', '0', '000', '741520593', '00', '000000000', '000000000', '0', '0', '0', '0', '0', '0', '0', '0', '0', '0', '0', '0', '0', 'N', 'N', 'N', 'NFA', '002', '0', '0', '0', '0', 'RHONDA SMITH TTEE &                ', 'THOMAS SMITH TTEE                  ', 'SMITH FAMILY TRUST                 ', 'DTD 8/28/97                        ', '2018-07-11', '2', 'N', 'NFA', '003', '1245 MAIN ST                       ', '    TULSA OK 74152-0593            ', '                                   ', '2584     ', 'JOHN WAYNE                    ', ' ', '    ', '   ', '  ', '', 0, '', '', '', '', '', '', '', '', '', '', 1, 0, 3, '2018-07-11 11:29:13', '192.168.30.20', 3, '2018-07-11 11:29:13', '192.168.30.20'),
(2, 17, 2, 'NAA', '001', '0107972', '000000000', 'AMEFIMMMA', 'AMEF707', '55555555555         ', 'F', '2000-11-17', '2018-07-11', '2', '          ', '0', '010', '002', '123123123', '2', '0', '0', '0', '0', '0', '0', '0', '0', '0', '000', '852055522', '00', '000000000', '000000000', '0', '0', '0', '0', '0', '0', '0', '0', '0', '0', '0', '0', '0', '', '', '', 'NAA', '002', '0', '0', '0', '0', 'NANCY JONES                        ', '150 MONSTER RD                     ', 'MESA AZ 852055522                  ', '                                   ', '2018-07-11', '0', '', 'NAA', '003', '                                   ', '                                   ', '                                   ', '000009213', 'TERRY D BELKE', '', '', '', '', '', 0, '', '', '', '', '', '', '', '', '', '', 1, 0, 3, '2018-07-11 14:15:50', '192.168.30.20', 3, '2018-07-11 14:15:50', '192.168.30.20'),
(3, 17, 2, 'NAA', '001', '0107972', '000000000', 'AMEFIAMMA', 'AMEF707', '44444444444         ', 'F', '2000-11-17', '2018-07-11', '2', '          ', '0', '010', '002', '123123123', '2', '0', '0', '0', '0', '0', '0', '0', '0', '0', '000', '852055522', '00', '000000000', '000000000', '0', '0', '0', '0', '0', '0', '0', '0', '0', '0', '0', '0', '0', '', '', '', 'NAA', '002', '0', '0', '0', '0', 'PHYLLIS MARKS                      ', '240 HIGH VIEW RD                   ', 'MESA AZ 852055522                  ', '                                   ', '2018-07-11', '0', '', 'NAA', '003', '                                   ', '                                   ', '                                   ', '000009213', 'TERRY D BELKE', '', '', '', '', '', 0, '', '', '', '', '', '', '', '', '', '', 1, 0, 3, '2018-07-11 14:15:50', '192.168.30.20', 3, '2018-07-11 14:15:50', '192.168.30.20'),
(4, 26, 3, 'AMP', '001', '0002738', '200      ', '416645406', '0000214', '00000781411         ', 'F', '2007-04-12', '2007-02-23', '3', 'HANNEDENNH', '0', '015', '048', '397648962', '2', '0', '0', '0', '0', '0', '0', '0', '0', '0', '000', '544499592', '74', '001062283', '000000000', '0', '0', '0', '1', '0', '0', '0', '0', '0', '0', '0', '0', '0', 'N', 'Y', 'N', 'AMP', '002', '0', '0', '0', '0', 'DENNIS H HANNEMAN                  ', 'RITA K HANNEMAN JTWROS             ', '11774 SUNSET DR                    ', 'MARSHFIELD WI  54449-9592          ', '1970-01-01', '2', 'N', 'AMP', '003', '                                   ', '                                   ', '                                   ', 'PEFSC2   ', 'CHRISTIPHER L BELONGE         ', ' ', '    ', '   ', '  ', '', 0, '', '', '', '', '', '', '', '', '', '', 1, 0, 3, '2018-07-11 15:02:57', '192.168.30.20', 3, '2018-07-11 15:02:57', '192.168.30.20'),
(5, 26, 3, 'AMP', '001', '0002738', '200      ', '416645505', '0000228', '00000692770         ', 'F', '2004-11-24', '2007-02-16', '3', 'THOMAERICW', '0', '701', '048', '393700301', '2', '0', '0', '0', '0', '0', '0', '0', '0', '0', '000', '541629691', '81', '001010516', '000000000', '0', '0', '0', '1', '0', '0', '0', '0', '0', '1', '0', '0', '0', 'N', 'N', 'N', 'AMP', '002', '0', '0', '0', '0', 'US BANK NATIONAL ASSOC C/F         ', 'ERIC W THOMAS IRA                  ', '8181 WINDANCER DR                  ', 'PULASKI WI  54162-9691             ', '1970-01-01', '2', 'N', 'AMP', '003', '                                   ', '                                   ', '                                   ', 'PEFSC2   ', 'CHRISTIPHER L BELONGE         ', ' ', '    ', '   ', '  ', '', 0, '', '', '', '', '', '', '', '', '', '', 1, 0, 3, '2018-07-11 15:02:57', '192.168.30.20', 3, '2018-07-11 15:02:57', '192.168.30.20'),
(6, 16, 4, 'NAA', '001', '0107972', '000000000', 'AMEFIMMMA', 'AMEF707', '55555555555         ', 'F', '2000-11-17', '2018-07-11', '2', '          ', '0', '010', '002', '123123123', '2', '0', '0', '0', '0', '0', '0', '0', '0', '0', '000', '852055522', '00', '000000000', '000000000', '0', '0', '0', '0', '0', '0', '0', '0', '0', '0', '0', '0', '0', '', '', '', 'NAA', '002', '0', '0', '0', '0', 'NANCY JONES                        ', '150 MONSTER RD                     ', 'MESA AZ 852055522                  ', '                                   ', '2018-07-11', '0', '', 'NAA', '003', '                                   ', '                                   ', '                                   ', '000009213', 'TERRY D BELKE', '', '', '', '', '', 0, '', '', '', '', '', '', '', '', '', '', 1, 0, 3, '2018-07-11 16:04:19', '192.168.30.20', 3, '2018-07-11 16:04:19', '192.168.30.20'),
(7, 16, 4, 'NAA', '001', '0107972', '000000000', 'AMEFIAMMA', 'AMEF707', '44444444444         ', 'F', '2000-11-17', '2018-07-11', '2', '          ', '0', '010', '002', '123123123', '2', '0', '0', '0', '0', '0', '0', '0', '0', '0', '000', '852055522', '00', '000000000', '000000000', '0', '0', '0', '0', '0', '0', '0', '0', '0', '0', '0', '0', '0', '', '', '', 'NAA', '002', '0', '0', '0', '0', 'PHYLLIS MARKS                      ', '240 HIGH VIEW RD                   ', 'MESA AZ 852055522                  ', '                                   ', '2018-07-11', '0', '', 'NAA', '003', '                                   ', '                                   ', '                                   ', '000009213', 'TERRY D BELKE', '', '', '', '', '', 0, '', '', '', '', '', '', '', '', '', '', 1, 0, 3, '2018-07-11 16:04:19', '192.168.30.20', 3, '2018-07-11 16:04:19', '192.168.30.20'),
(8, 20, 5, 'AMP', '001', '0305389', '000000000', 'AMEFIMMMA', 'AMEF707', '12312312311         ', 'F', '2003-12-15', '2018-07-11', '2', '          ', '0', '005', '014', '505900482', '2', '0', '0', '0', ' ', '0', '0', '0', '0', '0', '000', '524027650', '00', '000000000', '000000000', '0', '0', '0', '0', '0', '0', '0', '0', '0', '0', '0', '0', '0', ' ', ' ', ' ', 'AMP', '002', '0', '0', '0', '0', 'ROBERT SCOTT              	       3', '215 MULBERY ST                    C', 'EDAR RAPIDS IA 524027650           ', '                                   ', '1970-01-01', ' ', '', 'AMP', '003', '                                   ', '                                   ', '                                   ', '0000C5389', 'MICHAEL DOUGLAS               ', ' ', '    ', '   ', '', '', 0, '', '', '', '', '', '', '', '', '', '', 1, 0, 3, '2018-07-11 16:17:34', '192.168.30.20', 3, '2018-07-11 16:17:34', '192.168.30.20'),
(9, 20, 5, 'AMP', '001', '0305389', '000000000', 'AMEFIAMMA', 'AMEF707', '45645645645         ', 'F', '2003-12-15', '2018-07-11', '2', '          ', '0', '005', '014', '505900482', '2', '0', '0', '0', ' ', '0', '0', '0', '0', '0', '000', '524027650', '00', '000000000', '000000000', '0', '0', '0', '0', '0', '0', '0', '0', '0', '0', '0', '0', '0', ' ', ' ', ' ', 'AMP', '002', '0', '0', '0', '0', 'APRIL ALLEN                        ', '15150 MAIN ST                      ', 'CEDAR RAPIDS IA 524027650          ', '                                   ', '2018-07-11', '0', ' ', 'AMP', '003', '                                   ', '                                   ', '                                   ', '0000C5389', 'MICHAEL DOUGLAS               ', ' ', '    ', '', '', '', 0, '', '', '', '', '', '', '', '', '', '', 1, 0, 3, '2018-07-11 16:17:34', '192.168.30.20', 3, '2018-07-11 16:17:34', '192.168.30.20'),
(10, 20, 5, 'AMP', '001', '0305389', '000000000', 'AMEFSCOYA', 'AMEF830', '78978978978         ', 'F', '2003-12-15', '2018-07-11', '2', '          ', '0', '005', '014', '505900482', '2', '0', '0', '0', ' ', '0', '0', '0', '0', '0', '000', '524027650', '00', '000000000', '000000000', '0', '0', '0', '0', '0', '0', '0', '0', '0', '0', '0', '0', '0', ' ', ' ', ' ', 'AMP', '002', '0', '0', '0', '0', 'SELMA HYACK                        ', '3215 OAK ST                        ', 'CEDAR RAPIDS IA 524027650          ', '                                   ', '2018-07-11', '0', ' ', 'AMP', '003', '                                   ', '                                   ', '                                   ', '0000C5389', 'MICHAEL DOUGLAS               ', ' ', '    ', ' ', '', '', 0, '', '', '', '', '', '', '', '', '', '', 1, 0, 3, '2018-07-11 16:17:34', '192.168.30.20', 3, '2018-07-11 16:17:34', '192.168.30.20'),
(11, 20, 5, 'AMP', '001', '0305389', '000000000', 'AMEFIAMMA', 'AMEF707', '15615615615         ', 'F', '2004-06-16', '2018-07-11', '2', '          ', '0', '010', '014', '475726761', '2', '0', '0', '0', ' ', '0', '0', '0', '0', '0', '000', '524025704', '00', '000000000', '000000000', '0', '0', '0', '0', '0', '0', '0', '0', '0', '0', '0', '0', '0', ' ', ' ', ' ', 'AMP', '002', '0', '0', '0', '0', 'KIMBERLY ROGERS                    ', '12 CULVER RD                       ', 'CEDAR RAPIDS IA 524025704          ', '                                   ', '2018-07-11', '0', ' ', 'AMP', '003', '                                   ', '                                   ', '                                   ', '0000C5389', 'MICHAEL DOUGLAS               ', ' ', '    ', ' ', '', '', 0, '', '', '', '', '', '', '', '', '', '', 1, 0, 3, '2018-07-11 16:17:34', '192.168.30.20', 3, '2018-07-11 16:17:34', '192.168.30.20');

-- --------------------------------------------------------

--
-- Table structure for table `ft_import_file_exception`
--

CREATE TABLE IF NOT EXISTS `ft_import_file_exception` (
`id` int(12) NOT NULL,
  `rep` varchar(100) NOT NULL,
  `rep_name` varchar(100) NOT NULL,
  `account_no` varchar(100) NOT NULL,
  `client` varchar(100) NOT NULL,
  `cusip` varchar(100) NOT NULL,
  `principal` varchar(100) NOT NULL DEFAULT '0',
  `commission` varchar(100) NOT NULL DEFAULT '0',
  `file_id` int(12) NOT NULL,
  `temp_data_id` int(12) NOT NULL,
  `error_code_id` int(12) NOT NULL,
  `date` date NOT NULL,
  `field` varchar(100) NOT NULL,
  `file_type` varchar(100) NOT NULL,
  `solved` tinyint(1) NOT NULL DEFAULT '0',
  `process_completed` tinyint(1) NOT NULL DEFAULT '0',
  `status` tinyint(1) NOT NULL DEFAULT '1',
  `is_delete` tinyint(1) NOT NULL DEFAULT '0',
  `created_by` int(12) NOT NULL,
  `created_time` datetime NOT NULL,
  `created_ip` varchar(100) NOT NULL,
  `modified_by` int(12) NOT NULL,
  `modified_time` datetime NOT NULL,
  `modified_ip` varchar(100) NOT NULL
) ENGINE=InnoDB AUTO_INCREMENT=64 DEFAULT CHARSET=latin1;

--
-- Dumping data for table `ft_import_file_exception`
--

INSERT INTO `ft_import_file_exception` (`id`, `rep`, `rep_name`, `account_no`, `client`, `cusip`, `principal`, `commission`, `file_id`, `temp_data_id`, `error_code_id`, `date`, `field`, `file_type`, `solved`, `process_completed`, `status`, `is_delete`, `created_by`, `created_time`, `created_ip`, `modified_by`, `modified_time`, `modified_ip`) VALUES
(1, 'C49      ', 'DANIEL C SULLIVAN             ', '00150247194         ', 'TROYEKAREA', '30293E102', '25000.00', '1187.50', 1, 1, 2, '2018-06-19', 'u5', '2', 1, 0, 1, 1, 3, '2018-06-19 11:08:46', '192.168.30.20', 0, '0000-00-00 00:00:00', ''),
(2, 'A04      ', 'CHERYL D DORKO                ', '00150247581         ', 'DREHECHRID', '30293E102', '20000.00', '950.00', 1, 2, 0, '2018-06-19', '', '2', 1, 0, 1, 1, 3, '2018-06-19 11:08:46', '192.168.30.20', 0, '0000-00-00 00:00:00', ''),
(3, 'A04      ', 'CHERYL D DORKO                ', '00150247590         ', 'GERBEGLEND', '30293E102', '10000.00', '475.00', 1, 3, 0, '2018-06-19', '', '2', 1, 0, 1, 1, 3, '2018-06-19 11:08:46', '192.168.30.20', 0, '0000-00-00 00:00:00', ''),
(4, '000025   ', 'DONALD K LAXTON               ', '00150247184         ', 'MEYERGERIA', '30293E102', '6500.00', '308.75', 1, 4, 0, '2018-06-19', '', '2', 1, 0, 1, 1, 3, '2018-06-19 11:08:46', '192.168.30.20', 0, '0000-00-00 00:00:00', ''),
(5, '000025   ', 'DONALD K LAXTON               ', '00150247582         ', 'MEYERBARR-', '30293E102', '6380.00', '303.05', 1, 5, 0, '2018-06-19', '', '2', 1, 0, 1, 1, 3, '2018-06-19 11:08:46', '192.168.30.20', 0, '0000-00-00 00:00:00', ''),
(6, '1703     ', 'ROBERT S FENTON               ', '00150247337         ', 'TRAVIWILLE', '30293E102', '25000.00', '1187.50', 1, 6, 0, '2018-06-19', '', '2', 1, 0, 1, 1, 3, '2018-06-19 11:08:46', '192.168.30.20', 0, '0000-00-00 00:00:00', ''),
(7, 'C49      ', 'DANIEL C SULLIVAN             ', '00150247194         ', 'TROYEKAREA', '30293E102', '25000.00', '1187.50', 1, 1, 0, '2018-06-19', '', '2', 1, 1, 1, 0, 3, '2018-06-19 11:09:09', '192.168.30.20', 0, '0000-00-00 00:00:00', ''),
(8, 'A04      ', 'CHERYL D DORKO                ', '00150247581         ', 'DREHECHRID', '30293E102', '20000.00', '950.00', 1, 2, 0, '2018-06-19', '', '2', 1, 1, 1, 0, 3, '2018-06-19 11:09:09', '192.168.30.20', 0, '0000-00-00 00:00:00', ''),
(9, 'A04      ', 'CHERYL D DORKO                ', '00150247590         ', 'GERBEGLEND', '30293E102', '10000.00', '475.00', 1, 3, 0, '2018-06-19', '', '2', 1, 1, 1, 0, 3, '2018-06-19 11:09:09', '192.168.30.20', 0, '0000-00-00 00:00:00', ''),
(10, '000025   ', 'DONALD K LAXTON               ', '00150247184         ', 'MEYERGERIA', '30293E102', '6500.00', '308.75', 1, 4, 0, '2018-06-19', '', '2', 1, 1, 1, 0, 3, '2018-06-19 11:09:09', '192.168.30.20', 0, '0000-00-00 00:00:00', ''),
(11, '000025   ', 'DONALD K LAXTON               ', '00150247582         ', 'MEYERBARR-', '30293E102', '6380.00', '303.05', 1, 5, 0, '2018-06-19', '', '2', 1, 1, 1, 0, 3, '2018-06-19 11:09:09', '192.168.30.20', 0, '0000-00-00 00:00:00', ''),
(12, '1703     ', 'ROBERT S FENTON               ', '00150247337         ', 'TRAVIWILLE', '30293E102', '25000.00', '1187.50', 1, 6, 0, '2018-06-19', '', '2', 1, 1, 1, 0, 3, '2018-06-19 11:09:09', '192.168.30.20', 0, '0000-00-00 00:00:00', ''),
(13, 'C49      ', 'DANIEL C SULLIVAN             ', '00150247194         ', 'TROYEKAREA', '30293E102', '25000.00', '1187.50', 12, 7, 2, '2018-06-28', 'u5', '2', 1, 0, 1, 1, 3, '2018-06-28 10:45:08', '192.168.30.20', 0, '0000-00-00 00:00:00', ''),
(14, 'A04      ', 'CHERYL D DORKO                ', '00150247581         ', 'DREHECHRID', '30293E102', '20000.00', '950.00', 12, 8, 0, '2018-06-28', '', '2', 1, 0, 1, 1, 3, '2018-06-28 10:45:08', '192.168.30.20', 0, '0000-00-00 00:00:00', ''),
(15, 'A04      ', 'CHERYL D DORKO                ', '00150247590         ', 'GERBEGLEND', '30293E102', '10000.00', '475.00', 12, 9, 0, '2018-06-28', '', '2', 1, 0, 1, 1, 3, '2018-06-28 10:45:08', '192.168.30.20', 0, '0000-00-00 00:00:00', ''),
(16, '000025   ', 'DONALD K LAXTON               ', '00150247184         ', 'MEYERGERIA', '30293E102', '6500.00', '308.75', 12, 10, 0, '2018-06-28', '', '2', 1, 0, 1, 1, 3, '2018-06-28 10:45:08', '192.168.30.20', 0, '0000-00-00 00:00:00', ''),
(17, '000025   ', 'DONALD K LAXTON               ', '00150247582         ', 'MEYERBARR-', '30293E102', '6380.00', '303.05', 12, 11, 0, '2018-06-28', '', '2', 1, 0, 1, 1, 3, '2018-06-28 10:45:08', '192.168.30.20', 0, '0000-00-00 00:00:00', ''),
(18, '1703     ', 'ROBERT S FENTON               ', '00150247337         ', 'TRAVIWILLE', '30293E102', '25000.00', '1187.50', 12, 12, 0, '2018-06-28', '', '2', 1, 0, 1, 1, 3, '2018-06-28 10:45:08', '192.168.30.20', 0, '0000-00-00 00:00:00', ''),
(19, 'C49      ', 'DANIEL C SULLIVAN             ', '00150247194         ', 'TROYEKAREA', '30293E102', '25000.00', '1187.50', 12, 7, 0, '2018-06-28', '', '2', 1, 1, 1, 0, 3, '2018-06-28 10:45:48', '192.168.30.20', 0, '0000-00-00 00:00:00', ''),
(20, 'A04      ', 'CHERYL D DORKO                ', '00150247581         ', 'DREHECHRID', '30293E102', '20000.00', '950.00', 12, 8, 0, '2018-06-28', '', '2', 1, 1, 1, 0, 3, '2018-06-28 10:45:48', '192.168.30.20', 0, '0000-00-00 00:00:00', ''),
(21, 'A04      ', 'CHERYL D DORKO                ', '00150247590         ', 'GERBEGLEND', '30293E102', '10000.00', '475.00', 12, 9, 0, '2018-06-28', '', '2', 1, 1, 1, 0, 3, '2018-06-28 10:45:48', '192.168.30.20', 0, '0000-00-00 00:00:00', ''),
(22, '000025   ', 'DONALD K LAXTON               ', '00150247184         ', 'MEYERGERIA', '30293E102', '6500.00', '308.75', 12, 10, 0, '2018-06-28', '', '2', 1, 1, 1, 0, 3, '2018-06-28 10:45:48', '192.168.30.20', 0, '0000-00-00 00:00:00', ''),
(23, '000025   ', 'DONALD K LAXTON               ', '00150247582         ', 'MEYERBARR-', '30293E102', '6380.00', '303.05', 12, 11, 0, '2018-06-28', '', '2', 1, 1, 1, 0, 3, '2018-06-28 10:45:48', '192.168.30.20', 0, '0000-00-00 00:00:00', ''),
(24, '1703     ', 'ROBERT S FENTON               ', '00150247337         ', 'TRAVIWILLE', '30293E102', '25000.00', '1187.50', 12, 12, 0, '2018-06-28', '', '2', 1, 1, 1, 0, 3, '2018-06-28 10:45:48', '192.168.30.20', 0, '0000-00-00 00:00:00', ''),
(25, '2584     ', 'JOHN WAYNE                    ', '00000011111         ', 'RHONDA SMITH TTEE &                ', 'BHMULREIT', '0', '0', 27, 1, 1, '2018-07-11', 'representative_number', '1', 0, 0, 1, 0, 3, '2018-07-11 11:29:13', '192.168.30.20', 0, '0000-00-00 00:00:00', ''),
(26, '000009213', 'TERRY D BELKE', '55555555555         ', 'NANCY JONES                        ', 'AMEFIMMMA', '0', '0', 17, 2, 1, '2018-07-11', 'representative_number', '1', 0, 0, 1, 0, 3, '2018-07-11 14:15:50', '192.168.30.20', 0, '0000-00-00 00:00:00', ''),
(27, '000009213', 'TERRY D BELKE', '44444444444         ', 'PHYLLIS MARKS                      ', 'AMEFIAMMA', '0', '0', 17, 3, 1, '2018-07-11', 'representative_number', '1', 0, 0, 1, 0, 3, '2018-07-11 14:15:50', '192.168.30.20', 0, '0000-00-00 00:00:00', ''),
(28, 'PEFSC2   ', 'CHRISTIPHER L BELONGE         ', '00000781411         ', 'DENNIS H HANNEMAN                  ', '416645406', '0', '0', 26, 4, 1, '2018-07-11', 'representative_number', '1', 0, 0, 1, 0, 3, '2018-07-11 15:02:57', '192.168.30.20', 0, '0000-00-00 00:00:00', ''),
(29, 'PEFSC2   ', 'CHRISTIPHER L BELONGE         ', '00000692770         ', 'US BANK NATIONAL ASSOC C/F         ', '416645505', '0', '0', 26, 5, 1, '2018-07-11', 'representative_number', '1', 0, 0, 1, 0, 3, '2018-07-11 15:02:57', '192.168.30.20', 0, '0000-00-00 00:00:00', ''),
(30, '', '', '', '', '416645505', '0', '0', 26, 1, 16, '2018-07-11', 'cusip_number', '3', 0, 0, 1, 0, 3, '2018-07-11 15:02:57', '192.168.30.20', 0, '0000-00-00 00:00:00', ''),
(31, '', '', '', '', '416645505', '0', '0', 26, 1, 15, '2018-07-11', 'ticker_symbol', '3', 0, 0, 1, 0, 3, '2018-07-11 15:02:57', '192.168.30.20', 0, '0000-00-00 00:00:00', ''),
(32, '', '', '', '', '416645406', '0', '0', 26, 2, 16, '2018-07-11', 'cusip_number', '3', 0, 0, 1, 0, 3, '2018-07-11 15:02:57', '192.168.30.20', 0, '0000-00-00 00:00:00', ''),
(33, '', '', '', '', '416645406', '0', '0', 26, 2, 15, '2018-07-11', 'ticker_symbol', '3', 0, 0, 1, 0, 3, '2018-07-11 15:02:57', '192.168.30.20', 0, '0000-00-00 00:00:00', ''),
(34, 'C49      ', 'DANIEL C SULLIVAN             ', '00150247194         ', 'TROYEKAREA', '30293E102', '25000.00', '1187.50', 2, 13, 0, '2018-07-11', '', '2', 1, 0, 1, 1, 3, '2018-07-11 15:18:10', '192.168.30.20', 0, '0000-00-00 00:00:00', ''),
(35, 'A04      ', 'CHERYL D DORKO                ', '00150247581         ', 'DREHECHRID', '30293E102', '20000.00', '950.00', 2, 14, 0, '2018-07-11', '', '2', 1, 0, 1, 1, 3, '2018-07-11 15:18:10', '192.168.30.20', 0, '0000-00-00 00:00:00', ''),
(36, 'A04      ', 'CHERYL D DORKO                ', '00150247590         ', 'GERBEGLEND', '30293E102', '10000.00', '475.00', 2, 15, 0, '2018-07-11', '', '2', 1, 0, 1, 1, 3, '2018-07-11 15:18:10', '192.168.30.20', 0, '0000-00-00 00:00:00', ''),
(37, '000025   ', 'DONALD K LAXTON               ', '00150247184         ', 'MEYERGERIA', '30293E102', '6500.00', '308.75', 2, 16, 0, '2018-07-11', '', '2', 1, 0, 1, 1, 3, '2018-07-11 15:18:10', '192.168.30.20', 0, '0000-00-00 00:00:00', ''),
(38, '000025   ', 'DONALD K LAXTON               ', '00150247582         ', 'MEYERBARR-', '30293E102', '6380.00', '303.05', 2, 17, 0, '2018-07-11', '', '2', 1, 0, 1, 1, 3, '2018-07-11 15:18:10', '192.168.30.20', 0, '0000-00-00 00:00:00', ''),
(39, '1703     ', 'ROBERT S FENTON               ', '00150247337         ', 'TRAVIWILLE', '30293E102', '25000.00', '1187.50', 2, 18, 0, '2018-07-11', '', '2', 1, 0, 1, 1, 3, '2018-07-11 15:18:10', '192.168.30.20', 0, '0000-00-00 00:00:00', ''),
(40, 'C49      ', 'DANIEL C SULLIVAN             ', '00150247194         ', 'TROYEKAREA', '30293E102', '25000.00', '1187.50', 2, 13, 0, '2018-07-11', '', '2', 1, 1, 1, 0, 3, '2018-07-11 15:18:11', '192.168.30.20', 0, '0000-00-00 00:00:00', ''),
(41, 'A04      ', 'CHERYL D DORKO                ', '00150247581         ', 'DREHECHRID', '30293E102', '20000.00', '950.00', 2, 14, 0, '2018-07-11', '', '2', 1, 1, 1, 0, 3, '2018-07-11 15:18:11', '192.168.30.20', 0, '0000-00-00 00:00:00', ''),
(42, 'A04      ', 'CHERYL D DORKO                ', '00150247590         ', 'GERBEGLEND', '30293E102', '10000.00', '475.00', 2, 15, 0, '2018-07-11', '', '2', 1, 1, 1, 0, 3, '2018-07-11 15:18:11', '192.168.30.20', 0, '0000-00-00 00:00:00', ''),
(43, '000025   ', 'DONALD K LAXTON               ', '00150247184         ', 'MEYERGERIA', '30293E102', '6500.00', '308.75', 2, 16, 0, '2018-07-11', '', '2', 1, 1, 1, 0, 3, '2018-07-11 15:18:11', '192.168.30.20', 0, '0000-00-00 00:00:00', ''),
(44, '000025   ', 'DONALD K LAXTON               ', '00150247582         ', 'MEYERBARR-', '30293E102', '6380.00', '303.05', 2, 17, 0, '2018-07-11', '', '2', 1, 1, 1, 0, 3, '2018-07-11 15:18:11', '192.168.30.20', 0, '0000-00-00 00:00:00', ''),
(45, '1703     ', 'ROBERT S FENTON               ', '00150247337         ', 'TRAVIWILLE', '30293E102', '25000.00', '1187.50', 2, 18, 0, '2018-07-11', '', '2', 1, 1, 1, 0, 3, '2018-07-11 15:18:11', '192.168.30.20', 0, '0000-00-00 00:00:00', ''),
(46, '000009213', 'TERRY D BELKE', '55555555555         ', 'NANCY JONES                        ', 'AMEFIMMMA', '0', '0', 16, 6, 1, '2018-07-11', 'representative_number', '1', 0, 0, 1, 0, 3, '2018-07-11 16:04:19', '192.168.30.20', 0, '0000-00-00 00:00:00', ''),
(47, '000009213', 'TERRY D BELKE', '44444444444         ', 'PHYLLIS MARKS                      ', 'AMEFIAMMA', '0', '0', 16, 7, 1, '2018-07-11', 'representative_number', '1', 0, 0, 1, 0, 3, '2018-07-11 16:04:19', '192.168.30.20', 0, '0000-00-00 00:00:00', ''),
(48, 'C49      ', 'DANIEL C SULLIVAN             ', '00150247194         ', 'TROYEKAREA', '30293E102', '25000.00', '1187.50', 3, 19, 0, '2018-07-11', '', '2', 1, 0, 1, 1, 3, '2018-07-11 16:17:24', '192.168.30.20', 0, '0000-00-00 00:00:00', ''),
(49, 'A04      ', 'CHERYL D DORKO                ', '00150247581         ', 'DREHECHRID', '30293E102', '20000.00', '950.00', 3, 20, 0, '2018-07-11', '', '2', 1, 0, 1, 1, 3, '2018-07-11 16:17:24', '192.168.30.20', 0, '0000-00-00 00:00:00', ''),
(50, 'A04      ', 'CHERYL D DORKO                ', '00150247590         ', 'GERBEGLEND', '30293E102', '10000.00', '475.00', 3, 21, 0, '2018-07-11', '', '2', 1, 0, 1, 1, 3, '2018-07-11 16:17:24', '192.168.30.20', 0, '0000-00-00 00:00:00', ''),
(51, '000025   ', 'DONALD K LAXTON               ', '00150247184         ', 'MEYERGERIA', '30293E102', '6500.00', '308.75', 3, 22, 0, '2018-07-11', '', '2', 1, 0, 1, 1, 3, '2018-07-11 16:17:24', '192.168.30.20', 0, '0000-00-00 00:00:00', ''),
(52, '000025   ', 'DONALD K LAXTON               ', '00150247582         ', 'MEYERBARR-', '30293E102', '6380.00', '303.05', 3, 23, 0, '2018-07-11', '', '2', 1, 0, 1, 1, 3, '2018-07-11 16:17:24', '192.168.30.20', 0, '0000-00-00 00:00:00', ''),
(53, '1703     ', 'ROBERT S FENTON               ', '00150247337         ', 'TRAVIWILLE', '30293E102', '25000.00', '1187.50', 3, 24, 0, '2018-07-11', '', '2', 1, 0, 1, 1, 3, '2018-07-11 16:17:24', '192.168.30.20', 0, '0000-00-00 00:00:00', ''),
(54, 'C49      ', 'DANIEL C SULLIVAN             ', '00150247194         ', 'TROYEKAREA', '30293E102', '25000.00', '1187.50', 3, 19, 0, '2018-07-11', '', '2', 1, 1, 1, 0, 3, '2018-07-11 16:17:26', '192.168.30.20', 0, '0000-00-00 00:00:00', ''),
(55, 'A04      ', 'CHERYL D DORKO                ', '00150247581         ', 'DREHECHRID', '30293E102', '20000.00', '950.00', 3, 20, 0, '2018-07-11', '', '2', 1, 1, 1, 0, 3, '2018-07-11 16:17:26', '192.168.30.20', 0, '0000-00-00 00:00:00', ''),
(56, 'A04      ', 'CHERYL D DORKO                ', '00150247590         ', 'GERBEGLEND', '30293E102', '10000.00', '475.00', 3, 21, 0, '2018-07-11', '', '2', 1, 1, 1, 0, 3, '2018-07-11 16:17:26', '192.168.30.20', 0, '0000-00-00 00:00:00', ''),
(57, '000025   ', 'DONALD K LAXTON               ', '00150247184         ', 'MEYERGERIA', '30293E102', '6500.00', '308.75', 3, 22, 0, '2018-07-11', '', '2', 1, 1, 1, 0, 3, '2018-07-11 16:17:26', '192.168.30.20', 0, '0000-00-00 00:00:00', ''),
(58, '000025   ', 'DONALD K LAXTON               ', '00150247582         ', 'MEYERBARR-', '30293E102', '6380.00', '303.05', 3, 23, 0, '2018-07-11', '', '2', 1, 1, 1, 0, 3, '2018-07-11 16:17:26', '192.168.30.20', 0, '0000-00-00 00:00:00', ''),
(59, '1703     ', 'ROBERT S FENTON               ', '00150247337         ', 'TRAVIWILLE', '30293E102', '25000.00', '1187.50', 3, 24, 0, '2018-07-11', '', '2', 1, 1, 1, 0, 3, '2018-07-11 16:17:26', '192.168.30.20', 0, '0000-00-00 00:00:00', ''),
(60, '0000C5389', 'MICHAEL DOUGLAS               ', '12312312311         ', 'ROBERT SCOTT              	       3', 'AMEFIMMMA', '0', '0', 20, 8, 1, '2018-07-11', 'representative_number', '1', 1, 0, 1, 0, 3, '2018-07-11 16:17:34', '192.168.30.20', 0, '0000-00-00 00:00:00', ''),
(61, '0000C5389', 'MICHAEL DOUGLAS               ', '45645645645         ', 'APRIL ALLEN                        ', 'AMEFIAMMA', '0', '0', 20, 9, 1, '2018-07-11', 'representative_number', '1', 0, 0, 1, 0, 3, '2018-07-11 16:17:34', '192.168.30.20', 0, '0000-00-00 00:00:00', ''),
(62, '0000C5389', 'MICHAEL DOUGLAS               ', '78978978978         ', 'SELMA HYACK                        ', 'AMEFSCOYA', '0', '0', 20, 10, 1, '2018-07-11', 'representative_number', '1', 0, 0, 1, 0, 3, '2018-07-11 16:17:34', '192.168.30.20', 0, '0000-00-00 00:00:00', ''),
(63, '0000C5389', 'MICHAEL DOUGLAS               ', '15615615615         ', 'KIMBERLY ROGERS                    ', 'AMEFIAMMA', '0', '0', 20, 11, 1, '2018-07-11', 'representative_number', '1', 0, 0, 1, 0, 3, '2018-07-11 16:17:34', '192.168.30.20', 0, '0000-00-00 00:00:00', '');

-- --------------------------------------------------------

--
-- Table structure for table `ft_import_file_exception_master`
--

CREATE TABLE IF NOT EXISTS `ft_import_file_exception_master` (
`id` int(12) NOT NULL,
  `error` varchar(100) NOT NULL,
  `used` varchar(100) NOT NULL,
  `status` tinyint(1) DEFAULT '1',
  `is_delete` tinyint(1) NOT NULL DEFAULT '0',
  `created_by` int(12) NOT NULL,
  `created_time` datetime NOT NULL,
  `created_ip` varchar(100) NOT NULL,
  `modified_by` int(12) NOT NULL,
  `modified_time` datetime NOT NULL,
  `modified_ip` varchar(100) NOT NULL
) ENGINE=InnoDB AUTO_INCREMENT=23 DEFAULT CHARSET=latin1;

--
-- Dumping data for table `ft_import_file_exception_master`
--

INSERT INTO `ft_import_file_exception_master` (`id`, `error`, `used`, `status`, `is_delete`, `created_by`, `created_time`, `created_ip`, `modified_by`, `modified_time`, `modified_ip`) VALUES
(1, 'BROKER NOT FOUND', 'T', 1, 0, 0, '0000-00-00 00:00:00', '', 0, '0000-00-00 00:00:00', ''),
(2, 'BROKER TERMINATED', 'T', 1, 0, 0, '0000-00-00 00:00:00', '', 0, '0000-00-00 00:00:00', ''),
(3, 'BRANCH # NOT FOUND', 'F', 1, 0, 0, '0000-00-00 00:00:00', '', 0, '0000-00-00 00:00:00', ''),
(4, 'BRANCH TERMINATED', 'F', 1, 0, 0, '0000-00-00 00:00:00', '', 0, '0000-00-00 00:00:00', ''),
(5, 'COMPANY TERMINATED', 'F', 1, 0, 0, '0000-00-00 00:00:00', '', 0, '0000-00-00 00:00:00', ''),
(6, 'BROKER LICENSE ERROR', 'T', 1, 0, 0, '0000-00-00 00:00:00', '', 0, '0000-00-00 00:00:00', ''),
(7, 'CLIENT NOT ACTIVE', 'T', 1, 0, 0, '0000-00-00 00:00:00', '', 0, '0000-00-00 00:00:00', ''),
(8, 'PRODUCT TERMINATED', 'T', 1, 0, 0, '0000-00-00 00:00:00', '', 0, '0000-00-00 00:00:00', ''),
(9, 'PROD.<>CLIENT OBJECTIVES', 'F', 1, 0, 0, '0000-00-00 00:00:00', '', 0, '0000-00-00 00:00:00', ''),
(10, 'FOXTROT CLIENT # NOT FOUND', 'T', 1, 0, 0, '0000-00-00 00:00:00', '', 0, '0000-00-00 00:00:00', ''),
(11, 'CUSIP NOT FOUND', 'T', 1, 0, 0, '0000-00-00 00:00:00', '', 0, '0000-00-00 00:00:00', ''),
(12, 'CLIENT # ALREADY EXISTS', 'F', 1, 0, 0, '0000-00-00 00:00:00', '', 0, '0000-00-00 00:00:00', ''),
(13, 'INVALID/MISSING DATA', 'T', 1, 0, 0, '0000-00-00 00:00:00', '', 0, '0000-00-00 00:00:00', ''),
(14, 'SPONSOR NOT FOUND', 'T', 1, 0, 0, '0000-00-00 00:00:00', '', 0, '0000-00-00 00:00:00', ''),
(15, 'SYMBOL ALREADY EXISTS', 'F', 1, 0, 0, '0000-00-00 00:00:00', '', 0, '0000-00-00 00:00:00', ''),
(16, 'CUSIP ALREADY EXISTS', 'F', 1, 0, 0, '0000-00-00 00:00:00', '', 0, '0000-00-00 00:00:00', ''),
(17, 'PRODUCT TYPE NOT FOUND', 'F', 1, 0, 0, '0000-00-00 00:00:00', '', 0, '0000-00-00 00:00:00', ''),
(18, 'CLIENT ACCT.# NOT FOUND', 'T', 1, 0, 0, '0000-00-00 00:00:00', '', 0, '0000-00-00 00:00:00', ''),
(19, 'SSN ALREADY EXISTS', 'F', 1, 0, 0, '0000-00-00 00:00:00', '', 0, '0000-00-00 00:00:00', ''),
(20, 'DATED BEFORE EXISTING DATA', 'F', 1, 0, 0, '0000-00-00 00:00:00', '', 0, '0000-00-00 00:00:00', ''),
(21, 'MISSING ACCOUNT DOCUMENTATION', 'T', 1, 0, 0, '0000-00-00 00:00:00', '', 0, '0000-00-00 00:00:00', ''),
(22, 'COMPLIANCE ERROR', 'T', 1, 0, 0, '0000-00-00 00:00:00', '', 0, '0000-00-00 00:00:00', '');

-- --------------------------------------------------------

--
-- Table structure for table `ft_import_file_footer_data`
--

CREATE TABLE IF NOT EXISTS `ft_import_file_footer_data` (
`id` int(12) NOT NULL,
  `file_id` int(12) NOT NULL,
  `header_id` int(12) NOT NULL,
  `record_type` varchar(100) NOT NULL,
  `sequence_number` varchar(100) NOT NULL,
  `file_type` varchar(100) NOT NULL,
  `trailer_record_count` varchar(100) NOT NULL,
  `unused` varchar(100) NOT NULL,
  `status` tinyint(1) NOT NULL DEFAULT '1',
  `is_delete` tinyint(1) NOT NULL DEFAULT '0',
  `created_by` int(12) NOT NULL,
  `created_time` datetime NOT NULL,
  `created_ip` varchar(100) NOT NULL,
  `modified_by` int(12) NOT NULL,
  `modified_time` datetime NOT NULL,
  `modified_ip` varchar(100) NOT NULL
) ENGINE=InnoDB AUTO_INCREMENT=6 DEFAULT CHARSET=latin1;

--
-- Dumping data for table `ft_import_file_footer_data`
--

INSERT INTO `ft_import_file_footer_data` (`id`, `file_id`, `header_id`, `record_type`, `sequence_number`, `file_type`, `trailer_record_count`, `unused`, `status`, `is_delete`, `created_by`, `created_time`, `created_ip`, `modified_by`, `modified_time`, `modified_ip`) VALUES
(1, 27, 1, 'RTR', '001', 'NONFINANCIALACT', '000000005', '                                                                                                    ', 1, 0, 3, '2018-07-11 11:29:13', '192.168.30.20', 0, '0000-00-00 00:00:00', ''),
(2, 17, 2, 'RTR', '001', 'NEWACCT ACTIVIT', '000000008', '', 1, 0, 3, '2018-07-11 14:15:50', '192.168.30.20', 0, '0000-00-00 00:00:00', ''),
(3, 26, 3, 'RTR', '001', 'ACCT MASTER POS', '000000008', '                                                                                                    ', 1, 0, 3, '2018-07-11 15:02:57', '192.168.30.20', 0, '0000-00-00 00:00:00', ''),
(4, 16, 4, 'RTR', '001', 'NEWACCT ACTIVIT', '000000008', '', 1, 0, 3, '2018-07-11 16:04:19', '192.168.30.20', 0, '0000-00-00 00:00:00', ''),
(5, 20, 5, 'RTR', '001', 'ACCT MASTER POS', '000000014', '', 1, 0, 3, '2018-07-11 16:17:34', '192.168.30.20', 0, '0000-00-00 00:00:00', '');

-- --------------------------------------------------------

--
-- Table structure for table `ft_import_file_header1_data`
--

CREATE TABLE IF NOT EXISTS `ft_import_file_header1_data` (
`id` int(12) NOT NULL,
  `file_id` int(12) NOT NULL,
  `record_type` varchar(100) NOT NULL,
  `sequence_number` varchar(100) NOT NULL,
  `file_type` varchar(100) NOT NULL,
  `super_sheet_date` date NOT NULL,
  `processed_date` date NOT NULL,
  `processed_time` time NOT NULL,
  `job_name` varchar(100) NOT NULL,
  `file_format_code` varchar(100) NOT NULL,
  `request_number` varchar(100) NOT NULL,
  `extra_*_1` varchar(100) NOT NULL,
  `system_id` varchar(100) NOT NULL,
  `management_code` varchar(100) NOT NULL,
  `extra_*_2` varchar(100) NOT NULL,
  `populated_by_dst` varchar(100) NOT NULL,
  `variable_universal_life` varchar(100) NOT NULL,
  `unused_RHR_001` varchar(100) NOT NULL,
  `status` tinyint(1) NOT NULL DEFAULT '1',
  `is_delete` tinyint(1) NOT NULL DEFAULT '0',
  `created_by` int(12) NOT NULL,
  `created_time` datetime NOT NULL,
  `created_ip` varchar(100) NOT NULL,
  `modified_by` int(12) NOT NULL,
  `modified_time` datetime NOT NULL,
  `modified_ip` varchar(100) NOT NULL
) ENGINE=InnoDB AUTO_INCREMENT=6 DEFAULT CHARSET=latin1;

--
-- Dumping data for table `ft_import_file_header1_data`
--

INSERT INTO `ft_import_file_header1_data` (`id`, `file_id`, `record_type`, `sequence_number`, `file_type`, `super_sheet_date`, `processed_date`, `processed_time`, `job_name`, `file_format_code`, `request_number`, `extra_*_1`, `system_id`, `management_code`, `extra_*_2`, `populated_by_dst`, `variable_universal_life`, `unused_RHR_001`, `status`, `is_delete`, `created_by`, `created_time`, `created_ip`, `modified_by`, `modified_time`, `modified_ip`) VALUES
(1, 27, 'RHR', '001', 'NONFINANCIALACT', '2008-02-26', '2008-02-26', '05:30:00', 'DTDMU705', '022', '0000001', '*', 'DST', 'BH', '*', 'R', ' ', '                                                                                        ', 1, 0, 3, '2018-07-11 11:29:13', '192.168.30.20', 0, '0000-00-00 00:00:00', ''),
(2, 17, 'RHR', '001', 'NEWACCT ACTIVIT', '2008-02-05', '2008-02-05', '05:30:00', 'AEDMU109', '016', '0000001', '*', 'AME', 'RI', '*', 'V', '', '', 1, 0, 3, '2018-07-11 14:15:50', '192.168.30.20', 0, '0000-00-00 00:00:00', ''),
(3, 26, 'RHR', '001', 'ACCT MASTER POS', '2007-08-13', '2007-08-13', '05:30:00', 'DHDMU624', '017', '0001556', '*', 'DFH', 'FA', '*', ' ', ' ', '                                                                                        ', 1, 0, 3, '2018-07-11 15:02:57', '192.168.30.20', 0, '0000-00-00 00:00:00', ''),
(4, 16, 'RHR', '001', 'NEWACCT ACTIVIT', '2008-02-05', '2008-02-05', '05:30:00', 'AEDMU109', '016', '0000001', '*', 'AME', 'RI', '*', 'V', '', '', 1, 0, 3, '2018-07-11 16:04:19', '192.168.30.20', 0, '0000-00-00 00:00:00', ''),
(5, 20, 'RHR', '001', 'ACCT MASTER POS', '2008-01-14', '2008-01-15', '05:30:00', 'AEDMU624', '017', '0000001', '*', 'AME', 'RI', '*', 'V', ' ', '                                                                                        ', 1, 0, 3, '2018-07-11 16:17:34', '192.168.30.20', 0, '0000-00-00 00:00:00', '');

-- --------------------------------------------------------

--
-- Table structure for table `ft_import_file_header2_data`
--

CREATE TABLE IF NOT EXISTS `ft_import_file_header2_data` (
`id` int(12) NOT NULL,
  `file_id` int(12) NOT NULL,
  `header_id` int(12) NOT NULL,
  `record_type1` varchar(100) NOT NULL,
  `sequence_number1` varchar(100) NOT NULL,
  `anniversary_date` date NOT NULL,
  `issue_date` date NOT NULL,
  `product_code` varchar(100) NOT NULL,
  `policy_contract_number` varchar(100) NOT NULL,
  `death_benefit_option` varchar(100) NOT NULL,
  `current_policy_face_amount` varchar(100) NOT NULL,
  `current_sum_of_riders` varchar(100) NOT NULL,
  `current_face_amount_including_sum_of_riders` varchar(100) NOT NULL,
  `name_of_primary_beneficiary` varchar(100) NOT NULL,
  `multiple_primary_beneficiary(M)` varchar(100) NOT NULL,
  `name_of_secondary_beneficiary` varchar(100) NOT NULL,
  `multiple_secondary_beneficiary(M)` varchar(100) NOT NULL,
  `policy_status` varchar(100) NOT NULL,
  `unused_PLH_001` varchar(100) NOT NULL,
  `record_type2` varchar(100) NOT NULL,
  `sequence_number2` varchar(100) NOT NULL,
  `billing_type` varchar(100) NOT NULL,
  `billing_frequency` varchar(100) NOT NULL,
  `billing_amount` varchar(100) NOT NULL,
  `guideline_annual_premium` varchar(100) NOT NULL,
  `guideline_single_premium` varchar(100) NOT NULL,
  `target_premium` varchar(100) NOT NULL,
  `no_lapse_guarantee_premium` varchar(100) NOT NULL,
  `seven_pay_premium` varchar(100) NOT NULL,
  `MEC_indicator` varchar(100) NOT NULL,
  `unused_PLH_002` varchar(100) NOT NULL,
  `status` tinyint(1) NOT NULL DEFAULT '1',
  `is_delete` tinyint(1) NOT NULL DEFAULT '0',
  `created_by` int(12) NOT NULL,
  `created_time` datetime NOT NULL,
  `created_ip` varchar(100) NOT NULL,
  `modified_by` int(12) NOT NULL,
  `modified_time` datetime NOT NULL,
  `modified_ip` varchar(100) NOT NULL
) ENGINE=InnoDB DEFAULT CHARSET=latin1;

-- --------------------------------------------------------

--
-- Table structure for table `ft_import_ftp_master`
--

CREATE TABLE IF NOT EXISTS `ft_import_ftp_master` (
`id` int(12) NOT NULL,
  `host_name` varchar(100) NOT NULL,
  `user_name` varchar(100) NOT NULL,
  `password` varchar(100) NOT NULL,
  `folder_location` varchar(100) NOT NULL,
  `ftp_file_type` int(12) NOT NULL,
  `status` tinyint(1) NOT NULL DEFAULT '1',
  `is_delete` tinyint(1) NOT NULL DEFAULT '0',
  `created_by` int(12) NOT NULL,
  `created_time` datetime NOT NULL,
  `created_ip` varchar(100) NOT NULL,
  `modified_by` int(12) NOT NULL,
  `modified_time` datetime NOT NULL,
  `modified_ip` varchar(100) NOT NULL
) ENGINE=InnoDB AUTO_INCREMENT=4 DEFAULT CHARSET=latin1;

--
-- Dumping data for table `ft_import_ftp_master`
--

INSERT INTO `ft_import_ftp_master` (`id`, `host_name`, `user_name`, `password`, `folder_location`, `ftp_file_type`, `status`, `is_delete`, `created_by`, `created_time`, `created_ip`, `modified_by`, `modified_time`, `modified_ip`) VALUES
(1, 'filetransfer.financialtrans.com', 'cm001227', 'RXNSUys2TUY5Z3pRUzNQd045SWRIZz09', 'E:\\foxtrot_idc_file', 2, 1, 0, 3, '2018-03-09 08:26:41', '192.168.30.30', 3, '2018-03-09 08:47:51', '192.168.30.30'),
(2, 'filetransfer.financialtrans.com', 'fmtsthtp', 'M1VsbXhNSURIa1dSNXlqcmYzOVYxQT09', 'E:\\\\foxtrot_mail_file', 1, 1, 0, 3, '2018-03-09 20:14:47', '192.168.30.30', 0, '0000-00-00 00:00:00', ''),
(3, 'testdfgdfg', 'aksham', 'bUd1R0xhTVl5ZWdjNCtRSEhiQ3lxZz09', 'E:/foxtrot', 1, 1, 1, 3, '2018-06-19 10:59:40', '192.168.30.20', 3, '2018-06-19 11:06:19', '192.168.30.20');

-- --------------------------------------------------------

--
-- Table structure for table `ft_import_idcfile_detail_data`
--

CREATE TABLE IF NOT EXISTS `ft_import_idcfile_detail_data` (
`id` int(12) NOT NULL,
  `file_id` int(12) NOT NULL,
  `idc_header_id` int(12) NOT NULL,
  `commission_record_type_code` varchar(100) NOT NULL,
  `dealer_number` varchar(100) NOT NULL,
  `dealer_branch_number` varchar(100) NOT NULL,
  `representative_number` varchar(100) NOT NULL,
  `representative_name` varchar(100) NOT NULL,
  `CUSIP_number` varchar(100) NOT NULL,
  `alpha_code` varchar(100) NOT NULL,
  `trade_date` date NOT NULL,
  `gross_transaction_amount` decimal(8,2) NOT NULL,
  `gross_amount_sign_code` varchar(100) NOT NULL,
  `dealer_commission_amount` decimal(8,2) NOT NULL,
  `commission_rate` varchar(100) NOT NULL,
  `customer_account_number` varchar(100) NOT NULL,
  `account_number_type_code` varchar(100) NOT NULL,
  `purchase_type_code` varchar(100) NOT NULL,
  `social_code` varchar(100) NOT NULL,
  `cumulative_discount_number` varchar(100) NOT NULL,
  `letter_of_intent(LOI)_number` varchar(100) NOT NULL,
  `social_security_number` varchar(100) NOT NULL,
  `social_security_number_status_code` varchar(100) NOT NULL,
  `transaction_share_count` varchar(100) NOT NULL,
  `share_price_amount` varchar(100) NOT NULL,
  `resident_state_country_code` varchar(100) NOT NULL,
  `dealer_commission_sign_code` varchar(100) NOT NULL,
  `on_hold` tinyint(1) NOT NULL DEFAULT '0',
  `status` tinyint(1) NOT NULL DEFAULT '0',
  `is_delete` tinyint(1) NOT NULL DEFAULT '0',
  `created_by` int(12) NOT NULL,
  `created_time` datetime NOT NULL,
  `created_ip` varchar(100) NOT NULL,
  `modified_by` int(12) NOT NULL,
  `modified_time` datetime NOT NULL,
  `modified_ip` varchar(100) NOT NULL
) ENGINE=InnoDB AUTO_INCREMENT=25 DEFAULT CHARSET=latin1;

--
-- Dumping data for table `ft_import_idcfile_detail_data`
--

INSERT INTO `ft_import_idcfile_detail_data` (`id`, `file_id`, `idc_header_id`, `commission_record_type_code`, `dealer_number`, `dealer_branch_number`, `representative_number`, `representative_name`, `CUSIP_number`, `alpha_code`, `trade_date`, `gross_transaction_amount`, `gross_amount_sign_code`, `dealer_commission_amount`, `commission_rate`, `customer_account_number`, `account_number_type_code`, `purchase_type_code`, `social_code`, `cumulative_discount_number`, `letter_of_intent(LOI)_number`, `social_security_number`, `social_security_number_status_code`, `transaction_share_count`, `share_price_amount`, `resident_state_country_code`, `dealer_commission_sign_code`, `on_hold`, `status`, `is_delete`, `created_by`, `created_time`, `created_ip`, `modified_by`, `modified_time`, `modified_ip`) VALUES
(1, 1, 1, '1', '0000006', '000      ', 'C49      ', 'DANIEL C SULLIVAN             ', '30293E102', 'TROYEKAREA', '2016-04-27', '25000.00', '0', '1187.50', '47500', '00150247194         ', 'F', '1', '005', '000000000', '000000000', '877445555', '2', '000000023041470', '000108500', '034', '0', 1, 0, 0, 3, '2018-06-19 11:08:46', '192.168.30.20', 0, '0000-00-00 00:00:00', ''),
(2, 1, 1, '1', '0000006', '000      ', 'A04      ', 'CHERYL D DORKO                ', '30293E102', 'DREHECHRID', '2016-04-27', '20000.00', '0', '950.00', '47500', '00150247581         ', 'F', '1', '253', '000000000', '000000000', '874554444', '2', '000000018433180', '000108500', '034', '0', 0, 0, 0, 3, '2018-06-19 11:08:46', '192.168.30.20', 0, '0000-00-00 00:00:00', ''),
(3, 1, 1, '1', '0000006', '000      ', 'A04      ', 'CHERYL D DORKO                ', '30293E102', 'GERBEGLEND', '2016-04-27', '10000.00', '0', '475.00', '47500', '00150247590         ', 'F', '1', '253', '000000000', '000000000', '112332144', '2', '000000000616590', '000108500', '034', '0', 0, 0, 0, 3, '2018-06-19 11:08:46', '192.168.30.20', 0, '0000-00-00 00:00:00', ''),
(4, 1, 1, '1', '0000006', '000048   ', '000025   ', 'DONALD K LAXTON               ', '30293E102', 'MEYERGERIA', '2016-04-27', '6500.00', '0', '308.75', '47500', '00150247184         ', 'F', '1', '253', '000000000', '000000000', '111442211', '2', '000000005990780', '000108500', '024', '0', 0, 0, 0, 3, '2018-06-19 11:08:46', '192.168.30.20', 0, '0000-00-00 00:00:00', ''),
(5, 1, 1, '1', '0000006', '000048   ', '000025   ', 'DONALD K LAXTON               ', '30293E102', 'MEYERBARR-', '2016-04-27', '6380.00', '0', '303.05', '47500', '00150247582         ', 'F', '1', '253', '000000000', '000000000', '305625333', '2', '000000005880180', '000108500', '024', '0', 0, 0, 0, 3, '2018-06-19 11:08:46', '192.168.30.20', 0, '0000-00-00 00:00:00', ''),
(6, 1, 1, '1', '0000006', '002      ', '1703     ', 'ROBERT S FENTON               ', '30293E102', 'TRAVIWILLE', '2016-04-27', '25000.00', '0', '1187.50', '47500', '00150247337         ', 'F', '1', '253', '000000000', '000000000', '888778877', '2', '000000023041470', '000108500', '016', '0', 0, 0, 0, 3, '2018-06-19 11:08:46', '192.168.30.20', 0, '0000-00-00 00:00:00', ''),
(7, 12, 2, '1', '0000006', '000      ', 'C49      ', 'DANIEL C SULLIVAN             ', '30293E102', 'TROYEKAREA', '2016-04-27', '25000.00', '0', '1187.50', '47500', '00150247194         ', 'F', '1', '005', '000000000', '000000000', '877445555', '2', '000000023041470', '000108500', '034', '0', 0, 0, 0, 3, '2018-06-28 10:45:08', '192.168.30.20', 0, '0000-00-00 00:00:00', ''),
(8, 12, 2, '1', '0000006', '000      ', 'A04      ', 'CHERYL D DORKO                ', '30293E102', 'DREHECHRID', '2016-04-27', '20000.00', '0', '950.00', '47500', '00150247581         ', 'F', '1', '253', '000000000', '000000000', '874554444', '2', '000000018433180', '000108500', '034', '0', 0, 0, 0, 3, '2018-06-28 10:45:08', '192.168.30.20', 0, '0000-00-00 00:00:00', ''),
(9, 12, 2, '1', '0000006', '000      ', 'A04      ', 'CHERYL D DORKO                ', '30293E102', 'GERBEGLEND', '2016-04-27', '10000.00', '0', '475.00', '47500', '00150247590         ', 'F', '1', '253', '000000000', '000000000', '112332144', '2', '000000000616590', '000108500', '034', '0', 0, 0, 0, 3, '2018-06-28 10:45:08', '192.168.30.20', 0, '0000-00-00 00:00:00', ''),
(10, 12, 2, '1', '0000006', '000048   ', '000025   ', 'DONALD K LAXTON               ', '30293E102', 'MEYERGERIA', '2016-04-27', '6500.00', '0', '308.75', '47500', '00150247184         ', 'F', '1', '253', '000000000', '000000000', '111442211', '2', '000000005990780', '000108500', '024', '0', 0, 0, 0, 3, '2018-06-28 10:45:08', '192.168.30.20', 0, '0000-00-00 00:00:00', ''),
(11, 12, 2, '1', '0000006', '000048   ', '000025   ', 'DONALD K LAXTON               ', '30293E102', 'MEYERBARR-', '2016-04-27', '6380.00', '0', '303.05', '47500', '00150247582         ', 'F', '1', '253', '000000000', '000000000', '305625333', '2', '000000005880180', '000108500', '024', '0', 0, 0, 0, 3, '2018-06-28 10:45:08', '192.168.30.20', 0, '0000-00-00 00:00:00', ''),
(12, 12, 2, '1', '0000006', '002      ', '1703     ', 'ROBERT S FENTON               ', '30293E102', 'TRAVIWILLE', '2016-04-27', '25000.00', '0', '1187.50', '47500', '00150247337         ', 'F', '1', '253', '000000000', '000000000', '888778877', '2', '000000023041470', '000108500', '016', '0', 0, 0, 0, 3, '2018-06-28 10:45:08', '192.168.30.20', 0, '0000-00-00 00:00:00', ''),
(13, 2, 3, '1', '0000006', '000      ', 'C49      ', 'DANIEL C SULLIVAN             ', '30293E102', 'TROYEKAREA', '2016-04-27', '25000.00', '0', '1187.50', '47500', '00150247194         ', 'F', '1', '005', '000000000', '000000000', '877445555', '2', '000000023041470', '000108500', '034', '0', 0, 0, 0, 3, '2018-07-11 15:18:10', '192.168.30.20', 0, '0000-00-00 00:00:00', ''),
(14, 2, 3, '1', '0000006', '000      ', 'A04      ', 'CHERYL D DORKO                ', '30293E102', 'DREHECHRID', '2016-04-27', '20000.00', '0', '950.00', '47500', '00150247581         ', 'F', '1', '253', '000000000', '000000000', '874554444', '2', '000000018433180', '000108500', '034', '0', 0, 0, 0, 3, '2018-07-11 15:18:10', '192.168.30.20', 0, '0000-00-00 00:00:00', ''),
(15, 2, 3, '1', '0000006', '000      ', 'A04      ', 'CHERYL D DORKO                ', '30293E102', 'GERBEGLEND', '2016-04-27', '10000.00', '0', '475.00', '47500', '00150247590         ', 'F', '1', '253', '000000000', '000000000', '112332144', '2', '000000000616590', '000108500', '034', '0', 0, 0, 0, 3, '2018-07-11 15:18:10', '192.168.30.20', 0, '0000-00-00 00:00:00', ''),
(16, 2, 3, '1', '0000006', '000048   ', '000025   ', 'DONALD K LAXTON               ', '30293E102', 'MEYERGERIA', '2016-04-27', '6500.00', '0', '308.75', '47500', '00150247184         ', 'F', '1', '253', '000000000', '000000000', '111442211', '2', '000000005990780', '000108500', '024', '0', 0, 0, 0, 3, '2018-07-11 15:18:10', '192.168.30.20', 0, '0000-00-00 00:00:00', ''),
(17, 2, 3, '1', '0000006', '000048   ', '000025   ', 'DONALD K LAXTON               ', '30293E102', 'MEYERBARR-', '2016-04-27', '6380.00', '0', '303.05', '47500', '00150247582         ', 'F', '1', '253', '000000000', '000000000', '305625333', '2', '000000005880180', '000108500', '024', '0', 0, 0, 0, 3, '2018-07-11 15:18:10', '192.168.30.20', 0, '0000-00-00 00:00:00', ''),
(18, 2, 3, '1', '0000006', '002      ', '1703     ', 'ROBERT S FENTON               ', '30293E102', 'TRAVIWILLE', '2016-04-27', '25000.00', '0', '1187.50', '47500', '00150247337         ', 'F', '1', '253', '000000000', '000000000', '888778877', '2', '000000023041470', '000108500', '016', '0', 0, 0, 0, 3, '2018-07-11 15:18:10', '192.168.30.20', 0, '0000-00-00 00:00:00', ''),
(19, 3, 4, '1', '0000006', '000      ', 'C49      ', 'DANIEL C SULLIVAN             ', '30293E102', 'TROYEKAREA', '2016-04-27', '25000.00', '0', '1187.50', '47500', '00150247194         ', 'F', '1', '005', '000000000', '000000000', '877445555', '2', '000000023041470', '000108500', '034', '0', 0, 0, 0, 3, '2018-07-11 16:17:24', '192.168.30.20', 0, '0000-00-00 00:00:00', ''),
(20, 3, 4, '1', '0000006', '000      ', 'A04      ', 'CHERYL D DORKO                ', '30293E102', 'DREHECHRID', '2016-04-27', '20000.00', '0', '950.00', '47500', '00150247581         ', 'F', '1', '253', '000000000', '000000000', '874554444', '2', '000000018433180', '000108500', '034', '0', 0, 0, 0, 3, '2018-07-11 16:17:24', '192.168.30.20', 0, '0000-00-00 00:00:00', ''),
(21, 3, 4, '1', '0000006', '000      ', 'A04      ', 'CHERYL D DORKO                ', '30293E102', 'GERBEGLEND', '2016-04-27', '10000.00', '0', '475.00', '47500', '00150247590         ', 'F', '1', '253', '000000000', '000000000', '112332144', '2', '000000000616590', '000108500', '034', '0', 0, 0, 0, 3, '2018-07-11 16:17:24', '192.168.30.20', 0, '0000-00-00 00:00:00', ''),
(22, 3, 4, '1', '0000006', '000048   ', '000025   ', 'DONALD K LAXTON               ', '30293E102', 'MEYERGERIA', '2016-04-27', '6500.00', '0', '308.75', '47500', '00150247184         ', 'F', '1', '253', '000000000', '000000000', '111442211', '2', '000000005990780', '000108500', '024', '0', 0, 0, 0, 3, '2018-07-11 16:17:24', '192.168.30.20', 0, '0000-00-00 00:00:00', ''),
(23, 3, 4, '1', '0000006', '000048   ', '000025   ', 'DONALD K LAXTON               ', '30293E102', 'MEYERBARR-', '2016-04-27', '6380.00', '0', '303.05', '47500', '00150247582         ', 'F', '1', '253', '000000000', '000000000', '305625333', '2', '000000005880180', '000108500', '024', '0', 0, 0, 0, 3, '2018-07-11 16:17:24', '192.168.30.20', 0, '0000-00-00 00:00:00', ''),
(24, 3, 4, '1', '0000006', '002      ', '1703     ', 'ROBERT S FENTON               ', '30293E102', 'TRAVIWILLE', '2016-04-27', '25000.00', '0', '1187.50', '47500', '00150247337         ', 'F', '1', '253', '000000000', '000000000', '888778877', '2', '000000023041470', '000108500', '016', '0', 0, 0, 0, 3, '2018-07-11 16:17:24', '192.168.30.20', 0, '0000-00-00 00:00:00', '');

-- --------------------------------------------------------

--
-- Table structure for table `ft_import_idcfile_footer_data`
--

CREATE TABLE IF NOT EXISTS `ft_import_idcfile_footer_data` (
`id` int(12) NOT NULL,
  `file_id` int(12) NOT NULL,
  `idc_header_id` int(12) NOT NULL,
  `record_type` varchar(100) NOT NULL,
  `file_type` varchar(100) NOT NULL,
  `trailer_record_count` varchar(100) NOT NULL,
  `unused_RTR` varchar(100) NOT NULL,
  `status` tinyint(1) NOT NULL DEFAULT '1',
  `is_delete` tinyint(1) NOT NULL DEFAULT '0',
  `created_by` int(12) NOT NULL,
  `created_time` datetime NOT NULL,
  `created_ip` varchar(100) NOT NULL,
  `modified_by` int(12) NOT NULL,
  `modified_time` datetime NOT NULL,
  `modified_ip` varchar(100) NOT NULL
) ENGINE=InnoDB AUTO_INCREMENT=5 DEFAULT CHARSET=latin1;

--
-- Dumping data for table `ft_import_idcfile_footer_data`
--

INSERT INTO `ft_import_idcfile_footer_data` (`id`, `file_id`, `idc_header_id`, `record_type`, `file_type`, `trailer_record_count`, `unused_RTR`, `status`, `is_delete`, `created_by`, `created_time`, `created_ip`, `modified_by`, `modified_time`, `modified_ip`) VALUES
(1, 1, 1, 'RTR', 'COMMISSION', '0000026', '                                                                                                    ', 1, 0, 3, '2018-06-19 11:08:46', '192.168.30.20', 0, '0000-00-00 00:00:00', ''),
(2, 12, 2, 'RTR', 'COMMISSION', '0000026', '                                                                                                    ', 1, 0, 3, '2018-06-28 10:45:08', '192.168.30.20', 0, '0000-00-00 00:00:00', ''),
(3, 2, 3, 'RTR', 'COMMISSION', '0000026', '                                                                                                    ', 1, 0, 3, '2018-07-11 15:18:10', '192.168.30.20', 0, '0000-00-00 00:00:00', ''),
(4, 3, 4, 'RTR', 'COMMISSION', '0000026', '                                                                                                    ', 1, 0, 3, '2018-07-11 16:17:24', '192.168.30.20', 0, '0000-00-00 00:00:00', '');

-- --------------------------------------------------------

--
-- Table structure for table `ft_import_idcfile_header_data`
--

CREATE TABLE IF NOT EXISTS `ft_import_idcfile_header_data` (
`id` int(12) NOT NULL,
  `file_id` int(12) NOT NULL,
  `record_type` varchar(100) NOT NULL,
  `file_type` varchar(100) NOT NULL,
  `system_id` varchar(100) NOT NULL,
  `management_code` varchar(100) NOT NULL,
  `fund_sponsor_id` varchar(100) NOT NULL,
  `transmission_date` date NOT NULL,
  `unused_RHR` varchar(100) NOT NULL,
  `status` tinyint(1) NOT NULL DEFAULT '1',
  `is_delete` tinyint(1) NOT NULL DEFAULT '0',
  `created_by` int(12) NOT NULL,
  `created_time` datetime NOT NULL,
  `created_ip` varchar(100) NOT NULL,
  `modified_by` int(12) NOT NULL,
  `modified_time` datetime NOT NULL,
  `modified_ip` varchar(100) NOT NULL
) ENGINE=InnoDB AUTO_INCREMENT=5 DEFAULT CHARSET=latin1;

--
-- Dumping data for table `ft_import_idcfile_header_data`
--

INSERT INTO `ft_import_idcfile_header_data` (`id`, `file_id`, `record_type`, `file_type`, `system_id`, `management_code`, `fund_sponsor_id`, `transmission_date`, `unused_RHR`, `status`, `is_delete`, `created_by`, `created_time`, `created_ip`, `modified_by`, `modified_time`, `modified_ip`) VALUES
(1, 1, 'RHR', 'COMMISSION', 'MFB', 'BR', '     ', '2016-08-15', '                                                                                                    ', 1, 0, 3, '2018-06-19 11:08:46', '192.168.30.20', 0, '0000-00-00 00:00:00', ''),
(2, 12, 'RHR', 'COMMISSION', 'MFB', 'BR', '     ', '2016-08-15', '                                                                                                    ', 1, 0, 3, '2018-06-28 10:45:08', '192.168.30.20', 0, '0000-00-00 00:00:00', ''),
(3, 2, 'RHR', 'COMMISSION', 'MFB', 'BR', '     ', '2016-08-15', '                                                                                                    ', 1, 0, 3, '2018-07-11 15:18:10', '192.168.30.20', 0, '0000-00-00 00:00:00', ''),
(4, 3, 'RHR', 'COMMISSION', 'MFB', 'BR', '     ', '2016-08-15', '                                                                                                    ', 1, 0, 3, '2018-07-11 16:17:24', '192.168.30.20', 0, '0000-00-00 00:00:00', '');

-- --------------------------------------------------------

--
-- Table structure for table `ft_import_sfrfile_detail_data`
--

CREATE TABLE IF NOT EXISTS `ft_import_sfrfile_detail_data` (
`id` int(12) NOT NULL,
  `file_id` int(12) NOT NULL,
  `sfr_header_id` int(12) NOT NULL,
  `record_type1` varchar(100) NOT NULL,
  `sequence_number1` varchar(100) NOT NULL,
  `cusip_number` varchar(100) NOT NULL,
  `fund_code` varchar(100) NOT NULL,
  `fund_name` varchar(100) NOT NULL,
  `product_name` varchar(100) NOT NULL,
  `ticker_symbol` varchar(100) NOT NULL,
  `major_security_type` varchar(100) NOT NULL,
  `unused` varchar(100) NOT NULL,
  `status` tinyint(1) NOT NULL DEFAULT '1',
  `is_delete` tinyint(1) NOT NULL DEFAULT '0',
  `created_by` int(12) NOT NULL,
  `created_time` datetime NOT NULL,
  `created_ip` varchar(100) NOT NULL,
  `modified_by` int(12) NOT NULL,
  `modified_time` datetime NOT NULL,
  `modified_ip` varchar(100) NOT NULL
) ENGINE=InnoDB AUTO_INCREMENT=3 DEFAULT CHARSET=latin1;

--
-- Dumping data for table `ft_import_sfrfile_detail_data`
--

INSERT INTO `ft_import_sfrfile_detail_data` (`id`, `file_id`, `sfr_header_id`, `record_type1`, `sequence_number1`, `cusip_number`, `fund_code`, `fund_name`, `product_name`, `ticker_symbol`, `major_security_type`, `unused`, `status`, `is_delete`, `created_by`, `created_time`, `created_ip`, `modified_by`, `modified_time`, `modified_ip`) VALUES
(1, 26, 1, 'SFR', '001', '416645505', '0000228', 'THE HARTFORD CAPITAL APPRECIATION FD-B  ', '                                      ', 'IHCAX   ', 'RT', '                                                  ', 1, 0, 3, '2018-07-11 15:02:57', '192.168.30.20', 0, '0000-00-00 00:00:00', ''),
(2, 26, 1, 'SFR', '001', '416645406', '0000214', 'THE HARTFORD CAPITAL APPRECIATION FD-A  ', '                                      ', 'ITHAX   ', 'MF', '                                                  ', 1, 0, 3, '2018-07-11 15:02:57', '192.168.30.20', 0, '0000-00-00 00:00:00', '');

-- --------------------------------------------------------

--
-- Table structure for table `ft_import_sfrfile_footer_data`
--

CREATE TABLE IF NOT EXISTS `ft_import_sfrfile_footer_data` (
`id` int(12) NOT NULL,
  `file_id` int(12) NOT NULL,
  `sfr_header_id` int(12) NOT NULL,
  `record_type` varchar(100) NOT NULL,
  `sequence_number` varchar(100) NOT NULL,
  `file_type` varchar(100) NOT NULL,
  `trailer_record_count` varchar(100) NOT NULL,
  `unused` varchar(100) NOT NULL,
  `status` tinyint(1) NOT NULL DEFAULT '1',
  `is_delete` tinyint(1) NOT NULL DEFAULT '0',
  `created_by` int(12) NOT NULL,
  `created_time` datetime NOT NULL,
  `created_ip` varchar(100) NOT NULL,
  `modified_by` int(12) NOT NULL,
  `modified_time` datetime NOT NULL,
  `modified_ip` varchar(100) NOT NULL
) ENGINE=InnoDB AUTO_INCREMENT=2 DEFAULT CHARSET=latin1;

--
-- Dumping data for table `ft_import_sfrfile_footer_data`
--

INSERT INTO `ft_import_sfrfile_footer_data` (`id`, `file_id`, `sfr_header_id`, `record_type`, `sequence_number`, `file_type`, `trailer_record_count`, `unused`, `status`, `is_delete`, `created_by`, `created_time`, `created_ip`, `modified_by`, `modified_time`, `modified_ip`) VALUES
(1, 26, 1, 'RTR', '001', 'SECURITY FILE  ', '000000004', '                                                                                                    ', 1, 0, 3, '2018-07-11 15:02:57', '192.168.30.20', 0, '0000-00-00 00:00:00', '');

-- --------------------------------------------------------

--
-- Table structure for table `ft_import_sfrfile_header_data`
--

CREATE TABLE IF NOT EXISTS `ft_import_sfrfile_header_data` (
`id` int(12) NOT NULL,
  `file_id` int(12) NOT NULL,
  `record_type` varchar(100) NOT NULL,
  `sequence_number` varchar(100) NOT NULL,
  `file_type` varchar(100) NOT NULL,
  `super_sheet_date` date NOT NULL,
  `processed_date` date NOT NULL,
  `processed_time` time NOT NULL,
  `job_name` varchar(100) NOT NULL,
  `file_format_code` varchar(100) NOT NULL,
  `request_number` varchar(100) NOT NULL,
  `extra_*_1` varchar(100) NOT NULL,
  `system_id` varchar(100) NOT NULL,
  `management_code` varchar(100) NOT NULL,
  `extra_*_2` varchar(100) NOT NULL,
  `unused_mutual_fund` varchar(100) NOT NULL,
  `life_date_type` varchar(100) NOT NULL,
  `unused_RHR_001` varchar(100) NOT NULL,
  `status` tinyint(1) NOT NULL DEFAULT '1',
  `is_delete` tinyint(1) NOT NULL DEFAULT '0',
  `created_by` int(12) NOT NULL,
  `created_time` datetime NOT NULL,
  `created_ip` varchar(100) NOT NULL,
  `modified_by` int(12) NOT NULL,
  `modified_time` datetime NOT NULL,
  `modified_ip` varchar(100) NOT NULL
) ENGINE=InnoDB AUTO_INCREMENT=2 DEFAULT CHARSET=latin1;

--
-- Dumping data for table `ft_import_sfrfile_header_data`
--

INSERT INTO `ft_import_sfrfile_header_data` (`id`, `file_id`, `record_type`, `sequence_number`, `file_type`, `super_sheet_date`, `processed_date`, `processed_time`, `job_name`, `file_format_code`, `request_number`, `extra_*_1`, `system_id`, `management_code`, `extra_*_2`, `unused_mutual_fund`, `life_date_type`, `unused_RHR_001`, `status`, `is_delete`, `created_by`, `created_time`, `created_ip`, `modified_by`, `modified_time`, `modified_ip`) VALUES
(1, 26, 'RHR', '001', 'SECURITY FILE  ', '2007-08-13', '2007-08-13', '05:30:00', 'SECURITY', '924', '0001556', '*', 'DFH', 'FA', '*', ' ', ' ', '                                                                                        ', 1, 0, 3, '2018-07-11 15:02:57', '192.168.30.20', 0, '0000-00-00 00:00:00', '');

-- --------------------------------------------------------

--
-- Table structure for table `ft_income_master`
--

CREATE TABLE IF NOT EXISTS `ft_income_master` (
`id` int(11) NOT NULL,
  `option` varchar(100) NOT NULL,
  `u_id` int(8) NOT NULL,
  `status` tinyint(1) NOT NULL DEFAULT '1',
  `is_delete` tinyint(1) NOT NULL DEFAULT '0',
  `created_by` int(12) NOT NULL,
  `created_time` datetime NOT NULL,
  `created_ip` varchar(100) NOT NULL,
  `modified_by` int(12) NOT NULL,
  `modified_time` datetime NOT NULL,
  `modified_ip` varchar(100) NOT NULL
) ENGINE=InnoDB AUTO_INCREMENT=3 DEFAULT CHARSET=latin1;

--
-- Dumping data for table `ft_income_master`
--

INSERT INTO `ft_income_master` (`id`, `option`, `u_id`, `status`, `is_delete`, `created_by`, `created_time`, `created_ip`, `modified_by`, `modified_time`, `modified_ip`) VALUES
(1, '0-49999', 0, 1, 0, 1, '2018-01-31 18:57:20', '76.176.130.44', 0, '0000-00-00 00:00:00', ''),
(2, '50000-149999', 0, 1, 0, 1, '2018-01-31 18:57:33', '76.176.130.44', 0, '0000-00-00 00:00:00', '');

-- --------------------------------------------------------

--
-- Table structure for table `ft_liqudity_needs_master`
--

CREATE TABLE IF NOT EXISTS `ft_liqudity_needs_master` (
`id` int(11) NOT NULL,
  `option` varchar(100) NOT NULL,
  `u_id` int(8) NOT NULL,
  `status` tinyint(1) NOT NULL DEFAULT '1',
  `is_delete` tinyint(1) NOT NULL DEFAULT '0',
  `created_by` int(12) NOT NULL,
  `created_time` datetime NOT NULL,
  `created_ip` varchar(100) NOT NULL,
  `modified_by` int(12) NOT NULL,
  `modified_time` datetime NOT NULL,
  `modified_ip` varchar(100) NOT NULL
) ENGINE=InnoDB AUTO_INCREMENT=2 DEFAULT CHARSET=latin1;

--
-- Dumping data for table `ft_liqudity_needs_master`
--

INSERT INTO `ft_liqudity_needs_master` (`id`, `option`, `u_id`, `status`, `is_delete`, `created_by`, `created_time`, `created_ip`, `modified_by`, `modified_time`, `modified_ip`) VALUES
(1, '5600', 0, 1, 0, 3, '2018-02-27 16:14:25', '192.168.30.30', 0, '0000-00-00 00:00:00', '');

-- --------------------------------------------------------

--
-- Table structure for table `ft_liquid_net_worth_master`
--

CREATE TABLE IF NOT EXISTS `ft_liquid_net_worth_master` (
`id` int(11) NOT NULL,
  `option` varchar(100) NOT NULL,
  `u_id` int(8) NOT NULL,
  `status` tinyint(1) NOT NULL DEFAULT '1',
  `is_delete` tinyint(1) NOT NULL DEFAULT '0',
  `created_by` int(12) NOT NULL,
  `created_time` datetime NOT NULL,
  `created_ip` varchar(100) NOT NULL,
  `modified_by` int(12) NOT NULL,
  `modified_time` datetime NOT NULL,
  `modified_ip` varchar(100) NOT NULL
) ENGINE=InnoDB AUTO_INCREMENT=3 DEFAULT CHARSET=latin1;

--
-- Dumping data for table `ft_liquid_net_worth_master`
--

INSERT INTO `ft_liquid_net_worth_master` (`id`, `option`, `u_id`, `status`, `is_delete`, `created_by`, `created_time`, `created_ip`, `modified_by`, `modified_time`, `modified_ip`) VALUES
(1, '40000', 0, 1, 0, 4, '2017-12-09 11:37:58', '192.168.30.30', 0, '0000-00-00 00:00:00', ''),
(2, '400', 0, 1, 0, 3, '2018-02-27 16:14:48', '192.168.30.30', 0, '0000-00-00 00:00:00', '');

-- --------------------------------------------------------

--
-- Table structure for table `ft_multicompany_attach`
--

CREATE TABLE IF NOT EXISTS `ft_multicompany_attach` (
`id` int(12) NOT NULL,
  `date` datetime NOT NULL,
  `user_id` varchar(100) NOT NULL,
  `attach` varchar(100) NOT NULL,
  `file_name` varchar(50) NOT NULL,
  `status` tinyint(1) NOT NULL DEFAULT '1',
  `is_delete` tinyint(1) NOT NULL DEFAULT '0',
  `created_by` int(12) NOT NULL,
  `created_time` datetime NOT NULL,
  `created_ip` varchar(100) NOT NULL,
  `modified_by` int(12) NOT NULL,
  `modified_time` datetime NOT NULL,
  `modified_ip` varchar(100) NOT NULL
) ENGINE=InnoDB AUTO_INCREMENT=2 DEFAULT CHARSET=latin1;

--
-- Dumping data for table `ft_multicompany_attach`
--

INSERT INTO `ft_multicompany_attach` (`id`, `date`, `user_id`, `attach`, `file_name`, `status`, `is_delete`, `created_by`, `created_time`, `created_ip`, `modified_by`, `modified_time`, `modified_ip`) VALUES
(1, '2018-01-02 00:00:00', 'user02', '1514898243941587.png', 'apple-touch-icon@2.png', 1, 0, 2, '2018-01-02 18:34:03', '103.36.122.212', 0, '0000-00-00 00:00:00', '');

-- --------------------------------------------------------

--
-- Table structure for table `ft_multicompany_history`
--

CREATE TABLE IF NOT EXISTS `ft_multicompany_history` (
`id` int(12) NOT NULL,
  `company_id` int(12) NOT NULL,
  `field` varchar(100) NOT NULL,
  `old_value` varchar(100) NOT NULL,
  `new_value` varchar(100) NOT NULL,
  `status` tinyint(1) NOT NULL DEFAULT '1',
  `is_delete` tinyint(1) NOT NULL DEFAULT '0',
  `created_by` int(12) NOT NULL,
  `created_time` datetime NOT NULL,
  `created_ip` varchar(100) NOT NULL,
  `modified_by` int(12) NOT NULL,
  `modified_time` datetime NOT NULL,
  `modified_ip` varchar(100) NOT NULL
) ENGINE=InnoDB DEFAULT CHARSET=latin1;

-- --------------------------------------------------------

--
-- Table structure for table `ft_multicompany_notes`
--

CREATE TABLE IF NOT EXISTS `ft_multicompany_notes` (
`id` int(12) NOT NULL,
  `date` datetime NOT NULL,
  `user_id` varchar(100) NOT NULL,
  `notes` varchar(100) NOT NULL,
  `status` tinyint(1) NOT NULL DEFAULT '1',
  `is_delete` tinyint(1) NOT NULL DEFAULT '0',
  `created_by` int(12) NOT NULL,
  `created_time` datetime NOT NULL,
  `created_ip` varchar(100) NOT NULL,
  `modified_by` int(12) NOT NULL,
  `modified_time` datetime NOT NULL,
  `modified_ip` varchar(100) NOT NULL
) ENGINE=InnoDB DEFAULT CHARSET=latin1;

-- --------------------------------------------------------

--
-- Table structure for table `ft_networth_master`
--

CREATE TABLE IF NOT EXISTS `ft_networth_master` (
`id` int(11) NOT NULL,
  `option` varchar(100) NOT NULL,
  `u_id` int(8) NOT NULL,
  `status` tinyint(1) NOT NULL DEFAULT '1',
  `is_delete` tinyint(1) NOT NULL DEFAULT '0',
  `created_by` int(12) NOT NULL,
  `created_time` datetime NOT NULL,
  `created_ip` varchar(100) NOT NULL,
  `modified_by` int(12) NOT NULL,
  `modified_time` datetime NOT NULL,
  `modified_ip` varchar(100) NOT NULL
) ENGINE=InnoDB DEFAULT CHARSET=latin1;

-- --------------------------------------------------------

--
-- Table structure for table `ft_objective_master`
--

CREATE TABLE IF NOT EXISTS `ft_objective_master` (
`id` int(11) NOT NULL,
  `option` varchar(100) NOT NULL,
  `u_id` int(8) NOT NULL,
  `status` tinyint(1) NOT NULL DEFAULT '1',
  `is_delete` tinyint(1) NOT NULL DEFAULT '0',
  `created_by` int(12) NOT NULL,
  `created_time` datetime NOT NULL,
  `created_ip` varchar(100) NOT NULL,
  `modified_by` int(12) NOT NULL,
  `modified_time` datetime NOT NULL,
  `modified_ip` varchar(100) NOT NULL
) ENGINE=InnoDB AUTO_INCREMENT=6 DEFAULT CHARSET=latin1;

--
-- Dumping data for table `ft_objective_master`
--

INSERT INTO `ft_objective_master` (`id`, `option`, `u_id`, `status`, `is_delete`, `created_by`, `created_time`, `created_ip`, `modified_by`, `modified_time`, `modified_ip`) VALUES
(1, 'Capital Preservation', 0, 1, 0, 1, '2017-12-16 11:18:24', '192.168.30.33', 1, '2018-01-30 09:13:39', '76.176.130.44'),
(2, 'Growth & Income', 0, 1, 0, 1, '2017-12-16 11:18:35', '192.168.30.33', 1, '2018-01-30 09:13:55', '76.176.130.44'),
(3, 'Growth', 0, 1, 0, 1, '2017-12-16 11:18:48', '192.168.30.33', 1, '2018-01-30 09:14:09', '76.176.130.44'),
(4, 'Speculation', 0, 1, 0, 1, '2017-12-16 11:18:58', '192.168.30.33', 1, '2018-01-30 09:14:20', '76.176.130.44'),
(5, '45-95', 0, 1, 1, 1, '2017-12-16 11:19:10', '192.168.30.33', 0, '0000-00-00 00:00:00', '');

-- --------------------------------------------------------

--
-- Table structure for table `ft_ofac_check_data_detail`
--

CREATE TABLE IF NOT EXISTS `ft_ofac_check_data_detail` (
`id` int(12) NOT NULL,
  `ofac_check_data_id` int(12) NOT NULL,
  `id_no` int(12) NOT NULL,
  `sdn_name` varchar(100) NOT NULL,
  `program` varchar(100) NOT NULL,
  `client_id` int(12) NOT NULL,
  `client_name` varchar(100) NOT NULL,
  `rep_no` int(12) NOT NULL,
  `rep_name` varchar(100) NOT NULL,
  `status` tinyint(1) NOT NULL DEFAULT '1',
  `is_delete` tinyint(1) NOT NULL DEFAULT '0',
  `created_by` int(12) NOT NULL,
  `created_time` datetime NOT NULL,
  `created_ip` varchar(100) NOT NULL,
  `modified_by` int(12) NOT NULL,
  `modified_time` datetime NOT NULL,
  `modified_ip` varchar(100) NOT NULL
) ENGINE=InnoDB AUTO_INCREMENT=592 DEFAULT CHARSET=latin1;

--
-- Dumping data for table `ft_ofac_check_data_detail`
--

INSERT INTO `ft_ofac_check_data_detail` (`id`, `ofac_check_data_id`, `id_no`, `sdn_name`, `program`, `client_id`, `client_name`, `rep_no`, `rep_name`, `status`, `is_delete`, `created_by`, `created_time`, `created_ip`, `modified_by`, `modified_time`, `modified_ip`) VALUES
(3, 2, 23344, 'MARCO TORRES, Rodolfo Clemente', 'VENEZUELA', 0, 'MARCO TORRES, Rodolfo Clemente', 0, '', 1, 0, 3, '2018-01-17 18:32:11', '103.36.122.212', 0, '0000-00-00 00:00:00', ''),
(4, 2, 23345, 'RANGEL GOMEZ, Francisco Jose', 'VENEZUELA', 0, 'RANGEL GOMEZ, Francisco Jose', 0, '', 1, 0, 3, '2018-01-17 18:32:11', '103.36.122.212', 0, '0000-00-00 00:00:00', ''),
(5, 3, 23344, 'MARCO TORRES, Rodolfo Clemente', 'VENEZUELA', 0, 'MARCO TORRES, Rodolfo Clemente', 0, '', 1, 0, 3, '2018-01-17 18:40:30', '103.36.122.212', 0, '0000-00-00 00:00:00', ''),
(6, 3, 23345, 'RANGEL GOMEZ, Francisco Jose', 'VENEZUELA', 0, 'RANGEL GOMEZ, Francisco Jose', 0, '', 1, 0, 3, '2018-01-17 18:40:30', '103.36.122.212', 0, '0000-00-00 00:00:00', ''),
(7, 4, 4338, 'GOMEZ BERRIO, Olmes de Jesus', 'SDNT', 1, 'RANGEL GOMEZ, Francisco Jose adasd', 0, '', 1, 0, 3, '2018-02-03 15:45:55', '192.168.30.20', 0, '0000-00-00 00:00:00', ''),
(8, 4, 6916, 'ALI, Ahmed Mohammed Hamed', 'SDGT', 4, 'Aguirre AL-GHAZALI, Muhammad', 0, '', 1, 0, 3, '2018-02-03 15:45:55', '192.168.30.20', 0, '0000-00-00 00:00:00', ''),
(9, 4, 6921, 'ATWA, Ali', 'SDGT', 4, 'Aguirre AL-GHAZALI, Muhammad', 0, '', 1, 0, 3, '2018-02-03 15:45:55', '192.168.30.20', 0, '0000-00-00 00:00:00', ''),
(10, 4, 6939, 'AL-HAMATI, Muhammad', 'SDGT', 4, 'Aguirre AL-GHAZALI, Muhammad', 0, '', 1, 0, 3, '2018-02-03 15:45:55', '192.168.30.20', 0, '0000-00-00 00:00:00', ''),
(11, 4, 7164, 'AGUIRRE GALINDO, Manuel', 'SDNTK', 4, 'Aguirre AL-GHAZALI, Muhammad', 0, '', 1, 0, 3, '2018-02-03 15:45:55', '192.168.30.20', 0, '0000-00-00 00:00:00', ''),
(12, 4, 7281, 'GOMEZ BUSTAMANTE, Luis Hernando', 'SDNT', 1, 'RANGEL GOMEZ, Francisco Jose adasd', 0, '', 1, 0, 3, '2018-02-03 15:45:55', '192.168.30.20', 0, '0000-00-00 00:00:00', ''),
(13, 4, 7302, 'GOMEZ APONTE, Laura Victoria', 'SDNT', 1, 'RANGEL GOMEZ, Francisco Jose adasd', 0, '', 1, 0, 3, '2018-02-03 15:45:55', '192.168.30.20', 0, '0000-00-00 00:00:00', ''),
(14, 4, 7303, 'GOMEZ GOMEZ, Viviana', 'SDNT', 1, 'RANGEL GOMEZ, Francisco Jose adasd', 0, '', 1, 0, 3, '2018-02-03 15:45:55', '192.168.30.20', 0, '0000-00-00 00:00:00', ''),
(15, 4, 7304, 'GOMEZ JARAMILLO, Olga Cecilia', 'SDNT', 1, 'RANGEL GOMEZ, Francisco Jose adasd', 0, '', 1, 0, 3, '2018-02-03 15:45:55', '192.168.30.20', 0, '0000-00-00 00:00:00', ''),
(16, 4, 7658, 'BIO CORPORATION', 'BALKANS', 2, 'ZAVARSE PABON, Fabio Enrique yiuyiu', 0, '', 1, 0, 3, '2018-02-03 15:45:55', '192.168.30.20', 0, '0000-00-00 00:00:00', ''),
(17, 4, 7715, 'KUBURA, Amir', 'BALKANS', 3, 'Amir Al Katranji', 0, '', 1, 0, 3, '2018-02-03 15:45:55', '192.168.30.20', 0, '0000-00-00 00:00:00', ''),
(18, 4, 8106, 'ABO GHAITH, Sulaiman Jassem', 'SDGT', 2, 'ZAVARSE PABON, Fabio Enrique yiuyiu', 0, '', 1, 0, 3, '2018-02-03 15:45:55', '192.168.30.20', 0, '0000-00-00 00:00:00', ''),
(19, 4, 8155, 'GOMEZ ALVAREZ, Sor Teresa', 'SDNTK', 1, 'RANGEL GOMEZ, Francisco Jose adasd', 0, '', 1, 0, 3, '2018-02-03 15:45:55', '192.168.30.20', 0, '0000-00-00 00:00:00', ''),
(20, 4, 8926, 'GOMEZ QUINTERO, Carlos Alberto', 'SDNT', 1, 'RANGEL GOMEZ, Francisco Jose adasd', 0, '', 1, 0, 3, '2018-02-03 15:45:55', '192.168.30.20', 0, '0000-00-00 00:00:00', ''),
(21, 4, 9342, 'GHAZALI, Rustum', 'SYRIA', 4, 'Aguirre AL-GHAZALI, Muhammad', 0, '', 1, 0, 3, '2018-02-03 15:45:55', '192.168.30.20', 0, '0000-00-00 00:00:00', ''),
(22, 4, 9990, 'GOMEZ BUSTAMANTE, Wilmer de Jesus', 'SDNT', 1, 'RANGEL GOMEZ, Francisco Jose adasd', 0, '', 1, 0, 3, '2018-02-03 15:45:55', '192.168.30.20', 0, '0000-00-00 00:00:00', ''),
(23, 4, 9994, 'GOMEZ OCAMPO, Davinson', 'SDNT', 1, 'RANGEL GOMEZ, Francisco Jose adasd', 0, '', 1, 0, 3, '2018-02-03 15:45:55', '192.168.30.20', 0, '0000-00-00 00:00:00', ''),
(24, 4, 9996, 'GOMEZ BUSTAMANTE, Luis Alfonso', 'SDNT', 1, 'RANGEL GOMEZ, Francisco Jose adasd', 0, '', 1, 0, 3, '2018-02-03 15:45:55', '192.168.30.20', 0, '0000-00-00 00:00:00', ''),
(25, 4, 10003, 'GOMEZ MARIN LTDA.', 'SDNT', 1, 'RANGEL GOMEZ, Francisco Jose adasd', 0, '', 1, 0, 3, '2018-02-03 15:45:55', '192.168.30.20', 0, '0000-00-00 00:00:00', ''),
(26, 4, 10595, 'AZAM, Amir', 'SDNTK', 3, 'Amir Al Katranji', 0, '', 1, 0, 3, '2018-02-03 15:45:55', '192.168.30.20', 0, '0000-00-00 00:00:00', ''),
(27, 4, 10626, 'AGUIRRE SANCHEZ, Blanca Armida', 'SDNTK', 4, 'Aguirre AL-GHAZALI, Muhammad', 0, '', 1, 0, 3, '2018-02-03 15:45:55', '192.168.30.20', 0, '0000-00-00 00:00:00', ''),
(28, 4, 10627, 'AGUIRRE SANCHEZ, Claudia', 'SDNTK', 4, 'Aguirre AL-GHAZALI, Muhammad', 0, '', 1, 0, 3, '2018-02-03 15:45:55', '192.168.30.20', 0, '0000-00-00 00:00:00', ''),
(29, 4, 10689, 'SAEED, Muhammad', 'SDGT', 4, 'Aguirre AL-GHAZALI, Muhammad', 0, '', 1, 0, 3, '2018-02-03 15:45:55', '192.168.30.20', 0, '0000-00-00 00:00:00', ''),
(30, 4, 10986, 'AGUIRRE CARDONA, Armando', 'SDNTK', 4, 'Aguirre AL-GHAZALI, Muhammad', 0, '', 1, 0, 3, '2018-02-03 15:45:55', '192.168.30.20', 0, '0000-00-00 00:00:00', ''),
(31, 4, 11185, 'RANGEL SILVA, Henry de Jesus', 'SDNTK', 1, 'RANGEL GOMEZ, Francisco Jose adasd', 0, '', 1, 0, 3, '2018-02-03 15:45:55', '192.168.30.20', 0, '0000-00-00 00:00:00', ''),
(32, 4, 11284, 'LI, Cheng Yu', 'SDNTK', 4, 'Aguirre AL-GHAZALI, Muhammad', 0, '', 1, 0, 3, '2018-02-03 15:45:55', '192.168.30.20', 0, '0000-00-00 00:00:00', ''),
(33, 4, 11286, 'LI, Kai Shou', 'SDNTK', 4, 'Aguirre AL-GHAZALI, Muhammad', 0, '', 1, 0, 3, '2018-02-03 15:45:55', '192.168.30.20', 0, '0000-00-00 00:00:00', ''),
(34, 4, 11358, 'FAROOQ, Muhammad', 'NPWMD', 4, 'Aguirre AL-GHAZALI, Muhammad', 0, '', 1, 0, 3, '2018-02-03 15:45:55', '192.168.30.20', 0, '0000-00-00 00:00:00', ''),
(35, 4, 11447, 'LI, Fangwei', 'NPWMD] [IFSR', 4, 'Aguirre AL-GHAZALI, Muhammad', 0, '', 1, 0, 3, '2018-02-03 15:45:55', '192.168.30.20', 0, '0000-00-00 00:00:00', ''),
(36, 4, 11801, 'GOMEZ MARTINEZ, Servando', 'SDNTK', 1, 'RANGEL GOMEZ, Francisco Jose adasd', 0, '', 1, 0, 3, '2018-02-03 15:45:55', '192.168.30.20', 0, '0000-00-00 00:00:00', ''),
(37, 4, 11936, 'RANGEL BUENDIA, Alfredo', 'SDNTK', 1, 'RANGEL GOMEZ, Francisco Jose adasd', 0, '', 1, 0, 3, '2018-02-03 15:45:55', '192.168.30.20', 0, '0000-00-00 00:00:00', ''),
(38, 4, 12128, 'ABDULLAH, Amir', 'SDGT', 3, 'Amir Al Katranji', 0, '', 1, 0, 3, '2018-02-03 15:45:55', '192.168.30.20', 0, '0000-00-00 00:00:00', ''),
(39, 4, 12306, 'GOMEZ ORTIZ, David', 'SDNTK', 1, 'RANGEL GOMEZ, Francisco Jose adasd', 0, '', 1, 0, 3, '2018-02-03 15:45:55', '192.168.30.20', 0, '0000-00-00 00:00:00', ''),
(40, 4, 12311, 'GOMEZ PIQUERAS, Jose Luis', 'SDNTK', 1, 'RANGEL GOMEZ, Francisco Jose adasd', 0, '', 1, 0, 3, '2018-02-03 15:45:55', '192.168.30.20', 0, '0000-00-00 00:00:00', ''),
(41, 4, 12343, 'BIO FORESTAL S.A.S.', 'SDNTK', 2, 'ZAVARSE PABON, Fabio Enrique yiuyiu', 0, '', 1, 0, 3, '2018-02-03 15:45:55', '192.168.30.20', 0, '0000-00-00 00:00:00', ''),
(42, 4, 12450, 'TAJIDEEN, Ali', 'SDGT', 4, 'Aguirre AL-GHAZALI, Muhammad', 0, '', 1, 0, 3, '2018-02-03 15:45:55', '192.168.30.20', 0, '0000-00-00 00:00:00', ''),
(43, 4, 12628, 'GADDAFI, Muhammad', 'LIBYA2', 4, 'Aguirre AL-GHAZALI, Muhammad', 0, '', 1, 0, 3, '2018-02-03 15:45:55', '192.168.30.20', 0, '0000-00-00 00:00:00', ''),
(44, 4, 12722, 'MAMLUK, Ali', 'SYRIA] [HRIT-SY', 4, 'Aguirre AL-GHAZALI, Muhammad', 0, '', 1, 0, 3, '2018-02-03 15:45:55', '192.168.30.20', 0, '0000-00-00 00:00:00', ''),
(45, 4, 12845, 'HAMSHO, Muhammad', 'SYRIA', 4, 'Aguirre AL-GHAZALI, Muhammad', 0, '', 1, 0, 3, '2018-02-03 15:45:55', '192.168.30.20', 0, '0000-00-00 00:00:00', ''),
(46, 4, 13002, 'MAKHLUF, Muhammad', 'SYRIA', 4, 'Aguirre AL-GHAZALI, Muhammad', 0, '', 1, 0, 3, '2018-02-03 15:45:55', '192.168.30.20', 0, '0000-00-00 00:00:00', ''),
(47, 4, 13153, 'FADAVI, Ali', 'NPWMD] [IFSR', 4, 'Aguirre AL-GHAZALI, Muhammad', 0, '', 1, 0, 3, '2018-02-03 15:45:55', '192.168.30.20', 0, '0000-00-00 00:00:00', ''),
(48, 4, 15206, 'HAIDAR, Ali', 'SYRIA', 4, 'Aguirre AL-GHAZALI, Muhammad', 0, '', 1, 0, 3, '2018-02-03 15:45:55', '192.168.30.20', 0, '0000-00-00 00:00:00', ''),
(49, 4, 15418, 'HAMZA, Amir', 'SDGT', 3, 'Amir Al Katranji', 0, '', 1, 0, 3, '2018-02-03 15:45:55', '192.168.30.20', 0, '0000-00-00 00:00:00', ''),
(50, 4, 15552, 'FAZLI, Ali', 'IRAN-TRA', 4, 'Aguirre AL-GHAZALI, Muhammad', 0, '', 1, 0, 3, '2018-02-03 15:45:55', '192.168.30.20', 0, '0000-00-00 00:00:00', ''),
(51, 4, 16151, 'QABALAN, Muhammad', 'SDGT', 4, 'Aguirre AL-GHAZALI, Muhammad', 0, '', 1, 0, 3, '2018-02-03 15:45:55', '192.168.30.20', 0, '0000-00-00 00:00:00', ''),
(52, 4, 16226, 'KAWTHARANI, Muhammad', 'SDGT', 4, 'Aguirre AL-GHAZALI, Muhammad', 0, '', 1, 0, 3, '2018-02-03 15:45:55', '192.168.30.20', 0, '0000-00-00 00:00:00', ''),
(53, 4, 16278, 'MUHAMMAD JAMAL NETWORK', 'SDGT', 4, 'Aguirre AL-GHAZALI, Muhammad', 0, '', 1, 0, 3, '2018-02-03 15:45:55', '192.168.30.20', 0, '0000-00-00 00:00:00', ''),
(54, 4, 16529, 'CANKO, Ali', 'NPWMD] [IFSR', 4, 'Aguirre AL-GHAZALI, Muhammad', 0, '', 1, 0, 3, '2018-02-03 15:45:55', '192.168.30.20', 0, '0000-00-00 00:00:00', ''),
(55, 4, 16855, 'GHOLAMI, Ali', 'NPWMD] [IFSR', 4, 'Aguirre AL-GHAZALI, Muhammad', 0, '', 1, 0, 3, '2018-02-03 15:45:55', '192.168.30.20', 0, '0000-00-00 00:00:00', ''),
(56, 4, 17037, 'ZEAITER, Ali', 'SDGT', 4, 'Aguirre AL-GHAZALI, Muhammad', 0, '', 1, 0, 3, '2018-02-03 15:45:55', '192.168.30.20', 0, '0000-00-00 00:00:00', ''),
(57, 4, 17164, 'IQBAL, Muhammad', 'SDGT', 4, 'Aguirre AL-GHAZALI, Muhammad', 0, '', 1, 0, 3, '2018-02-03 15:45:55', '192.168.30.20', 0, '0000-00-00 00:00:00', ''),
(58, 4, 18635, 'ALI HAKIM, Boubaker Ben Habib Ben', 'SDGT', 4, 'Aguirre AL-GHAZALI, Muhammad', 0, '', 1, 0, 3, '2018-02-03 15:45:55', '192.168.30.20', 0, '0000-00-00 00:00:00', ''),
(59, 4, 19089, 'JOSE PIELES', 'SDNTK', 1, 'RANGEL GOMEZ, Francisco Jose adasd', 0, '', 1, 0, 3, '2018-02-03 15:45:55', '192.168.30.20', 0, '0000-00-00 00:00:00', ''),
(60, 4, 19139, 'GOMEZ VELAZQUEZ, Daniela', 'SDNTK', 1, 'RANGEL GOMEZ, Francisco Jose adasd', 0, '', 1, 0, 3, '2018-02-03 15:45:55', '192.168.30.20', 0, '0000-00-00 00:00:00', ''),
(61, 4, 19573, 'JH 86', 'DPRK', 4, 'Aguirre AL-GHAZALI, Muhammad', 0, '', 1, 0, 3, '2018-02-03 15:45:55', '192.168.30.20', 0, '0000-00-00 00:00:00', ''),
(62, 4, 19930, 'KONY, Ali', 'CAR', 4, 'Aguirre AL-GHAZALI, Muhammad', 0, '', 1, 0, 3, '2018-02-03 15:45:55', '192.168.30.20', 0, '0000-00-00 00:00:00', ''),
(63, 4, 20245, 'ALI, Aous', 'SYRIA', 4, 'Aguirre AL-GHAZALI, Muhammad', 0, '', 1, 0, 3, '2018-02-03 15:45:55', '192.168.30.20', 0, '0000-00-00 00:00:00', ''),
(64, 4, 20941, 'WANUS, Ali', 'NPWMD', 4, 'Aguirre AL-GHAZALI, Muhammad', 0, '', 1, 0, 3, '2018-02-03 15:45:55', '192.168.30.20', 0, '0000-00-00 00:00:00', ''),
(65, 4, 20964, 'GHANEM, Ali', 'SYRIA', 4, 'Aguirre AL-GHAZALI, Muhammad', 0, '', 1, 0, 3, '2018-02-03 15:45:55', '192.168.30.20', 0, '0000-00-00 00:00:00', ''),
(66, 4, 20965, 'AL-ZAFIR, Ali', 'SYRIA', 4, 'Aguirre AL-GHAZALI, Muhammad', 0, '', 1, 0, 3, '2018-02-03 15:45:55', '192.168.30.20', 0, '0000-00-00 00:00:00', ''),
(67, 4, 20968, 'HAMMUD, Ali', 'SYRIA', 4, 'Aguirre AL-GHAZALI, Muhammad', 0, '', 1, 0, 3, '2018-02-03 15:45:55', '192.168.30.20', 0, '0000-00-00 00:00:00', ''),
(68, 4, 21004, 'ALI ALI ABKAR, Al-Hasan', 'SDGT', 4, 'Aguirre AL-GHAZALI, Muhammad', 0, '', 1, 0, 3, '2018-02-03 15:45:55', '192.168.30.20', 0, '0000-00-00 00:00:00', ''),
(69, 4, 21165, 'IBRAHIM, Muhammad', 'SYRIA', 4, 'Aguirre AL-GHAZALI, Muhammad', 0, '', 1, 0, 3, '2018-02-03 15:45:55', '192.168.30.20', 0, '0000-00-00 00:00:00', ''),
(70, 4, 21283, 'SARWAR, Muhammad', 'SDGT', 4, 'Aguirre AL-GHAZALI, Muhammad', 0, '', 1, 0, 3, '2018-02-03 15:45:55', '192.168.30.20', 0, '0000-00-00 00:00:00', ''),
(71, 4, 21404, 'DAMUSH, Ali', 'SDGT', 4, 'Aguirre AL-GHAZALI, Muhammad', 0, '', 1, 0, 3, '2018-02-03 15:45:55', '192.168.30.20', 0, '0000-00-00 00:00:00', ''),
(72, 4, 21568, 'SHARIFI, Ali', 'SDGT] [IRGC] [IFSR', 4, 'Aguirre AL-GHAZALI, Muhammad', 0, '', 1, 0, 3, '2018-02-03 15:45:55', '192.168.30.20', 0, '0000-00-00 00:00:00', ''),
(73, 4, 21765, 'HAMANI, Hamma', 'SDGT] [LIBYA3', 4, 'Aguirre AL-GHAZALI, Muhammad', 0, '', 1, 0, 3, '2018-02-03 15:45:55', '192.168.30.20', 0, '0000-00-00 00:00:00', ''),
(74, 4, 21909, 'AL-IBRAHIM, Muhammad', 'SYRIA', 4, 'Aguirre AL-GHAZALI, Muhammad', 0, '', 1, 0, 3, '2018-02-03 15:45:55', '192.168.30.20', 0, '0000-00-00 00:00:00', ''),
(75, 4, 21911, 'DARWISH, Ali', 'SYRIA', 4, 'Aguirre AL-GHAZALI, Muhammad', 0, '', 1, 0, 3, '2018-02-03 15:45:55', '192.168.30.20', 0, '0000-00-00 00:00:00', ''),
(76, 4, 21945, 'SALLUM, Muhammad', 'SYRIA', 4, 'Aguirre AL-GHAZALI, Muhammad', 0, '', 1, 0, 3, '2018-02-03 15:45:55', '192.168.30.20', 0, '0000-00-00 00:00:00', ''),
(77, 4, 21977, 'HUSAYN, Muhammad', 'SYRIA', 4, 'Aguirre AL-GHAZALI, Muhammad', 0, '', 1, 0, 3, '2018-02-03 15:45:55', '192.168.30.20', 0, '0000-00-00 00:00:00', ''),
(78, 4, 21979, 'BIZRAH, Muhammad', 'SYRIA', 4, 'Aguirre AL-GHAZALI, Muhammad', 0, '', 1, 0, 3, '2018-02-03 15:45:55', '192.168.30.20', 0, '0000-00-00 00:00:00', ''),
(79, 4, 21989, 'HAWWAT, Muhammad', 'SYRIA', 4, 'Aguirre AL-GHAZALI, Muhammad', 0, '', 1, 0, 3, '2018-02-03 15:45:55', '192.168.30.20', 0, '0000-00-00 00:00:00', ''),
(80, 4, 22022, 'SALMAN, Muhammad', 'SYRIA', 4, 'Aguirre AL-GHAZALI, Muhammad', 0, '', 1, 0, 3, '2018-02-03 15:45:55', '192.168.30.20', 0, '0000-00-00 00:00:00', ''),
(81, 4, 22040, 'ASWAD, Ali', 'SYRIA', 4, 'Aguirre AL-GHAZALI, Muhammad', 0, '', 1, 0, 3, '2018-02-03 15:45:55', '192.168.30.20', 0, '0000-00-00 00:00:00', ''),
(82, 4, 22044, 'AL-RAHHAL, Muhammad', 'SYRIA', 4, 'Aguirre AL-GHAZALI, Muhammad', 0, '', 1, 0, 3, '2018-02-03 15:45:55', '192.168.30.20', 0, '0000-00-00 00:00:00', ''),
(83, 4, 22045, 'MUSHRIF, Amir', 'SYRIA', 3, 'Amir Al Katranji', 0, '', 1, 0, 3, '2018-02-03 15:45:55', '192.168.30.20', 0, '0000-00-00 00:00:00', ''),
(84, 4, 22061, 'AL-SHAYKH, Muhammad', 'SYRIA', 4, 'Aguirre AL-GHAZALI, Muhammad', 0, '', 1, 0, 3, '2018-02-03 15:45:55', '192.168.30.20', 0, '0000-00-00 00:00:00', ''),
(85, 4, 22072, '''ABDALLAH, Muhammad', 'SYRIA', 4, 'Aguirre AL-GHAZALI, Muhammad', 0, '', 1, 0, 3, '2018-02-03 15:45:55', '192.168.30.20', 0, '0000-00-00 00:00:00', ''),
(86, 4, 22074, 'HAMANDUSH, Muhammad', 'SYRIA', 4, 'Aguirre AL-GHAZALI, Muhammad', 0, '', 1, 0, 3, '2018-02-03 15:45:55', '192.168.30.20', 0, '0000-00-00 00:00:00', ''),
(87, 4, 22077, 'SA''DU, Muhammad', 'SYRIA', 4, 'Aguirre AL-GHAZALI, Muhammad', 0, '', 1, 0, 3, '2018-02-03 15:45:55', '192.168.30.20', 0, '0000-00-00 00:00:00', ''),
(88, 4, 22089, 'AL-MUHAMMAD, Muhammad', 'SYRIA', 4, 'Aguirre AL-GHAZALI, Muhammad', 0, '', 1, 0, 3, '2018-02-03 15:45:55', '192.168.30.20', 0, '0000-00-00 00:00:00', ''),
(89, 4, 22091, '''ARAFAT, Muhammad', 'SYRIA', 4, 'Aguirre AL-GHAZALI, Muhammad', 0, '', 1, 0, 3, '2018-02-03 15:45:55', '192.168.30.20', 0, '0000-00-00 00:00:00', ''),
(90, 4, 22113, '''ALI, Muhammad', 'SYRIA', 4, 'Aguirre AL-GHAZALI, Muhammad', 0, '', 1, 0, 3, '2018-02-03 15:45:55', '192.168.30.20', 0, '0000-00-00 00:00:00', ''),
(91, 4, 22126, 'HAITANI, Muhammad', 'SYRIA', 4, 'Aguirre AL-GHAZALI, Muhammad', 0, '', 1, 0, 3, '2018-02-03 15:45:55', '192.168.30.20', 0, '0000-00-00 00:00:00', ''),
(92, 4, 22135, 'HARIRI, Muhammad', 'SYRIA', 4, 'Aguirre AL-GHAZALI, Muhammad', 0, '', 1, 0, 3, '2018-02-03 15:45:55', '192.168.30.20', 0, '0000-00-00 00:00:00', ''),
(93, 4, 22149, 'IBRAHIM, Ali', 'SYRIA', 4, 'Aguirre AL-GHAZALI, Muhammad', 0, '', 1, 0, 3, '2018-02-03 15:45:55', '192.168.30.20', 0, '0000-00-00 00:00:00', ''),
(94, 4, 22151, '''ALI, Muhammad', 'SYRIA', 4, 'Aguirre AL-GHAZALI, Muhammad', 0, '', 1, 0, 3, '2018-02-03 15:45:55', '192.168.30.20', 0, '0000-00-00 00:00:00', ''),
(95, 4, 22162, 'JUMUL, Ali', 'SYRIA', 4, 'Aguirre AL-GHAZALI, Muhammad', 0, '', 1, 0, 3, '2018-02-03 15:45:55', '192.168.30.20', 0, '0000-00-00 00:00:00', ''),
(96, 4, 22262, 'ABBAS, Muhammad', 'SYRIA', 4, 'Aguirre AL-GHAZALI, Muhammad', 0, '', 1, 0, 3, '2018-02-03 15:45:55', '192.168.30.20', 0, '0000-00-00 00:00:00', ''),
(97, 4, 22609, 'LI, Hong Ri', 'DPRK3', 4, 'Aguirre AL-GHAZALI, Muhammad', 0, '', 1, 0, 3, '2018-02-03 15:45:55', '192.168.30.20', 0, '0000-00-00 00:00:00', ''),
(98, 4, 22788, 'AMIR AL MO''MENIN INDUSTRIES', 'NPWMD] [IFSR', 3, 'Amir Al Katranji', 0, '', 1, 0, 3, '2018-02-03 15:45:55', '192.168.30.20', 0, '0000-00-00 00:00:00', ''),
(99, 4, 23164, 'RAK RANG', 'DPRK4', 1, 'RANGEL GOMEZ, Francisco Jose adasd', 0, '', 1, 0, 3, '2018-02-03 15:45:55', '192.168.30.20', 0, '0000-00-00 00:00:00', ''),
(100, 4, 23335, 'AL-GHAZALI, Muhammad', 'SDGT', 4, 'Aguirre AL-GHAZALI, Muhammad', 0, '', 1, 0, 3, '2018-02-03 15:45:55', '192.168.30.20', 0, '0000-00-00 00:00:00', ''),
(101, 4, 23345, 'RANGEL GOMEZ, Francisco Jose', 'VENEZUELA', 1, 'RANGEL GOMEZ, Francisco Jose adasd', 0, '', 1, 0, 3, '2018-02-03 15:45:55', '192.168.30.20', 0, '0000-00-00 00:00:00', ''),
(102, 4, 23346, 'ZAVARSE PABON, Fabio Enrique', 'VENEZUELA', 2, 'ZAVARSE PABON, Fabio Enrique yiuyiu', 0, '', 1, 0, 3, '2018-02-03 15:45:55', '192.168.30.20', 0, '0000-00-00 00:00:00', ''),
(103, 5, 4338, 'GOMEZ BERRIO, Olmes de Jesus', 'SDNT', 1, 'RANGEL GOMEZ, Francisco Jose adasd', 0, '', 1, 0, 3, '2018-02-05 11:21:57', '192.168.30.20', 0, '0000-00-00 00:00:00', ''),
(104, 5, 6916, 'ALI, Ahmed Mohammed Hamed', 'SDGT', 4, 'Aguirre AL-GHAZALI, Muhammad', 0, '', 1, 0, 3, '2018-02-05 11:21:57', '192.168.30.20', 0, '0000-00-00 00:00:00', ''),
(105, 5, 6921, 'ATWA, Ali', 'SDGT', 4, 'Aguirre AL-GHAZALI, Muhammad', 0, '', 1, 0, 3, '2018-02-05 11:21:57', '192.168.30.20', 0, '0000-00-00 00:00:00', ''),
(106, 5, 6939, 'AL-HAMATI, Muhammad', 'SDGT', 4, 'Aguirre AL-GHAZALI, Muhammad', 0, '', 1, 0, 3, '2018-02-05 11:21:57', '192.168.30.20', 0, '0000-00-00 00:00:00', ''),
(107, 5, 7164, 'AGUIRRE GALINDO, Manuel', 'SDNTK', 4, 'Aguirre AL-GHAZALI, Muhammad', 0, '', 1, 0, 3, '2018-02-05 11:21:57', '192.168.30.20', 0, '0000-00-00 00:00:00', ''),
(108, 5, 7281, 'GOMEZ BUSTAMANTE, Luis Hernando', 'SDNT', 1, 'RANGEL GOMEZ, Francisco Jose adasd', 0, '', 1, 0, 3, '2018-02-05 11:21:57', '192.168.30.20', 0, '0000-00-00 00:00:00', ''),
(109, 5, 7302, 'GOMEZ APONTE, Laura Victoria', 'SDNT', 1, 'RANGEL GOMEZ, Francisco Jose adasd', 0, '', 1, 0, 3, '2018-02-05 11:21:57', '192.168.30.20', 0, '0000-00-00 00:00:00', ''),
(110, 5, 7303, 'GOMEZ GOMEZ, Viviana', 'SDNT', 1, 'RANGEL GOMEZ, Francisco Jose adasd', 0, '', 1, 0, 3, '2018-02-05 11:21:57', '192.168.30.20', 0, '0000-00-00 00:00:00', ''),
(111, 5, 7304, 'GOMEZ JARAMILLO, Olga Cecilia', 'SDNT', 1, 'RANGEL GOMEZ, Francisco Jose adasd', 0, '', 1, 0, 3, '2018-02-05 11:21:57', '192.168.30.20', 0, '0000-00-00 00:00:00', ''),
(112, 5, 7658, 'BIO CORPORATION', 'BALKANS', 2, 'ZAVARSE PABON, Fabio Enrique yiuyiu', 0, '', 1, 0, 3, '2018-02-05 11:21:57', '192.168.30.20', 0, '0000-00-00 00:00:00', ''),
(113, 5, 7715, 'KUBURA, Amir', 'BALKANS', 3, 'Amir Al Katranji', 0, '', 1, 0, 3, '2018-02-05 11:21:57', '192.168.30.20', 0, '0000-00-00 00:00:00', ''),
(114, 5, 8106, 'ABO GHAITH, Sulaiman Jassem', 'SDGT', 2, 'ZAVARSE PABON, Fabio Enrique yiuyiu', 0, '', 1, 0, 3, '2018-02-05 11:21:57', '192.168.30.20', 0, '0000-00-00 00:00:00', ''),
(115, 5, 8155, 'GOMEZ ALVAREZ, Sor Teresa', 'SDNTK', 1, 'RANGEL GOMEZ, Francisco Jose adasd', 0, '', 1, 0, 3, '2018-02-05 11:21:57', '192.168.30.20', 0, '0000-00-00 00:00:00', ''),
(116, 5, 8926, 'GOMEZ QUINTERO, Carlos Alberto', 'SDNT', 1, 'RANGEL GOMEZ, Francisco Jose adasd', 0, '', 1, 0, 3, '2018-02-05 11:21:57', '192.168.30.20', 0, '0000-00-00 00:00:00', ''),
(117, 5, 9342, 'GHAZALI, Rustum', 'SYRIA', 4, 'Aguirre AL-GHAZALI, Muhammad', 0, '', 1, 0, 3, '2018-02-05 11:21:57', '192.168.30.20', 0, '0000-00-00 00:00:00', ''),
(118, 5, 9990, 'GOMEZ BUSTAMANTE, Wilmer de Jesus', 'SDNT', 1, 'RANGEL GOMEZ, Francisco Jose adasd', 0, '', 1, 0, 3, '2018-02-05 11:21:57', '192.168.30.20', 0, '0000-00-00 00:00:00', ''),
(119, 5, 9994, 'GOMEZ OCAMPO, Davinson', 'SDNT', 1, 'RANGEL GOMEZ, Francisco Jose adasd', 0, '', 1, 0, 3, '2018-02-05 11:21:57', '192.168.30.20', 0, '0000-00-00 00:00:00', ''),
(120, 5, 9996, 'GOMEZ BUSTAMANTE, Luis Alfonso', 'SDNT', 1, 'RANGEL GOMEZ, Francisco Jose adasd', 0, '', 1, 0, 3, '2018-02-05 11:21:57', '192.168.30.20', 0, '0000-00-00 00:00:00', ''),
(121, 5, 10003, 'GOMEZ MARIN LTDA.', 'SDNT', 1, 'RANGEL GOMEZ, Francisco Jose adasd', 0, '', 1, 0, 3, '2018-02-05 11:21:57', '192.168.30.20', 0, '0000-00-00 00:00:00', ''),
(122, 5, 10595, 'AZAM, Amir', 'SDNTK', 3, 'Amir Al Katranji', 0, '', 1, 0, 3, '2018-02-05 11:21:57', '192.168.30.20', 0, '0000-00-00 00:00:00', ''),
(123, 5, 10626, 'AGUIRRE SANCHEZ, Blanca Armida', 'SDNTK', 4, 'Aguirre AL-GHAZALI, Muhammad', 0, '', 1, 0, 3, '2018-02-05 11:21:57', '192.168.30.20', 0, '0000-00-00 00:00:00', ''),
(124, 5, 10627, 'AGUIRRE SANCHEZ, Claudia', 'SDNTK', 4, 'Aguirre AL-GHAZALI, Muhammad', 0, '', 1, 0, 3, '2018-02-05 11:21:57', '192.168.30.20', 0, '0000-00-00 00:00:00', ''),
(125, 5, 10689, 'SAEED, Muhammad', 'SDGT', 4, 'Aguirre AL-GHAZALI, Muhammad', 0, '', 1, 0, 3, '2018-02-05 11:21:57', '192.168.30.20', 0, '0000-00-00 00:00:00', ''),
(126, 5, 10986, 'AGUIRRE CARDONA, Armando', 'SDNTK', 4, 'Aguirre AL-GHAZALI, Muhammad', 0, '', 1, 0, 3, '2018-02-05 11:21:57', '192.168.30.20', 0, '0000-00-00 00:00:00', ''),
(127, 5, 11185, 'RANGEL SILVA, Henry de Jesus', 'SDNTK', 1, 'RANGEL GOMEZ, Francisco Jose adasd', 0, '', 1, 0, 3, '2018-02-05 11:21:57', '192.168.30.20', 0, '0000-00-00 00:00:00', ''),
(128, 5, 11284, 'LI, Cheng Yu', 'SDNTK', 4, 'Aguirre AL-GHAZALI, Muhammad', 0, '', 1, 0, 3, '2018-02-05 11:21:57', '192.168.30.20', 0, '0000-00-00 00:00:00', ''),
(129, 5, 11286, 'LI, Kai Shou', 'SDNTK', 4, 'Aguirre AL-GHAZALI, Muhammad', 0, '', 1, 0, 3, '2018-02-05 11:21:57', '192.168.30.20', 0, '0000-00-00 00:00:00', ''),
(130, 5, 11358, 'FAROOQ, Muhammad', 'NPWMD', 4, 'Aguirre AL-GHAZALI, Muhammad', 0, '', 1, 0, 3, '2018-02-05 11:21:57', '192.168.30.20', 0, '0000-00-00 00:00:00', ''),
(131, 5, 11447, 'LI, Fangwei', 'NPWMD] [IFSR', 4, 'Aguirre AL-GHAZALI, Muhammad', 0, '', 1, 0, 3, '2018-02-05 11:21:57', '192.168.30.20', 0, '0000-00-00 00:00:00', ''),
(132, 5, 11801, 'GOMEZ MARTINEZ, Servando', 'SDNTK', 1, 'RANGEL GOMEZ, Francisco Jose adasd', 0, '', 1, 0, 3, '2018-02-05 11:21:57', '192.168.30.20', 0, '0000-00-00 00:00:00', ''),
(133, 5, 11936, 'RANGEL BUENDIA, Alfredo', 'SDNTK', 1, 'RANGEL GOMEZ, Francisco Jose adasd', 0, '', 1, 0, 3, '2018-02-05 11:21:57', '192.168.30.20', 0, '0000-00-00 00:00:00', ''),
(134, 5, 12128, 'ABDULLAH, Amir', 'SDGT', 3, 'Amir Al Katranji', 0, '', 1, 0, 3, '2018-02-05 11:21:57', '192.168.30.20', 0, '0000-00-00 00:00:00', ''),
(135, 5, 12306, 'GOMEZ ORTIZ, David', 'SDNTK', 1, 'RANGEL GOMEZ, Francisco Jose adasd', 0, '', 1, 0, 3, '2018-02-05 11:21:57', '192.168.30.20', 0, '0000-00-00 00:00:00', ''),
(136, 5, 12311, 'GOMEZ PIQUERAS, Jose Luis', 'SDNTK', 1, 'RANGEL GOMEZ, Francisco Jose adasd', 0, '', 1, 0, 3, '2018-02-05 11:21:57', '192.168.30.20', 0, '0000-00-00 00:00:00', ''),
(137, 5, 12343, 'BIO FORESTAL S.A.S.', 'SDNTK', 2, 'ZAVARSE PABON, Fabio Enrique yiuyiu', 0, '', 1, 0, 3, '2018-02-05 11:21:57', '192.168.30.20', 0, '0000-00-00 00:00:00', ''),
(138, 5, 12450, 'TAJIDEEN, Ali', 'SDGT', 4, 'Aguirre AL-GHAZALI, Muhammad', 0, '', 1, 0, 3, '2018-02-05 11:21:57', '192.168.30.20', 0, '0000-00-00 00:00:00', ''),
(139, 5, 12628, 'GADDAFI, Muhammad', 'LIBYA2', 4, 'Aguirre AL-GHAZALI, Muhammad', 0, '', 1, 0, 3, '2018-02-05 11:21:57', '192.168.30.20', 0, '0000-00-00 00:00:00', ''),
(140, 5, 12722, 'MAMLUK, Ali', 'SYRIA] [HRIT-SY', 4, 'Aguirre AL-GHAZALI, Muhammad', 0, '', 1, 0, 3, '2018-02-05 11:21:57', '192.168.30.20', 0, '0000-00-00 00:00:00', ''),
(141, 5, 12845, 'HAMSHO, Muhammad', 'SYRIA', 4, 'Aguirre AL-GHAZALI, Muhammad', 0, '', 1, 0, 3, '2018-02-05 11:21:57', '192.168.30.20', 0, '0000-00-00 00:00:00', ''),
(142, 5, 13002, 'MAKHLUF, Muhammad', 'SYRIA', 4, 'Aguirre AL-GHAZALI, Muhammad', 0, '', 1, 0, 3, '2018-02-05 11:21:57', '192.168.30.20', 0, '0000-00-00 00:00:00', ''),
(143, 5, 13153, 'FADAVI, Ali', 'NPWMD] [IFSR', 4, 'Aguirre AL-GHAZALI, Muhammad', 0, '', 1, 0, 3, '2018-02-05 11:21:57', '192.168.30.20', 0, '0000-00-00 00:00:00', ''),
(144, 5, 15206, 'HAIDAR, Ali', 'SYRIA', 4, 'Aguirre AL-GHAZALI, Muhammad', 0, '', 1, 0, 3, '2018-02-05 11:21:57', '192.168.30.20', 0, '0000-00-00 00:00:00', ''),
(145, 5, 15418, 'HAMZA, Amir', 'SDGT', 3, 'Amir Al Katranji', 0, '', 1, 0, 3, '2018-02-05 11:21:57', '192.168.30.20', 0, '0000-00-00 00:00:00', ''),
(146, 5, 15552, 'FAZLI, Ali', 'IRAN-TRA', 4, 'Aguirre AL-GHAZALI, Muhammad', 0, '', 1, 0, 3, '2018-02-05 11:21:57', '192.168.30.20', 0, '0000-00-00 00:00:00', ''),
(147, 5, 16151, 'QABALAN, Muhammad', 'SDGT', 4, 'Aguirre AL-GHAZALI, Muhammad', 0, '', 1, 0, 3, '2018-02-05 11:21:57', '192.168.30.20', 0, '0000-00-00 00:00:00', ''),
(148, 5, 16226, 'KAWTHARANI, Muhammad', 'SDGT', 4, 'Aguirre AL-GHAZALI, Muhammad', 0, '', 1, 0, 3, '2018-02-05 11:21:57', '192.168.30.20', 0, '0000-00-00 00:00:00', ''),
(149, 5, 16278, 'MUHAMMAD JAMAL NETWORK', 'SDGT', 4, 'Aguirre AL-GHAZALI, Muhammad', 0, '', 1, 0, 3, '2018-02-05 11:21:57', '192.168.30.20', 0, '0000-00-00 00:00:00', ''),
(150, 5, 16529, 'CANKO, Ali', 'NPWMD] [IFSR', 4, 'Aguirre AL-GHAZALI, Muhammad', 0, '', 1, 0, 3, '2018-02-05 11:21:57', '192.168.30.20', 0, '0000-00-00 00:00:00', ''),
(151, 5, 16855, 'GHOLAMI, Ali', 'NPWMD] [IFSR', 4, 'Aguirre AL-GHAZALI, Muhammad', 0, '', 1, 0, 3, '2018-02-05 11:21:57', '192.168.30.20', 0, '0000-00-00 00:00:00', ''),
(152, 5, 17037, 'ZEAITER, Ali', 'SDGT', 4, 'Aguirre AL-GHAZALI, Muhammad', 0, '', 1, 0, 3, '2018-02-05 11:21:57', '192.168.30.20', 0, '0000-00-00 00:00:00', ''),
(153, 5, 17164, 'IQBAL, Muhammad', 'SDGT', 4, 'Aguirre AL-GHAZALI, Muhammad', 0, '', 1, 0, 3, '2018-02-05 11:21:57', '192.168.30.20', 0, '0000-00-00 00:00:00', ''),
(154, 5, 18635, 'ALI HAKIM, Boubaker Ben Habib Ben', 'SDGT', 4, 'Aguirre AL-GHAZALI, Muhammad', 0, '', 1, 0, 3, '2018-02-05 11:21:57', '192.168.30.20', 0, '0000-00-00 00:00:00', ''),
(155, 5, 19089, 'JOSE PIELES', 'SDNTK', 1, 'RANGEL GOMEZ, Francisco Jose adasd', 0, '', 1, 0, 3, '2018-02-05 11:21:57', '192.168.30.20', 0, '0000-00-00 00:00:00', ''),
(156, 5, 19139, 'GOMEZ VELAZQUEZ, Daniela', 'SDNTK', 1, 'RANGEL GOMEZ, Francisco Jose adasd', 0, '', 1, 0, 3, '2018-02-05 11:21:57', '192.168.30.20', 0, '0000-00-00 00:00:00', ''),
(157, 5, 19573, 'JH 86', 'DPRK', 4, 'Aguirre AL-GHAZALI, Muhammad', 0, '', 1, 0, 3, '2018-02-05 11:21:57', '192.168.30.20', 0, '0000-00-00 00:00:00', ''),
(158, 5, 19930, 'KONY, Ali', 'CAR', 4, 'Aguirre AL-GHAZALI, Muhammad', 0, '', 1, 0, 3, '2018-02-05 11:21:57', '192.168.30.20', 0, '0000-00-00 00:00:00', ''),
(159, 5, 20245, 'ALI, Aous', 'SYRIA', 4, 'Aguirre AL-GHAZALI, Muhammad', 0, '', 1, 0, 3, '2018-02-05 11:21:57', '192.168.30.20', 0, '0000-00-00 00:00:00', ''),
(160, 5, 20941, 'WANUS, Ali', 'NPWMD', 4, 'Aguirre AL-GHAZALI, Muhammad', 0, '', 1, 0, 3, '2018-02-05 11:21:57', '192.168.30.20', 0, '0000-00-00 00:00:00', ''),
(161, 5, 20964, 'GHANEM, Ali', 'SYRIA', 4, 'Aguirre AL-GHAZALI, Muhammad', 0, '', 1, 0, 3, '2018-02-05 11:21:57', '192.168.30.20', 0, '0000-00-00 00:00:00', ''),
(162, 5, 20965, 'AL-ZAFIR, Ali', 'SYRIA', 4, 'Aguirre AL-GHAZALI, Muhammad', 0, '', 1, 0, 3, '2018-02-05 11:21:57', '192.168.30.20', 0, '0000-00-00 00:00:00', ''),
(163, 5, 20968, 'HAMMUD, Ali', 'SYRIA', 4, 'Aguirre AL-GHAZALI, Muhammad', 0, '', 1, 0, 3, '2018-02-05 11:21:57', '192.168.30.20', 0, '0000-00-00 00:00:00', ''),
(164, 5, 21004, 'ALI ALI ABKAR, Al-Hasan', 'SDGT', 4, 'Aguirre AL-GHAZALI, Muhammad', 0, '', 1, 0, 3, '2018-02-05 11:21:57', '192.168.30.20', 0, '0000-00-00 00:00:00', ''),
(165, 5, 21165, 'IBRAHIM, Muhammad', 'SYRIA', 4, 'Aguirre AL-GHAZALI, Muhammad', 0, '', 1, 0, 3, '2018-02-05 11:21:57', '192.168.30.20', 0, '0000-00-00 00:00:00', ''),
(166, 5, 21283, 'SARWAR, Muhammad', 'SDGT', 4, 'Aguirre AL-GHAZALI, Muhammad', 0, '', 1, 0, 3, '2018-02-05 11:21:57', '192.168.30.20', 0, '0000-00-00 00:00:00', ''),
(167, 5, 21404, 'DAMUSH, Ali', 'SDGT', 4, 'Aguirre AL-GHAZALI, Muhammad', 0, '', 1, 0, 3, '2018-02-05 11:21:57', '192.168.30.20', 0, '0000-00-00 00:00:00', ''),
(168, 5, 21568, 'SHARIFI, Ali', 'SDGT] [IRGC] [IFSR', 4, 'Aguirre AL-GHAZALI, Muhammad', 0, '', 1, 0, 3, '2018-02-05 11:21:57', '192.168.30.20', 0, '0000-00-00 00:00:00', ''),
(169, 5, 21765, 'HAMANI, Hamma', 'SDGT] [LIBYA3', 4, 'Aguirre AL-GHAZALI, Muhammad', 0, '', 1, 0, 3, '2018-02-05 11:21:57', '192.168.30.20', 0, '0000-00-00 00:00:00', ''),
(170, 5, 21908, 'ALI, Ahmad', 'SYRIA', 4, 'Aguirre AL-GHAZALI, Muhammad', 0, '', 1, 0, 3, '2018-02-05 11:21:57', '192.168.30.20', 0, '0000-00-00 00:00:00', ''),
(171, 5, 21909, 'AL-IBRAHIM, Muhammad', 'SYRIA', 4, 'Aguirre AL-GHAZALI, Muhammad', 0, '', 1, 0, 3, '2018-02-05 11:21:57', '192.168.30.20', 0, '0000-00-00 00:00:00', ''),
(172, 5, 21911, 'DARWISH, Ali', 'SYRIA', 4, 'Aguirre AL-GHAZALI, Muhammad', 0, '', 1, 0, 3, '2018-02-05 11:21:57', '192.168.30.20', 0, '0000-00-00 00:00:00', ''),
(173, 5, 21945, 'SALLUM, Muhammad', 'SYRIA', 4, 'Aguirre AL-GHAZALI, Muhammad', 0, '', 1, 0, 3, '2018-02-05 11:21:57', '192.168.30.20', 0, '0000-00-00 00:00:00', ''),
(174, 5, 21977, 'HUSAYN, Muhammad', 'SYRIA', 4, 'Aguirre AL-GHAZALI, Muhammad', 0, '', 1, 0, 3, '2018-02-05 11:21:57', '192.168.30.20', 0, '0000-00-00 00:00:00', ''),
(175, 5, 21979, 'BIZRAH, Muhammad', 'SYRIA', 4, 'Aguirre AL-GHAZALI, Muhammad', 0, '', 1, 0, 3, '2018-02-05 11:21:57', '192.168.30.20', 0, '0000-00-00 00:00:00', ''),
(176, 5, 21989, 'HAWWAT, Muhammad', 'SYRIA', 4, 'Aguirre AL-GHAZALI, Muhammad', 0, '', 1, 0, 3, '2018-02-05 11:21:57', '192.168.30.20', 0, '0000-00-00 00:00:00', ''),
(177, 5, 22004, 'ALI, Isma''il', 'SYRIA', 4, 'Aguirre AL-GHAZALI, Muhammad', 0, '', 1, 0, 3, '2018-02-05 11:21:57', '192.168.30.20', 0, '0000-00-00 00:00:00', ''),
(178, 5, 22022, 'SALMAN, Muhammad', 'SYRIA', 4, 'Aguirre AL-GHAZALI, Muhammad', 0, '', 1, 0, 3, '2018-02-05 11:21:57', '192.168.30.20', 0, '0000-00-00 00:00:00', ''),
(179, 5, 22040, 'ASWAD, Ali', 'SYRIA', 4, 'Aguirre AL-GHAZALI, Muhammad', 0, '', 1, 0, 3, '2018-02-05 11:21:57', '192.168.30.20', 0, '0000-00-00 00:00:00', ''),
(180, 5, 22044, 'AL-RAHHAL, Muhammad', 'SYRIA', 4, 'Aguirre AL-GHAZALI, Muhammad', 0, '', 1, 0, 3, '2018-02-05 11:21:57', '192.168.30.20', 0, '0000-00-00 00:00:00', ''),
(181, 5, 22045, 'MUSHRIF, Amir', 'SYRIA', 3, 'Amir Al Katranji', 0, '', 1, 0, 3, '2018-02-05 11:21:57', '192.168.30.20', 0, '0000-00-00 00:00:00', ''),
(182, 5, 22061, 'AL-SHAYKH, Muhammad', 'SYRIA', 4, 'Aguirre AL-GHAZALI, Muhammad', 0, '', 1, 0, 3, '2018-02-05 11:21:57', '192.168.30.20', 0, '0000-00-00 00:00:00', ''),
(183, 5, 22072, 'ABDALLAH, Muhammad', 'SYRIA', 4, 'Aguirre AL-GHAZALI, Muhammad', 0, '', 1, 0, 3, '2018-02-05 11:21:57', '192.168.30.20', 0, '0000-00-00 00:00:00', ''),
(184, 5, 22074, 'HAMANDUSH, Muhammad', 'SYRIA', 4, 'Aguirre AL-GHAZALI, Muhammad', 0, '', 1, 0, 3, '2018-02-05 11:21:57', '192.168.30.20', 0, '0000-00-00 00:00:00', ''),
(185, 5, 22077, 'SA''DU, Muhammad', 'SYRIA', 4, 'Aguirre AL-GHAZALI, Muhammad', 0, '', 1, 0, 3, '2018-02-05 11:21:57', '192.168.30.20', 0, '0000-00-00 00:00:00', ''),
(186, 5, 22089, 'AL-MUHAMMAD, Muhammad', 'SYRIA', 4, 'Aguirre AL-GHAZALI, Muhammad', 0, '', 1, 0, 3, '2018-02-05 11:21:57', '192.168.30.20', 0, '0000-00-00 00:00:00', ''),
(187, 5, 22091, 'ARAFAT, Muhammad', 'SYRIA', 4, 'Aguirre AL-GHAZALI, Muhammad', 0, '', 1, 0, 3, '2018-02-05 11:21:57', '192.168.30.20', 0, '0000-00-00 00:00:00', ''),
(188, 5, 22101, 'ALI, Samir', 'SYRIA', 4, 'Aguirre AL-GHAZALI, Muhammad', 0, '', 1, 0, 3, '2018-02-05 11:21:57', '192.168.30.20', 0, '0000-00-00 00:00:00', ''),
(189, 5, 22113, 'ALI, Muhammad', 'SYRIA', 4, 'Aguirre AL-GHAZALI, Muhammad', 0, '', 1, 0, 3, '2018-02-05 11:21:57', '192.168.30.20', 0, '0000-00-00 00:00:00', ''),
(190, 5, 22126, 'HAITANI, Muhammad', 'SYRIA', 4, 'Aguirre AL-GHAZALI, Muhammad', 0, '', 1, 0, 3, '2018-02-05 11:21:57', '192.168.30.20', 0, '0000-00-00 00:00:00', ''),
(191, 5, 22135, 'HARIRI, Muhammad', 'SYRIA', 4, 'Aguirre AL-GHAZALI, Muhammad', 0, '', 1, 0, 3, '2018-02-05 11:21:57', '192.168.30.20', 0, '0000-00-00 00:00:00', ''),
(192, 5, 22149, 'IBRAHIM, Ali', 'SYRIA', 4, 'Aguirre AL-GHAZALI, Muhammad', 0, '', 1, 0, 3, '2018-02-05 11:21:57', '192.168.30.20', 0, '0000-00-00 00:00:00', ''),
(193, 5, 22151, 'ALI, Muhammad', 'SYRIA', 4, 'Aguirre AL-GHAZALI, Muhammad', 0, '', 1, 0, 3, '2018-02-05 11:21:57', '192.168.30.20', 0, '0000-00-00 00:00:00', ''),
(194, 5, 22162, 'JUMUL, Ali', 'SYRIA', 4, 'Aguirre AL-GHAZALI, Muhammad', 0, '', 1, 0, 3, '2018-02-05 11:21:57', '192.168.30.20', 0, '0000-00-00 00:00:00', ''),
(195, 5, 22262, 'ABBAS, Muhammad', 'SYRIA', 4, 'Aguirre AL-GHAZALI, Muhammad', 0, '', 1, 0, 3, '2018-02-05 11:21:57', '192.168.30.20', 0, '0000-00-00 00:00:00', ''),
(196, 5, 22609, 'LI, Hong Ri', 'DPRK3', 4, 'Aguirre AL-GHAZALI, Muhammad', 0, '', 1, 0, 3, '2018-02-05 11:21:57', '192.168.30.20', 0, '0000-00-00 00:00:00', ''),
(197, 5, 22788, 'AMIR AL MO''MENIN INDUSTRIES', 'NPWMD] [IFSR', 3, 'Amir Al Katranji', 0, '', 1, 0, 3, '2018-02-05 11:21:57', '192.168.30.20', 0, '0000-00-00 00:00:00', ''),
(198, 5, 23164, 'RAK RANG', 'DPRK4', 1, 'RANGEL GOMEZ, Francisco Jose adasd', 0, '', 1, 0, 3, '2018-02-05 11:21:57', '192.168.30.20', 0, '0000-00-00 00:00:00', ''),
(199, 5, 23335, 'AL-GHAZALI, Muhammad', 'SDGT', 4, 'Aguirre AL-GHAZALI, Muhammad', 0, '', 1, 0, 3, '2018-02-05 11:21:57', '192.168.30.20', 0, '0000-00-00 00:00:00', ''),
(200, 5, 23345, 'RANGEL GOMEZ, Francisco Jose', 'VENEZUELA', 1, 'RANGEL GOMEZ, Francisco Jose adasd', 0, '', 1, 0, 3, '2018-02-05 11:21:57', '192.168.30.20', 0, '0000-00-00 00:00:00', ''),
(201, 5, 23346, 'ZAVARSE PABON, Fabio Enrique', 'VENEZUELA', 2, 'ZAVARSE PABON, Fabio Enrique yiuyiu', 0, '', 1, 0, 3, '2018-02-05 11:21:57', '192.168.30.20', 0, '0000-00-00 00:00:00', ''),
(202, 6, 4338, 'GOMEZ BERRIO, Olmes de Jesus', 'SDNT', 1, 'RANGEL GOMEZ, Francisco Jose adasd', 0, '', 1, 0, 3, '2018-02-05 11:26:43', '192.168.30.20', 0, '0000-00-00 00:00:00', ''),
(203, 6, 6916, 'ALI, Ahmed Mohammed Hamed', 'SDGT', 4, 'Aguirre AL-GHAZALI, Muhammad', 0, '', 1, 0, 3, '2018-02-05 11:26:43', '192.168.30.20', 0, '0000-00-00 00:00:00', ''),
(204, 6, 6921, 'ATWA, Ali', 'SDGT', 4, 'Aguirre AL-GHAZALI, Muhammad', 0, '', 1, 0, 3, '2018-02-05 11:26:43', '192.168.30.20', 0, '0000-00-00 00:00:00', ''),
(205, 6, 6939, 'AL-HAMATI, Muhammad', 'SDGT', 4, 'Aguirre AL-GHAZALI, Muhammad', 0, '', 1, 0, 3, '2018-02-05 11:26:43', '192.168.30.20', 0, '0000-00-00 00:00:00', ''),
(206, 6, 7164, 'AGUIRRE GALINDO, Manuel', 'SDNTK', 4, 'Aguirre AL-GHAZALI, Muhammad', 0, '', 1, 0, 3, '2018-02-05 11:26:43', '192.168.30.20', 0, '0000-00-00 00:00:00', ''),
(207, 6, 7281, 'GOMEZ BUSTAMANTE, Luis Hernando', 'SDNT', 1, 'RANGEL GOMEZ, Francisco Jose adasd', 0, '', 1, 0, 3, '2018-02-05 11:26:43', '192.168.30.20', 0, '0000-00-00 00:00:00', ''),
(208, 6, 7302, 'GOMEZ APONTE, Laura Victoria', 'SDNT', 1, 'RANGEL GOMEZ, Francisco Jose adasd', 0, '', 1, 0, 3, '2018-02-05 11:26:43', '192.168.30.20', 0, '0000-00-00 00:00:00', ''),
(209, 6, 7303, 'GOMEZ GOMEZ, Viviana', 'SDNT', 1, 'RANGEL GOMEZ, Francisco Jose adasd', 0, '', 1, 0, 3, '2018-02-05 11:26:43', '192.168.30.20', 0, '0000-00-00 00:00:00', ''),
(210, 6, 7304, 'GOMEZ JARAMILLO, Olga Cecilia', 'SDNT', 1, 'RANGEL GOMEZ, Francisco Jose adasd', 0, '', 1, 0, 3, '2018-02-05 11:26:43', '192.168.30.20', 0, '0000-00-00 00:00:00', ''),
(211, 6, 7658, 'BIO CORPORATION', 'BALKANS', 2, 'ZAVARSE PABON, Fabio Enrique yiuyiu', 0, '', 1, 0, 3, '2018-02-05 11:26:43', '192.168.30.20', 0, '0000-00-00 00:00:00', ''),
(212, 6, 7715, 'KUBURA, Amir', 'BALKANS', 3, 'Amir Al Katranji', 0, '', 1, 0, 3, '2018-02-05 11:26:43', '192.168.30.20', 0, '0000-00-00 00:00:00', ''),
(213, 6, 8106, 'ABO GHAITH, Sulaiman Jassem', 'SDGT', 2, 'ZAVARSE PABON, Fabio Enrique yiuyiu', 0, '', 1, 0, 3, '2018-02-05 11:26:43', '192.168.30.20', 0, '0000-00-00 00:00:00', ''),
(214, 6, 8155, 'GOMEZ ALVAREZ, Sor Teresa', 'SDNTK', 1, 'RANGEL GOMEZ, Francisco Jose adasd', 0, '', 1, 0, 3, '2018-02-05 11:26:43', '192.168.30.20', 0, '0000-00-00 00:00:00', ''),
(215, 6, 8926, 'GOMEZ QUINTERO, Carlos Alberto', 'SDNT', 1, 'RANGEL GOMEZ, Francisco Jose adasd', 0, '', 1, 0, 3, '2018-02-05 11:26:43', '192.168.30.20', 0, '0000-00-00 00:00:00', ''),
(216, 6, 9342, 'GHAZALI, Rustum', 'SYRIA', 4, 'Aguirre AL-GHAZALI, Muhammad', 0, '', 1, 0, 3, '2018-02-05 11:26:43', '192.168.30.20', 0, '0000-00-00 00:00:00', ''),
(217, 6, 9990, 'GOMEZ BUSTAMANTE, Wilmer de Jesus', 'SDNT', 1, 'RANGEL GOMEZ, Francisco Jose adasd', 0, '', 1, 0, 3, '2018-02-05 11:26:43', '192.168.30.20', 0, '0000-00-00 00:00:00', ''),
(218, 6, 9994, 'GOMEZ OCAMPO, Davinson', 'SDNT', 1, 'RANGEL GOMEZ, Francisco Jose adasd', 0, '', 1, 0, 3, '2018-02-05 11:26:43', '192.168.30.20', 0, '0000-00-00 00:00:00', ''),
(219, 6, 9996, 'GOMEZ BUSTAMANTE, Luis Alfonso', 'SDNT', 1, 'RANGEL GOMEZ, Francisco Jose adasd', 0, '', 1, 0, 3, '2018-02-05 11:26:43', '192.168.30.20', 0, '0000-00-00 00:00:00', ''),
(220, 6, 10003, 'GOMEZ MARIN LTDA.', 'SDNT', 1, 'RANGEL GOMEZ, Francisco Jose adasd', 0, '', 1, 0, 3, '2018-02-05 11:26:43', '192.168.30.20', 0, '0000-00-00 00:00:00', ''),
(221, 6, 10595, 'AZAM, Amir', 'SDNTK', 3, 'Amir Al Katranji', 0, '', 1, 0, 3, '2018-02-05 11:26:43', '192.168.30.20', 0, '0000-00-00 00:00:00', ''),
(222, 6, 10626, 'AGUIRRE SANCHEZ, Blanca Armida', 'SDNTK', 4, 'Aguirre AL-GHAZALI, Muhammad', 0, '', 1, 0, 3, '2018-02-05 11:26:43', '192.168.30.20', 0, '0000-00-00 00:00:00', ''),
(223, 6, 10627, 'AGUIRRE SANCHEZ, Claudia', 'SDNTK', 4, 'Aguirre AL-GHAZALI, Muhammad', 0, '', 1, 0, 3, '2018-02-05 11:26:43', '192.168.30.20', 0, '0000-00-00 00:00:00', ''),
(224, 6, 10689, 'SAEED, Muhammad', 'SDGT', 4, 'Aguirre AL-GHAZALI, Muhammad', 0, '', 1, 0, 3, '2018-02-05 11:26:43', '192.168.30.20', 0, '0000-00-00 00:00:00', ''),
(225, 6, 10986, 'AGUIRRE CARDONA, Armando', 'SDNTK', 4, 'Aguirre AL-GHAZALI, Muhammad', 0, '', 1, 0, 3, '2018-02-05 11:26:43', '192.168.30.20', 0, '0000-00-00 00:00:00', ''),
(226, 6, 11185, 'RANGEL SILVA, Henry de Jesus', 'SDNTK', 1, 'RANGEL GOMEZ, Francisco Jose adasd', 0, '', 1, 0, 3, '2018-02-05 11:26:43', '192.168.30.20', 0, '0000-00-00 00:00:00', ''),
(227, 6, 11284, 'LI, Cheng Yu', 'SDNTK', 4, 'Aguirre AL-GHAZALI, Muhammad', 0, '', 1, 0, 3, '2018-02-05 11:26:43', '192.168.30.20', 0, '0000-00-00 00:00:00', ''),
(228, 6, 11286, 'LI, Kai Shou', 'SDNTK', 4, 'Aguirre AL-GHAZALI, Muhammad', 0, '', 1, 0, 3, '2018-02-05 11:26:43', '192.168.30.20', 0, '0000-00-00 00:00:00', ''),
(229, 6, 11358, 'FAROOQ, Muhammad', 'NPWMD', 4, 'Aguirre AL-GHAZALI, Muhammad', 0, '', 1, 0, 3, '2018-02-05 11:26:43', '192.168.30.20', 0, '0000-00-00 00:00:00', ''),
(230, 6, 11447, 'LI, Fangwei', 'NPWMD] [IFSR', 4, 'Aguirre AL-GHAZALI, Muhammad', 0, '', 1, 0, 3, '2018-02-05 11:26:43', '192.168.30.20', 0, '0000-00-00 00:00:00', ''),
(231, 6, 11801, 'GOMEZ MARTINEZ, Servando', 'SDNTK', 1, 'RANGEL GOMEZ, Francisco Jose adasd', 0, '', 1, 0, 3, '2018-02-05 11:26:43', '192.168.30.20', 0, '0000-00-00 00:00:00', ''),
(232, 6, 11936, 'RANGEL BUENDIA, Alfredo', 'SDNTK', 1, 'RANGEL GOMEZ, Francisco Jose adasd', 0, '', 1, 0, 3, '2018-02-05 11:26:43', '192.168.30.20', 0, '0000-00-00 00:00:00', ''),
(233, 6, 12128, 'ABDULLAH, Amir', 'SDGT', 3, 'Amir Al Katranji', 0, '', 1, 0, 3, '2018-02-05 11:26:43', '192.168.30.20', 0, '0000-00-00 00:00:00', ''),
(234, 6, 12306, 'GOMEZ ORTIZ, David', 'SDNTK', 1, 'RANGEL GOMEZ, Francisco Jose adasd', 0, '', 1, 0, 3, '2018-02-05 11:26:43', '192.168.30.20', 0, '0000-00-00 00:00:00', ''),
(235, 6, 12311, 'GOMEZ PIQUERAS, Jose Luis', 'SDNTK', 1, 'RANGEL GOMEZ, Francisco Jose adasd', 0, '', 1, 0, 3, '2018-02-05 11:26:43', '192.168.30.20', 0, '0000-00-00 00:00:00', ''),
(236, 6, 12343, 'BIO FORESTAL S.A.S.', 'SDNTK', 2, 'ZAVARSE PABON, Fabio Enrique yiuyiu', 0, '', 1, 0, 3, '2018-02-05 11:26:43', '192.168.30.20', 0, '0000-00-00 00:00:00', ''),
(237, 6, 12450, 'TAJIDEEN, Ali', 'SDGT', 4, 'Aguirre AL-GHAZALI, Muhammad', 0, '', 1, 0, 3, '2018-02-05 11:26:43', '192.168.30.20', 0, '0000-00-00 00:00:00', ''),
(238, 6, 12628, 'GADDAFI, Muhammad', 'LIBYA2', 4, 'Aguirre AL-GHAZALI, Muhammad', 0, '', 1, 0, 3, '2018-02-05 11:26:43', '192.168.30.20', 0, '0000-00-00 00:00:00', ''),
(239, 6, 12722, 'MAMLUK, Ali', 'SYRIA] [HRIT-SY', 4, 'Aguirre AL-GHAZALI, Muhammad', 0, '', 1, 0, 3, '2018-02-05 11:26:43', '192.168.30.20', 0, '0000-00-00 00:00:00', ''),
(240, 6, 12845, 'HAMSHO, Muhammad', 'SYRIA', 4, 'Aguirre AL-GHAZALI, Muhammad', 0, '', 1, 0, 3, '2018-02-05 11:26:43', '192.168.30.20', 0, '0000-00-00 00:00:00', ''),
(241, 6, 13002, 'MAKHLUF, Muhammad', 'SYRIA', 4, 'Aguirre AL-GHAZALI, Muhammad', 0, '', 1, 0, 3, '2018-02-05 11:26:43', '192.168.30.20', 0, '0000-00-00 00:00:00', ''),
(242, 6, 13153, 'FADAVI, Ali', 'NPWMD] [IFSR', 4, 'Aguirre AL-GHAZALI, Muhammad', 0, '', 1, 0, 3, '2018-02-05 11:26:43', '192.168.30.20', 0, '0000-00-00 00:00:00', ''),
(243, 6, 15206, 'HAIDAR, Ali', 'SYRIA', 4, 'Aguirre AL-GHAZALI, Muhammad', 0, '', 1, 0, 3, '2018-02-05 11:26:43', '192.168.30.20', 0, '0000-00-00 00:00:00', ''),
(244, 6, 15418, 'HAMZA, Amir', 'SDGT', 3, 'Amir Al Katranji', 0, '', 1, 0, 3, '2018-02-05 11:26:43', '192.168.30.20', 0, '0000-00-00 00:00:00', ''),
(245, 6, 15552, 'FAZLI, Ali', 'IRAN-TRA', 4, 'Aguirre AL-GHAZALI, Muhammad', 0, '', 1, 0, 3, '2018-02-05 11:26:43', '192.168.30.20', 0, '0000-00-00 00:00:00', ''),
(246, 6, 16151, 'QABALAN, Muhammad', 'SDGT', 4, 'Aguirre AL-GHAZALI, Muhammad', 0, '', 1, 0, 3, '2018-02-05 11:26:43', '192.168.30.20', 0, '0000-00-00 00:00:00', ''),
(247, 6, 16226, 'KAWTHARANI, Muhammad', 'SDGT', 4, 'Aguirre AL-GHAZALI, Muhammad', 0, '', 1, 0, 3, '2018-02-05 11:26:43', '192.168.30.20', 0, '0000-00-00 00:00:00', ''),
(248, 6, 16278, 'MUHAMMAD JAMAL NETWORK', 'SDGT', 4, 'Aguirre AL-GHAZALI, Muhammad', 0, '', 1, 0, 3, '2018-02-05 11:26:43', '192.168.30.20', 0, '0000-00-00 00:00:00', ''),
(249, 6, 16529, 'CANKO, Ali', 'NPWMD] [IFSR', 4, 'Aguirre AL-GHAZALI, Muhammad', 0, '', 1, 0, 3, '2018-02-05 11:26:43', '192.168.30.20', 0, '0000-00-00 00:00:00', ''),
(250, 6, 16855, 'GHOLAMI, Ali', 'NPWMD] [IFSR', 4, 'Aguirre AL-GHAZALI, Muhammad', 0, '', 1, 0, 3, '2018-02-05 11:26:43', '192.168.30.20', 0, '0000-00-00 00:00:00', ''),
(251, 6, 17037, 'ZEAITER, Ali', 'SDGT', 4, 'Aguirre AL-GHAZALI, Muhammad', 0, '', 1, 0, 3, '2018-02-05 11:26:43', '192.168.30.20', 0, '0000-00-00 00:00:00', ''),
(252, 6, 17164, 'IQBAL, Muhammad', 'SDGT', 4, 'Aguirre AL-GHAZALI, Muhammad', 0, '', 1, 0, 3, '2018-02-05 11:26:43', '192.168.30.20', 0, '0000-00-00 00:00:00', ''),
(253, 6, 18635, 'ALI HAKIM, Boubaker Ben Habib Ben', 'SDGT', 4, 'Aguirre AL-GHAZALI, Muhammad', 0, '', 1, 0, 3, '2018-02-05 11:26:43', '192.168.30.20', 0, '0000-00-00 00:00:00', ''),
(254, 6, 19089, 'JOSE PIELES', 'SDNTK', 1, 'RANGEL GOMEZ, Francisco Jose adasd', 0, '', 1, 0, 3, '2018-02-05 11:26:43', '192.168.30.20', 0, '0000-00-00 00:00:00', ''),
(255, 6, 19139, 'GOMEZ VELAZQUEZ, Daniela', 'SDNTK', 1, 'RANGEL GOMEZ, Francisco Jose adasd', 0, '', 1, 0, 3, '2018-02-05 11:26:43', '192.168.30.20', 0, '0000-00-00 00:00:00', ''),
(256, 6, 19573, 'JH 86', 'DPRK', 4, 'Aguirre AL-GHAZALI, Muhammad', 0, '', 1, 0, 3, '2018-02-05 11:26:43', '192.168.30.20', 0, '0000-00-00 00:00:00', ''),
(257, 6, 19930, 'KONY, Ali', 'CAR', 4, 'Aguirre AL-GHAZALI, Muhammad', 0, '', 1, 0, 3, '2018-02-05 11:26:43', '192.168.30.20', 0, '0000-00-00 00:00:00', ''),
(258, 6, 20245, 'ALI, Aous', 'SYRIA', 4, 'Aguirre AL-GHAZALI, Muhammad', 0, '', 1, 0, 3, '2018-02-05 11:26:43', '192.168.30.20', 0, '0000-00-00 00:00:00', ''),
(259, 6, 20941, 'WANUS, Ali', 'NPWMD', 4, 'Aguirre AL-GHAZALI, Muhammad', 0, '', 1, 0, 3, '2018-02-05 11:26:43', '192.168.30.20', 0, '0000-00-00 00:00:00', ''),
(260, 6, 20964, 'GHANEM, Ali', 'SYRIA', 4, 'Aguirre AL-GHAZALI, Muhammad', 0, '', 1, 0, 3, '2018-02-05 11:26:43', '192.168.30.20', 0, '0000-00-00 00:00:00', ''),
(261, 6, 20965, 'AL-ZAFIR, Ali', 'SYRIA', 4, 'Aguirre AL-GHAZALI, Muhammad', 0, '', 1, 0, 3, '2018-02-05 11:26:43', '192.168.30.20', 0, '0000-00-00 00:00:00', ''),
(262, 6, 20968, 'HAMMUD, Ali', 'SYRIA', 4, 'Aguirre AL-GHAZALI, Muhammad', 0, '', 1, 0, 3, '2018-02-05 11:26:43', '192.168.30.20', 0, '0000-00-00 00:00:00', ''),
(263, 6, 21004, 'ALI ALI ABKAR, Al-Hasan', 'SDGT', 4, 'Aguirre AL-GHAZALI, Muhammad', 0, '', 1, 0, 3, '2018-02-05 11:26:43', '192.168.30.20', 0, '0000-00-00 00:00:00', ''),
(264, 6, 21165, 'IBRAHIM, Muhammad', 'SYRIA', 4, 'Aguirre AL-GHAZALI, Muhammad', 0, '', 1, 0, 3, '2018-02-05 11:26:43', '192.168.30.20', 0, '0000-00-00 00:00:00', ''),
(265, 6, 21283, 'SARWAR, Muhammad', 'SDGT', 4, 'Aguirre AL-GHAZALI, Muhammad', 0, '', 1, 0, 3, '2018-02-05 11:26:43', '192.168.30.20', 0, '0000-00-00 00:00:00', ''),
(266, 6, 21404, 'DAMUSH, Ali', 'SDGT', 4, 'Aguirre AL-GHAZALI, Muhammad', 0, '', 1, 0, 3, '2018-02-05 11:26:43', '192.168.30.20', 0, '0000-00-00 00:00:00', ''),
(267, 6, 21568, 'SHARIFI, Ali', 'SDGT] [IRGC] [IFSR', 4, 'Aguirre AL-GHAZALI, Muhammad', 0, '', 1, 0, 3, '2018-02-05 11:26:43', '192.168.30.20', 0, '0000-00-00 00:00:00', ''),
(268, 6, 21765, 'HAMANI, Hamma', 'SDGT] [LIBYA3', 4, 'Aguirre AL-GHAZALI, Muhammad', 0, '', 1, 0, 3, '2018-02-05 11:26:43', '192.168.30.20', 0, '0000-00-00 00:00:00', ''),
(269, 6, 21909, 'AL-IBRAHIM, Muhammad', 'SYRIA', 4, 'Aguirre AL-GHAZALI, Muhammad', 0, '', 1, 0, 3, '2018-02-05 11:26:43', '192.168.30.20', 0, '0000-00-00 00:00:00', ''),
(270, 6, 21911, 'DARWISH, Ali', 'SYRIA', 4, 'Aguirre AL-GHAZALI, Muhammad', 0, '', 1, 0, 3, '2018-02-05 11:26:43', '192.168.30.20', 0, '0000-00-00 00:00:00', ''),
(271, 6, 21945, 'SALLUM, Muhammad', 'SYRIA', 4, 'Aguirre AL-GHAZALI, Muhammad', 0, '', 1, 0, 3, '2018-02-05 11:26:43', '192.168.30.20', 0, '0000-00-00 00:00:00', ''),
(272, 6, 21977, 'HUSAYN, Muhammad', 'SYRIA', 4, 'Aguirre AL-GHAZALI, Muhammad', 0, '', 1, 0, 3, '2018-02-05 11:26:43', '192.168.30.20', 0, '0000-00-00 00:00:00', ''),
(273, 6, 21979, 'BIZRAH, Muhammad', 'SYRIA', 4, 'Aguirre AL-GHAZALI, Muhammad', 0, '', 1, 0, 3, '2018-02-05 11:26:43', '192.168.30.20', 0, '0000-00-00 00:00:00', ''),
(274, 6, 21989, 'HAWWAT, Muhammad', 'SYRIA', 4, 'Aguirre AL-GHAZALI, Muhammad', 0, '', 1, 0, 3, '2018-02-05 11:26:43', '192.168.30.20', 0, '0000-00-00 00:00:00', ''),
(275, 6, 22022, 'SALMAN, Muhammad', 'SYRIA', 4, 'Aguirre AL-GHAZALI, Muhammad', 0, '', 1, 0, 3, '2018-02-05 11:26:43', '192.168.30.20', 0, '0000-00-00 00:00:00', ''),
(276, 6, 22040, 'ASWAD, Ali', 'SYRIA', 4, 'Aguirre AL-GHAZALI, Muhammad', 0, '', 1, 0, 3, '2018-02-05 11:26:43', '192.168.30.20', 0, '0000-00-00 00:00:00', ''),
(277, 6, 22044, 'AL-RAHHAL, Muhammad', 'SYRIA', 4, 'Aguirre AL-GHAZALI, Muhammad', 0, '', 1, 0, 3, '2018-02-05 11:26:43', '192.168.30.20', 0, '0000-00-00 00:00:00', ''),
(278, 6, 22045, 'MUSHRIF, Amir', 'SYRIA', 3, 'Amir Al Katranji', 0, '', 1, 0, 3, '2018-02-05 11:26:43', '192.168.30.20', 0, '0000-00-00 00:00:00', ''),
(279, 6, 22061, 'AL-SHAYKH, Muhammad', 'SYRIA', 4, 'Aguirre AL-GHAZALI, Muhammad', 0, '', 1, 0, 3, '2018-02-05 11:26:43', '192.168.30.20', 0, '0000-00-00 00:00:00', ''),
(280, 6, 22072, '''ABDALLAH, Muhammad', 'SYRIA', 4, 'Aguirre AL-GHAZALI, Muhammad', 0, '', 1, 0, 3, '2018-02-05 11:26:43', '192.168.30.20', 0, '0000-00-00 00:00:00', ''),
(281, 6, 22074, 'HAMANDUSH, Muhammad', 'SYRIA', 4, 'Aguirre AL-GHAZALI, Muhammad', 0, '', 1, 0, 3, '2018-02-05 11:26:43', '192.168.30.20', 0, '0000-00-00 00:00:00', ''),
(282, 6, 22077, 'SA''DU, Muhammad', 'SYRIA', 4, 'Aguirre AL-GHAZALI, Muhammad', 0, '', 1, 0, 3, '2018-02-05 11:26:43', '192.168.30.20', 0, '0000-00-00 00:00:00', ''),
(283, 6, 22089, 'AL-MUHAMMAD, Muhammad', 'SYRIA', 4, 'Aguirre AL-GHAZALI, Muhammad', 0, '', 1, 0, 3, '2018-02-05 11:26:43', '192.168.30.20', 0, '0000-00-00 00:00:00', ''),
(284, 6, 22091, '''ARAFAT, Muhammad', 'SYRIA', 4, 'Aguirre AL-GHAZALI, Muhammad', 0, '', 1, 0, 3, '2018-02-05 11:26:43', '192.168.30.20', 0, '0000-00-00 00:00:00', ''),
(285, 6, 22113, '''ALI, Muhammad', 'SYRIA', 4, 'Aguirre AL-GHAZALI, Muhammad', 0, '', 1, 0, 3, '2018-02-05 11:26:43', '192.168.30.20', 0, '0000-00-00 00:00:00', ''),
(286, 6, 22126, 'HAITANI, Muhammad', 'SYRIA', 4, 'Aguirre AL-GHAZALI, Muhammad', 0, '', 1, 0, 3, '2018-02-05 11:26:43', '192.168.30.20', 0, '0000-00-00 00:00:00', ''),
(287, 6, 22135, 'HARIRI, Muhammad', 'SYRIA', 4, 'Aguirre AL-GHAZALI, Muhammad', 0, '', 1, 0, 3, '2018-02-05 11:26:43', '192.168.30.20', 0, '0000-00-00 00:00:00', ''),
(288, 6, 22149, 'IBRAHIM, Ali', 'SYRIA', 4, 'Aguirre AL-GHAZALI, Muhammad', 0, '', 1, 0, 3, '2018-02-05 11:26:43', '192.168.30.20', 0, '0000-00-00 00:00:00', ''),
(289, 6, 22151, '''ALI, Muhammad', 'SYRIA', 4, 'Aguirre AL-GHAZALI, Muhammad', 0, '', 1, 0, 3, '2018-02-05 11:26:43', '192.168.30.20', 0, '0000-00-00 00:00:00', ''),
(290, 6, 22162, 'JUMUL, Ali', 'SYRIA', 4, 'Aguirre AL-GHAZALI, Muhammad', 0, '', 1, 0, 3, '2018-02-05 11:26:43', '192.168.30.20', 0, '0000-00-00 00:00:00', ''),
(291, 6, 22262, 'ABBAS, Muhammad', 'SYRIA', 4, 'Aguirre AL-GHAZALI, Muhammad', 0, '', 1, 0, 3, '2018-02-05 11:26:43', '192.168.30.20', 0, '0000-00-00 00:00:00', ''),
(292, 6, 22609, 'LI, Hong Ri', 'DPRK3', 4, 'Aguirre AL-GHAZALI, Muhammad', 0, '', 1, 0, 3, '2018-02-05 11:26:43', '192.168.30.20', 0, '0000-00-00 00:00:00', ''),
(293, 6, 22788, 'AMIR AL MO''MENIN INDUSTRIES', 'NPWMD] [IFSR', 3, 'Amir Al Katranji', 0, '', 1, 0, 3, '2018-02-05 11:26:43', '192.168.30.20', 0, '0000-00-00 00:00:00', ''),
(294, 6, 23164, 'RAK RANG', 'DPRK4', 1, 'RANGEL GOMEZ, Francisco Jose adasd', 0, '', 1, 0, 3, '2018-02-05 11:26:43', '192.168.30.20', 0, '0000-00-00 00:00:00', ''),
(295, 6, 23335, 'AL-GHAZALI, Muhammad', 'SDGT', 4, 'Aguirre AL-GHAZALI, Muhammad', 0, '', 1, 0, 3, '2018-02-05 11:26:43', '192.168.30.20', 0, '0000-00-00 00:00:00', ''),
(296, 6, 23345, 'RANGEL GOMEZ, Francisco Jose', 'VENEZUELA', 1, 'RANGEL GOMEZ, Francisco Jose adasd', 0, '', 1, 0, 3, '2018-02-05 11:26:43', '192.168.30.20', 0, '0000-00-00 00:00:00', ''),
(297, 6, 23346, 'ZAVARSE PABON, Fabio Enrique', 'VENEZUELA', 2, 'ZAVARSE PABON, Fabio Enrique yiuyiu', 0, '', 1, 0, 3, '2018-02-05 11:26:43', '192.168.30.20', 0, '0000-00-00 00:00:00', ''),
(298, 7, 4338, 'GOMEZ BERRIO, Olmes de Jesus', 'SDNT', 1, 'RANGEL GOMEZ, Francisco Jose adasd', 0, '', 1, 0, 1, '2018-02-07 11:24:46', '192.168.30.30', 0, '0000-00-00 00:00:00', '');
INSERT INTO `ft_ofac_check_data_detail` (`id`, `ofac_check_data_id`, `id_no`, `sdn_name`, `program`, `client_id`, `client_name`, `rep_no`, `rep_name`, `status`, `is_delete`, `created_by`, `created_time`, `created_ip`, `modified_by`, `modified_time`, `modified_ip`) VALUES
(299, 7, 6916, 'ALI, Ahmed Mohammed Hamed', 'SDGT', 4, 'Aguirre AL-GHAZALI, Muhammad', 0, '', 1, 0, 1, '2018-02-07 11:24:46', '192.168.30.30', 0, '0000-00-00 00:00:00', ''),
(300, 7, 6921, 'ATWA, Ali', 'SDGT', 4, 'Aguirre AL-GHAZALI, Muhammad', 0, '', 1, 0, 1, '2018-02-07 11:24:46', '192.168.30.30', 0, '0000-00-00 00:00:00', ''),
(301, 7, 6939, 'AL-HAMATI, Muhammad', 'SDGT', 4, 'Aguirre AL-GHAZALI, Muhammad', 0, '', 1, 0, 1, '2018-02-07 11:24:46', '192.168.30.30', 0, '0000-00-00 00:00:00', ''),
(302, 7, 7164, 'AGUIRRE GALINDO, Manuel', 'SDNTK', 4, 'Aguirre AL-GHAZALI, Muhammad', 0, '', 1, 0, 1, '2018-02-07 11:24:46', '192.168.30.30', 0, '0000-00-00 00:00:00', ''),
(303, 7, 7281, 'GOMEZ BUSTAMANTE, Luis Hernando', 'SDNT', 1, 'RANGEL GOMEZ, Francisco Jose adasd', 0, '', 1, 0, 1, '2018-02-07 11:24:46', '192.168.30.30', 0, '0000-00-00 00:00:00', ''),
(304, 7, 7302, 'GOMEZ APONTE, Laura Victoria', 'SDNT', 1, 'RANGEL GOMEZ, Francisco Jose adasd', 0, '', 1, 0, 1, '2018-02-07 11:24:46', '192.168.30.30', 0, '0000-00-00 00:00:00', ''),
(305, 7, 7303, 'GOMEZ GOMEZ, Viviana', 'SDNT', 1, 'RANGEL GOMEZ, Francisco Jose adasd', 0, '', 1, 0, 1, '2018-02-07 11:24:46', '192.168.30.30', 0, '0000-00-00 00:00:00', ''),
(306, 7, 7304, 'GOMEZ JARAMILLO, Olga Cecilia', 'SDNT', 1, 'RANGEL GOMEZ, Francisco Jose adasd', 0, '', 1, 0, 1, '2018-02-07 11:24:46', '192.168.30.30', 0, '0000-00-00 00:00:00', ''),
(307, 7, 7658, 'BIO CORPORATION', 'BALKANS', 2, 'ZAVARSE PABON, Fabio Enrique yiuyiu', 0, '', 1, 0, 1, '2018-02-07 11:24:46', '192.168.30.30', 0, '0000-00-00 00:00:00', ''),
(308, 7, 7715, 'KUBURA, Amir', 'BALKANS', 3, 'Amir Al Katranji', 0, '', 1, 0, 1, '2018-02-07 11:24:46', '192.168.30.30', 0, '0000-00-00 00:00:00', ''),
(309, 7, 8106, 'ABO GHAITH, Sulaiman Jassem', 'SDGT', 2, 'ZAVARSE PABON, Fabio Enrique yiuyiu', 0, '', 1, 0, 1, '2018-02-07 11:24:46', '192.168.30.30', 0, '0000-00-00 00:00:00', ''),
(310, 7, 8155, 'GOMEZ ALVAREZ, Sor Teresa', 'SDNTK', 1, 'RANGEL GOMEZ, Francisco Jose adasd', 0, '', 1, 0, 1, '2018-02-07 11:24:46', '192.168.30.30', 0, '0000-00-00 00:00:00', ''),
(311, 7, 8926, 'GOMEZ QUINTERO, Carlos Alberto', 'SDNT', 1, 'RANGEL GOMEZ, Francisco Jose adasd', 0, '', 1, 0, 1, '2018-02-07 11:24:46', '192.168.30.30', 0, '0000-00-00 00:00:00', ''),
(312, 7, 9342, 'GHAZALI, Rustum', 'SYRIA', 4, 'Aguirre AL-GHAZALI, Muhammad', 0, '', 1, 0, 1, '2018-02-07 11:24:46', '192.168.30.30', 0, '0000-00-00 00:00:00', ''),
(313, 7, 9990, 'GOMEZ BUSTAMANTE, Wilmer de Jesus', 'SDNT', 1, 'RANGEL GOMEZ, Francisco Jose adasd', 0, '', 1, 0, 1, '2018-02-07 11:24:46', '192.168.30.30', 0, '0000-00-00 00:00:00', ''),
(314, 7, 9994, 'GOMEZ OCAMPO, Davinson', 'SDNT', 1, 'RANGEL GOMEZ, Francisco Jose adasd', 0, '', 1, 0, 1, '2018-02-07 11:24:46', '192.168.30.30', 0, '0000-00-00 00:00:00', ''),
(315, 7, 9996, 'GOMEZ BUSTAMANTE, Luis Alfonso', 'SDNT', 1, 'RANGEL GOMEZ, Francisco Jose adasd', 0, '', 1, 0, 1, '2018-02-07 11:24:46', '192.168.30.30', 0, '0000-00-00 00:00:00', ''),
(316, 7, 10003, 'GOMEZ MARIN LTDA.', 'SDNT', 1, 'RANGEL GOMEZ, Francisco Jose adasd', 0, '', 1, 0, 1, '2018-02-07 11:24:46', '192.168.30.30', 0, '0000-00-00 00:00:00', ''),
(317, 7, 10595, 'AZAM, Amir', 'SDNTK', 3, 'Amir Al Katranji', 0, '', 1, 0, 1, '2018-02-07 11:24:46', '192.168.30.30', 0, '0000-00-00 00:00:00', ''),
(318, 7, 10626, 'AGUIRRE SANCHEZ, Blanca Armida', 'SDNTK', 4, 'Aguirre AL-GHAZALI, Muhammad', 0, '', 1, 0, 1, '2018-02-07 11:24:46', '192.168.30.30', 0, '0000-00-00 00:00:00', ''),
(319, 7, 10627, 'AGUIRRE SANCHEZ, Claudia', 'SDNTK', 4, 'Aguirre AL-GHAZALI, Muhammad', 0, '', 1, 0, 1, '2018-02-07 11:24:46', '192.168.30.30', 0, '0000-00-00 00:00:00', ''),
(320, 7, 10689, 'SAEED, Muhammad', 'SDGT', 4, 'Aguirre AL-GHAZALI, Muhammad', 0, '', 1, 0, 1, '2018-02-07 11:24:46', '192.168.30.30', 0, '0000-00-00 00:00:00', ''),
(321, 7, 10986, 'AGUIRRE CARDONA, Armando', 'SDNTK', 4, 'Aguirre AL-GHAZALI, Muhammad', 0, '', 1, 0, 1, '2018-02-07 11:24:46', '192.168.30.30', 0, '0000-00-00 00:00:00', ''),
(322, 7, 11185, 'RANGEL SILVA, Henry de Jesus', 'SDNTK', 1, 'RANGEL GOMEZ, Francisco Jose adasd', 0, '', 1, 0, 1, '2018-02-07 11:24:46', '192.168.30.30', 0, '0000-00-00 00:00:00', ''),
(323, 7, 11284, 'LI, Cheng Yu', 'SDNTK', 4, 'Aguirre AL-GHAZALI, Muhammad', 0, '', 1, 0, 1, '2018-02-07 11:24:46', '192.168.30.30', 0, '0000-00-00 00:00:00', ''),
(324, 7, 11286, 'LI, Kai Shou', 'SDNTK', 4, 'Aguirre AL-GHAZALI, Muhammad', 0, '', 1, 0, 1, '2018-02-07 11:24:46', '192.168.30.30', 0, '0000-00-00 00:00:00', ''),
(325, 7, 11358, 'FAROOQ, Muhammad', 'NPWMD', 4, 'Aguirre AL-GHAZALI, Muhammad', 0, '', 1, 0, 1, '2018-02-07 11:24:46', '192.168.30.30', 0, '0000-00-00 00:00:00', ''),
(326, 7, 11447, 'LI, Fangwei', 'NPWMD] [IFSR', 4, 'Aguirre AL-GHAZALI, Muhammad', 0, '', 1, 0, 1, '2018-02-07 11:24:46', '192.168.30.30', 0, '0000-00-00 00:00:00', ''),
(327, 7, 11801, 'GOMEZ MARTINEZ, Servando', 'SDNTK', 1, 'RANGEL GOMEZ, Francisco Jose adasd', 0, '', 1, 0, 1, '2018-02-07 11:24:46', '192.168.30.30', 0, '0000-00-00 00:00:00', ''),
(328, 7, 11936, 'RANGEL BUENDIA, Alfredo', 'SDNTK', 1, 'RANGEL GOMEZ, Francisco Jose adasd', 0, '', 1, 0, 1, '2018-02-07 11:24:46', '192.168.30.30', 0, '0000-00-00 00:00:00', ''),
(329, 7, 12128, 'ABDULLAH, Amir', 'SDGT', 3, 'Amir Al Katranji', 0, '', 1, 0, 1, '2018-02-07 11:24:46', '192.168.30.30', 0, '0000-00-00 00:00:00', ''),
(330, 7, 12306, 'GOMEZ ORTIZ, David', 'SDNTK', 1, 'RANGEL GOMEZ, Francisco Jose adasd', 0, '', 1, 0, 1, '2018-02-07 11:24:46', '192.168.30.30', 0, '0000-00-00 00:00:00', ''),
(331, 7, 12311, 'GOMEZ PIQUERAS, Jose Luis', 'SDNTK', 1, 'RANGEL GOMEZ, Francisco Jose adasd', 0, '', 1, 0, 1, '2018-02-07 11:24:46', '192.168.30.30', 0, '0000-00-00 00:00:00', ''),
(332, 7, 12343, 'BIO FORESTAL S.A.S.', 'SDNTK', 2, 'ZAVARSE PABON, Fabio Enrique yiuyiu', 0, '', 1, 0, 1, '2018-02-07 11:24:46', '192.168.30.30', 0, '0000-00-00 00:00:00', ''),
(333, 7, 12450, 'TAJIDEEN, Ali', 'SDGT', 4, 'Aguirre AL-GHAZALI, Muhammad', 0, '', 1, 0, 1, '2018-02-07 11:24:46', '192.168.30.30', 0, '0000-00-00 00:00:00', ''),
(334, 7, 12628, 'GADDAFI, Muhammad', 'LIBYA2', 4, 'Aguirre AL-GHAZALI, Muhammad', 0, '', 1, 0, 1, '2018-02-07 11:24:46', '192.168.30.30', 0, '0000-00-00 00:00:00', ''),
(335, 7, 12722, 'MAMLUK, Ali', 'SYRIA] [HRIT-SY', 4, 'Aguirre AL-GHAZALI, Muhammad', 0, '', 1, 0, 1, '2018-02-07 11:24:46', '192.168.30.30', 0, '0000-00-00 00:00:00', ''),
(336, 7, 12845, 'HAMSHO, Muhammad', 'SYRIA', 4, 'Aguirre AL-GHAZALI, Muhammad', 0, '', 1, 0, 1, '2018-02-07 11:24:46', '192.168.30.30', 0, '0000-00-00 00:00:00', ''),
(337, 7, 13002, 'MAKHLUF, Muhammad', 'SYRIA', 4, 'Aguirre AL-GHAZALI, Muhammad', 0, '', 1, 0, 1, '2018-02-07 11:24:46', '192.168.30.30', 0, '0000-00-00 00:00:00', ''),
(338, 7, 13153, 'FADAVI, Ali', 'NPWMD] [IFSR', 4, 'Aguirre AL-GHAZALI, Muhammad', 0, '', 1, 0, 1, '2018-02-07 11:24:46', '192.168.30.30', 0, '0000-00-00 00:00:00', ''),
(339, 7, 15206, 'HAIDAR, Ali', 'SYRIA', 4, 'Aguirre AL-GHAZALI, Muhammad', 0, '', 1, 0, 1, '2018-02-07 11:24:46', '192.168.30.30', 0, '0000-00-00 00:00:00', ''),
(340, 7, 15418, 'HAMZA, Amir', 'SDGT', 3, 'Amir Al Katranji', 0, '', 1, 0, 1, '2018-02-07 11:24:46', '192.168.30.30', 0, '0000-00-00 00:00:00', ''),
(341, 7, 15552, 'FAZLI, Ali', 'IRAN-TRA', 4, 'Aguirre AL-GHAZALI, Muhammad', 0, '', 1, 0, 1, '2018-02-07 11:24:46', '192.168.30.30', 0, '0000-00-00 00:00:00', ''),
(342, 7, 16151, 'QABALAN, Muhammad', 'SDGT', 4, 'Aguirre AL-GHAZALI, Muhammad', 0, '', 1, 0, 1, '2018-02-07 11:24:46', '192.168.30.30', 0, '0000-00-00 00:00:00', ''),
(343, 7, 16226, 'KAWTHARANI, Muhammad', 'SDGT', 4, 'Aguirre AL-GHAZALI, Muhammad', 0, '', 1, 0, 1, '2018-02-07 11:24:46', '192.168.30.30', 0, '0000-00-00 00:00:00', ''),
(344, 7, 16278, 'MUHAMMAD JAMAL NETWORK', 'SDGT', 4, 'Aguirre AL-GHAZALI, Muhammad', 0, '', 1, 0, 1, '2018-02-07 11:24:46', '192.168.30.30', 0, '0000-00-00 00:00:00', ''),
(345, 7, 16529, 'CANKO, Ali', 'NPWMD] [IFSR', 4, 'Aguirre AL-GHAZALI, Muhammad', 0, '', 1, 0, 1, '2018-02-07 11:24:46', '192.168.30.30', 0, '0000-00-00 00:00:00', ''),
(346, 7, 16855, 'GHOLAMI, Ali', 'NPWMD] [IFSR', 4, 'Aguirre AL-GHAZALI, Muhammad', 0, '', 1, 0, 1, '2018-02-07 11:24:46', '192.168.30.30', 0, '0000-00-00 00:00:00', ''),
(347, 7, 17037, 'ZEAITER, Ali', 'SDGT', 4, 'Aguirre AL-GHAZALI, Muhammad', 0, '', 1, 0, 1, '2018-02-07 11:24:46', '192.168.30.30', 0, '0000-00-00 00:00:00', ''),
(348, 7, 17164, 'IQBAL, Muhammad', 'SDGT', 4, 'Aguirre AL-GHAZALI, Muhammad', 0, '', 1, 0, 1, '2018-02-07 11:24:46', '192.168.30.30', 0, '0000-00-00 00:00:00', ''),
(349, 7, 18635, 'ALI HAKIM, Boubaker Ben Habib Ben', 'SDGT', 4, 'Aguirre AL-GHAZALI, Muhammad', 0, '', 1, 0, 1, '2018-02-07 11:24:46', '192.168.30.30', 0, '0000-00-00 00:00:00', ''),
(350, 7, 19089, 'JOSE PIELES', 'SDNTK', 1, 'RANGEL GOMEZ, Francisco Jose adasd', 0, '', 1, 0, 1, '2018-02-07 11:24:46', '192.168.30.30', 0, '0000-00-00 00:00:00', ''),
(351, 7, 19139, 'GOMEZ VELAZQUEZ, Daniela', 'SDNTK', 1, 'RANGEL GOMEZ, Francisco Jose adasd', 0, '', 1, 0, 1, '2018-02-07 11:24:46', '192.168.30.30', 0, '0000-00-00 00:00:00', ''),
(352, 7, 19573, 'JH 86', 'DPRK', 5, 'Wolf sfsdfdsfd', 0, '', 1, 0, 1, '2018-02-07 11:24:46', '192.168.30.30', 0, '0000-00-00 00:00:00', ''),
(353, 7, 19930, 'KONY, Ali', 'CAR', 4, 'Aguirre AL-GHAZALI, Muhammad', 0, '', 1, 0, 1, '2018-02-07 11:24:46', '192.168.30.30', 0, '0000-00-00 00:00:00', ''),
(354, 7, 20245, 'ALI, Aous', 'SYRIA', 4, 'Aguirre AL-GHAZALI, Muhammad', 0, '', 1, 0, 1, '2018-02-07 11:24:46', '192.168.30.30', 0, '0000-00-00 00:00:00', ''),
(355, 7, 20941, 'WANUS, Ali', 'NPWMD', 4, 'Aguirre AL-GHAZALI, Muhammad', 0, '', 1, 0, 1, '2018-02-07 11:24:46', '192.168.30.30', 0, '0000-00-00 00:00:00', ''),
(356, 7, 20964, 'GHANEM, Ali', 'SYRIA', 4, 'Aguirre AL-GHAZALI, Muhammad', 0, '', 1, 0, 1, '2018-02-07 11:24:46', '192.168.30.30', 0, '0000-00-00 00:00:00', ''),
(357, 7, 20965, 'AL-ZAFIR, Ali', 'SYRIA', 4, 'Aguirre AL-GHAZALI, Muhammad', 0, '', 1, 0, 1, '2018-02-07 11:24:46', '192.168.30.30', 0, '0000-00-00 00:00:00', ''),
(358, 7, 20968, 'HAMMUD, Ali', 'SYRIA', 4, 'Aguirre AL-GHAZALI, Muhammad', 0, '', 1, 0, 1, '2018-02-07 11:24:46', '192.168.30.30', 0, '0000-00-00 00:00:00', ''),
(359, 7, 21004, 'ALI ALI ABKAR, Al-Hasan', 'SDGT', 4, 'Aguirre AL-GHAZALI, Muhammad', 0, '', 1, 0, 1, '2018-02-07 11:24:46', '192.168.30.30', 0, '0000-00-00 00:00:00', ''),
(360, 7, 21165, 'IBRAHIM, Muhammad', 'SYRIA', 4, 'Aguirre AL-GHAZALI, Muhammad', 0, '', 1, 0, 1, '2018-02-07 11:24:46', '192.168.30.30', 0, '0000-00-00 00:00:00', ''),
(361, 7, 21283, 'SARWAR, Muhammad', 'SDGT', 4, 'Aguirre AL-GHAZALI, Muhammad', 0, '', 1, 0, 1, '2018-02-07 11:24:46', '192.168.30.30', 0, '0000-00-00 00:00:00', ''),
(362, 7, 21404, 'DAMUSH, Ali', 'SDGT', 4, 'Aguirre AL-GHAZALI, Muhammad', 0, '', 1, 0, 1, '2018-02-07 11:24:46', '192.168.30.30', 0, '0000-00-00 00:00:00', ''),
(363, 7, 21568, 'SHARIFI, Ali', 'SDGT] [IRGC] [IFSR', 4, 'Aguirre AL-GHAZALI, Muhammad', 0, '', 1, 0, 1, '2018-02-07 11:24:46', '192.168.30.30', 0, '0000-00-00 00:00:00', ''),
(364, 7, 21765, 'HAMANI, Hamma', 'SDGT] [LIBYA3', 4, 'Aguirre AL-GHAZALI, Muhammad', 0, '', 1, 0, 1, '2018-02-07 11:24:46', '192.168.30.30', 0, '0000-00-00 00:00:00', ''),
(365, 7, 21908, 'ALI, Ahmad', 'SYRIA', 4, 'Aguirre AL-GHAZALI, Muhammad', 0, '', 1, 0, 1, '2018-02-07 11:24:46', '192.168.30.30', 0, '0000-00-00 00:00:00', ''),
(366, 7, 21909, 'AL-IBRAHIM, Muhammad', 'SYRIA', 4, 'Aguirre AL-GHAZALI, Muhammad', 0, '', 1, 0, 1, '2018-02-07 11:24:46', '192.168.30.30', 0, '0000-00-00 00:00:00', ''),
(367, 7, 21911, 'DARWISH, Ali', 'SYRIA', 4, 'Aguirre AL-GHAZALI, Muhammad', 0, '', 1, 0, 1, '2018-02-07 11:24:46', '192.168.30.30', 0, '0000-00-00 00:00:00', ''),
(368, 7, 21945, 'SALLUM, Muhammad', 'SYRIA', 4, 'Aguirre AL-GHAZALI, Muhammad', 0, '', 1, 0, 1, '2018-02-07 11:24:46', '192.168.30.30', 0, '0000-00-00 00:00:00', ''),
(369, 7, 21977, 'HUSAYN, Muhammad', 'SYRIA', 4, 'Aguirre AL-GHAZALI, Muhammad', 0, '', 1, 0, 1, '2018-02-07 11:24:46', '192.168.30.30', 0, '0000-00-00 00:00:00', ''),
(370, 7, 21979, 'BIZRAH, Muhammad', 'SYRIA', 4, 'Aguirre AL-GHAZALI, Muhammad', 0, '', 1, 0, 1, '2018-02-07 11:24:46', '192.168.30.30', 0, '0000-00-00 00:00:00', ''),
(371, 7, 21989, 'HAWWAT, Muhammad', 'SYRIA', 4, 'Aguirre AL-GHAZALI, Muhammad', 0, '', 1, 0, 1, '2018-02-07 11:24:46', '192.168.30.30', 0, '0000-00-00 00:00:00', ''),
(372, 7, 22004, 'ALI, Isma''il', 'SYRIA', 4, 'Aguirre AL-GHAZALI, Muhammad', 0, '', 1, 0, 1, '2018-02-07 11:24:46', '192.168.30.30', 0, '0000-00-00 00:00:00', ''),
(373, 7, 22022, 'SALMAN, Muhammad', 'SYRIA', 4, 'Aguirre AL-GHAZALI, Muhammad', 0, '', 1, 0, 1, '2018-02-07 11:24:46', '192.168.30.30', 0, '0000-00-00 00:00:00', ''),
(374, 7, 22040, 'ASWAD, Ali', 'SYRIA', 4, 'Aguirre AL-GHAZALI, Muhammad', 0, '', 1, 0, 1, '2018-02-07 11:24:46', '192.168.30.30', 0, '0000-00-00 00:00:00', ''),
(375, 7, 22044, 'AL-RAHHAL, Muhammad', 'SYRIA', 4, 'Aguirre AL-GHAZALI, Muhammad', 0, '', 1, 0, 1, '2018-02-07 11:24:46', '192.168.30.30', 0, '0000-00-00 00:00:00', ''),
(376, 7, 22045, 'MUSHRIF, Amir', 'SYRIA', 3, 'Amir Al Katranji', 0, '', 1, 0, 1, '2018-02-07 11:24:46', '192.168.30.30', 0, '0000-00-00 00:00:00', ''),
(377, 7, 22061, 'AL-SHAYKH, Muhammad', 'SYRIA', 4, 'Aguirre AL-GHAZALI, Muhammad', 0, '', 1, 0, 1, '2018-02-07 11:24:46', '192.168.30.30', 0, '0000-00-00 00:00:00', ''),
(378, 7, 22072, 'ABDALLAH, Muhammad', 'SYRIA', 4, 'Aguirre AL-GHAZALI, Muhammad', 0, '', 1, 0, 1, '2018-02-07 11:24:46', '192.168.30.30', 0, '0000-00-00 00:00:00', ''),
(379, 7, 22074, 'HAMANDUSH, Muhammad', 'SYRIA', 4, 'Aguirre AL-GHAZALI, Muhammad', 0, '', 1, 0, 1, '2018-02-07 11:24:46', '192.168.30.30', 0, '0000-00-00 00:00:00', ''),
(380, 7, 22077, 'SA''DU, Muhammad', 'SYRIA', 4, 'Aguirre AL-GHAZALI, Muhammad', 0, '', 1, 0, 1, '2018-02-07 11:24:46', '192.168.30.30', 0, '0000-00-00 00:00:00', ''),
(381, 7, 22089, 'AL-MUHAMMAD, Muhammad', 'SYRIA', 4, 'Aguirre AL-GHAZALI, Muhammad', 0, '', 1, 0, 1, '2018-02-07 11:24:46', '192.168.30.30', 0, '0000-00-00 00:00:00', ''),
(382, 7, 22091, 'ARAFAT, Muhammad', 'SYRIA', 4, 'Aguirre AL-GHAZALI, Muhammad', 0, '', 1, 0, 1, '2018-02-07 11:24:46', '192.168.30.30', 0, '0000-00-00 00:00:00', ''),
(383, 7, 22101, 'ALI, Samir', 'SYRIA', 4, 'Aguirre AL-GHAZALI, Muhammad', 0, '', 1, 0, 1, '2018-02-07 11:24:46', '192.168.30.30', 0, '0000-00-00 00:00:00', ''),
(384, 7, 22113, 'ALI, Muhammad', 'SYRIA', 4, 'Aguirre AL-GHAZALI, Muhammad', 0, '', 1, 0, 1, '2018-02-07 11:24:46', '192.168.30.30', 0, '0000-00-00 00:00:00', ''),
(385, 7, 22126, 'HAITANI, Muhammad', 'SYRIA', 4, 'Aguirre AL-GHAZALI, Muhammad', 0, '', 1, 0, 1, '2018-02-07 11:24:46', '192.168.30.30', 0, '0000-00-00 00:00:00', ''),
(386, 7, 22135, 'HARIRI, Muhammad', 'SYRIA', 4, 'Aguirre AL-GHAZALI, Muhammad', 0, '', 1, 0, 1, '2018-02-07 11:24:46', '192.168.30.30', 0, '0000-00-00 00:00:00', ''),
(387, 7, 22149, 'IBRAHIM, Ali', 'SYRIA', 4, 'Aguirre AL-GHAZALI, Muhammad', 0, '', 1, 0, 1, '2018-02-07 11:24:46', '192.168.30.30', 0, '0000-00-00 00:00:00', ''),
(388, 7, 22151, 'ALI, Muhammad', 'SYRIA', 4, 'Aguirre AL-GHAZALI, Muhammad', 0, '', 1, 0, 1, '2018-02-07 11:24:46', '192.168.30.30', 0, '0000-00-00 00:00:00', ''),
(389, 7, 22162, 'JUMUL, Ali', 'SYRIA', 4, 'Aguirre AL-GHAZALI, Muhammad', 0, '', 1, 0, 1, '2018-02-07 11:24:46', '192.168.30.30', 0, '0000-00-00 00:00:00', ''),
(390, 7, 22262, 'ABBAS, Muhammad', 'SYRIA', 4, 'Aguirre AL-GHAZALI, Muhammad', 0, '', 1, 0, 1, '2018-02-07 11:24:46', '192.168.30.30', 0, '0000-00-00 00:00:00', ''),
(391, 7, 22609, 'LI, Hong Ri', 'DPRK3', 4, 'Aguirre AL-GHAZALI, Muhammad', 0, '', 1, 0, 1, '2018-02-07 11:24:46', '192.168.30.30', 0, '0000-00-00 00:00:00', ''),
(392, 7, 22788, 'AMIR AL MO''MENIN INDUSTRIES', 'NPWMD] [IFSR', 3, 'Amir Al Katranji', 0, '', 1, 0, 1, '2018-02-07 11:24:46', '192.168.30.30', 0, '0000-00-00 00:00:00', ''),
(393, 7, 23164, 'RAK RANG', 'DPRK4', 1, 'RANGEL GOMEZ, Francisco Jose adasd', 0, '', 1, 0, 1, '2018-02-07 11:24:46', '192.168.30.30', 0, '0000-00-00 00:00:00', ''),
(394, 7, 23335, 'AL-GHAZALI, Muhammad', 'SDGT', 4, 'Aguirre AL-GHAZALI, Muhammad', 0, '', 1, 0, 1, '2018-02-07 11:24:46', '192.168.30.30', 0, '0000-00-00 00:00:00', ''),
(395, 7, 23345, 'RANGEL GOMEZ, Francisco Jose', 'VENEZUELA', 1, 'RANGEL GOMEZ, Francisco Jose adasd', 0, '', 1, 0, 1, '2018-02-07 11:24:46', '192.168.30.30', 0, '0000-00-00 00:00:00', ''),
(396, 7, 23346, 'ZAVARSE PABON, Fabio Enrique', 'VENEZUELA', 2, 'ZAVARSE PABON, Fabio Enrique yiuyiu', 0, '', 1, 0, 1, '2018-02-07 11:24:46', '192.168.30.30', 0, '0000-00-00 00:00:00', ''),
(397, 8, 4338, 'GOMEZ BERRIO, Olmes de Jesus', 'SDNT', 1, 'RANGEL GOMEZ, Francisco Jose adasd', 0, '', 1, 0, 1, '2018-02-07 12:17:30', '192.168.30.30', 0, '0000-00-00 00:00:00', ''),
(398, 8, 6916, 'ALI, Ahmed Mohammed Hamed', 'SDGT', 4, 'Aguirre AL-GHAZALI, Muhammad', 0, '', 1, 0, 1, '2018-02-07 12:17:30', '192.168.30.30', 0, '0000-00-00 00:00:00', ''),
(399, 8, 6921, 'ATWA, Ali', 'SDGT', 4, 'Aguirre AL-GHAZALI, Muhammad', 0, '', 1, 0, 1, '2018-02-07 12:17:30', '192.168.30.30', 0, '0000-00-00 00:00:00', ''),
(400, 8, 6939, 'AL-HAMATI, Muhammad', 'SDGT', 4, 'Aguirre AL-GHAZALI, Muhammad', 0, '', 1, 0, 1, '2018-02-07 12:17:30', '192.168.30.30', 0, '0000-00-00 00:00:00', ''),
(401, 8, 7164, 'AGUIRRE GALINDO, Manuel', 'SDNTK', 4, 'Aguirre AL-GHAZALI, Muhammad', 0, '', 1, 0, 1, '2018-02-07 12:17:30', '192.168.30.30', 0, '0000-00-00 00:00:00', ''),
(402, 8, 7281, 'GOMEZ BUSTAMANTE, Luis Hernando', 'SDNT', 1, 'RANGEL GOMEZ, Francisco Jose adasd', 0, '', 1, 0, 1, '2018-02-07 12:17:30', '192.168.30.30', 0, '0000-00-00 00:00:00', ''),
(403, 8, 7302, 'GOMEZ APONTE, Laura Victoria', 'SDNT', 1, 'RANGEL GOMEZ, Francisco Jose adasd', 0, '', 1, 0, 1, '2018-02-07 12:17:30', '192.168.30.30', 0, '0000-00-00 00:00:00', ''),
(404, 8, 7303, 'GOMEZ GOMEZ, Viviana', 'SDNT', 1, 'RANGEL GOMEZ, Francisco Jose adasd', 0, '', 1, 0, 1, '2018-02-07 12:17:30', '192.168.30.30', 0, '0000-00-00 00:00:00', ''),
(405, 8, 7304, 'GOMEZ JARAMILLO, Olga Cecilia', 'SDNT', 1, 'RANGEL GOMEZ, Francisco Jose adasd', 0, '', 1, 0, 1, '2018-02-07 12:17:30', '192.168.30.30', 0, '0000-00-00 00:00:00', ''),
(406, 8, 7658, 'BIO CORPORATION', 'BALKANS', 2, 'ZAVARSE PABON, Fabio Enrique yiuyiu', 0, '', 1, 0, 1, '2018-02-07 12:17:30', '192.168.30.30', 0, '0000-00-00 00:00:00', ''),
(407, 8, 7715, 'KUBURA, Amir', 'BALKANS', 3, 'Amir Al Katranji', 0, '', 1, 0, 1, '2018-02-07 12:17:30', '192.168.30.30', 0, '0000-00-00 00:00:00', ''),
(408, 8, 8106, 'ABO GHAITH, Sulaiman Jassem', 'SDGT', 2, 'ZAVARSE PABON, Fabio Enrique yiuyiu', 0, '', 1, 0, 1, '2018-02-07 12:17:30', '192.168.30.30', 0, '0000-00-00 00:00:00', ''),
(409, 8, 8155, 'GOMEZ ALVAREZ, Sor Teresa', 'SDNTK', 1, 'RANGEL GOMEZ, Francisco Jose adasd', 0, '', 1, 0, 1, '2018-02-07 12:17:30', '192.168.30.30', 0, '0000-00-00 00:00:00', ''),
(410, 8, 8926, 'GOMEZ QUINTERO, Carlos Alberto', 'SDNT', 1, 'RANGEL GOMEZ, Francisco Jose adasd', 0, '', 1, 0, 1, '2018-02-07 12:17:30', '192.168.30.30', 0, '0000-00-00 00:00:00', ''),
(411, 8, 9342, 'GHAZALI, Rustum', 'SYRIA', 4, 'Aguirre AL-GHAZALI, Muhammad', 0, '', 1, 0, 1, '2018-02-07 12:17:30', '192.168.30.30', 0, '0000-00-00 00:00:00', ''),
(412, 8, 9990, 'GOMEZ BUSTAMANTE, Wilmer de Jesus', 'SDNT', 1, 'RANGEL GOMEZ, Francisco Jose adasd', 0, '', 1, 0, 1, '2018-02-07 12:17:30', '192.168.30.30', 0, '0000-00-00 00:00:00', ''),
(413, 8, 9994, 'GOMEZ OCAMPO, Davinson', 'SDNT', 1, 'RANGEL GOMEZ, Francisco Jose adasd', 0, '', 1, 0, 1, '2018-02-07 12:17:30', '192.168.30.30', 0, '0000-00-00 00:00:00', ''),
(414, 8, 9996, 'GOMEZ BUSTAMANTE, Luis Alfonso', 'SDNT', 1, 'RANGEL GOMEZ, Francisco Jose adasd', 0, '', 1, 0, 1, '2018-02-07 12:17:30', '192.168.30.30', 0, '0000-00-00 00:00:00', ''),
(415, 8, 10003, 'GOMEZ MARIN LTDA.', 'SDNT', 1, 'RANGEL GOMEZ, Francisco Jose adasd', 0, '', 1, 0, 1, '2018-02-07 12:17:30', '192.168.30.30', 0, '0000-00-00 00:00:00', ''),
(416, 8, 10595, 'AZAM, Amir', 'SDNTK', 3, 'Amir Al Katranji', 0, '', 1, 0, 1, '2018-02-07 12:17:30', '192.168.30.30', 0, '0000-00-00 00:00:00', ''),
(417, 8, 10626, 'AGUIRRE SANCHEZ, Blanca Armida', 'SDNTK', 4, 'Aguirre AL-GHAZALI, Muhammad', 0, '', 1, 0, 1, '2018-02-07 12:17:30', '192.168.30.30', 0, '0000-00-00 00:00:00', ''),
(418, 8, 10627, 'AGUIRRE SANCHEZ, Claudia', 'SDNTK', 4, 'Aguirre AL-GHAZALI, Muhammad', 0, '', 1, 0, 1, '2018-02-07 12:17:30', '192.168.30.30', 0, '0000-00-00 00:00:00', ''),
(419, 8, 10689, 'SAEED, Muhammad', 'SDGT', 4, 'Aguirre AL-GHAZALI, Muhammad', 0, '', 1, 0, 1, '2018-02-07 12:17:30', '192.168.30.30', 0, '0000-00-00 00:00:00', ''),
(420, 8, 10986, 'AGUIRRE CARDONA, Armando', 'SDNTK', 4, 'Aguirre AL-GHAZALI, Muhammad', 0, '', 1, 0, 1, '2018-02-07 12:17:30', '192.168.30.30', 0, '0000-00-00 00:00:00', ''),
(421, 8, 11185, 'RANGEL SILVA, Henry de Jesus', 'SDNTK', 1, 'RANGEL GOMEZ, Francisco Jose adasd', 0, '', 1, 0, 1, '2018-02-07 12:17:30', '192.168.30.30', 0, '0000-00-00 00:00:00', ''),
(422, 8, 11284, 'LI, Cheng Yu', 'SDNTK', 4, 'Aguirre AL-GHAZALI, Muhammad', 0, '', 1, 0, 1, '2018-02-07 12:17:30', '192.168.30.30', 0, '0000-00-00 00:00:00', ''),
(423, 8, 11286, 'LI, Kai Shou', 'SDNTK', 4, 'Aguirre AL-GHAZALI, Muhammad', 0, '', 1, 0, 1, '2018-02-07 12:17:30', '192.168.30.30', 0, '0000-00-00 00:00:00', ''),
(424, 8, 11358, 'FAROOQ, Muhammad', 'NPWMD', 4, 'Aguirre AL-GHAZALI, Muhammad', 0, '', 1, 0, 1, '2018-02-07 12:17:30', '192.168.30.30', 0, '0000-00-00 00:00:00', ''),
(425, 8, 11447, 'LI, Fangwei', 'NPWMD] [IFSR', 4, 'Aguirre AL-GHAZALI, Muhammad', 0, '', 1, 0, 1, '2018-02-07 12:17:30', '192.168.30.30', 0, '0000-00-00 00:00:00', ''),
(426, 8, 11801, 'GOMEZ MARTINEZ, Servando', 'SDNTK', 1, 'RANGEL GOMEZ, Francisco Jose adasd', 0, '', 1, 0, 1, '2018-02-07 12:17:30', '192.168.30.30', 0, '0000-00-00 00:00:00', ''),
(427, 8, 11936, 'RANGEL BUENDIA, Alfredo', 'SDNTK', 1, 'RANGEL GOMEZ, Francisco Jose adasd', 0, '', 1, 0, 1, '2018-02-07 12:17:30', '192.168.30.30', 0, '0000-00-00 00:00:00', ''),
(428, 8, 12128, 'ABDULLAH, Amir', 'SDGT', 3, 'Amir Al Katranji', 0, '', 1, 0, 1, '2018-02-07 12:17:30', '192.168.30.30', 0, '0000-00-00 00:00:00', ''),
(429, 8, 12306, 'GOMEZ ORTIZ, David', 'SDNTK', 1, 'RANGEL GOMEZ, Francisco Jose adasd', 0, '', 1, 0, 1, '2018-02-07 12:17:30', '192.168.30.30', 0, '0000-00-00 00:00:00', ''),
(430, 8, 12311, 'GOMEZ PIQUERAS, Jose Luis', 'SDNTK', 1, 'RANGEL GOMEZ, Francisco Jose adasd', 0, '', 1, 0, 1, '2018-02-07 12:17:30', '192.168.30.30', 0, '0000-00-00 00:00:00', ''),
(431, 8, 12343, 'BIO FORESTAL S.A.S.', 'SDNTK', 2, 'ZAVARSE PABON, Fabio Enrique yiuyiu', 0, '', 1, 0, 1, '2018-02-07 12:17:30', '192.168.30.30', 0, '0000-00-00 00:00:00', ''),
(432, 8, 12450, 'TAJIDEEN, Ali', 'SDGT', 4, 'Aguirre AL-GHAZALI, Muhammad', 0, '', 1, 0, 1, '2018-02-07 12:17:30', '192.168.30.30', 0, '0000-00-00 00:00:00', ''),
(433, 8, 12628, 'GADDAFI, Muhammad', 'LIBYA2', 4, 'Aguirre AL-GHAZALI, Muhammad', 0, '', 1, 0, 1, '2018-02-07 12:17:30', '192.168.30.30', 0, '0000-00-00 00:00:00', ''),
(434, 8, 12722, 'MAMLUK, Ali', 'SYRIA] [HRIT-SY', 4, 'Aguirre AL-GHAZALI, Muhammad', 0, '', 1, 0, 1, '2018-02-07 12:17:30', '192.168.30.30', 0, '0000-00-00 00:00:00', ''),
(435, 8, 12845, 'HAMSHO, Muhammad', 'SYRIA', 4, 'Aguirre AL-GHAZALI, Muhammad', 0, '', 1, 0, 1, '2018-02-07 12:17:30', '192.168.30.30', 0, '0000-00-00 00:00:00', ''),
(436, 8, 13002, 'MAKHLUF, Muhammad', 'SYRIA', 4, 'Aguirre AL-GHAZALI, Muhammad', 0, '', 1, 0, 1, '2018-02-07 12:17:30', '192.168.30.30', 0, '0000-00-00 00:00:00', ''),
(437, 8, 13153, 'FADAVI, Ali', 'NPWMD] [IFSR', 4, 'Aguirre AL-GHAZALI, Muhammad', 0, '', 1, 0, 1, '2018-02-07 12:17:30', '192.168.30.30', 0, '0000-00-00 00:00:00', ''),
(438, 8, 15206, 'HAIDAR, Ali', 'SYRIA', 4, 'Aguirre AL-GHAZALI, Muhammad', 0, '', 1, 0, 1, '2018-02-07 12:17:30', '192.168.30.30', 0, '0000-00-00 00:00:00', ''),
(439, 8, 15418, 'HAMZA, Amir', 'SDGT', 3, 'Amir Al Katranji', 0, '', 1, 0, 1, '2018-02-07 12:17:30', '192.168.30.30', 0, '0000-00-00 00:00:00', ''),
(440, 8, 15552, 'FAZLI, Ali', 'IRAN-TRA', 4, 'Aguirre AL-GHAZALI, Muhammad', 0, '', 1, 0, 1, '2018-02-07 12:17:30', '192.168.30.30', 0, '0000-00-00 00:00:00', ''),
(441, 8, 16151, 'QABALAN, Muhammad', 'SDGT', 4, 'Aguirre AL-GHAZALI, Muhammad', 0, '', 1, 0, 1, '2018-02-07 12:17:30', '192.168.30.30', 0, '0000-00-00 00:00:00', ''),
(442, 8, 16226, 'KAWTHARANI, Muhammad', 'SDGT', 4, 'Aguirre AL-GHAZALI, Muhammad', 0, '', 1, 0, 1, '2018-02-07 12:17:30', '192.168.30.30', 0, '0000-00-00 00:00:00', ''),
(443, 8, 16278, 'MUHAMMAD JAMAL NETWORK', 'SDGT', 4, 'Aguirre AL-GHAZALI, Muhammad', 0, '', 1, 0, 1, '2018-02-07 12:17:30', '192.168.30.30', 0, '0000-00-00 00:00:00', ''),
(444, 8, 16529, 'CANKO, Ali', 'NPWMD] [IFSR', 4, 'Aguirre AL-GHAZALI, Muhammad', 0, '', 1, 0, 1, '2018-02-07 12:17:30', '192.168.30.30', 0, '0000-00-00 00:00:00', ''),
(445, 8, 16855, 'GHOLAMI, Ali', 'NPWMD] [IFSR', 4, 'Aguirre AL-GHAZALI, Muhammad', 0, '', 1, 0, 1, '2018-02-07 12:17:30', '192.168.30.30', 0, '0000-00-00 00:00:00', ''),
(446, 8, 17037, 'ZEAITER, Ali', 'SDGT', 4, 'Aguirre AL-GHAZALI, Muhammad', 0, '', 1, 0, 1, '2018-02-07 12:17:30', '192.168.30.30', 0, '0000-00-00 00:00:00', ''),
(447, 8, 17164, 'IQBAL, Muhammad', 'SDGT', 4, 'Aguirre AL-GHAZALI, Muhammad', 0, '', 1, 0, 1, '2018-02-07 12:17:30', '192.168.30.30', 0, '0000-00-00 00:00:00', ''),
(448, 8, 18635, 'ALI HAKIM, Boubaker Ben Habib Ben', 'SDGT', 4, 'Aguirre AL-GHAZALI, Muhammad', 0, '', 1, 0, 1, '2018-02-07 12:17:30', '192.168.30.30', 0, '0000-00-00 00:00:00', ''),
(449, 8, 19089, 'JOSE PIELES', 'SDNTK', 1, 'RANGEL GOMEZ, Francisco Jose adasd', 0, '', 1, 0, 1, '2018-02-07 12:17:30', '192.168.30.30', 0, '0000-00-00 00:00:00', ''),
(450, 8, 19139, 'GOMEZ VELAZQUEZ, Daniela', 'SDNTK', 1, 'RANGEL GOMEZ, Francisco Jose adasd', 0, '', 1, 0, 1, '2018-02-07 12:17:30', '192.168.30.30', 0, '0000-00-00 00:00:00', ''),
(451, 8, 19573, 'JH 86', 'DPRK', 5, 'Wolf sfsdfdsfd', 0, '', 1, 0, 1, '2018-02-07 12:17:30', '192.168.30.30', 0, '0000-00-00 00:00:00', ''),
(452, 8, 19930, 'KONY, Ali', 'CAR', 4, 'Aguirre AL-GHAZALI, Muhammad', 0, '', 1, 0, 1, '2018-02-07 12:17:30', '192.168.30.30', 0, '0000-00-00 00:00:00', ''),
(453, 8, 20245, 'ALI, Aous', 'SYRIA', 4, 'Aguirre AL-GHAZALI, Muhammad', 0, '', 1, 0, 1, '2018-02-07 12:17:30', '192.168.30.30', 0, '0000-00-00 00:00:00', ''),
(454, 8, 20941, 'WANUS, Ali', 'NPWMD', 4, 'Aguirre AL-GHAZALI, Muhammad', 0, '', 1, 0, 1, '2018-02-07 12:17:30', '192.168.30.30', 0, '0000-00-00 00:00:00', ''),
(455, 8, 20964, 'GHANEM, Ali', 'SYRIA', 4, 'Aguirre AL-GHAZALI, Muhammad', 0, '', 1, 0, 1, '2018-02-07 12:17:30', '192.168.30.30', 0, '0000-00-00 00:00:00', ''),
(456, 8, 20965, 'AL-ZAFIR, Ali', 'SYRIA', 4, 'Aguirre AL-GHAZALI, Muhammad', 0, '', 1, 0, 1, '2018-02-07 12:17:30', '192.168.30.30', 0, '0000-00-00 00:00:00', ''),
(457, 8, 20968, 'HAMMUD, Ali', 'SYRIA', 4, 'Aguirre AL-GHAZALI, Muhammad', 0, '', 1, 0, 1, '2018-02-07 12:17:30', '192.168.30.30', 0, '0000-00-00 00:00:00', ''),
(458, 8, 21004, 'ALI ALI ABKAR, Al-Hasan', 'SDGT', 4, 'Aguirre AL-GHAZALI, Muhammad', 0, '', 1, 0, 1, '2018-02-07 12:17:30', '192.168.30.30', 0, '0000-00-00 00:00:00', ''),
(459, 8, 21165, 'IBRAHIM, Muhammad', 'SYRIA', 4, 'Aguirre AL-GHAZALI, Muhammad', 0, '', 1, 0, 1, '2018-02-07 12:17:30', '192.168.30.30', 0, '0000-00-00 00:00:00', ''),
(460, 8, 21283, 'SARWAR, Muhammad', 'SDGT', 4, 'Aguirre AL-GHAZALI, Muhammad', 0, '', 1, 0, 1, '2018-02-07 12:17:30', '192.168.30.30', 0, '0000-00-00 00:00:00', ''),
(461, 8, 21404, 'DAMUSH, Ali', 'SDGT', 4, 'Aguirre AL-GHAZALI, Muhammad', 0, '', 1, 0, 1, '2018-02-07 12:17:30', '192.168.30.30', 0, '0000-00-00 00:00:00', ''),
(462, 8, 21568, 'SHARIFI, Ali', 'SDGT] [IRGC] [IFSR', 4, 'Aguirre AL-GHAZALI, Muhammad', 0, '', 1, 0, 1, '2018-02-07 12:17:30', '192.168.30.30', 0, '0000-00-00 00:00:00', ''),
(463, 8, 21765, 'HAMANI, Hamma', 'SDGT] [LIBYA3', 4, 'Aguirre AL-GHAZALI, Muhammad', 0, '', 1, 0, 1, '2018-02-07 12:17:30', '192.168.30.30', 0, '0000-00-00 00:00:00', ''),
(464, 8, 21908, 'ALI, Ahmad', 'SYRIA', 4, 'Aguirre AL-GHAZALI, Muhammad', 0, '', 1, 0, 1, '2018-02-07 12:17:30', '192.168.30.30', 0, '0000-00-00 00:00:00', ''),
(465, 8, 21909, 'AL-IBRAHIM, Muhammad', 'SYRIA', 4, 'Aguirre AL-GHAZALI, Muhammad', 0, '', 1, 0, 1, '2018-02-07 12:17:30', '192.168.30.30', 0, '0000-00-00 00:00:00', ''),
(466, 8, 21911, 'DARWISH, Ali', 'SYRIA', 4, 'Aguirre AL-GHAZALI, Muhammad', 0, '', 1, 0, 1, '2018-02-07 12:17:30', '192.168.30.30', 0, '0000-00-00 00:00:00', ''),
(467, 8, 21945, 'SALLUM, Muhammad', 'SYRIA', 4, 'Aguirre AL-GHAZALI, Muhammad', 0, '', 1, 0, 1, '2018-02-07 12:17:30', '192.168.30.30', 0, '0000-00-00 00:00:00', ''),
(468, 8, 21977, 'HUSAYN, Muhammad', 'SYRIA', 4, 'Aguirre AL-GHAZALI, Muhammad', 0, '', 1, 0, 1, '2018-02-07 12:17:30', '192.168.30.30', 0, '0000-00-00 00:00:00', ''),
(469, 8, 21979, 'BIZRAH, Muhammad', 'SYRIA', 4, 'Aguirre AL-GHAZALI, Muhammad', 0, '', 1, 0, 1, '2018-02-07 12:17:30', '192.168.30.30', 0, '0000-00-00 00:00:00', ''),
(470, 8, 21989, 'HAWWAT, Muhammad', 'SYRIA', 4, 'Aguirre AL-GHAZALI, Muhammad', 0, '', 1, 0, 1, '2018-02-07 12:17:30', '192.168.30.30', 0, '0000-00-00 00:00:00', ''),
(471, 8, 22004, 'ALI, Isma''il', 'SYRIA', 4, 'Aguirre AL-GHAZALI, Muhammad', 0, '', 1, 0, 1, '2018-02-07 12:17:30', '192.168.30.30', 0, '0000-00-00 00:00:00', ''),
(472, 8, 22022, 'SALMAN, Muhammad', 'SYRIA', 4, 'Aguirre AL-GHAZALI, Muhammad', 0, '', 1, 0, 1, '2018-02-07 12:17:30', '192.168.30.30', 0, '0000-00-00 00:00:00', ''),
(473, 8, 22040, 'ASWAD, Ali', 'SYRIA', 4, 'Aguirre AL-GHAZALI, Muhammad', 0, '', 1, 0, 1, '2018-02-07 12:17:30', '192.168.30.30', 0, '0000-00-00 00:00:00', ''),
(474, 8, 22044, 'AL-RAHHAL, Muhammad', 'SYRIA', 4, 'Aguirre AL-GHAZALI, Muhammad', 0, '', 1, 0, 1, '2018-02-07 12:17:30', '192.168.30.30', 0, '0000-00-00 00:00:00', ''),
(475, 8, 22045, 'MUSHRIF, Amir', 'SYRIA', 3, 'Amir Al Katranji', 0, '', 1, 0, 1, '2018-02-07 12:17:30', '192.168.30.30', 0, '0000-00-00 00:00:00', ''),
(476, 8, 22061, 'AL-SHAYKH, Muhammad', 'SYRIA', 4, 'Aguirre AL-GHAZALI, Muhammad', 0, '', 1, 0, 1, '2018-02-07 12:17:30', '192.168.30.30', 0, '0000-00-00 00:00:00', ''),
(477, 8, 22072, 'ABDALLAH, Muhammad', 'SYRIA', 4, 'Aguirre AL-GHAZALI, Muhammad', 0, '', 1, 0, 1, '2018-02-07 12:17:30', '192.168.30.30', 0, '0000-00-00 00:00:00', ''),
(478, 8, 22074, 'HAMANDUSH, Muhammad', 'SYRIA', 4, 'Aguirre AL-GHAZALI, Muhammad', 0, '', 1, 0, 1, '2018-02-07 12:17:30', '192.168.30.30', 0, '0000-00-00 00:00:00', ''),
(479, 8, 22077, 'SA''DU, Muhammad', 'SYRIA', 4, 'Aguirre AL-GHAZALI, Muhammad', 0, '', 1, 0, 1, '2018-02-07 12:17:30', '192.168.30.30', 0, '0000-00-00 00:00:00', ''),
(480, 8, 22089, 'AL-MUHAMMAD, Muhammad', 'SYRIA', 4, 'Aguirre AL-GHAZALI, Muhammad', 0, '', 1, 0, 1, '2018-02-07 12:17:30', '192.168.30.30', 0, '0000-00-00 00:00:00', ''),
(481, 8, 22091, 'ARAFAT, Muhammad', 'SYRIA', 4, 'Aguirre AL-GHAZALI, Muhammad', 0, '', 1, 0, 1, '2018-02-07 12:17:30', '192.168.30.30', 0, '0000-00-00 00:00:00', ''),
(482, 8, 22101, 'ALI, Samir', 'SYRIA', 4, 'Aguirre AL-GHAZALI, Muhammad', 0, '', 1, 0, 1, '2018-02-07 12:17:30', '192.168.30.30', 0, '0000-00-00 00:00:00', ''),
(483, 8, 22113, 'ALI, Muhammad', 'SYRIA', 4, 'Aguirre AL-GHAZALI, Muhammad', 0, '', 1, 0, 1, '2018-02-07 12:17:30', '192.168.30.30', 0, '0000-00-00 00:00:00', ''),
(484, 8, 22126, 'HAITANI, Muhammad', 'SYRIA', 4, 'Aguirre AL-GHAZALI, Muhammad', 0, '', 1, 0, 1, '2018-02-07 12:17:30', '192.168.30.30', 0, '0000-00-00 00:00:00', ''),
(485, 8, 22135, 'HARIRI, Muhammad', 'SYRIA', 4, 'Aguirre AL-GHAZALI, Muhammad', 0, '', 1, 0, 1, '2018-02-07 12:17:30', '192.168.30.30', 0, '0000-00-00 00:00:00', ''),
(486, 8, 22149, 'IBRAHIM, Ali', 'SYRIA', 4, 'Aguirre AL-GHAZALI, Muhammad', 0, '', 1, 0, 1, '2018-02-07 12:17:30', '192.168.30.30', 0, '0000-00-00 00:00:00', ''),
(487, 8, 22151, 'ALI, Muhammad', 'SYRIA', 4, 'Aguirre AL-GHAZALI, Muhammad', 0, '', 1, 0, 1, '2018-02-07 12:17:30', '192.168.30.30', 0, '0000-00-00 00:00:00', ''),
(488, 8, 22162, 'JUMUL, Ali', 'SYRIA', 4, 'Aguirre AL-GHAZALI, Muhammad', 0, '', 1, 0, 1, '2018-02-07 12:17:30', '192.168.30.30', 0, '0000-00-00 00:00:00', ''),
(489, 8, 22262, 'ABBAS, Muhammad', 'SYRIA', 4, 'Aguirre AL-GHAZALI, Muhammad', 0, '', 1, 0, 1, '2018-02-07 12:17:30', '192.168.30.30', 0, '0000-00-00 00:00:00', ''),
(490, 8, 22609, 'LI, Hong Ri', 'DPRK3', 4, 'Aguirre AL-GHAZALI, Muhammad', 0, '', 1, 0, 1, '2018-02-07 12:17:30', '192.168.30.30', 0, '0000-00-00 00:00:00', ''),
(491, 8, 22788, 'AMIR AL MO''MENIN INDUSTRIES', 'NPWMD] [IFSR', 3, 'Amir Al Katranji', 0, '', 1, 0, 1, '2018-02-07 12:17:30', '192.168.30.30', 0, '0000-00-00 00:00:00', ''),
(492, 8, 23164, 'RAK RANG', 'DPRK4', 1, 'RANGEL GOMEZ, Francisco Jose adasd', 0, '', 1, 0, 1, '2018-02-07 12:17:30', '192.168.30.30', 0, '0000-00-00 00:00:00', ''),
(493, 8, 23335, 'AL-GHAZALI, Muhammad', 'SDGT', 4, 'Aguirre AL-GHAZALI, Muhammad', 0, '', 1, 0, 1, '2018-02-07 12:17:30', '192.168.30.30', 0, '0000-00-00 00:00:00', ''),
(494, 8, 23345, 'RANGEL GOMEZ, Francisco Jose', 'VENEZUELA', 1, 'RANGEL GOMEZ, Francisco Jose adasd', 0, '', 1, 0, 1, '2018-02-07 12:17:30', '192.168.30.30', 0, '0000-00-00 00:00:00', ''),
(495, 8, 23346, 'ZAVARSE PABON, Fabio Enrique', 'VENEZUELA', 2, 'ZAVARSE PABON, Fabio Enrique yiuyiu', 0, '', 1, 0, 1, '2018-02-07 12:17:30', '192.168.30.30', 0, '0000-00-00 00:00:00', ''),
(496, 9, 4338, 'GOMEZ BERRIO, Olmes de Jesus', 'SDNT', 1, 'RANGEL GOMEZ, Francisco Jose adasd', 0, '', 1, 0, 1, '2018-02-07 12:46:34', '192.168.30.30', 0, '0000-00-00 00:00:00', ''),
(497, 9, 6916, 'ALI, Ahmed Mohammed Hamed', 'SDGT', 4, 'Aguirre AL-GHAZALI, Muhammad', 0, '', 1, 0, 1, '2018-02-07 12:46:34', '192.168.30.30', 0, '0000-00-00 00:00:00', ''),
(498, 9, 6921, 'ATWA, Ali', 'SDGT', 4, 'Aguirre AL-GHAZALI, Muhammad', 0, '', 1, 0, 1, '2018-02-07 12:46:34', '192.168.30.30', 0, '0000-00-00 00:00:00', ''),
(499, 9, 6939, 'AL-HAMATI, Muhammad', 'SDGT', 4, 'Aguirre AL-GHAZALI, Muhammad', 0, '', 1, 0, 1, '2018-02-07 12:46:34', '192.168.30.30', 0, '0000-00-00 00:00:00', ''),
(500, 9, 7164, 'AGUIRRE GALINDO, Manuel', 'SDNTK', 4, 'Aguirre AL-GHAZALI, Muhammad', 0, '', 1, 0, 1, '2018-02-07 12:46:34', '192.168.30.30', 0, '0000-00-00 00:00:00', ''),
(501, 9, 7281, 'GOMEZ BUSTAMANTE, Luis Hernando', 'SDNT', 1, 'RANGEL GOMEZ, Francisco Jose adasd', 0, '', 1, 0, 1, '2018-02-07 12:46:34', '192.168.30.30', 0, '0000-00-00 00:00:00', ''),
(502, 9, 7302, 'GOMEZ APONTE, Laura Victoria', 'SDNT', 1, 'RANGEL GOMEZ, Francisco Jose adasd', 0, '', 1, 0, 1, '2018-02-07 12:46:34', '192.168.30.30', 0, '0000-00-00 00:00:00', ''),
(503, 9, 7303, 'GOMEZ GOMEZ, Viviana', 'SDNT', 1, 'RANGEL GOMEZ, Francisco Jose adasd', 0, '', 1, 0, 1, '2018-02-07 12:46:34', '192.168.30.30', 0, '0000-00-00 00:00:00', ''),
(504, 9, 7304, 'GOMEZ JARAMILLO, Olga Cecilia', 'SDNT', 1, 'RANGEL GOMEZ, Francisco Jose adasd', 0, '', 1, 0, 1, '2018-02-07 12:46:34', '192.168.30.30', 0, '0000-00-00 00:00:00', ''),
(505, 9, 7658, 'BIO CORPORATION', 'BALKANS', 2, 'ZAVARSE PABON, Fabio Enrique yiuyiu', 0, '', 1, 0, 1, '2018-02-07 12:46:34', '192.168.30.30', 0, '0000-00-00 00:00:00', ''),
(506, 9, 7715, 'KUBURA, Amir', 'BALKANS', 3, 'Amir Al Katranji', 0, '', 1, 0, 1, '2018-02-07 12:46:34', '192.168.30.30', 0, '0000-00-00 00:00:00', ''),
(507, 9, 8106, 'ABO GHAITH, Sulaiman Jassem', 'SDGT', 2, 'ZAVARSE PABON, Fabio Enrique yiuyiu', 0, '', 1, 0, 1, '2018-02-07 12:46:34', '192.168.30.30', 0, '0000-00-00 00:00:00', ''),
(508, 9, 8155, 'GOMEZ ALVAREZ, Sor Teresa', 'SDNTK', 1, 'RANGEL GOMEZ, Francisco Jose adasd', 0, '', 1, 0, 1, '2018-02-07 12:46:34', '192.168.30.30', 0, '0000-00-00 00:00:00', ''),
(509, 9, 8926, 'GOMEZ QUINTERO, Carlos Alberto', 'SDNT', 1, 'RANGEL GOMEZ, Francisco Jose adasd', 0, '', 1, 0, 1, '2018-02-07 12:46:34', '192.168.30.30', 0, '0000-00-00 00:00:00', ''),
(510, 9, 9342, 'GHAZALI, Rustum', 'SYRIA', 4, 'Aguirre AL-GHAZALI, Muhammad', 0, '', 1, 0, 1, '2018-02-07 12:46:34', '192.168.30.30', 0, '0000-00-00 00:00:00', ''),
(511, 9, 9990, 'GOMEZ BUSTAMANTE, Wilmer de Jesus', 'SDNT', 1, 'RANGEL GOMEZ, Francisco Jose adasd', 0, '', 1, 0, 1, '2018-02-07 12:46:34', '192.168.30.30', 0, '0000-00-00 00:00:00', ''),
(512, 9, 9994, 'GOMEZ OCAMPO, Davinson', 'SDNT', 1, 'RANGEL GOMEZ, Francisco Jose adasd', 0, '', 1, 0, 1, '2018-02-07 12:46:34', '192.168.30.30', 0, '0000-00-00 00:00:00', ''),
(513, 9, 9996, 'GOMEZ BUSTAMANTE, Luis Alfonso', 'SDNT', 1, 'RANGEL GOMEZ, Francisco Jose adasd', 0, '', 1, 0, 1, '2018-02-07 12:46:34', '192.168.30.30', 0, '0000-00-00 00:00:00', ''),
(514, 9, 10003, 'GOMEZ MARIN LTDA.', 'SDNT', 1, 'RANGEL GOMEZ, Francisco Jose adasd', 0, '', 1, 0, 1, '2018-02-07 12:46:34', '192.168.30.30', 0, '0000-00-00 00:00:00', ''),
(515, 9, 10595, 'AZAM, Amir', 'SDNTK', 3, 'Amir Al Katranji', 0, '', 1, 0, 1, '2018-02-07 12:46:34', '192.168.30.30', 0, '0000-00-00 00:00:00', ''),
(516, 9, 10626, 'AGUIRRE SANCHEZ, Blanca Armida', 'SDNTK', 4, 'Aguirre AL-GHAZALI, Muhammad', 0, '', 1, 0, 1, '2018-02-07 12:46:34', '192.168.30.30', 0, '0000-00-00 00:00:00', ''),
(517, 9, 10627, 'AGUIRRE SANCHEZ, Claudia', 'SDNTK', 4, 'Aguirre AL-GHAZALI, Muhammad', 0, '', 1, 0, 1, '2018-02-07 12:46:34', '192.168.30.30', 0, '0000-00-00 00:00:00', ''),
(518, 9, 10689, 'SAEED, Muhammad', 'SDGT', 4, 'Aguirre AL-GHAZALI, Muhammad', 0, '', 1, 0, 1, '2018-02-07 12:46:34', '192.168.30.30', 0, '0000-00-00 00:00:00', ''),
(519, 9, 10986, 'AGUIRRE CARDONA, Armando', 'SDNTK', 4, 'Aguirre AL-GHAZALI, Muhammad', 0, '', 1, 0, 1, '2018-02-07 12:46:34', '192.168.30.30', 0, '0000-00-00 00:00:00', ''),
(520, 9, 11185, 'RANGEL SILVA, Henry de Jesus', 'SDNTK', 1, 'RANGEL GOMEZ, Francisco Jose adasd', 0, '', 1, 0, 1, '2018-02-07 12:46:34', '192.168.30.30', 0, '0000-00-00 00:00:00', ''),
(521, 9, 11284, 'LI, Cheng Yu', 'SDNTK', 4, 'Aguirre AL-GHAZALI, Muhammad', 0, '', 1, 0, 1, '2018-02-07 12:46:34', '192.168.30.30', 0, '0000-00-00 00:00:00', ''),
(522, 9, 11286, 'LI, Kai Shou', 'SDNTK', 4, 'Aguirre AL-GHAZALI, Muhammad', 0, '', 1, 0, 1, '2018-02-07 12:46:34', '192.168.30.30', 0, '0000-00-00 00:00:00', ''),
(523, 9, 11358, 'FAROOQ, Muhammad', 'NPWMD', 4, 'Aguirre AL-GHAZALI, Muhammad', 0, '', 1, 0, 1, '2018-02-07 12:46:34', '192.168.30.30', 0, '0000-00-00 00:00:00', ''),
(524, 9, 11447, 'LI, Fangwei', 'NPWMD] [IFSR', 4, 'Aguirre AL-GHAZALI, Muhammad', 0, '', 1, 0, 1, '2018-02-07 12:46:34', '192.168.30.30', 0, '0000-00-00 00:00:00', ''),
(525, 9, 11801, 'GOMEZ MARTINEZ, Servando', 'SDNTK', 1, 'RANGEL GOMEZ, Francisco Jose adasd', 0, '', 1, 0, 1, '2018-02-07 12:46:34', '192.168.30.30', 0, '0000-00-00 00:00:00', ''),
(526, 9, 11936, 'RANGEL BUENDIA, Alfredo', 'SDNTK', 1, 'RANGEL GOMEZ, Francisco Jose adasd', 0, '', 1, 0, 1, '2018-02-07 12:46:34', '192.168.30.30', 0, '0000-00-00 00:00:00', ''),
(527, 9, 12128, 'ABDULLAH, Amir', 'SDGT', 3, 'Amir Al Katranji', 0, '', 1, 0, 1, '2018-02-07 12:46:34', '192.168.30.30', 0, '0000-00-00 00:00:00', ''),
(528, 9, 12306, 'GOMEZ ORTIZ, David', 'SDNTK', 1, 'RANGEL GOMEZ, Francisco Jose adasd', 0, '', 1, 0, 1, '2018-02-07 12:46:34', '192.168.30.30', 0, '0000-00-00 00:00:00', ''),
(529, 9, 12311, 'GOMEZ PIQUERAS, Jose Luis', 'SDNTK', 1, 'RANGEL GOMEZ, Francisco Jose adasd', 0, '', 1, 0, 1, '2018-02-07 12:46:34', '192.168.30.30', 0, '0000-00-00 00:00:00', ''),
(530, 9, 12343, 'BIO FORESTAL S.A.S.', 'SDNTK', 2, 'ZAVARSE PABON, Fabio Enrique yiuyiu', 0, '', 1, 0, 1, '2018-02-07 12:46:34', '192.168.30.30', 0, '0000-00-00 00:00:00', ''),
(531, 9, 12450, 'TAJIDEEN, Ali', 'SDGT', 4, 'Aguirre AL-GHAZALI, Muhammad', 0, '', 1, 0, 1, '2018-02-07 12:46:34', '192.168.30.30', 0, '0000-00-00 00:00:00', ''),
(532, 9, 12628, 'GADDAFI, Muhammad', 'LIBYA2', 4, 'Aguirre AL-GHAZALI, Muhammad', 0, '', 1, 0, 1, '2018-02-07 12:46:34', '192.168.30.30', 0, '0000-00-00 00:00:00', ''),
(533, 9, 12722, 'MAMLUK, Ali', 'SYRIA] [HRIT-SY', 4, 'Aguirre AL-GHAZALI, Muhammad', 0, '', 1, 0, 1, '2018-02-07 12:46:34', '192.168.30.30', 0, '0000-00-00 00:00:00', ''),
(534, 9, 12845, 'HAMSHO, Muhammad', 'SYRIA', 4, 'Aguirre AL-GHAZALI, Muhammad', 0, '', 1, 0, 1, '2018-02-07 12:46:34', '192.168.30.30', 0, '0000-00-00 00:00:00', ''),
(535, 9, 13002, 'MAKHLUF, Muhammad', 'SYRIA', 4, 'Aguirre AL-GHAZALI, Muhammad', 0, '', 1, 0, 1, '2018-02-07 12:46:34', '192.168.30.30', 0, '0000-00-00 00:00:00', ''),
(536, 9, 13153, 'FADAVI, Ali', 'NPWMD] [IFSR', 4, 'Aguirre AL-GHAZALI, Muhammad', 0, '', 1, 0, 1, '2018-02-07 12:46:34', '192.168.30.30', 0, '0000-00-00 00:00:00', ''),
(537, 9, 15206, 'HAIDAR, Ali', 'SYRIA', 4, 'Aguirre AL-GHAZALI, Muhammad', 0, '', 1, 0, 1, '2018-02-07 12:46:34', '192.168.30.30', 0, '0000-00-00 00:00:00', ''),
(538, 9, 15418, 'HAMZA, Amir', 'SDGT', 3, 'Amir Al Katranji', 0, '', 1, 0, 1, '2018-02-07 12:46:34', '192.168.30.30', 0, '0000-00-00 00:00:00', ''),
(539, 9, 15552, 'FAZLI, Ali', 'IRAN-TRA', 4, 'Aguirre AL-GHAZALI, Muhammad', 0, '', 1, 0, 1, '2018-02-07 12:46:34', '192.168.30.30', 0, '0000-00-00 00:00:00', ''),
(540, 9, 16151, 'QABALAN, Muhammad', 'SDGT', 4, 'Aguirre AL-GHAZALI, Muhammad', 0, '', 1, 0, 1, '2018-02-07 12:46:34', '192.168.30.30', 0, '0000-00-00 00:00:00', ''),
(541, 9, 16226, 'KAWTHARANI, Muhammad', 'SDGT', 4, 'Aguirre AL-GHAZALI, Muhammad', 0, '', 1, 0, 1, '2018-02-07 12:46:34', '192.168.30.30', 0, '0000-00-00 00:00:00', ''),
(542, 9, 16278, 'MUHAMMAD JAMAL NETWORK', 'SDGT', 4, 'Aguirre AL-GHAZALI, Muhammad', 0, '', 1, 0, 1, '2018-02-07 12:46:34', '192.168.30.30', 0, '0000-00-00 00:00:00', ''),
(543, 9, 16529, 'CANKO, Ali', 'NPWMD] [IFSR', 4, 'Aguirre AL-GHAZALI, Muhammad', 0, '', 1, 0, 1, '2018-02-07 12:46:34', '192.168.30.30', 0, '0000-00-00 00:00:00', ''),
(544, 9, 16855, 'GHOLAMI, Ali', 'NPWMD] [IFSR', 4, 'Aguirre AL-GHAZALI, Muhammad', 0, '', 1, 0, 1, '2018-02-07 12:46:34', '192.168.30.30', 0, '0000-00-00 00:00:00', ''),
(545, 9, 17037, 'ZEAITER, Ali', 'SDGT', 4, 'Aguirre AL-GHAZALI, Muhammad', 0, '', 1, 0, 1, '2018-02-07 12:46:34', '192.168.30.30', 0, '0000-00-00 00:00:00', ''),
(546, 9, 17164, 'IQBAL, Muhammad', 'SDGT', 4, 'Aguirre AL-GHAZALI, Muhammad', 0, '', 1, 0, 1, '2018-02-07 12:46:34', '192.168.30.30', 0, '0000-00-00 00:00:00', ''),
(547, 9, 18635, 'ALI HAKIM, Boubaker Ben Habib Ben', 'SDGT', 4, 'Aguirre AL-GHAZALI, Muhammad', 0, '', 1, 0, 1, '2018-02-07 12:46:34', '192.168.30.30', 0, '0000-00-00 00:00:00', ''),
(548, 9, 19089, 'JOSE PIELES', 'SDNTK', 1, 'RANGEL GOMEZ, Francisco Jose adasd', 0, '', 1, 0, 1, '2018-02-07 12:46:34', '192.168.30.30', 0, '0000-00-00 00:00:00', ''),
(549, 9, 19139, 'GOMEZ VELAZQUEZ, Daniela', 'SDNTK', 1, 'RANGEL GOMEZ, Francisco Jose adasd', 0, '', 1, 0, 1, '2018-02-07 12:46:34', '192.168.30.30', 0, '0000-00-00 00:00:00', ''),
(550, 9, 19573, 'JH 86', 'DPRK', 5, 'Wolf sfsdfdsfd', 0, '', 1, 0, 1, '2018-02-07 12:46:34', '192.168.30.30', 0, '0000-00-00 00:00:00', ''),
(551, 9, 19930, 'KONY, Ali', 'CAR', 4, 'Aguirre AL-GHAZALI, Muhammad', 0, '', 1, 0, 1, '2018-02-07 12:46:34', '192.168.30.30', 0, '0000-00-00 00:00:00', ''),
(552, 9, 20245, 'ALI, Aous', 'SYRIA', 4, 'Aguirre AL-GHAZALI, Muhammad', 0, '', 1, 0, 1, '2018-02-07 12:46:34', '192.168.30.30', 0, '0000-00-00 00:00:00', ''),
(553, 9, 20941, 'WANUS, Ali', 'NPWMD', 4, 'Aguirre AL-GHAZALI, Muhammad', 0, '', 1, 0, 1, '2018-02-07 12:46:34', '192.168.30.30', 0, '0000-00-00 00:00:00', ''),
(554, 9, 20964, 'GHANEM, Ali', 'SYRIA', 4, 'Aguirre AL-GHAZALI, Muhammad', 0, '', 1, 0, 1, '2018-02-07 12:46:34', '192.168.30.30', 0, '0000-00-00 00:00:00', ''),
(555, 9, 20965, 'AL-ZAFIR, Ali', 'SYRIA', 4, 'Aguirre AL-GHAZALI, Muhammad', 0, '', 1, 0, 1, '2018-02-07 12:46:34', '192.168.30.30', 0, '0000-00-00 00:00:00', ''),
(556, 9, 20968, 'HAMMUD, Ali', 'SYRIA', 4, 'Aguirre AL-GHAZALI, Muhammad', 0, '', 1, 0, 1, '2018-02-07 12:46:34', '192.168.30.30', 0, '0000-00-00 00:00:00', ''),
(557, 9, 21004, 'ALI ALI ABKAR, Al-Hasan', 'SDGT', 4, 'Aguirre AL-GHAZALI, Muhammad', 0, '', 1, 0, 1, '2018-02-07 12:46:34', '192.168.30.30', 0, '0000-00-00 00:00:00', ''),
(558, 9, 21165, 'IBRAHIM, Muhammad', 'SYRIA', 4, 'Aguirre AL-GHAZALI, Muhammad', 0, '', 1, 0, 1, '2018-02-07 12:46:34', '192.168.30.30', 0, '0000-00-00 00:00:00', ''),
(559, 9, 21283, 'SARWAR, Muhammad', 'SDGT', 4, 'Aguirre AL-GHAZALI, Muhammad', 0, '', 1, 0, 1, '2018-02-07 12:46:34', '192.168.30.30', 0, '0000-00-00 00:00:00', ''),
(560, 9, 21404, 'DAMUSH, Ali', 'SDGT', 4, 'Aguirre AL-GHAZALI, Muhammad', 0, '', 1, 0, 1, '2018-02-07 12:46:34', '192.168.30.30', 0, '0000-00-00 00:00:00', ''),
(561, 9, 21568, 'SHARIFI, Ali', 'SDGT] [IRGC] [IFSR', 4, 'Aguirre AL-GHAZALI, Muhammad', 0, '', 1, 0, 1, '2018-02-07 12:46:34', '192.168.30.30', 0, '0000-00-00 00:00:00', ''),
(562, 9, 21765, 'HAMANI, Hamma', 'SDGT] [LIBYA3', 4, 'Aguirre AL-GHAZALI, Muhammad', 0, '', 1, 0, 1, '2018-02-07 12:46:34', '192.168.30.30', 0, '0000-00-00 00:00:00', ''),
(563, 9, 21909, 'AL-IBRAHIM, Muhammad', 'SYRIA', 4, 'Aguirre AL-GHAZALI, Muhammad', 0, '', 1, 0, 1, '2018-02-07 12:46:34', '192.168.30.30', 0, '0000-00-00 00:00:00', ''),
(564, 9, 21911, 'DARWISH, Ali', 'SYRIA', 4, 'Aguirre AL-GHAZALI, Muhammad', 0, '', 1, 0, 1, '2018-02-07 12:46:34', '192.168.30.30', 0, '0000-00-00 00:00:00', ''),
(565, 9, 21945, 'SALLUM, Muhammad', 'SYRIA', 4, 'Aguirre AL-GHAZALI, Muhammad', 0, '', 1, 0, 1, '2018-02-07 12:46:34', '192.168.30.30', 0, '0000-00-00 00:00:00', ''),
(566, 9, 21977, 'HUSAYN, Muhammad', 'SYRIA', 4, 'Aguirre AL-GHAZALI, Muhammad', 0, '', 1, 0, 1, '2018-02-07 12:46:34', '192.168.30.30', 0, '0000-00-00 00:00:00', ''),
(567, 9, 21979, 'BIZRAH, Muhammad', 'SYRIA', 4, 'Aguirre AL-GHAZALI, Muhammad', 0, '', 1, 0, 1, '2018-02-07 12:46:34', '192.168.30.30', 0, '0000-00-00 00:00:00', ''),
(568, 9, 21989, 'HAWWAT, Muhammad', 'SYRIA', 4, 'Aguirre AL-GHAZALI, Muhammad', 0, '', 1, 0, 1, '2018-02-07 12:46:34', '192.168.30.30', 0, '0000-00-00 00:00:00', ''),
(569, 9, 22022, 'SALMAN, Muhammad', 'SYRIA', 4, 'Aguirre AL-GHAZALI, Muhammad', 0, '', 1, 0, 1, '2018-02-07 12:46:34', '192.168.30.30', 0, '0000-00-00 00:00:00', ''),
(570, 9, 22040, 'ASWAD, Ali', 'SYRIA', 4, 'Aguirre AL-GHAZALI, Muhammad', 0, '', 1, 0, 1, '2018-02-07 12:46:34', '192.168.30.30', 0, '0000-00-00 00:00:00', ''),
(571, 9, 22044, 'AL-RAHHAL, Muhammad', 'SYRIA', 4, 'Aguirre AL-GHAZALI, Muhammad', 0, '', 1, 0, 1, '2018-02-07 12:46:34', '192.168.30.30', 0, '0000-00-00 00:00:00', ''),
(572, 9, 22045, 'MUSHRIF, Amir', 'SYRIA', 3, 'Amir Al Katranji', 0, '', 1, 0, 1, '2018-02-07 12:46:34', '192.168.30.30', 0, '0000-00-00 00:00:00', ''),
(573, 9, 22061, 'AL-SHAYKH, Muhammad', 'SYRIA', 4, 'Aguirre AL-GHAZALI, Muhammad', 0, '', 1, 0, 1, '2018-02-07 12:46:34', '192.168.30.30', 0, '0000-00-00 00:00:00', ''),
(574, 9, 22072, '''ABDALLAH, Muhammad', 'SYRIA', 4, 'Aguirre AL-GHAZALI, Muhammad', 0, '', 1, 0, 1, '2018-02-07 12:46:34', '192.168.30.30', 0, '0000-00-00 00:00:00', ''),
(575, 9, 22074, 'HAMANDUSH, Muhammad', 'SYRIA', 4, 'Aguirre AL-GHAZALI, Muhammad', 0, '', 1, 0, 1, '2018-02-07 12:46:34', '192.168.30.30', 0, '0000-00-00 00:00:00', ''),
(576, 9, 22077, 'SA''DU, Muhammad', 'SYRIA', 4, 'Aguirre AL-GHAZALI, Muhammad', 0, '', 1, 0, 1, '2018-02-07 12:46:34', '192.168.30.30', 0, '0000-00-00 00:00:00', ''),
(577, 9, 22089, 'AL-MUHAMMAD, Muhammad', 'SYRIA', 4, 'Aguirre AL-GHAZALI, Muhammad', 0, '', 1, 0, 1, '2018-02-07 12:46:34', '192.168.30.30', 0, '0000-00-00 00:00:00', ''),
(578, 9, 22091, '''ARAFAT, Muhammad', 'SYRIA', 4, 'Aguirre AL-GHAZALI, Muhammad', 0, '', 1, 0, 1, '2018-02-07 12:46:34', '192.168.30.30', 0, '0000-00-00 00:00:00', ''),
(579, 9, 22113, '''ALI, Muhammad', 'SYRIA', 4, 'Aguirre AL-GHAZALI, Muhammad', 0, '', 1, 0, 1, '2018-02-07 12:46:34', '192.168.30.30', 0, '0000-00-00 00:00:00', ''),
(580, 9, 22126, 'HAITANI, Muhammad', 'SYRIA', 4, 'Aguirre AL-GHAZALI, Muhammad', 0, '', 1, 0, 1, '2018-02-07 12:46:34', '192.168.30.30', 0, '0000-00-00 00:00:00', ''),
(581, 9, 22135, 'HARIRI, Muhammad', 'SYRIA', 4, 'Aguirre AL-GHAZALI, Muhammad', 0, '', 1, 0, 1, '2018-02-07 12:46:34', '192.168.30.30', 0, '0000-00-00 00:00:00', ''),
(582, 9, 22149, 'IBRAHIM, Ali', 'SYRIA', 4, 'Aguirre AL-GHAZALI, Muhammad', 0, '', 1, 0, 1, '2018-02-07 12:46:34', '192.168.30.30', 0, '0000-00-00 00:00:00', ''),
(583, 9, 22151, '''ALI, Muhammad', 'SYRIA', 4, 'Aguirre AL-GHAZALI, Muhammad', 0, '', 1, 0, 1, '2018-02-07 12:46:34', '192.168.30.30', 0, '0000-00-00 00:00:00', ''),
(584, 9, 22162, 'JUMUL, Ali', 'SYRIA', 4, 'Aguirre AL-GHAZALI, Muhammad', 0, '', 1, 0, 1, '2018-02-07 12:46:34', '192.168.30.30', 0, '0000-00-00 00:00:00', ''),
(585, 9, 22262, 'ABBAS, Muhammad', 'SYRIA', 4, 'Aguirre AL-GHAZALI, Muhammad', 0, '', 1, 0, 1, '2018-02-07 12:46:34', '192.168.30.30', 0, '0000-00-00 00:00:00', ''),
(586, 9, 22609, 'LI, Hong Ri', 'DPRK3', 4, 'Aguirre AL-GHAZALI, Muhammad', 0, '', 1, 0, 1, '2018-02-07 12:46:34', '192.168.30.30', 0, '0000-00-00 00:00:00', ''),
(587, 9, 22788, 'AMIR AL MO''MENIN INDUSTRIES', 'NPWMD] [IFSR', 3, 'Amir Al Katranji', 0, '', 1, 0, 1, '2018-02-07 12:46:34', '192.168.30.30', 0, '0000-00-00 00:00:00', ''),
(588, 9, 23164, 'RAK RANG', 'DPRK4', 1, 'RANGEL GOMEZ, Francisco Jose adasd', 0, '', 1, 0, 1, '2018-02-07 12:46:34', '192.168.30.30', 0, '0000-00-00 00:00:00', ''),
(589, 9, 23335, 'AL-GHAZALI, Muhammad', 'SDGT', 4, 'Aguirre AL-GHAZALI, Muhammad', 0, '', 1, 0, 1, '2018-02-07 12:46:34', '192.168.30.30', 0, '0000-00-00 00:00:00', ''),
(590, 9, 23345, 'RANGEL GOMEZ, Francisco Jose', 'VENEZUELA', 1, 'RANGEL GOMEZ, Francisco Jose adasd', 0, '', 1, 0, 1, '2018-02-07 12:46:34', '192.168.30.30', 0, '0000-00-00 00:00:00', ''),
(591, 9, 23346, 'ZAVARSE PABON, Fabio Enrique', 'VENEZUELA', 2, 'ZAVARSE PABON, Fabio Enrique yiuyiu', 0, '', 1, 0, 1, '2018-02-07 12:46:34', '192.168.30.30', 0, '0000-00-00 00:00:00', '');

-- --------------------------------------------------------

--
-- Table structure for table `ft_ofac_check_data_master`
--

CREATE TABLE IF NOT EXISTS `ft_ofac_check_data_master` (
`id` int(12) NOT NULL,
  `total_scan` varchar(100) NOT NULL,
  `total_match` varchar(100) NOT NULL,
  `status` tinyint(1) NOT NULL DEFAULT '1',
  `is_delete` tinyint(1) NOT NULL DEFAULT '0',
  `created_by` int(12) NOT NULL,
  `created_time` datetime NOT NULL,
  `created_ip` varchar(100) NOT NULL,
  `modified_by` int(12) NOT NULL,
  `modified_time` datetime NOT NULL,
  `modified_ip` varchar(100) NOT NULL
) ENGINE=InnoDB AUTO_INCREMENT=10 DEFAULT CHARSET=latin1;

--
-- Dumping data for table `ft_ofac_check_data_master`
--

INSERT INTO `ft_ofac_check_data_master` (`id`, `total_scan`, `total_match`, `status`, `is_delete`, `created_by`, `created_time`, `created_ip`, `modified_by`, `modified_time`, `modified_ip`) VALUES
(2, '5999', '2', 1, 0, 3, '2018-01-17 18:32:11', '103.36.122.212', 0, '0000-00-00 00:00:00', ''),
(3, '5999', '2', 1, 0, 3, '2018-01-17 18:40:30', '103.36.122.212', 0, '0000-00-00 00:00:00', ''),
(4, '5999', '96', 1, 0, 3, '2018-02-03 15:45:55', '192.168.30.20', 0, '0000-00-00 00:00:00', ''),
(5, '5999', '99', 1, 0, 3, '2018-02-05 11:21:57', '192.168.30.20', 0, '0000-00-00 00:00:00', ''),
(6, '5999', '96', 1, 0, 3, '2018-02-05 11:26:43', '192.168.30.20', 0, '0000-00-00 00:00:00', ''),
(7, '5999', '99', 1, 0, 1, '2018-02-07 11:24:46', '192.168.30.30', 0, '0000-00-00 00:00:00', ''),
(8, '5999', '99', 1, 0, 1, '2018-02-07 12:17:30', '192.168.30.30', 0, '0000-00-00 00:00:00', ''),
(9, '5999', '96', 1, 0, 1, '2018-02-07 12:46:34', '192.168.30.30', 0, '0000-00-00 00:00:00', '');

-- --------------------------------------------------------

--
-- Table structure for table `ft_payroll_adjustments_detail`
--

CREATE TABLE IF NOT EXISTS `ft_payroll_adjustments_detail` (
`id` int(12) NOT NULL,
  `adjustment_id` int(12) NOT NULL,
  `broker_id` int(12) NOT NULL,
  `is_expired` tinyint(1) NOT NULL DEFAULT '0',
  `status` tinyint(1) NOT NULL DEFAULT '1',
  `is_delete` tinyint(1) NOT NULL DEFAULT '0'
) ENGINE=InnoDB DEFAULT CHARSET=latin1;

-- --------------------------------------------------------

--
-- Table structure for table `ft_payroll_adjustments_master`
--

CREATE TABLE IF NOT EXISTS `ft_payroll_adjustments_master` (
`id` int(12) NOT NULL,
  `payable_trans_id` int(12) NOT NULL,
  `adjustment_amount` varchar(100) NOT NULL,
  `date` date NOT NULL,
  `pay_on` date NOT NULL,
  `gl_account` varchar(100) NOT NULL,
  `expire` date NOT NULL,
  `category` int(12) NOT NULL,
  `taxable_adjustment` tinyint(1) NOT NULL DEFAULT '0',
  `broker` tinyint(1) NOT NULL DEFAULT '0',
  `broker_number` int(12) NOT NULL,
  `broker_name` varchar(100) NOT NULL,
  `recurring` tinyint(1) NOT NULL DEFAULT '0',
  `recurring_type` int(12) NOT NULL,
  `description` varchar(100) NOT NULL,
  `pay_type` int(12) NOT NULL,
  `pay_amount` varchar(100) NOT NULL,
  `is_expired` tinyint(1) NOT NULL DEFAULT '0',
  `total_usage` int(12) NOT NULL DEFAULT '0',
  `recalc_old_usage` int(12) NOT NULL DEFAULT '0',
  `status` tinyint(1) NOT NULL DEFAULT '1',
  `is_delete` tinyint(1) NOT NULL DEFAULT '0',
  `created_by` int(12) NOT NULL,
  `created_time` datetime NOT NULL,
  `created_ip` varchar(100) NOT NULL,
  `modified_by` int(12) NOT NULL,
  `modified_time` datetime NOT NULL,
  `modified_ip` varchar(100) NOT NULL
) ENGINE=InnoDB AUTO_INCREMENT=22 DEFAULT CHARSET=latin1;

--
-- Dumping data for table `ft_payroll_adjustments_master`
--

INSERT INTO `ft_payroll_adjustments_master` (`id`, `payable_trans_id`, `adjustment_amount`, `date`, `pay_on`, `gl_account`, `expire`, `category`, `taxable_adjustment`, `broker`, `broker_number`, `broker_name`, `recurring`, `recurring_type`, `description`, `pay_type`, `pay_amount`, `is_expired`, `total_usage`, `recalc_old_usage`, `status`, `is_delete`, `created_by`, `created_time`, `created_ip`, `modified_by`, `modified_time`, `modified_ip`) VALUES
(1, 15, '100.00', '2017-12-01', '1970-01-01', 'GL TEST', '1970-01-01', 1, 1, 2, 1, '1', 1, 2, 'Annual Fees', 1, '', 1, 0, 0, 1, 0, 3, '2018-07-06 17:26:29', '192.168.30.20', 3, '2018-07-09 09:44:11', '192.168.30.20'),
(2, 14, '150.00', '2017-12-03', '1970-01-01', '', '1970-01-01', 2, 1, 2, 2, '2', 1, 3, 'Annual Fees', 1, '', 1, 0, 0, 1, 0, 3, '2018-07-06 17:26:29', '192.168.30.20', 3, '2018-07-09 11:32:32', '192.168.30.20'),
(3, 13, '200.00', '2017-12-05', '2018-07-12', '', '1970-01-01', 3, 1, 2, 3, '3', 1, 3, 'Annual Fees', 1, '', 0, 0, 0, 1, 0, 3, '2018-07-06 17:26:29', '192.168.30.20', 3, '2018-07-11 17:55:18', '192.168.30.20'),
(4, 16, '250.00', '2017-12-07', '1970-01-01', '', '1970-01-01', 4, 1, 2, 4, '4', 1, 4, 'Annual Fees', 1, '', 1, 0, 0, 1, 0, 3, '2018-07-06 17:26:29', '192.168.30.20', 3, '2018-07-09 11:33:07', '192.168.30.20'),
(5, 0, '300.00', '2017-12-09', '2017-12-01', '', '2018-01-30', 3, 1, 2, 5, '5', 1, 1, 'Annual Fees', 0, '', 0, 0, 0, 1, 0, 3, '2018-07-06 17:26:29', '192.168.30.20', 0, '0000-00-00 00:00:00', ''),
(6, 22, '350.00', '2017-12-11', '2018-07-09', '', '2018-06-30', 4, 1, 2, 3, '3', 1, 2, 'Annual Fees', 1, '', 1, 0, 0, 1, 0, 3, '2018-07-06 17:26:29', '192.168.30.20', 3, '2018-07-11 17:56:03', '192.168.30.20'),
(7, 15, '-185', '2018-05-30', '2018-05-31', '', '1970-01-01', 5, 0, 2, 1, '1', 1, 5, 'S86 Exam', 1, '', 1, 0, 0, 1, 0, 3, '2018-07-06 17:27:08', '192.168.30.20', 3, '2018-07-09 11:33:25', '192.168.30.20'),
(8, 15, '0', '2018-05-30', '2018-05-31', '', '1970-01-01', 5, 0, 2, 1, '1', 1, 6, 'S86 NYSE Development Fee', 1, '', 1, 0, 0, 1, 0, 3, '2018-07-06 17:27:08', '192.168.30.20', 3, '2018-07-09 11:34:17', '192.168.30.20'),
(9, 15, '-130', '2018-05-30', '2018-05-31', '', '1970-01-01', 5, 0, 2, 1, '1', 1, 7, 'S87 Exam', 1, '', 1, 0, 0, 1, 0, 3, '2018-07-06 17:27:08', '192.168.30.20', 3, '2018-07-09 11:34:43', '192.168.30.20'),
(10, 0, '0', '2018-05-30', '2018-05-31', '', '0000-00-00', 5, 0, 2, 1, '1', 0, 0, 'S87 NYSE Development Fee', 0, '', 0, 0, 0, 1, 0, 3, '2018-07-06 17:27:08', '192.168.30.20', 0, '0000-00-00 00:00:00', ''),
(11, 0, '-55', '2018-05-23', '2018-07-11', '', '1970-01-01', 5, 0, 2, 3, '3', 1, 1, 'FINRA CE Tracked Web Fee S201', 1, '', 0, 0, 0, 1, 0, 3, '2018-07-06 17:27:08', '192.168.30.20', 3, '2018-07-11 17:55:35', '192.168.30.20'),
(12, 0, '-110', '2018-05-10', '2018-05-11', '', '0000-00-00', 5, 0, 2, 4, '4', 0, 0, 'FINRA Member Disc Proc Fee', 0, '', 0, 0, 0, 1, 0, 3, '2018-07-06 17:27:08', '192.168.30.20', 0, '0000-00-00 00:00:00', ''),
(13, 0, '-125', '2018-04-30', '2018-05-01', '', '0000-00-00', 5, 0, 1, 0, '', 0, 0, 'NC Individual Reg. Fee', 0, '', 0, 0, 0, 1, 0, 3, '2018-07-06 17:27:08', '192.168.30.20', 0, '0000-00-00 00:00:00', ''),
(14, 0, '-50', '2018-04-30', '2018-05-01', '', '0000-00-00', 5, 0, 1, 0, '', 0, 0, 'TN Individual Reg. Fee', 0, '', 0, 0, 0, 1, 0, 3, '2018-07-06 17:27:08', '192.168.30.20', 0, '0000-00-00 00:00:00', ''),
(15, 0, '100.00', '2017-12-01', '1970-01-01', 'GL TEST', '1970-01-01', 1, 1, 2, 1, '1', 0, 0, 'Annual Fees', 0, '', 0, 0, 0, 1, 0, 3, '2018-07-11 18:25:07', '192.168.30.20', 0, '0000-00-00 00:00:00', ''),
(16, 0, '150.00', '2017-12-03', '1970-01-01', '', '1970-01-01', 2, 1, 2, 2, '2', 0, 0, 'Annual Fees', 0, '', 0, 0, 0, 1, 0, 3, '2018-07-11 18:25:07', '192.168.30.20', 0, '0000-00-00 00:00:00', ''),
(17, 0, '200.00', '2017-12-05', '1970-01-01', '', '1970-01-01', 3, 1, 2, 3, '3', 0, 0, 'Annual Fees', 0, '', 0, 0, 0, 1, 0, 3, '2018-07-11 18:25:07', '192.168.30.20', 0, '0000-00-00 00:00:00', ''),
(18, 0, '250.00', '2017-12-07', '1970-01-01', '', '1970-01-01', 4, 1, 2, 4, '4', 0, 0, 'Annual Fees', 0, '', 0, 0, 0, 1, 0, 3, '2018-07-11 18:25:07', '192.168.30.20', 0, '0000-00-00 00:00:00', ''),
(19, 0, '300.00', '2017-12-09', '2017-12-01', '', '2018-01-30', 3, 1, 2, 5, '5', 1, 1, 'Annual Fees', 0, '', 0, 0, 0, 1, 0, 3, '2018-07-11 18:25:07', '192.168.30.20', 0, '0000-00-00 00:00:00', ''),
(20, 0, '350.00', '2017-12-11', '2017-12-02', '', '2018-06-30', 4, 1, 2, 6, '6', 1, 5, 'Annual Fees', 0, '', 0, 0, 0, 1, 0, 3, '2018-07-11 18:25:07', '192.168.30.20', 0, '0000-00-00 00:00:00', ''),
(21, 0, '', '1970-01-01', '1970-01-01', '', '1970-01-01', 0, 0, 1, 0, '', 0, 0, '', 1, '', 0, 0, 0, 1, 0, 3, '2018-07-11 18:29:05', '192.168.30.20', 0, '0000-00-00 00:00:00', '');

-- --------------------------------------------------------

--
-- Table structure for table `ft_payroll_broker_balances_master`
--

CREATE TABLE IF NOT EXISTS `ft_payroll_broker_balances_master` (
`id` int(12) NOT NULL,
  `broker_number` int(12) NOT NULL,
  `broker_name` varchar(100) NOT NULL,
  `clearing_number` varchar(100) NOT NULL,
  `balance_amount` varchar(100) NOT NULL,
  `status` tinyint(1) NOT NULL DEFAULT '1',
  `is_delete` tinyint(1) NOT NULL DEFAULT '0',
  `created_by` int(12) NOT NULL,
  `created_time` datetime NOT NULL,
  `created_ip` varchar(100) NOT NULL,
  `modified_by` int(12) NOT NULL,
  `modified_time` datetime NOT NULL,
  `modified_ip` varchar(100) NOT NULL
) ENGINE=InnoDB DEFAULT CHARSET=latin1;

-- --------------------------------------------------------

--
-- Table structure for table `ft_payroll_master`
--

CREATE TABLE IF NOT EXISTS `ft_payroll_master` (
`id` int(11) NOT NULL,
  `type` varchar(100) NOT NULL,
  `status` tinyint(1) NOT NULL DEFAULT '1',
  `is_delete` tinyint(1) NOT NULL DEFAULT '0',
  `created_by` int(12) NOT NULL,
  `created_time` date NOT NULL,
  `created_ip` varchar(100) NOT NULL,
  `modified_by` int(12) NOT NULL,
  `modified_time` datetime NOT NULL,
  `modified_ip` varchar(100) NOT NULL
) ENGINE=InnoDB AUTO_INCREMENT=6 DEFAULT CHARSET=latin1;

--
-- Dumping data for table `ft_payroll_master`
--

INSERT INTO `ft_payroll_master` (`id`, `type`, `status`, `is_delete`, `created_by`, `created_time`, `created_ip`, `modified_by`, `modified_time`, `modified_ip`) VALUES
(1, 'BONUS', 1, 0, 3, '2018-06-25', '192.168.30.20', 0, '0000-00-00 00:00:00', ''),
(2, 'CANCELLATIONS', 1, 0, 3, '2018-06-25', '192.168.30.20', 0, '0000-00-00 00:00:00', ''),
(3, 'MISCELLANEOUS                                     ', 1, 0, 3, '2018-06-25', '192.168.30.20', 0, '0000-00-00 00:00:00', ''),
(4, 'OTHER', 1, 0, 3, '2018-06-25', '192.168.30.20', 0, '0000-00-00 00:00:00', ''),
(5, 'Fee Activity', 1, 0, 3, '2018-06-25', '192.168.30.20', 0, '0000-00-00 00:00:00', '');

-- --------------------------------------------------------

--
-- Table structure for table `ft_payroll_override_rates`
--

CREATE TABLE IF NOT EXISTS `ft_payroll_override_rates` (
`id` int(12) NOT NULL,
  `payable_transaction_id` int(12) NOT NULL,
  `transaction_id` int(12) NOT NULL,
  `broker_id` int(12) NOT NULL,
  `receiving_rep` int(12) NOT NULL,
  `rate` varchar(100) NOT NULL,
  `status` tinyint(1) NOT NULL DEFAULT '1',
  `is_delete` tinyint(1) NOT NULL,
  `created_by` int(12) NOT NULL,
  `created_time` datetime NOT NULL,
  `created_ip` varchar(100) NOT NULL,
  `modified_by` int(12) NOT NULL,
  `modified_time` datetime NOT NULL,
  `modified_ip` varchar(100) NOT NULL
) ENGINE=InnoDB DEFAULT CHARSET=latin1;

-- --------------------------------------------------------

--
-- Table structure for table `ft_payroll_prior_payroll_master`
--

CREATE TABLE IF NOT EXISTS `ft_payroll_prior_payroll_master` (
`id` int(12) NOT NULL,
  `payroll_date` date NOT NULL,
  `rep_number` int(12) NOT NULL,
  `clearing_number` varchar(100) NOT NULL,
  `rep_name` int(12) NOT NULL,
  `gross_production` varchar(100) NOT NULL,
  `check_amount` varchar(100) NOT NULL,
  `net_production` varchar(100) NOT NULL,
  `adjustments` varchar(100) NOT NULL,
  `net_earnings` varchar(100) NOT NULL,
  `status` tinyint(1) NOT NULL DEFAULT '1',
  `is_delete` tinyint(1) NOT NULL DEFAULT '0',
  `created_by` int(12) NOT NULL,
  `created_time` datetime NOT NULL,
  `created_ip` varchar(100) NOT NULL,
  `modified_by` int(12) NOT NULL,
  `modified_time` datetime NOT NULL,
  `modified_ip` varchar(100) NOT NULL
) ENGINE=InnoDB DEFAULT CHARSET=latin1;

-- --------------------------------------------------------

--
-- Table structure for table `ft_payroll_review_master`
--

CREATE TABLE IF NOT EXISTS `ft_payroll_review_master` (
`id` int(12) NOT NULL,
  `payroll_id` int(12) NOT NULL,
  `trade_number` int(12) NOT NULL,
  `trade_date` date NOT NULL,
  `product` int(12) NOT NULL,
  `product_category` int(12) NOT NULL,
  `client_account_number` varchar(100) NOT NULL,
  `client_name` int(12) NOT NULL,
  `broker_name` int(12) NOT NULL,
  `quantity` varchar(100) NOT NULL DEFAULT '0',
  `price` varchar(100) NOT NULL DEFAULT '0',
  `investment_amount` varchar(100) NOT NULL DEFAULT '0',
  `commission_expired` decimal(8,2) NOT NULL DEFAULT '0.00',
  `charge` varchar(100) NOT NULL DEFAULT '0',
  `date_received` date NOT NULL,
  `commission_received` decimal(8,2) NOT NULL DEFAULT '0.00',
  `commission_paid` decimal(8,2) NOT NULL DEFAULT '0.00',
  `adjustments` decimal(8,2) NOT NULL DEFAULT '0.00',
  `balance` decimal(8,2) NOT NULL DEFAULT '0.00',
  `finra` decimal(8,2) NOT NULL DEFAULT '0.00',
  `sipc` decimal(8,2) NOT NULL DEFAULT '0.00',
  `check_amount` decimal(8,2) NOT NULL DEFAULT '0.00',
  `buy_sell` tinyint(1) NOT NULL DEFAULT '0',
  `is_split` tinyint(1) NOT NULL DEFAULT '0',
  `hold` tinyint(1) NOT NULL DEFAULT '0',
  `hold_reason` varchar(100) NOT NULL DEFAULT '',
  `cancel` tinyint(1) NOT NULL DEFAULT '0',
  `branch` int(12) NOT NULL,
  `is_balance` tinyint(1) NOT NULL DEFAULT '0',
  `status` tinyint(1) NOT NULL DEFAULT '1',
  `is_delete` tinyint(1) NOT NULL DEFAULT '0',
  `created_by` int(12) NOT NULL,
  `created_time` date NOT NULL,
  `created_ip` varchar(100) NOT NULL,
  `modified_by` int(12) NOT NULL,
  `modified_time` datetime NOT NULL,
  `modified_ip` varchar(100) NOT NULL
) ENGINE=InnoDB AUTO_INCREMENT=23 DEFAULT CHARSET=latin1;

--
-- Dumping data for table `ft_payroll_review_master`
--

INSERT INTO `ft_payroll_review_master` (`id`, `payroll_id`, `trade_number`, `trade_date`, `product`, `product_category`, `client_account_number`, `client_name`, `broker_name`, `quantity`, `price`, `investment_amount`, `commission_expired`, `charge`, `date_received`, `commission_received`, `commission_paid`, `adjustments`, `balance`, `finra`, `sipc`, `check_amount`, `buy_sell`, `is_split`, `hold`, `hold_reason`, `cancel`, `branch`, `is_balance`, `status`, `is_delete`, `created_by`, `created_time`, `created_ip`, `modified_by`, `modified_time`, `modified_ip`) VALUES
(1, 1, 1, '2018-07-05', 1, 2, '00123456789', 48, 1, '40', '250', '10000.00', '0.00', '1000.00', '2018-06-28', '4000.00', '769.50', '-390.00', '0.00', '2.00', '3.00', '100.00', 1, 1, 2, '', 2, 1, 0, 1, 1, 3, '2018-07-11', '192.168.30.20', 3, '2018-07-11 18:01:40', '192.168.30.20'),
(2, 1, 2, '2018-07-05', 2, 1, '9872364', 2, 2, '8', '100', '800.00', '0.00', '100.00', '2018-06-28', '400.00', '707.75', '725.00', '0.00', '2.00', '3.00', '100.00', 1, 2, 2, '', 2, 1, 0, 1, 1, 3, '2018-07-11', '192.168.30.20', 3, '2018-07-11 18:01:40', '192.168.30.20'),
(3, 1, 3, '2018-07-05', 1, 2, '987654', 1, 2, '6', '150', '900.00', '0.00', '200.00', '2018-06-19', '400.00', '166.25', '-25.00', '0.00', '2.00', '3.00', '100.00', 1, 2, 2, '', 2, 1, 0, 1, 1, 3, '2018-07-11', '192.168.30.20', 3, '2018-07-11 18:01:40', '192.168.30.20'),
(4, 1, 4, '2018-07-05', 1, 2, '879465', 1, 1, '8', '150', '1200.00', '0.00', '200.00', '2018-06-28', '500.00', '-256.50', '-390.00', '0.00', '2.00', '3.00', '100.00', 1, 2, 2, '', 2, 1, 1, 1, 1, 3, '2018-07-11', '192.168.30.20', 3, '2018-07-11 18:01:40', '192.168.30.20'),
(5, 1, 5, '2018-07-06', 1, 2, '00123456789', 46, 4, '40', '250', '10000.00', '0.00', '1000.00', '2018-07-07', '4000.00', '536.75', '-35.00', '0.00', '2.00', '3.00', '100.00', 1, 2, 2, '', 2, 1, 0, 1, 1, 3, '2018-07-11', '192.168.30.20', 3, '2018-07-11 18:01:40', '192.168.30.20'),
(6, 1, 6, '2018-07-06', 1, 3, '79889', 2, 3, '10', '400', '4000.00', '0.00', '100.00', '2018-06-19', '1900.00', '1102.00', '120.00', '0.00', '2.00', '3.00', '100.00', 1, 2, 2, '', 2, 5, 0, 1, 1, 3, '2018-07-11', '192.168.30.20', 3, '2018-07-11 18:01:40', '192.168.30.20'),
(7, 1, 7, '2018-07-06', 2, 1, '00123456789', 45, 3, '20', '200', '4000.00', '0.00', '100.00', '2018-06-19', '2900.00', '1672.00', '120.00', '0.00', '2.00', '3.00', '100.00', 1, 2, 2, '', 2, 5, 0, 1, 1, 3, '2018-07-11', '192.168.30.20', 3, '2018-07-11 18:01:40', '192.168.30.20'),
(8, 1, 8, '2018-07-07', 2, 1, '987654', 2, 3, '20', '150', '3000.00', '0.00', '500.00', '2018-06-19', '2000.00', '399.00', '120.00', '0.00', '2.00', '3.00', '100.00', 1, 2, 2, '', 2, 5, 0, 1, 1, 3, '2018-07-11', '192.168.30.20', 3, '2018-07-11 18:01:40', '192.168.30.20'),
(9, 1, 9, '2018-07-09', 2, 1, '987564', 2, 3, '20', '150', '3000.00', '0.00', '200.00', '2018-06-19', '1800.00', '608.00', '120.00', '0.00', '2.00', '3.00', '100.00', 1, 2, 2, '', 2, 5, 0, 1, 1, 3, '2018-07-11', '192.168.30.20', 3, '2018-07-11 18:01:40', '192.168.30.20'),
(10, 1, 10, '2018-07-09', 2, 1, '897564', 1, 3, '16', '250', '4000.00', '0.00', '500.00', '2018-06-19', '3500.00', '1634.00', '120.00', '0.00', '2.00', '3.00', '100.00', 1, 2, 2, '', 2, 5, 0, 1, 1, 3, '2018-07-11', '192.168.30.20', 3, '2018-07-11 18:01:40', '192.168.30.20'),
(11, 1, 11, '2018-07-10', 2, 1, '879546', 2, 3, '12', '250', '3000.00', '0.00', '500.00', '2018-06-19', '2500.00', '589.00', '120.00', '0.00', '2.00', '3.00', '100.00', 1, 2, 2, '', 2, 5, 0, 1, 1, 3, '2018-07-11', '192.168.30.20', 3, '2018-07-11 18:01:40', '192.168.30.20'),
(12, 2, 1, '2018-07-05', 1, 2, '00123456789', 48, 1, '40', '250', '10000.00', '0.00', '1000.00', '2018-06-28', '4000.00', '769.50', '-390.00', '0.00', '2.00', '3.00', '100.00', 1, 1, 2, '', 2, 1, 0, 1, 0, 3, '2018-07-11', '192.168.30.20', 3, '2018-07-11 18:02:11', '192.168.30.20'),
(13, 2, 2, '2018-07-05', 2, 1, '9872364', 2, 2, '8', '100', '800.00', '0.00', '100.00', '2018-06-28', '400.00', '-4.75', '-25.00', '0.00', '2.00', '3.00', '100.00', 1, 2, 2, '', 2, 1, 1, 1, 0, 3, '2018-07-11', '192.168.30.20', 3, '2018-07-11 18:02:11', '192.168.30.20'),
(14, 2, 3, '2018-07-05', 1, 2, '987654', 1, 2, '6', '150', '900.00', '0.00', '200.00', '2018-06-19', '400.00', '166.25', '-25.00', '0.00', '2.00', '3.00', '100.00', 1, 2, 2, '', 2, 1, 0, 1, 0, 3, '2018-07-11', '192.168.30.20', 3, '2018-07-11 18:02:11', '192.168.30.20'),
(15, 2, 4, '2018-07-05', 1, 2, '879465', 1, 1, '8', '150', '1200.00', '0.00', '200.00', '2018-06-28', '500.00', '-256.50', '-390.00', '0.00', '2.00', '3.00', '100.00', 1, 2, 2, '', 2, 1, 1, 1, 0, 3, '2018-07-11', '192.168.30.20', 3, '2018-07-11 18:02:11', '192.168.30.20'),
(16, 2, 5, '2018-07-06', 1, 2, '00123456789', 46, 4, '40', '250', '10000.00', '0.00', '1000.00', '2018-07-07', '4000.00', '536.75', '-35.00', '0.00', '2.00', '3.00', '100.00', 1, 2, 2, '', 2, 1, 0, 1, 0, 3, '2018-07-11', '192.168.30.20', 3, '2018-07-11 18:02:11', '192.168.30.20'),
(17, 2, 6, '2018-07-06', 1, 3, '79889', 2, 3, '10', '400', '4000.00', '0.00', '100.00', '2018-06-19', '1900.00', '1102.00', '120.00', '0.00', '2.00', '3.00', '100.00', 1, 2, 2, '', 2, 5, 0, 1, 0, 3, '2018-07-11', '192.168.30.20', 3, '2018-07-11 18:02:11', '192.168.30.20'),
(18, 2, 7, '2018-07-06', 2, 1, '00123456789', 45, 3, '20', '200', '4000.00', '0.00', '100.00', '2018-06-19', '2900.00', '1672.00', '120.00', '0.00', '2.00', '3.00', '100.00', 1, 2, 2, '', 2, 5, 0, 1, 0, 3, '2018-07-11', '192.168.30.20', 3, '2018-07-11 18:02:11', '192.168.30.20'),
(19, 2, 8, '2018-07-07', 2, 1, '987654', 2, 3, '20', '150', '3000.00', '0.00', '500.00', '2018-06-19', '2000.00', '399.00', '120.00', '0.00', '2.00', '3.00', '100.00', 1, 2, 2, '', 2, 5, 0, 1, 0, 3, '2018-07-11', '192.168.30.20', 3, '2018-07-11 18:02:11', '192.168.30.20'),
(20, 2, 9, '2018-07-09', 2, 1, '987564', 2, 3, '20', '150', '3000.00', '0.00', '200.00', '2018-06-19', '1800.00', '608.00', '120.00', '0.00', '2.00', '3.00', '100.00', 1, 2, 2, '', 2, 5, 0, 1, 0, 3, '2018-07-11', '192.168.30.20', 3, '2018-07-11 18:02:11', '192.168.30.20'),
(21, 2, 10, '2018-07-09', 2, 1, '897564', 1, 3, '16', '250', '4000.00', '0.00', '500.00', '2018-06-19', '3500.00', '1634.00', '120.00', '0.00', '2.00', '3.00', '100.00', 1, 2, 2, '', 2, 5, 0, 1, 0, 3, '2018-07-11', '192.168.30.20', 3, '2018-07-11 18:02:11', '192.168.30.20'),
(22, 2, 11, '2018-07-10', 2, 1, '879546', 2, 3, '12', '250', '3000.00', '0.00', '500.00', '2018-06-19', '2500.00', '589.00', '120.00', '0.00', '2.00', '3.00', '100.00', 1, 2, 2, '', 2, 5, 0, 1, 0, 3, '2018-07-11', '192.168.30.20', 3, '2018-07-11 18:02:11', '192.168.30.20');

-- --------------------------------------------------------

--
-- Table structure for table `ft_payroll_split_rates`
--

CREATE TABLE IF NOT EXISTS `ft_payroll_split_rates` (
`id` int(12) NOT NULL,
  `payable_transaction_id` int(12) NOT NULL,
  `transaction_id` int(12) NOT NULL,
  `client_id` int(12) NOT NULL,
  `broker_id` int(12) NOT NULL,
  `split_broker` int(12) NOT NULL,
  `split_rate` int(12) NOT NULL,
  `status` tinyint(1) NOT NULL DEFAULT '1',
  `is_delete` tinyint(1) NOT NULL,
  `created_by` int(12) NOT NULL,
  `created_time` datetime NOT NULL,
  `created_ip` varchar(100) NOT NULL,
  `modified_by` int(12) NOT NULL,
  `modified_time` datetime NOT NULL,
  `modified_ip` varchar(100) NOT NULL
) ENGINE=InnoDB DEFAULT CHARSET=latin1;

-- --------------------------------------------------------

--
-- Table structure for table `ft_payroll_upload`
--

CREATE TABLE IF NOT EXISTS `ft_payroll_upload` (
`id` int(12) NOT NULL,
  `is_calculate` tinyint(1) NOT NULL DEFAULT '0',
  `payroll_date` date NOT NULL,
  `clearing_business_cutoff_date` date NOT NULL,
  `direct_business_cutoff_date` date NOT NULL,
  `is_close` tinyint(1) NOT NULL DEFAULT '0',
  `status` tinyint(1) NOT NULL DEFAULT '1',
  `is_delete` tinyint(1) NOT NULL DEFAULT '0',
  `created_by` int(12) NOT NULL,
  `created_time` datetime NOT NULL,
  `created_ip` varchar(100) NOT NULL,
  `modified_by` int(12) NOT NULL,
  `modified_time` datetime NOT NULL,
  `modified_ip` varchar(100) NOT NULL
) ENGINE=InnoDB AUTO_INCREMENT=3 DEFAULT CHARSET=latin1;

--
-- Dumping data for table `ft_payroll_upload`
--

INSERT INTO `ft_payroll_upload` (`id`, `is_calculate`, `payroll_date`, `clearing_business_cutoff_date`, `direct_business_cutoff_date`, `is_close`, `status`, `is_delete`, `created_by`, `created_time`, `created_ip`, `modified_by`, `modified_time`, `modified_ip`) VALUES
(1, 1, '2018-07-11', '2018-07-11', '2018-07-11', 0, 1, 1, 3, '2018-07-11 17:54:55', '192.168.30.20', 3, '2018-07-11 18:01:40', '192.168.30.20'),
(2, 1, '2018-07-11', '2018-07-11', '2018-07-11', 0, 1, 0, 3, '2018-07-11 18:02:04', '192.168.30.20', 3, '2018-07-11 18:02:11', '192.168.30.20');

-- --------------------------------------------------------

--
-- Table structure for table `ft_pay_type_master`
--

CREATE TABLE IF NOT EXISTS `ft_pay_type_master` (
`id` int(12) NOT NULL,
  `name` varchar(100) NOT NULL,
  `status` tinyint(1) NOT NULL DEFAULT '1',
  `is_delete` tinyint(1) NOT NULL DEFAULT '0',
  `created_by` int(12) NOT NULL,
  `created_time` datetime NOT NULL,
  `created_ip` varchar(100) NOT NULL,
  `modified_by` int(12) NOT NULL,
  `modified_time` datetime NOT NULL,
  `modified_ip` varchar(100) NOT NULL
) ENGINE=InnoDB AUTO_INCREMENT=4 DEFAULT CHARSET=latin1;

--
-- Dumping data for table `ft_pay_type_master`
--

INSERT INTO `ft_pay_type_master` (`id`, `name`, `status`, `is_delete`, `created_by`, `created_time`, `created_ip`, `modified_by`, `modified_time`, `modified_ip`) VALUES
(1, 'Default(100%)', 1, 0, 0, '0000-00-00 00:00:00', '', 0, '0000-00-00 00:00:00', ''),
(2, 'Rep Grid', 1, 1, 0, '0000-00-00 00:00:00', '', 0, '0000-00-00 00:00:00', ''),
(3, 'User Input', 1, 0, 0, '0000-00-00 00:00:00', '', 0, '0000-00-00 00:00:00', '');

-- --------------------------------------------------------

--
-- Table structure for table `ft_percentage_detail`
--

CREATE TABLE IF NOT EXISTS `ft_percentage_detail` (
`id` int(11) NOT NULL,
  `percentage` varchar(10) NOT NULL
) ENGINE=InnoDB AUTO_INCREMENT=21 DEFAULT CHARSET=latin1;

--
-- Dumping data for table `ft_percentage_detail`
--

INSERT INTO `ft_percentage_detail` (`id`, `percentage`) VALUES
(1, '0%-5%'),
(2, '5%-10%'),
(3, '10%-15%'),
(4, '15%-20%'),
(5, '20%-25%'),
(6, '25%-30%'),
(7, '30%-35%'),
(8, '35%-40%'),
(9, '40%-45%'),
(10, '45%-50%'),
(11, '50%-55%'),
(12, '55%-60%'),
(13, '60%-65%'),
(14, '65%-70%'),
(15, '70%-75%'),
(16, '75%-80%'),
(17, '80%-85%'),
(18, '85%-90%'),
(19, '90%-95%'),
(20, '95%-100%');

-- --------------------------------------------------------

--
-- Table structure for table `ft_portfolio_master`
--

CREATE TABLE IF NOT EXISTS `ft_portfolio_master` (
`id` int(11) NOT NULL,
  `option` varchar(100) NOT NULL,
  `u_id` int(8) NOT NULL,
  `status` tinyint(1) NOT NULL DEFAULT '1',
  `is_delete` tinyint(1) NOT NULL DEFAULT '0',
  `created_by` int(12) NOT NULL,
  `created_time` datetime NOT NULL,
  `created_ip` varchar(100) NOT NULL,
  `modified_by` int(12) NOT NULL,
  `modified_time` datetime NOT NULL,
  `modified_ip` varchar(100) NOT NULL
) ENGINE=InnoDB AUTO_INCREMENT=3 DEFAULT CHARSET=latin1;

--
-- Dumping data for table `ft_portfolio_master`
--

INSERT INTO `ft_portfolio_master` (`id`, `option`, `u_id`, `status`, `is_delete`, `created_by`, `created_time`, `created_ip`, `modified_by`, `modified_time`, `modified_ip`) VALUES
(1, '75', 0, 1, 0, 4, '2017-12-09 11:38:33', '192.168.30.30', 0, '0000-00-00 00:00:00', ''),
(2, '8500', 0, 1, 0, 3, '2018-02-27 16:15:42', '192.168.30.30', 0, '0000-00-00 00:00:00', '');

-- --------------------------------------------------------

--
-- Table structure for table `ft_product_attach`
--

CREATE TABLE IF NOT EXISTS `ft_product_attach` (
`id` int(12) NOT NULL,
  `date` datetime NOT NULL,
  `user_id` varchar(100) NOT NULL,
  `attach` varchar(100) NOT NULL,
  `file_name` varchar(50) NOT NULL,
  `status` tinyint(1) NOT NULL DEFAULT '1',
  `is_delete` tinyint(1) NOT NULL DEFAULT '0',
  `created_by` int(12) NOT NULL,
  `created_time` datetime NOT NULL,
  `created_ip` varchar(100) NOT NULL,
  `modified_by` int(12) NOT NULL,
  `modified_time` datetime NOT NULL,
  `modified_ip` varchar(100) NOT NULL
) ENGINE=InnoDB AUTO_INCREMENT=2 DEFAULT CHARSET=latin1;

--
-- Dumping data for table `ft_product_attach`
--

INSERT INTO `ft_product_attach` (`id`, `date`, `user_id`, `attach`, `file_name`, `status`, `is_delete`, `created_by`, `created_time`, `created_ip`, `modified_by`, `modified_time`, `modified_ip`) VALUES
(1, '2018-01-02 00:00:00', 'user02', '1514898379754797.png', 'apple-touch-icon@2.png', 1, 1, 2, '2018-01-02 18:36:19', '103.36.122.212', 0, '0000-00-00 00:00:00', '');

-- --------------------------------------------------------

--
-- Table structure for table `ft_product_maintenance`
--

CREATE TABLE IF NOT EXISTS `ft_product_maintenance` (
`id` int(11) NOT NULL,
  `category` varchar(50) DEFAULT NULL,
  `name` varchar(30) NOT NULL,
  `sponsor` varchar(30) NOT NULL,
  `ticker_symbol` varchar(30) NOT NULL,
  `cusip` varchar(15) NOT NULL,
  `security` varchar(30) NOT NULL,
  `receive` tinyint(6) NOT NULL,
  `income` varchar(20) NOT NULL,
  `networth` varchar(20) NOT NULL,
  `networthonly` varchar(30) NOT NULL,
  `minimum_investment` varchar(20) NOT NULL,
  `minimum_offer` varchar(20) NOT NULL,
  `maximum_offer` varchar(20) NOT NULL,
  `objective` varchar(30) NOT NULL,
  `non_commissionable` varchar(20) NOT NULL,
  `class_type` varchar(10) NOT NULL,
  `fund_code` varchar(20) NOT NULL,
  `sweep_fee` varchar(10) NOT NULL,
  `threshold` varchar(20) NOT NULL,
  `rate` varchar(20) NOT NULL,
  `ria_specific` varchar(30) NOT NULL,
  `ria_specific_type` varchar(30) NOT NULL,
  `based` varchar(10) NOT NULL,
  `fee_rate` varchar(30) NOT NULL,
  `st_bo` varchar(10) NOT NULL,
  `m_date` date NOT NULL,
  `type` varchar(30) NOT NULL,
  `var` varchar(20) NOT NULL,
  `reg_type` varchar(40) NOT NULL,
  `status` tinyint(1) NOT NULL DEFAULT '1',
  `is_delete` tinyint(1) NOT NULL DEFAULT '0',
  `created_by` int(12) NOT NULL,
  `created_time` date NOT NULL,
  `created_ip` varchar(100) NOT NULL,
  `modified_by` int(12) NOT NULL,
  `modified_time` datetime NOT NULL,
  `modified_ip` varchar(100) NOT NULL
) ENGINE=InnoDB DEFAULT CHARSET=latin1;

-- --------------------------------------------------------

--
-- Table structure for table `ft_product_notes`
--

CREATE TABLE IF NOT EXISTS `ft_product_notes` (
`id` int(12) NOT NULL,
  `date` datetime NOT NULL,
  `user_id` varchar(100) NOT NULL,
  `notes` varchar(100) NOT NULL,
  `status` tinyint(1) NOT NULL DEFAULT '1',
  `is_delete` tinyint(1) NOT NULL DEFAULT '0',
  `created_by` int(12) NOT NULL,
  `created_time` datetime NOT NULL,
  `created_ip` varchar(100) NOT NULL,
  `modified_by` int(12) NOT NULL,
  `modified_time` datetime NOT NULL,
  `modified_ip` varchar(100) NOT NULL
) ENGINE=InnoDB DEFAULT CHARSET=latin1;

-- --------------------------------------------------------

--
-- Table structure for table `ft_product_type`
--

CREATE TABLE IF NOT EXISTS `ft_product_type` (
`id` int(11) NOT NULL,
  `type` varchar(100) NOT NULL,
  `type_code` varchar(100) NOT NULL,
  `status` tinyint(1) NOT NULL DEFAULT '1',
  `is_delete` tinyint(1) NOT NULL DEFAULT '0',
  `created_by` int(12) NOT NULL DEFAULT '0',
  `created_time` datetime NOT NULL,
  `created_ip` varchar(100) NOT NULL,
  `modified_by` int(12) NOT NULL DEFAULT '0',
  `modified_time` datetime NOT NULL,
  `modified_ip` varchar(100) NOT NULL
) ENGINE=InnoDB AUTO_INCREMENT=15 DEFAULT CHARSET=latin1;

--
-- Dumping data for table `ft_product_type`
--

INSERT INTO `ft_product_type` (`id`, `type`, `type_code`, `status`, `is_delete`, `created_by`, `created_time`, `created_ip`, `modified_by`, `modified_time`, `modified_ip`) VALUES
(1, 'Mutual Funds', 'MF', 1, 0, 3, '2018-02-06 16:01:25', '192.168.30.30', 3, '2018-04-08 09:09:39', '192.168.30.30'),
(2, 'Stocks', '', 1, 0, 3, '2018-02-06 16:03:55', '192.168.30.30', 0, '0000-00-00 00:00:00', ''),
(3, 'Bonds', '', 1, 0, 3, '2018-02-06 16:04:11', '192.168.30.30', 0, '0000-00-00 00:00:00', ''),
(4, 'Variable Annuities', 'VA', 1, 0, 3, '2018-02-06 16:04:24', '192.168.30.30', 3, '2018-04-09 09:16:02', '192.168.30.30'),
(5, 'Fixed Annuities', '', 1, 0, 3, '2018-02-06 16:04:41', '192.168.30.30', 0, '0000-00-00 00:00:00', ''),
(6, 'Options', '', 1, 0, 3, '2018-02-06 16:04:59', '192.168.30.30', 0, '0000-00-00 00:00:00', ''),
(7, 'UIT''s', '', 1, 0, 3, '2018-02-06 16:05:12', '192.168.30.30', 0, '0000-00-00 00:00:00', ''),
(8, 'CD''s', '', 1, 0, 3, '2018-02-06 16:05:28', '192.168.30.30', 0, '0000-00-00 00:00:00', ''),
(9, 'REIT''s', 'RT', 1, 0, 3, '2018-02-06 16:05:44', '192.168.30.30', 1, '2018-04-26 09:47:12', '192.168.30.30'),
(10, 'Limited Partnerships', '', 1, 0, 3, '2018-02-06 16:06:01', '192.168.30.30', 0, '0000-00-00 00:00:00', ''),
(11, 'Investment Banking', '', 1, 0, 3, '2018-02-21 09:17:56', '192.168.30.20', 0, '0000-00-00 00:00:00', ''),
(12, 'RIA', '', 1, 0, 3, '2018-02-21 09:18:20', '192.168.30.20', 0, '0000-00-00 00:00:00', ''),
(13, 'Program Manager', 'PM', 1, 0, 1, '2018-04-26 09:49:45', '192.168.30.30', 0, '0000-00-00 00:00:00', ''),
(14, 'Variable Universal Life Insure', 'VL', 1, 0, 1, '2018-04-26 09:50:25', '192.168.30.30', 0, '0000-00-00 00:00:00', '');

-- --------------------------------------------------------

--
-- Table structure for table `ft_recurring_type_master`
--

CREATE TABLE IF NOT EXISTS `ft_recurring_type_master` (
`id` int(12) NOT NULL,
  `name` varchar(100) NOT NULL,
  `status` tinyint(1) NOT NULL DEFAULT '1',
  `is_delete` tinyint(1) NOT NULL DEFAULT '0',
  `created_by` int(12) NOT NULL,
  `created_time` datetime NOT NULL,
  `created_ip` varchar(100) NOT NULL,
  `modified_by` int(12) NOT NULL,
  `modified_time` datetime NOT NULL,
  `modified_ip` varchar(100) NOT NULL
) ENGINE=InnoDB AUTO_INCREMENT=8 DEFAULT CHARSET=latin1;

--
-- Dumping data for table `ft_recurring_type_master`
--

INSERT INTO `ft_recurring_type_master` (`id`, `name`, `status`, `is_delete`, `created_by`, `created_time`, `created_ip`, `modified_by`, `modified_time`, `modified_ip`) VALUES
(1, 'Both Payrolls', 1, 0, 0, '0000-00-00 00:00:00', '', 0, '0000-00-00 00:00:00', ''),
(2, 'Mid Month', 1, 0, 0, '0000-00-00 00:00:00', '', 0, '0000-00-00 00:00:00', ''),
(3, 'End-Of-Month', 1, 0, 0, '0000-00-00 00:00:00', '', 0, '0000-00-00 00:00:00', ''),
(4, 'Semi-Annually Mid-Month', 1, 0, 0, '0000-00-00 00:00:00', '', 0, '0000-00-00 00:00:00', ''),
(5, 'Semi-Annually End-Of-Month', 1, 0, 0, '0000-00-00 00:00:00', '', 0, '0000-00-00 00:00:00', ''),
(6, 'Quarterly Mid-Month', 1, 0, 0, '0000-00-00 00:00:00', '', 0, '0000-00-00 00:00:00', ''),
(7, 'Quarterly End-Of-Month', 1, 0, 0, '0000-00-00 00:00:00', '', 0, '0000-00-00 00:00:00', '');

-- --------------------------------------------------------

--
-- Table structure for table `ft_register_master`
--

CREATE TABLE IF NOT EXISTS `ft_register_master` (
`id` int(11) NOT NULL,
  `type` varchar(20) NOT NULL,
  `status` tinyint(1) NOT NULL DEFAULT '1',
  `is_delete` tinyint(1) NOT NULL DEFAULT '0',
  `created_by` int(12) NOT NULL,
  `created_time` datetime NOT NULL,
  `created_ip` varchar(100) NOT NULL,
  `modified_by` int(12) NOT NULL,
  `modified_time` datetime NOT NULL,
  `modified_ip` varchar(100) NOT NULL
) ENGINE=InnoDB AUTO_INCREMENT=44 DEFAULT CHARSET=latin1;

--
-- Dumping data for table `ft_register_master`
--

INSERT INTO `ft_register_master` (`id`, `type`, `status`, `is_delete`, `created_by`, `created_time`, `created_ip`, `modified_by`, `modified_time`, `modified_ip`) VALUES
(1, 'Series 1', 1, 0, 0, '0000-00-00 00:00:00', '', 0, '0000-00-00 00:00:00', ''),
(2, 'Series 2', 1, 0, 0, '0000-00-00 00:00:00', '', 0, '0000-00-00 00:00:00', ''),
(3, 'Series 4', 1, 0, 0, '0000-00-00 00:00:00', '', 0, '0000-00-00 00:00:00', ''),
(4, 'Series 5', 1, 0, 0, '0000-00-00 00:00:00', '', 0, '0000-00-00 00:00:00', ''),
(5, 'Series 6', 1, 0, 0, '0000-00-00 00:00:00', '', 0, '0000-00-00 00:00:00', ''),
(6, 'Series 7', 1, 0, 0, '0000-00-00 00:00:00', '', 0, '0000-00-00 00:00:00', ''),
(7, 'Series 9', 1, 0, 0, '0000-00-00 00:00:00', '', 0, '0000-00-00 00:00:00', ''),
(8, 'Series 10', 1, 0, 0, '0000-00-00 00:00:00', '', 0, '0000-00-00 00:00:00', ''),
(9, 'Series 11', 1, 0, 0, '0000-00-00 00:00:00', '', 0, '0000-00-00 00:00:00', ''),
(10, 'Series 14', 1, 0, 0, '0000-00-00 00:00:00', '', 0, '0000-00-00 00:00:00', ''),
(11, 'Series 15', 1, 0, 0, '0000-00-00 00:00:00', '', 0, '0000-00-00 00:00:00', ''),
(12, 'Series 16', 1, 0, 0, '0000-00-00 00:00:00', '', 0, '0000-00-00 00:00:00', ''),
(13, 'Series 17', 1, 0, 0, '0000-00-00 00:00:00', '', 0, '0000-00-00 00:00:00', ''),
(14, 'Series 22', 1, 0, 0, '0000-00-00 00:00:00', '', 0, '0000-00-00 00:00:00', ''),
(15, 'Series 23', 1, 0, 0, '0000-00-00 00:00:00', '', 0, '0000-00-00 00:00:00', ''),
(16, 'Series 24', 1, 0, 0, '0000-00-00 00:00:00', '', 0, '0000-00-00 00:00:00', ''),
(17, 'Series 26', 1, 0, 0, '0000-00-00 00:00:00', '', 0, '0000-00-00 00:00:00', ''),
(18, 'Series 27', 1, 0, 0, '0000-00-00 00:00:00', '', 0, '0000-00-00 00:00:00', ''),
(19, 'Series 28', 1, 0, 0, '0000-00-00 00:00:00', '', 0, '0000-00-00 00:00:00', ''),
(20, 'Series 30', 1, 0, 0, '0000-00-00 00:00:00', '', 0, '0000-00-00 00:00:00', ''),
(21, 'Series 31', 1, 0, 0, '0000-00-00 00:00:00', '', 0, '0000-00-00 00:00:00', ''),
(22, 'Series 32', 1, 0, 0, '0000-00-00 00:00:00', '', 0, '0000-00-00 00:00:00', ''),
(23, 'Series 33', 1, 0, 0, '0000-00-00 00:00:00', '', 0, '0000-00-00 00:00:00', ''),
(24, 'Series 37', 1, 0, 0, '0000-00-00 00:00:00', '', 0, '0000-00-00 00:00:00', ''),
(25, 'Series 38', 1, 0, 0, '0000-00-00 00:00:00', '', 0, '0000-00-00 00:00:00', ''),
(26, 'Series 39', 1, 0, 0, '0000-00-00 00:00:00', '', 0, '0000-00-00 00:00:00', ''),
(27, 'Series 42', 1, 0, 0, '0000-00-00 00:00:00', '', 0, '0000-00-00 00:00:00', ''),
(28, 'Series 51', 1, 0, 0, '0000-00-00 00:00:00', '', 0, '0000-00-00 00:00:00', ''),
(29, 'Series 52', 1, 0, 0, '0000-00-00 00:00:00', '', 0, '0000-00-00 00:00:00', ''),
(30, 'Series 53', 1, 0, 0, '0000-00-00 00:00:00', '', 0, '0000-00-00 00:00:00', ''),
(31, 'Series 55', 1, 0, 0, '0000-00-00 00:00:00', '', 0, '0000-00-00 00:00:00', ''),
(32, 'Series 62', 1, 0, 0, '0000-00-00 00:00:00', '', 0, '0000-00-00 00:00:00', ''),
(33, 'Series 63', 1, 0, 0, '0000-00-00 00:00:00', '', 0, '0000-00-00 00:00:00', ''),
(34, 'Series 64', 1, 0, 0, '0000-00-00 00:00:00', '', 0, '0000-00-00 00:00:00', ''),
(35, 'Series 65', 1, 0, 0, '0000-00-00 00:00:00', '', 0, '0000-00-00 00:00:00', ''),
(36, 'Series 66', 1, 0, 0, '0000-00-00 00:00:00', '', 0, '0000-00-00 00:00:00', ''),
(37, 'Series 72', 1, 0, 0, '0000-00-00 00:00:00', '', 0, '0000-00-00 00:00:00', ''),
(38, 'Series 82', 1, 0, 0, '0000-00-00 00:00:00', '', 0, '0000-00-00 00:00:00', ''),
(39, 'Series 86', 1, 0, 0, '0000-00-00 00:00:00', '', 0, '0000-00-00 00:00:00', ''),
(40, 'Series 87', 1, 0, 0, '0000-00-00 00:00:00', '', 0, '0000-00-00 00:00:00', ''),
(41, 'Variable Annuities', 1, 0, 0, '0000-00-00 00:00:00', '', 0, '0000-00-00 00:00:00', ''),
(42, 'Variable Life', 1, 0, 0, '0000-00-00 00:00:00', '', 0, '0000-00-00 00:00:00', ''),
(43, 'Life Insurance', 1, 0, 0, '0000-00-00 00:00:00', '', 0, '0000-00-00 00:00:00', '');

-- --------------------------------------------------------

--
-- Table structure for table `ft_risk_tolerance_master`
--

CREATE TABLE IF NOT EXISTS `ft_risk_tolerance_master` (
`id` int(11) NOT NULL,
  `option` varchar(100) NOT NULL,
  `u_id` int(8) NOT NULL,
  `status` tinyint(1) NOT NULL DEFAULT '1',
  `is_delete` tinyint(1) NOT NULL DEFAULT '0',
  `created_by` int(12) NOT NULL,
  `created_time` datetime NOT NULL,
  `created_ip` varchar(100) NOT NULL,
  `modified_by` int(12) NOT NULL,
  `modified_time` datetime NOT NULL,
  `modified_ip` varchar(100) NOT NULL
) ENGINE=InnoDB AUTO_INCREMENT=3 DEFAULT CHARSET=latin1;

--
-- Dumping data for table `ft_risk_tolerance_master`
--

INSERT INTO `ft_risk_tolerance_master` (`id`, `option`, `u_id`, `status`, `is_delete`, `created_by`, `created_time`, `created_ip`, `modified_by`, `modified_time`, `modified_ip`) VALUES
(1, '100', 0, 1, 0, 3, '2018-02-27 16:09:48', '192.168.30.30', 0, '0000-00-00 00:00:00', ''),
(2, '200', 0, 1, 0, 3, '2018-02-27 16:13:36', '192.168.30.30', 0, '0000-00-00 00:00:00', '');

-- --------------------------------------------------------

--
-- Table structure for table `ft_rules_action`
--

CREATE TABLE IF NOT EXISTS `ft_rules_action` (
`id` int(11) NOT NULL,
  `action` varchar(100) NOT NULL
) ENGINE=InnoDB AUTO_INCREMENT=7 DEFAULT CHARSET=latin1;

--
-- Dumping data for table `ft_rules_action`
--

INSERT INTO `ft_rules_action` (`id`, `action`) VALUES
(1, 'Do Nothing'),
(2, 'Warning Message'),
(3, 'Hold Commission'),
(4, 'Create an Exception'),
(5, 'Reassign to Another Broker'),
(6, 'Delete / Do Not Allow');

-- --------------------------------------------------------

--
-- Table structure for table `ft_rules_details`
--

CREATE TABLE IF NOT EXISTS `ft_rules_details` (
`id` int(12) NOT NULL,
  `in_force` tinyint(1) NOT NULL DEFAULT '0',
  `rule` int(11) NOT NULL,
  `action` int(11) NOT NULL,
  `parameter_1` varchar(15) NOT NULL,
  `parameter1` int(11) NOT NULL,
  `parameter_2` varchar(15) NOT NULL,
  `parameter2` int(11) NOT NULL,
  `status` tinyint(1) NOT NULL DEFAULT '1',
  `is_delete` tinyint(1) NOT NULL DEFAULT '0',
  `created_by` int(12) NOT NULL,
  `created_ip` varchar(100) NOT NULL,
  `created_time` datetime NOT NULL,
  `modified_by` int(12) NOT NULL,
  `modified_ip` varchar(100) NOT NULL,
  `modified_time` datetime NOT NULL
) ENGINE=InnoDB AUTO_INCREMENT=23 DEFAULT CHARSET=latin1;

--
-- Dumping data for table `ft_rules_details`
--

INSERT INTO `ft_rules_details` (`id`, `in_force`, `rule`, `action`, `parameter_1`, `parameter1`, `parameter_2`, `parameter2`, `status`, `is_delete`, `created_by`, `created_ip`, `created_time`, `modified_by`, `modified_ip`, `modified_time`) VALUES
(1, 1, 1, 1, '0', 0, '0', 0, 1, 0, 3, '192.168.30.20', '2018-05-21 12:29:46', 0, '', '0000-00-00 00:00:00'),
(2, 1, 2, 2, '20', 0, '50', 0, 1, 0, 3, '192.168.30.20', '2018-05-21 12:29:46', 0, '', '0000-00-00 00:00:00'),
(3, 1, 3, 3, '20.00', 0, '', 0, 1, 0, 3, '192.168.30.20', '2018-05-21 12:29:46', 0, '', '0000-00-00 00:00:00'),
(4, 1, 4, 5, '', 14, '', 0, 1, 0, 3, '192.168.30.20', '2018-05-21 12:29:46', 0, '', '0000-00-00 00:00:00'),
(5, 0, 5, 0, '', 0, '', 0, 1, 0, 3, '192.168.30.20', '2018-05-21 12:29:46', 0, '', '0000-00-00 00:00:00'),
(6, 0, 6, 0, '', 0, '', 0, 1, 0, 3, '192.168.30.20', '2018-05-21 12:29:46', 0, '', '0000-00-00 00:00:00'),
(7, 0, 7, 0, '', 0, '', 0, 1, 0, 3, '192.168.30.20', '2018-05-21 12:29:46', 0, '', '0000-00-00 00:00:00'),
(8, 0, 8, 0, '', 0, '', 0, 1, 0, 3, '192.168.30.20', '2018-05-21 12:29:46', 0, '', '0000-00-00 00:00:00'),
(9, 0, 9, 0, '', 0, '', 0, 1, 0, 3, '192.168.30.20', '2018-05-21 12:29:46', 0, '', '0000-00-00 00:00:00'),
(10, 0, 10, 0, '', 0, '', 0, 1, 0, 3, '192.168.30.20', '2018-05-21 12:29:46', 0, '', '0000-00-00 00:00:00'),
(11, 0, 11, 0, '', 0, '', 0, 1, 0, 3, '192.168.30.20', '2018-05-21 12:29:46', 0, '', '0000-00-00 00:00:00'),
(12, 0, 12, 0, '', 0, '', 0, 1, 0, 3, '192.168.30.20', '2018-05-21 12:29:46', 0, '', '0000-00-00 00:00:00'),
(13, 0, 13, 0, '', 0, '', 0, 1, 0, 3, '192.168.30.20', '2018-05-21 12:29:46', 0, '', '0000-00-00 00:00:00'),
(14, 0, 14, 0, '', 0, '', 0, 1, 0, 3, '192.168.30.20', '2018-05-21 12:29:46', 0, '', '0000-00-00 00:00:00'),
(15, 0, 15, 0, '', 0, '', 0, 1, 0, 3, '192.168.30.20', '2018-05-21 12:29:46', 0, '', '0000-00-00 00:00:00'),
(16, 1, 16, 4, '9999', 0, '', 0, 1, 0, 3, '192.168.30.20', '2018-05-21 12:29:46', 0, '', '0000-00-00 00:00:00'),
(17, 0, 17, 0, '', 0, '', 0, 1, 0, 3, '192.168.30.20', '2018-05-21 12:29:46', 0, '', '0000-00-00 00:00:00'),
(18, 0, 18, 0, '', 0, '', 0, 1, 0, 3, '192.168.30.20', '2018-05-21 12:29:46', 0, '', '0000-00-00 00:00:00'),
(19, 0, 19, 0, '', 0, '', 0, 1, 0, 3, '192.168.30.20', '2018-05-21 12:29:46', 0, '', '0000-00-00 00:00:00'),
(20, 0, 20, 0, '', 0, '', 0, 1, 0, 3, '192.168.30.20', '2018-05-21 12:29:46', 0, '', '0000-00-00 00:00:00'),
(21, 0, 21, 0, '', 0, '', 0, 1, 0, 3, '192.168.30.20', '2018-05-21 12:29:46', 0, '', '0000-00-00 00:00:00'),
(22, 0, 22, 0, '', 0, '', 0, 1, 0, 3, '192.168.30.20', '2018-05-21 12:29:46', 0, '', '0000-00-00 00:00:00');

-- --------------------------------------------------------

--
-- Table structure for table `ft_rule_master`
--

CREATE TABLE IF NOT EXISTS `ft_rule_master` (
`id` int(11) NOT NULL,
  `rule` varchar(100) NOT NULL
) ENGINE=InnoDB AUTO_INCREMENT=23 DEFAULT CHARSET=latin1;

--
-- Dumping data for table `ft_rule_master`
--

INSERT INTO `ft_rule_master` (`id`, `rule`) VALUES
(1, 'Broker Licensed Appropriately - Importing Trades'),
(2, 'Broker Licensed Appropriately - Manual Trade Entry'),
(3, 'Commission Rate Excessive: Commission vs. Principal'),
(4, 'Client Account Deficient Documentation - Importing Trades'),
(5, 'Client Account Deficient Documentation - Manual Trade Entry'),
(6, 'Broker Active (Not Terminated)'),
(7, 'Investment Objectives Compatibility'),
(8, 'Broker Appointed to Insurance Company'),
(9, 'Continuing Education Window Exceeded'),
(10, 'OFAC - Importing Clients'),
(11, 'OFAC - Manual Client Entry'),
(12, 'FinCEN - Importing Clients'),
(13, 'FinCEN - Manual Client Entry'),
(14, 'Client of Legal Age'),
(15, 'Birth Date Specified for Client'),
(16, 'Principal Amount Near Product Breakpoint (Mutual Funds)'),
(17, 'Client Account Proof of Identity Specified'),
(18, 'Client Account State Specified'),
(19, 'Client Account Income Sufficient (Limited Partnerships)'),
(20, 'Client Account Net Worth Sufficient (Limited Partnerships)'),
(21, 'Specified Broker Matches Client''s Assigned Broker'),
(22, 'Broker Commissions Are on Hold');

-- --------------------------------------------------------

--
-- Table structure for table `ft_special_expenses_master`
--

CREATE TABLE IF NOT EXISTS `ft_special_expenses_master` (
`id` int(11) NOT NULL,
  `option` varchar(100) NOT NULL,
  `u_id` int(8) NOT NULL,
  `status` tinyint(1) NOT NULL DEFAULT '1',
  `is_delete` tinyint(1) NOT NULL DEFAULT '0',
  `created_by` int(12) NOT NULL,
  `created_time` datetime NOT NULL,
  `created_ip` varchar(100) NOT NULL,
  `modified_by` int(12) NOT NULL,
  `modified_time` datetime NOT NULL,
  `modified_ip` varchar(100) NOT NULL
) ENGINE=InnoDB AUTO_INCREMENT=3 DEFAULT CHARSET=latin1;

--
-- Dumping data for table `ft_special_expenses_master`
--

INSERT INTO `ft_special_expenses_master` (`id`, `option`, `u_id`, `status`, `is_delete`, `created_by`, `created_time`, `created_ip`, `modified_by`, `modified_time`, `modified_ip`) VALUES
(1, '25000', 0, 1, 0, 4, '2017-12-09 11:38:13', '192.168.30.30', 0, '0000-00-00 00:00:00', ''),
(2, '8000', 0, 1, 0, 3, '2018-02-27 16:15:09', '192.168.30.30', 0, '0000-00-00 00:00:00', '');

-- --------------------------------------------------------

--
-- Table structure for table `ft_sponsor_attach`
--

CREATE TABLE IF NOT EXISTS `ft_sponsor_attach` (
`id` int(12) NOT NULL,
  `date` datetime NOT NULL,
  `user_id` varchar(100) NOT NULL,
  `attach` varchar(100) NOT NULL,
  `file_name` varchar(100) NOT NULL,
  `status` tinyint(1) NOT NULL DEFAULT '1',
  `is_delete` tinyint(1) NOT NULL DEFAULT '0',
  `created_by` int(12) NOT NULL,
  `created_time` datetime NOT NULL,
  `created_ip` varchar(100) NOT NULL,
  `modified_by` int(12) NOT NULL,
  `modified_time` datetime NOT NULL,
  `modified_ip` varchar(100) NOT NULL
) ENGINE=InnoDB DEFAULT CHARSET=latin1;

-- --------------------------------------------------------

--
-- Table structure for table `ft_sponsor_history`
--

CREATE TABLE IF NOT EXISTS `ft_sponsor_history` (
`id` int(12) NOT NULL,
  `sponsor_id` int(12) NOT NULL,
  `field` varchar(100) NOT NULL,
  `old_value` varchar(100) NOT NULL,
  `new_value` varchar(100) NOT NULL,
  `status` tinyint(1) NOT NULL DEFAULT '1',
  `is_delete` tinyint(1) NOT NULL DEFAULT '0',
  `created_by` int(12) NOT NULL,
  `created_time` datetime NOT NULL,
  `created_ip` varchar(100) NOT NULL,
  `modified_by` int(12) NOT NULL,
  `modified_time` datetime NOT NULL,
  `modified_ip` varchar(100) NOT NULL
) ENGINE=InnoDB DEFAULT CHARSET=latin1;

-- --------------------------------------------------------

--
-- Table structure for table `ft_sponsor_master`
--

CREATE TABLE IF NOT EXISTS `ft_sponsor_master` (
`id` int(12) NOT NULL,
  `name` varchar(100) NOT NULL,
  `address1` varchar(100) NOT NULL,
  `address2` varchar(100) NOT NULL,
  `city` varchar(100) NOT NULL,
  `state` int(12) NOT NULL,
  `zip_code` varchar(100) NOT NULL,
  `email` varchar(100) NOT NULL,
  `website` varchar(100) NOT NULL,
  `general_contact` varchar(100) NOT NULL,
  `general_phone` varchar(100) NOT NULL,
  `operations_contact` varchar(100) NOT NULL,
  `operations_phone` varchar(100) NOT NULL,
  `dst_system_id` varchar(100) NOT NULL,
  `dst_mgmt_code` varchar(100) NOT NULL,
  `dst_importing` tinyint(1) NOT NULL DEFAULT '0',
  `dazl_code` varchar(100) NOT NULL,
  `dazl_importing` tinyint(1) NOT NULL DEFAULT '0',
  `dtcc_nscc_id` varchar(100) NOT NULL,
  `clearing_firm_id` varchar(100) NOT NULL,
  `status` tinyint(1) NOT NULL DEFAULT '1',
  `is_delete` tinyint(1) NOT NULL DEFAULT '0',
  `created_by` int(12) NOT NULL,
  `created_time` datetime NOT NULL,
  `created_ip` varchar(100) NOT NULL,
  `modified_by` int(12) NOT NULL,
  `modified_time` datetime NOT NULL,
  `modified_ip` varchar(100) NOT NULL
) ENGINE=InnoDB AUTO_INCREMENT=289 DEFAULT CHARSET=latin1;

--
-- Dumping data for table `ft_sponsor_master`
--

INSERT INTO `ft_sponsor_master` (`id`, `name`, `address1`, `address2`, `city`, `state`, `zip_code`, `email`, `website`, `general_contact`, `general_phone`, `operations_contact`, `operations_phone`, `dst_system_id`, `dst_mgmt_code`, `dst_importing`, `dazl_code`, `dazl_importing`, `dtcc_nscc_id`, `clearing_firm_id`, `status`, `is_delete`, `created_by`, `created_time`, `created_ip`, `modified_by`, `modified_time`, `modified_ip`) VALUES
(1, '1919 FUNDS                            ', '', '', '', 0, '', '', '', '', '', '', '', 'MFB', 'BR', 0, '', 0, '', '', 1, 0, 0, '0000-00-00 00:00:00', '', 0, '0000-00-00 00:00:00', ''),
(2, 'ABERDEEN-ASSET MANAGEMENT             ', '', '', '', 0, '', '', '', '', '', '', '', 'DBF', 'AB', 0, '', 0, '', '', 1, 0, 0, '0000-00-00 00:00:00', '', 0, '0000-00-00 00:00:00', ''),
(3, 'AEI FUND MANAGEMENT INC               ', '', '', '', 0, '', '', '', '', '', '', '', 'AEI', 'FD', 0, '', 0, '', '', 1, 0, 0, '0000-00-00 00:00:00', '', 0, '0000-00-00 00:00:00', ''),
(4, 'AIG ANNUITIES (SE2-AGL)               ', '', '', '', 0, '', '', '', '', '', '', '', 'AGA', 'PA', 0, '', 0, '', '', 1, 0, 0, '0000-00-00 00:00:00', '', 0, '0000-00-00 00:00:00', ''),
(5, 'AIG ANNUITIES-VARIABLE (SE2-AGL)      ', '', '', '', 0, '', '', '', '', '', '', '', 'AIG', 'PA', 0, '', 0, '', '', 1, 0, 0, '0000-00-00 00:00:00', '', 0, '0000-00-00 00:00:00', ''),
(6, 'AIG ANNUITIES-VARIABLE & INDEX        ', '', '', '', 0, '', '', '', '', '', '', '', 'SUN', 'PA', 0, '', 0, '', '', 1, 0, 0, '0000-00-00 00:00:00', '', 0, '0000-00-00 00:00:00', ''),
(7, 'AIG FUNDS                             ', '', '', '', 0, '', '', '', '', '', '', '', 'GFR', 'BR', 0, '', 0, '', '', 1, 0, 0, '0000-00-00 00:00:00', '', 0, '0000-00-00 00:00:00', ''),
(8, 'ALGER FUNDS                           ', '', '', '', 0, '', '', '', '', '', '', '', 'DFY', 'AL', 0, '', 0, '', '', 1, 0, 0, '0000-00-00 00:00:00', '', 0, '0000-00-00 00:00:00', ''),
(9, 'ALLIANCEBERNSTEIN INVESTMENTS         ', '', '', '', 0, '', '', '', '', '', '', '', 'DTN', 'AT', 0, '', 0, '', '', 1, 0, 0, '0000-00-00 00:00:00', '', 0, '0000-00-00 00:00:00', ''),
(10, 'ALLIANZ                               ', '', '', '', 0, '', '', '', '', '', '', '', 'ALL', 'NZ', 0, '', 0, '', '', 1, 0, 0, '0000-00-00 00:00:00', '', 0, '0000-00-00 00:00:00', ''),
(11, 'ALLIANZ COLLEGE ACCESS 529 SD         ', '', '', '', 0, '', '', '', '', '', '', '', 'PMC', 'SK', 0, '', 0, '', '', 1, 0, 0, '0000-00-00 00:00:00', '', 0, '0000-00-00 00:00:00', ''),
(12, 'ALLIANZ LIFE OF NEW YORK              ', '', '', '', 0, '', '', '', '', '', '', '', 'PLO', 'NY', 0, '', 0, '', '', 1, 0, 0, '0000-00-00 00:00:00', '', 0, '0000-00-00 00:00:00', ''),
(13, 'ALLIANZ OKLAHOMA DREAM 529            ', '', '', '', 0, '', '', '', '', '', '', '', 'PMC', 'OK', 0, '', 0, '', '', 1, 0, 0, '0000-00-00 00:00:00', '', 0, '0000-00-00 00:00:00', ''),
(14, 'ALLIANZ RETAIL FUNDS                  ', '', '', '', 0, '', '', '', '', '', '', '', 'PMC', 'AR', 0, '', 0, '', '', 1, 0, 0, '0000-00-00 00:00:00', '', 0, '0000-00-00 00:00:00', ''),
(15, 'ALLSTATE FIXED ANNUITY                ', '', '', '', 0, '', '', '', '', '', '', '', 'ETA', 'TS', 0, '', 0, '', '', 1, 0, 0, '0000-00-00 00:00:00', '', 0, '0000-00-00 00:00:00', ''),
(16, 'ALLSTATE LEGACY VA                    ', '', '', '', 0, '', '', '', '', '', '', '', 'SEZ', 'ST', 0, '', 0, '', '', 1, 0, 0, '0000-00-00 00:00:00', '', 0, '0000-00-00 00:00:00', ''),
(17, 'ALLSTATE/PRUDENTIAL                   ', '', '', '', 0, '', '', '', '', '', '', '', 'ASL', 'ST', 0, '', 0, '', '', 1, 0, 0, '0000-00-00 00:00:00', '', 0, '0000-00-00 00:00:00', ''),
(18, 'ALPINE FUNDS                          ', '', '', '', 0, '', '', '', '', '', '', '', 'DFR', 'AP', 0, '', 0, '', '', 1, 0, 0, '0000-00-00 00:00:00', '', 0, '0000-00-00 00:00:00', ''),
(19, 'ALTEGRIS FUNDS                        ', '', '', '', 0, '', '', '', '', '', '', '', 'APM', 'FD', 0, '', 0, '', '', 1, 0, 0, '0000-00-00 00:00:00', '', 0, '0000-00-00 00:00:00', ''),
(20, 'ALTERNATIVE STRATEGIES FUND           ', '', '', '', 0, '', '', '', '', '', '', '', 'LAD', 'TH', 0, '', 0, '', '', 1, 0, 0, '0000-00-00 00:00:00', '', 0, '0000-00-00 00:00:00', ''),
(21, 'AMERICAN BEACON FUNDS                 ', '', '', '', 0, '', '', '', '', '', '', '', 'DFR', 'AI', 0, '', 0, '', '', 1, 0, 0, '0000-00-00 00:00:00', '', 0, '0000-00-00 00:00:00', ''),
(22, 'AMERICAN CENTURY FUNDS                ', '', '', '', 0, '', '', '', '', '', '', '', 'ACM', 'AC', 0, '', 0, '', '', 1, 0, 0, '0000-00-00 00:00:00', '', 0, '0000-00-00 00:00:00', ''),
(23, 'AMERICAN FUNDS                        ', '', '', '', 0, '', '', '', '', '', '', '', 'DTC', 'CR', 0, '', 0, '', '', 1, 0, 0, '0000-00-00 00:00:00', '', 0, '0000-00-00 00:00:00', ''),
(24, 'AMERICAN FUNDS INSURANCE SERIES       ', '', '', '', 0, '', '', '', '', '', '', '', 'DTC', 'AP', 0, '', 0, '', '', 1, 0, 0, '0000-00-00 00:00:00', '', 0, '0000-00-00 00:00:00', ''),
(25, 'AMERICAN GROWTH FUND                  ', '', '', '', 0, '', '', '', '', '', '', '', 'AMG', 'FN', 0, '', 0, '', '', 1, 0, 0, '0000-00-00 00:00:00', '', 0, '0000-00-00 00:00:00', ''),
(26, 'AMERICAN INDEPENDENCE FUNDS           ', '', '', '', 0, '', '', '', '', '', '', '', 'DFY', 'AF', 0, '', 0, '', '', 1, 0, 0, '0000-00-00 00:00:00', '', 0, '0000-00-00 00:00:00', ''),
(27, 'AMERICAN UNITED LIFE INSURANCE        ', '', '', '', 0, '', '', '', '', '', '', '', 'AUL', 'AM', 0, '', 0, '', '', 1, 0, 0, '0000-00-00 00:00:00', '', 0, '0000-00-00 00:00:00', ''),
(28, 'AMERITAS VARIABLE ANNUITY             ', '', '', '', 0, '', '', '', '', '', '', '', 'AME', 'RI', 0, '', 0, '', '', 1, 0, 0, '0000-00-00 00:00:00', '', 0, '0000-00-00 00:00:00', ''),
(29, 'AMUNDI PIONEER ALTERNATIVE FUNDS      ', '', '', '', 0, '', '', '', '', '', '', '', 'DST', 'PA', 0, '', 0, '', '', 1, 0, 0, '0000-00-00 00:00:00', '', 0, '0000-00-00 00:00:00', ''),
(30, 'AMUNDI PIONEER ASSET MANAGEMENT       ', '', '', '', 0, '', '', '', '', '', '', '', 'PIM', 'PM', 0, '', 0, '', '', 1, 0, 0, '0000-00-00 00:00:00', '', 0, '0000-00-00 00:00:00', ''),
(31, 'ANNUITY INVESTORS LIFE INS. CO        ', '', '', '', 0, '', '', '', '', '', '', '', 'GLA', 'IC', 0, '', 0, '', '', 1, 0, 0, '0000-00-00 00:00:00', '', 0, '0000-00-00 00:00:00', ''),
(32, 'ARIEL CAPITAL MANAGEMENT              ', '', '', '', 0, '', '', '', '', '', '', '', 'USB', 'AI', 0, '', 0, '', '', 1, 0, 0, '0000-00-00 00:00:00', '', 0, '0000-00-00 00:00:00', ''),
(33, 'AR GLOBAL INVESTMENTS, LLC            ', '', '', '', 0, '', '', '', '', '', '', '', 'DST', 'AY', 0, '', 0, '', '', 1, 0, 0, '0000-00-00 00:00:00', '', 0, '0000-00-00 00:00:00', ''),
(34, 'ASCENSUS COLLEGE SAVINGS INC.         ', '', '', '', 0, '', '', '', '', '', '', '', 'ACS', 'IN', 0, '', 0, '', '', 1, 0, 0, '0000-00-00 00:00:00', '', 0, '0000-00-00 00:00:00', ''),
(35, 'ASSETMARK TRUST COMPANY               ', '', '', '', 0, '', '', '', '', '', '', '', 'GEN', 'US', 0, '', 0, '', '', 1, 0, 0, '0000-00-00 00:00:00', '', 0, '0000-00-00 00:00:00', ''),
(36, 'ASPIRE                                ', '', '', '', 0, '', '', '', '', '', '', '', 'ASP', 'AB', 0, '', 0, '', '', 1, 0, 0, '0000-00-00 00:00:00', '', 0, '0000-00-00 00:00:00', ''),
(37, 'ATLAS ENERGY RESOURCES LLC            ', '', '', '', 0, '', '', '', '', '', '', '', 'ATL', 'AS', 0, '', 0, '', '', 1, 0, 0, '0000-00-00 00:00:00', '', 0, '0000-00-00 00:00:00', ''),
(38, 'ATEL SECURITIES CORP.                 ', '', '', '', 0, '', '', '', '', '', '', '', 'ATE', 'LS', 0, '', 0, '', '', 1, 0, 0, '0000-00-00 00:00:00', '', 0, '0000-00-00 00:00:00', ''),
(39, 'AXA EQUITABLE                         ', '', '', '', 0, '', '', '', '', '', '', '', 'EQU', 'IT', 0, '', 0, '', '', 1, 0, 0, '0000-00-00 00:00:00', '', 0, '0000-00-00 00:00:00', ''),
(40, 'B OF I FEDERAL BANK                   ', '', '', '', 0, '', '', '', '', '', '', '', 'BOI', 'FB', 0, '', 0, '', '', 1, 0, 0, '0000-00-00 00:00:00', '', 0, '0000-00-00 00:00:00', ''),
(41, 'BENEFIT STREET PARTNERS               ', '', '', '', 0, '', '', '', '', '', '', '', 'DST', 'BP', 0, '', 0, '', '', 1, 0, 0, '0000-00-00 00:00:00', '', 0, '0000-00-00 00:00:00', ''),
(42, 'BLACK CREEK GROUP                     ', '', '', '', 0, '', '', '', '', '', '', '', 'DFR', 'DS', 0, '', 0, '', '', 1, 0, 0, '0000-00-00 00:00:00', '', 0, '0000-00-00 00:00:00', ''),
(43, 'BLACKSTONE REAL ESTATE INCOME TRUST   ', '', '', '', 0, '', '', '', '', '', '', '', 'DST', 'BL', 0, '', 0, '', '', 1, 0, 0, '0000-00-00 00:00:00', '', 0, '0000-00-00 00:00:00', ''),
(44, 'BLUEROCK FUNDS                        ', '', '', '', 0, '', '', '', '', '', '', '', 'BLU', 'RT', 0, '', 0, '', '', 1, 0, 0, '0000-00-00 00:00:00', '', 0, '0000-00-00 00:00:00', ''),
(45, 'BMO FUNDS                             ', '', '', '', 0, '', '', '', '', '', '', '', 'DFS', 'MR', 0, '', 0, '', '', 1, 0, 0, '0000-00-00 00:00:00', '', 0, '0000-00-00 00:00:00', ''),
(46, 'BOURNE FINANCIAL GROUP                ', '', '', '', 0, '', '', '', '', '', '', '', 'DST', 'BO', 0, '', 0, '', '', 1, 0, 0, '0000-00-00 00:00:00', '', 0, '0000-00-00 00:00:00', ''),
(47, 'BRIGHTHOUSE FINANCIAL (FKA METCT)     ', '', '', '', 0, '', '', '', '', '', '', '', 'TRA', 'VL', 0, '', 0, '', '', 1, 0, 0, '0000-00-00 00:00:00', '', 0, '0000-00-00 00:00:00', ''),
(48, 'BRIGHTHOUSE FINANCIAL (FKA METLIFE)   ', '', '', '', 0, '', '', '', '', '', '', '', 'MET', 'VA', 0, '', 0, '', '', 1, 0, 0, '0000-00-00 00:00:00', '', 0, '0000-00-00 00:00:00', ''),
(49, 'BTS FUNDS                             ', '', '', '', 0, '', '', '', '', '', '', '', 'BTS', 'FD', 0, '', 0, '', '', 1, 0, 0, '0000-00-00 00:00:00', '', 0, '0000-00-00 00:00:00', ''),
(50, 'CALAMOS FUNDS                         ', '', '', '', 0, '', '', '', '', '', '', '', 'USB', 'CA', 0, '', 0, '', '', 1, 0, 0, '0000-00-00 00:00:00', '', 0, '0000-00-00 00:00:00', ''),
(51, 'CALVERT FUNDS                         ', '', '', '', 0, '', '', '', '', '', '', '', 'DTJ', 'CG', 0, '', 0, '', '', 1, 0, 0, '0000-00-00 00:00:00', '', 0, '0000-00-00 00:00:00', ''),
(52, 'CAMPBELL & COMPANY INC.               ', '', '', '', 0, '', '', '', '', '', '', '', 'CAM', 'PB', 0, '', 0, '', '', 1, 0, 0, '0000-00-00 00:00:00', '', 0, '0000-00-00 00:00:00', ''),
(53, 'CANTOR FITZGERALD INVESTORS LLC       ', '', '', '', 0, '', '', '', '', '', '', '', 'DST', 'CD', 0, '', 0, '', '', 1, 0, 0, '0000-00-00 00:00:00', '', 0, '0000-00-00 00:00:00', ''),
(54, 'CARILLON FAMILY OF FUNDS              ', '', '', '', 0, '', '', '', '', '', '', '', 'USB', 'EG', 0, '', 0, '', '', 1, 0, 0, '0000-00-00 00:00:00', '', 0, '0000-00-00 00:00:00', ''),
(55, 'CARTER VALIDUS MC REITS               ', '', '', '', 0, '', '', '', '', '', '', '', 'DST', 'CA', 0, '', 0, '', '', 1, 0, 0, '0000-00-00 00:00:00', '', 0, '0000-00-00 00:00:00', ''),
(56, 'CIM GROUP, COLE NET-LEASE ASSETS      ', '', '', '', 0, '', '', '', '', '', '', '', 'DST', 'CL', 0, '', 0, '', '', 1, 0, 0, '0000-00-00 00:00:00', '', 0, '0000-00-00 00:00:00', ''),
(57, 'CION ARES                             ', '', '', '', 0, '', '', '', '', '', '', '', 'DST', 'CE', 0, '', 0, '', '', 1, 0, 0, '0000-00-00 00:00:00', '', 0, '0000-00-00 00:00:00', ''),
(58, 'CNL DISTRIBUTED PRODUCTS              ', '', '', '', 0, '', '', '', '', '', '', '', 'DTJ', 'LC', 0, '', 0, '', '', 1, 0, 0, '0000-00-00 00:00:00', '', 0, '0000-00-00 00:00:00', ''),
(59, 'COLUMBIA FUTURE SCHOLAR 529           ', '', '', '', 0, '', '', '', '', '', '', '', 'DFE', 'FS', 0, '', 0, '', '', 1, 0, 0, '0000-00-00 00:00:00', '', 0, '0000-00-00 00:00:00', ''),
(60, 'COLUMBIA THREADNEEDLE                 ', '', '', '', 0, '', '', '', '', '', '', '', 'LFS', 'LF', 0, '', 0, '', '', 1, 0, 0, '0000-00-00 00:00:00', '', 0, '0000-00-00 00:00:00', ''),
(61, 'COTTONWOOD RESIDENTIAL INC            ', '', '', '', 0, '', '', '', '', '', '', '', 'DST', 'CW', 0, '', 0, '', '', 1, 0, 0, '0000-00-00 00:00:00', '', 0, '0000-00-00 00:00:00', ''),
(62, 'COUNTERPOINT MUTUAL FUNDS             ', '', '', '', 0, '', '', '', '', '', '', '', 'CPT', 'MF', 0, '', 0, '', '', 1, 0, 0, '0000-00-00 00:00:00', '', 0, '0000-00-00 00:00:00', ''),
(63, 'CREDIT SUISSE FUNDS                   ', '', '', '', 0, '', '', '', '', '', '', '', 'DFR', 'WP', 0, '', 0, '', '', 1, 0, 0, '0000-00-00 00:00:00', '', 0, '0000-00-00 00:00:00', ''),
(64, 'CUNA MUTUAL GROUP                     ', '', '', '', 0, '', '', '', '', '', '', '', 'CML', 'VA', 0, '', 0, '', '', 1, 0, 0, '0000-00-00 00:00:00', '', 0, '0000-00-00 00:00:00', ''),
(65, 'DAVIS FUNDS                           ', '', '', '', 0, '', '', '', '', '', '', '', 'DFE', 'VE', 0, '', 0, '', '', 1, 0, 0, '0000-00-00 00:00:00', '', 0, '0000-00-00 00:00:00', ''),
(66, 'DEARBORN CAPITAL MGMT LLC             ', '', '', '', 0, '', '', '', '', '', '', '', 'DCL', 'LC', 0, '', 0, '', '', 1, 0, 0, '0000-00-00 00:00:00', '', 0, '0000-00-00 00:00:00', ''),
(67, 'DELAWARE LIFE                         ', '', '', '', 0, '', '', '', '', '', '', '', 'DEL', 'LF', 0, '', 0, '', '', 1, 0, 0, '0000-00-00 00:00:00', '', 0, '0000-00-00 00:00:00', ''),
(68, 'DEUTSCHE ASSET MANAGEMENT             ', '', '', '', 0, '', '', '', '', '', '', '', 'DTG', 'SS', 0, '', 0, '', '', 1, 0, 0, '0000-00-00 00:00:00', '', 0, '0000-00-00 00:00:00', ''),
(69, 'DIREXION FUNDS                        ', '', '', '', 0, '', '', '', '', '', '', '', 'USB', 'PO', 0, '', 0, '', '', 1, 0, 0, '0000-00-00 00:00:00', '', 0, '0000-00-00 00:00:00', ''),
(70, 'DODGE & COX FUNDS                     ', '', '', '', 0, '', '', '', '', '', '', '', 'DFE', 'DC', 0, '', 0, '', '', 1, 0, 0, '0000-00-00 00:00:00', '', 0, '0000-00-00 00:00:00', ''),
(71, 'DUNHAM & ASSOCIATES                   ', '', '', '', 0, '', '', '', '', '', '', '', 'DUN', 'AS', 0, '', 0, '', '', 1, 0, 0, '0000-00-00 00:00:00', '', 0, '0000-00-00 00:00:00', ''),
(72, 'DUNHAM FUNDS                          ', '', '', '', 0, '', '', '', '', '', '', '', 'DUN', 'FD', 0, '', 0, '', '', 1, 0, 0, '0000-00-00 00:00:00', '', 0, '0000-00-00 00:00:00', ''),
(73, 'EATON VANCE                           ', '', '', '', 0, '', '', '', '', '', '', '', 'EAT', 'ON', 0, '', 0, '', '', 1, 0, 0, '0000-00-00 00:00:00', '', 0, '0000-00-00 00:00:00', ''),
(74, 'ECOVEST CAPITAL, INC                  ', '', '', '', 0, '', '', '', '', '', '', '', 'DST', 'EV', 0, '', 0, '', '', 1, 0, 0, '0000-00-00 00:00:00', '', 0, '0000-00-00 00:00:00', ''),
(75, 'EDVEST SAVINGS PLAN                   ', '', '', '', 0, '', '', '', '', '', '', '', 'DFZ', 'WN', 0, '', 0, '', '', 1, 0, 0, '0000-00-00 00:00:00', '', 0, '0000-00-00 00:00:00', ''),
(76, 'EULAV SECURITIES LLC                  ', '', '', '', 0, '', '', '', '', '', '', '', 'DTJ', 'VL', 0, '', 0, '', '', 1, 0, 0, '0000-00-00 00:00:00', '', 0, '0000-00-00 00:00:00', ''),
(77, 'EVENTIDE FUNDS                        ', '', '', '', 0, '', '', '', '', '', '', '', 'ETI', 'DE', 0, '', 0, '', '', 1, 0, 0, '0000-00-00 00:00:00', '', 0, '0000-00-00 00:00:00', ''),
(78, 'FEDERATED CORE TRUST                  ', '', '', '', 0, '', '', '', '', '', '', '', 'DFS', 'FC', 0, '', 0, '', '', 1, 0, 0, '0000-00-00 00:00:00', '', 0, '0000-00-00 00:00:00', ''),
(79, 'FEDERATED SECURITIES CORP.            ', '', '', '', 0, '', '', '', '', '', '', '', 'DFS', 'CM', 0, '', 0, '', '', 1, 0, 0, '0000-00-00 00:00:00', '', 0, '0000-00-00 00:00:00', ''),
(80, 'FIDELITY ADVISOR FUNDS                ', '', '', '', 0, '', '', '', '', '', '', '', 'FMR', 'FI', 0, '', 0, '', '', 1, 0, 0, '0000-00-00 00:00:00', '', 0, '0000-00-00 00:00:00', ''),
(81, 'FIDELITY DESTINY CONTRACTUALS         ', '', '', '', 0, '', '', '', '', '', '', '', 'DFY', 'FV', 0, '', 0, '', '', 1, 0, 0, '0000-00-00 00:00:00', '', 0, '0000-00-00 00:00:00', ''),
(82, 'FIDELITY INV LIFE INS (VA)            ', '', '', '', 0, '', '', '', '', '', '', '', 'FED', 'IN', 0, '', 0, '', '', 1, 0, 0, '0000-00-00 00:00:00', '', 0, '0000-00-00 00:00:00', ''),
(83, 'FIRST AMERICAN FUNDS                  ', '', '', '', 0, '', '', '', '', '', '', '', 'USB', 'US', 0, '', 0, '', '', 1, 0, 0, '0000-00-00 00:00:00', '', 0, '0000-00-00 00:00:00', ''),
(84, 'FIRST EAGLE FUNDS                     ', '', '', '', 0, '', '', '', '', '', '', '', 'DTP', 'SO', 0, '', 0, '', '', 1, 0, 0, '0000-00-00 00:00:00', '', 0, '0000-00-00 00:00:00', ''),
(85, 'FIRST INVESTORS FUNDS                 ', '', '', '', 0, '', '', '', '', '', '', '', 'FRS', 'IV', 0, '', 0, '', '', 1, 0, 0, '0000-00-00 00:00:00', '', 0, '0000-00-00 00:00:00', ''),
(86, 'FIRST TRUST RETIREMENT                ', '', '', '', 0, '', '', '', '', '', '', '', 'DST', 'FT', 0, '', 0, '', '', 1, 0, 0, '0000-00-00 00:00:00', '', 0, '0000-00-00 00:00:00', ''),
(87, 'FLAT ROCK GLOBAL, LLC                 ', '', '', '', 0, '', '', '', '', '', '', '', 'DST', 'FL', 0, '', 0, '', '', 1, 0, 0, '0000-00-00 00:00:00', '', 0, '0000-00-00 00:00:00', ''),
(88, 'FORETHOUGHT LIFE INS                  ', '', '', '', 0, '', '', '', '', '', '', '', 'FRT', 'LI', 0, '', 0, '', '', 1, 0, 0, '0000-00-00 00:00:00', '', 0, '0000-00-00 00:00:00', ''),
(89, 'FRANKLIN TEMPLETON FUNDS              ', '', '', '', 0, '', '', '', '', '', '', '', 'FTG', 'FF', 0, '', 0, '', '', 1, 0, 0, '0000-00-00 00:00:00', '', 0, '0000-00-00 00:00:00', ''),
(90, 'FRONTIER FUNDS                        ', '', '', '', 0, '', '', '', '', '', '', '', 'FRO', 'NT', 0, '', 0, '', '', 1, 0, 0, '0000-00-00 00:00:00', '', 0, '0000-00-00 00:00:00', ''),
(91, 'FS INVESTMENTS                        ', '', '', '', 0, '', '', '', '', '', '', '', 'DST', 'FQ', 0, '', 0, '', '', 1, 0, 0, '0000-00-00 00:00:00', '', 0, '0000-00-00 00:00:00', ''),
(92, 'FUND*X UPGRADER FUNDS                 ', '', '', '', 0, '', '', '', '', '', '', '', 'USB', 'TI', 0, '', 0, '', '', 1, 0, 0, '0000-00-00 00:00:00', '', 0, '0000-00-00 00:00:00', ''),
(93, 'GABELLI FUNDS                         ', '', '', '', 0, '', '', '', '', '', '', '', 'DFE', 'GB', 0, '', 0, '', '', 1, 0, 0, '0000-00-00 00:00:00', '', 0, '0000-00-00 00:00:00', ''),
(94, 'GERSTEIN FISHER FUNDS                 ', '', '', '', 0, '', '', '', '', '', '', '', 'USB', 'GF', 0, '', 0, '', '', 1, 0, 0, '0000-00-00 00:00:00', '', 0, '0000-00-00 00:00:00', ''),
(95, 'GOLDMAN BDC                           ', '', '', '', 0, '', '', '', '', '', '', '', 'DFR', 'GD', 0, '', 0, '', '', 1, 0, 0, '0000-00-00 00:00:00', '', 0, '0000-00-00 00:00:00', ''),
(96, 'GOLDMAN SACHS INSTITUTIONAL           ', '', '', '', 0, '', '', '', '', '', '', '', 'DFR', 'GI', 0, '', 0, '', '', 1, 0, 0, '0000-00-00 00:00:00', '', 0, '0000-00-00 00:00:00', ''),
(97, 'GOLDMAN SACHS RETAIL FUNDS            ', '', '', '', 0, '', '', '', '', '', '', '', 'DFR', 'GO', 0, '', 0, '', '', 1, 0, 0, '0000-00-00 00:00:00', '', 0, '0000-00-00 00:00:00', ''),
(98, 'GOOD HARBOR FUNDS                     ', '', '', '', 0, '', '', '', '', '', '', '', 'GDH', 'FD', 0, '', 0, '', '', 1, 0, 0, '0000-00-00 00:00:00', '', 0, '0000-00-00 00:00:00', ''),
(99, 'GPB CAPITAL HOLDINGS                  ', '', '', '', 0, '', '', '', '', '', '', '', 'GPB', 'CH', 0, '', 0, '', '', 1, 0, 0, '0000-00-00 00:00:00', '', 0, '0000-00-00 00:00:00', ''),
(100, 'GRANDEUR PEAK FUNDS                   ', '', '', '', 0, '', '', '', '', '', '', '', 'DTK', 'GP', 0, '', 0, '', '', 1, 0, 0, '0000-00-00 00:00:00', '', 0, '0000-00-00 00:00:00', ''),
(101, 'GREAT AMERICAN FINANCIAL RESOU        ', '', '', '', 0, '', '', '', '', '', '', '', 'GLA', 'FX', 0, '', 0, '', '', 1, 0, 0, '0000-00-00 00:00:00', '', 0, '0000-00-00 00:00:00', ''),
(102, 'GREAT WEST FUNDS-IND MARKETS ONLY     ', '', '', '', 0, '', '', '', '', '', '', '', 'GRT', 'MF', 0, '', 0, '', '', 1, 0, 0, '0000-00-00 00:00:00', '', 0, '0000-00-00 00:00:00', ''),
(103, 'GREAT WEST LIFE & ANNUITY             ', '', '', '', 0, '', '', '', '', '', '', '', 'GRT', 'WS', 0, '', 0, '', '', 1, 0, 0, '0000-00-00 00:00:00', '', 0, '0000-00-00 00:00:00', ''),
(104, 'GREENBACKER CAPITAL MANAGMEN          ', '', '', '', 0, '', '', '', '', '', '', '', 'DST', 'GB', 0, '', 0, '', '', 1, 0, 0, '0000-00-00 00:00:00', '', 0, '0000-00-00 00:00:00', ''),
(105, 'GRIFFIN CAPITAL COMPANY, LLC          ', '', '', '', 0, '', '', '', '', '', '', '', 'DST', 'GF', 0, '', 0, '', '', 1, 0, 0, '0000-00-00 00:00:00', '', 0, '0000-00-00 00:00:00', ''),
(106, 'GUARDIAN LIFE INS. COMPANY            ', '', '', '', 0, '', '', '', '', '', '', '', 'GLI', 'CV', 0, '', 0, '', '', 1, 0, 0, '0000-00-00 00:00:00', '', 0, '0000-00-00 00:00:00', ''),
(107, 'GUGGENHEIM CREDIT INCOME FUND         ', '', '', '', 0, '', '', '', '', '', '', '', 'DST', 'GH', 0, '', 0, '', '', 1, 0, 0, '0000-00-00 00:00:00', '', 0, '0000-00-00 00:00:00', ''),
(108, 'GUGGENHEIM INVESTMENTS                ', '', '', '', 0, '', '', '', '', '', '', '', 'RDX', 'SG', 0, '', 0, '', '', 1, 0, 0, '0000-00-00 00:00:00', '', 0, '0000-00-00 00:00:00', ''),
(109, 'GWG HOLDINGS                          ', '', '', '', 0, '', '', '', '', '', '', '', 'GWG', 'HD', 0, '', 0, '', '', 1, 0, 0, '0000-00-00 00:00:00', '', 0, '0000-00-00 00:00:00', ''),
(110, 'HANLON FUNDS                          ', '', '', '', 0, '', '', '', '', '', '', '', 'HLN', 'IN', 0, '', 0, '', '', 1, 0, 0, '0000-00-00 00:00:00', '', 0, '0000-00-00 00:00:00', ''),
(111, 'HARBOR FUNDS                          ', '', '', '', 0, '', '', '', '', '', '', '', 'DTO', 'HB', 0, '', 0, '', '', 1, 0, 0, '0000-00-00 00:00:00', '', 0, '0000-00-00 00:00:00', ''),
(112, 'HARTFORD FUNDS                        ', '', '', '', 0, '', '', '', '', '', '', '', 'DFH', 'FA', 0, '', 0, '', '', 1, 0, 0, '0000-00-00 00:00:00', '', 0, '0000-00-00 00:00:00', ''),
(113, 'HARTFORD LIFE                         ', '', '', '', 0, '', '', '', '', '', '', '', 'HAR', 'TT', 0, '', 0, '', '', 1, 0, 0, '0000-00-00 00:00:00', '', 0, '0000-00-00 00:00:00', ''),
(114, 'HARTMAN MGMT REIT                     ', '', '', '', 0, '', '', '', '', '', '', '', 'HRT', 'MN', 0, '', 0, '', '', 1, 0, 0, '0000-00-00 00:00:00', '', 0, '0000-00-00 00:00:00', ''),
(115, 'HARTMAN VREIT XXI                     ', '', '', '', 0, '', '', '', '', '', '', '', 'HRT', 'VR', 0, '', 0, '', '', 1, 0, 0, '0000-00-00 00:00:00', '', 0, '0000-00-00 00:00:00', ''),
(116, 'HIGHLAND CAPITAL MANAGEMENT           ', '', '', '', 0, '', '', '', '', '', '', '', 'DFR', 'YS', 0, '', 0, '', '', 1, 0, 0, '0000-00-00 00:00:00', '', 0, '0000-00-00 00:00:00', ''),
(117, 'HINES SECURITIES, INC.                ', '', '', '', 0, '', '', '', '', '', '', '', 'DST', 'HI', 0, '', 0, '', '', 1, 0, 0, '0000-00-00 00:00:00', '', 0, '0000-00-00 00:00:00', ''),
(118, 'HORACE MANN                           ', '', '', '', 0, '', '', '', '', '', '', '', 'HOR', 'MN', 0, '', 0, '', '', 1, 0, 0, '0000-00-00 00:00:00', '', 0, '0000-00-00 00:00:00', ''),
(119, 'HUNDREDFOLD FUNDS                     ', '', '', '', 0, '', '', '', '', '', '', '', 'HDR', 'ED', 0, '', 0, '', '', 1, 0, 0, '0000-00-00 00:00:00', '', 0, '0000-00-00 00:00:00', ''),
(120, 'ICON FUNDS                            ', '', '', '', 0, '', '', '', '', '', '', '', 'DTK', 'IF', 0, '', 0, '', '', 1, 0, 0, '0000-00-00 00:00:00', '', 0, '0000-00-00 00:00:00', ''),
(121, 'ICON CAPITAL LLC                      ', '', '', '', 0, '', '', '', '', '', '', '', 'DST', 'IO', 0, '', 0, '', '', 1, 0, 0, '0000-00-00 00:00:00', '', 0, '0000-00-00 00:00:00', ''),
(122, 'INLAND REAL ESTATE INVESTMENT CORP    ', '', '', '', 0, '', '', '', '', '', '', '', 'DST', 'II', 0, '', 0, '', '', 1, 0, 0, '0000-00-00 00:00:00', '', 0, '0000-00-00 00:00:00', ''),
(123, 'INTEGRITY COMPANIES                   ', '', '', '', 0, '', '', '', '', '', '', '', 'INT', 'GR', 0, '', 0, '', '', 1, 0, 0, '0000-00-00 00:00:00', '', 0, '0000-00-00 00:00:00', ''),
(124, 'INVENTRUST PROPERTIES CORP            ', '', '', '', 0, '', '', '', '', '', '', '', 'DST', 'IA', 0, '', 0, '', '', 1, 0, 0, '0000-00-00 00:00:00', '', 0, '0000-00-00 00:00:00', ''),
(125, 'INVESCO                               ', '', '', '', 0, '', '', '', '', '', '', '', 'AMV', 'AM', 0, '', 0, '', '', 1, 0, 0, '0000-00-00 00:00:00', '', 0, '0000-00-00 00:00:00', ''),
(126, 'IVA FUNDS                             ', '', '', '', 0, '', '', '', '', '', '', '', 'DFR', 'IA', 0, '', 0, '', '', 1, 0, 0, '0000-00-00 00:00:00', '', 0, '0000-00-00 00:00:00', ''),
(127, 'WADDELL & REED                        ', '', '', '', 0, '', '', '', '', '', '', '', 'WDR', 'WR', 0, '', 0, '', '', 1, 0, 0, '0000-00-00 00:00:00', '', 0, '0000-00-00 00:00:00', ''),
(128, 'JACKSON                               ', '', '', '', 0, '', '', '', '', '', '', '', 'JNL', 'IL', 0, '', 0, '', '', 1, 0, 0, '0000-00-00 00:00:00', '', 0, '0000-00-00 00:00:00', ''),
(129, 'JAMES ADVANTAGE FUNDS                 ', '', '', '', 0, '', '', '', '', '', '', '', 'DTK', 'JA', 0, '', 0, '', '', 1, 0, 0, '0000-00-00 00:00:00', '', 0, '0000-00-00 00:00:00', ''),
(130, 'JANUS HENDERSON CLASS A & C           ', '', '', '', 0, '', '', '', '', '', '', '', 'JSC', 'CS', 0, '', 0, '', '', 1, 0, 0, '0000-00-00 00:00:00', '', 0, '0000-00-00 00:00:00', ''),
(131, 'JANUS HENDERSON CLASS R & S           ', '', '', '', 0, '', '', '', '', '', '', '', 'JSC', 'AV', 0, '', 0, '', '', 1, 0, 0, '0000-00-00 00:00:00', '', 0, '0000-00-00 00:00:00', ''),
(132, 'JANUS HENDERSON DIRECT FUNDS          ', '', '', '', 0, '', '', '', '', '', '', '', 'JSC', 'JM', 0, '', 0, '', '', 1, 0, 0, '0000-00-00 00:00:00', '', 0, '0000-00-00 00:00:00', ''),
(133, 'JANUS HENDERSON VIT FUNDS             ', '', '', '', 0, '', '', '', '', '', '', '', 'JSC', 'AP', 0, '', 0, '', '', 1, 0, 0, '0000-00-00 00:00:00', '', 0, '0000-00-00 00:00:00', ''),
(134, 'JEFFERSON NATIONAL LIFE INS.          ', '', '', '', 0, '', '', '', '', '', '', '', 'CON', 'CO', 0, '', 0, '', '', 1, 0, 0, '0000-00-00 00:00:00', '', 0, '0000-00-00 00:00:00', ''),
(135, 'JOHN HANCOCK ANNUITIES                ', '', '', '', 0, '', '', '', '', '', '', '', 'NAS', 'HH', 0, '', 0, '', '', 1, 0, 0, '0000-00-00 00:00:00', '', 0, '0000-00-00 00:00:00', ''),
(136, 'JOHN HANCOCK FREEDOM 529              ', '', '', '', 0, '', '', '', '', '', '', '', 'DFI', 'ML', 0, '', 0, '', '', 1, 0, 0, '0000-00-00 00:00:00', '', 0, '0000-00-00 00:00:00', ''),
(137, 'JOHN HANCOCK FUNDS                    ', '', '', '', 0, '', '', '', '', '', '', '', 'JHK', 'JH', 0, '', 0, '', '', 1, 0, 0, '0000-00-00 00:00:00', '', 0, '0000-00-00 00:00:00', ''),
(138, 'JONES LANG LASALLE INCOME PROPERTY TR ', '', '', '', 0, '', '', '', '', '', '', '', 'DST', 'LL', 0, '', 0, '', '', 1, 0, 0, '0000-00-00 00:00:00', '', 0, '0000-00-00 00:00:00', ''),
(139, 'JP MORGAN FUNDS                       ', '', '', '', 0, '', '', '', '', '', '', '', 'DTP', 'CM', 0, '', 0, '', '', 1, 0, 0, '0000-00-00 00:00:00', '', 0, '0000-00-00 00:00:00', ''),
(140, 'KANSAS CITY LIFE                      ', '', '', '', 0, '', '', '', '', '', '', '', 'KAC', 'LF', 0, '', 0, '', '', 1, 0, 0, '0000-00-00 00:00:00', '', 0, '0000-00-00 00:00:00', ''),
(141, 'KBS REAL ESTATE TRUST                 ', '', '', '', 0, '', '', '', '', '', '', '', 'DST', 'KB', 0, '', 0, '', '', 1, 0, 0, '0000-00-00 00:00:00', '', 0, '0000-00-00 00:00:00', ''),
(142, 'LADENBURG FUNDS                       ', '', '', '', 0, '', '', '', '', '', '', '', 'LAD', 'FD', 0, '', 0, '', '', 1, 0, 0, '0000-00-00 00:00:00', '', 0, '0000-00-00 00:00:00', ''),
(143, 'LAZARD FUNDS                          ', '', '', '', 0, '', '', '', '', '', '', '', 'DFZ', 'LF', 0, '', 0, '', '', 1, 0, 0, '0000-00-00 00:00:00', '', 0, '0000-00-00 00:00:00', ''),
(144, 'LBL VUL FOR AFS                       ', '', '', '', 0, '', '', '', '', '', '', '', 'LBN', 'VU', 0, '', 0, '', '', 1, 0, 0, '0000-00-00 00:00:00', '', 0, '0000-00-00 00:00:00', ''),
(145, 'LEADER CAPITAL                        ', '', '', '', 0, '', '', '', '', '', '', '', 'LDR', 'CP', 0, '', 0, '', '', 1, 0, 0, '0000-00-00 00:00:00', '', 0, '0000-00-00 00:00:00', ''),
(146, 'LEUTHOLD FUNDS                        ', '', '', '', 0, '', '', '', '', '', '', '', 'USB', 'LE', 0, '', 0, '', '', 1, 0, 0, '0000-00-00 00:00:00', '', 0, '0000-00-00 00:00:00', ''),
(147, 'LIBERTY STREET FUNDS                  ', '', '', '', 0, '', '', '', '', '', '', '', 'LIB', 'ST', 0, '', 0, '', '', 1, 0, 0, '0000-00-00 00:00:00', '', 0, '0000-00-00 00:00:00', ''),
(148, 'LIGHTSTONE REAL ESTATE INVESTM        ', '', '', '', 0, '', '', '', '', '', '', '', 'DST', 'LS', 0, '', 0, '', '', 1, 0, 0, '0000-00-00 00:00:00', '', 0, '0000-00-00 00:00:00', ''),
(149, 'LINCOLN BENEFIT LIFE (FIXED)          ', '', '', '', 0, '', '', '', '', '', '', '', 'ALN', 'BE', 0, '', 0, '', '', 1, 0, 0, '0000-00-00 00:00:00', '', 0, '0000-00-00 00:00:00', ''),
(150, 'LINCOLN BENEFIT LIFE VUL-INDEP        ', '', '', '', 0, '', '', '', '', '', '', '', 'LBN', 'CS', 0, '', 0, '', '', 1, 0, 0, '0000-00-00 00:00:00', '', 0, '0000-00-00 00:00:00', ''),
(151, 'LINCOLN FINANCIAL GROUP               ', '', '', '', 0, '', '', '', '', '', '', '', 'LNA', 'NN', 0, '', 0, '', '', 1, 0, 0, '0000-00-00 00:00:00', '', 0, '0000-00-00 00:00:00', ''),
(152, 'LOCORR FUNDS                          ', '', '', '', 0, '', '', '', '', '', '', '', 'USB', 'LO', 0, '', 0, '', '', 1, 0, 0, '0000-00-00 00:00:00', '', 0, '0000-00-00 00:00:00', ''),
(153, 'LORD ABBETT & CO                      ', '', '', '', 0, '', '', '', '', '', '', '', 'DST', 'LA', 0, '', 0, '', '', 1, 0, 0, '0000-00-00 00:00:00', '', 0, '0000-00-00 00:00:00', ''),
(154, 'MACKENZIE CAPITAL MGMT.               ', '', '', '', 0, '', '', '', '', '', '', '', 'MAK', 'MG', 0, '', 0, '', '', 1, 0, 0, '0000-00-00 00:00:00', '', 0, '0000-00-00 00:00:00', ''),
(155, 'MADISON FUNDS                         ', '', '', '', 0, '', '', '', '', '', '', '', 'DFY', 'MK', 0, '', 0, '', '', 1, 0, 0, '0000-00-00 00:00:00', '', 0, '0000-00-00 00:00:00', ''),
(156, 'MAINSTAY                              ', '', '', '', 0, '', '', '', '', '', '', '', 'DBF', 'MC', 0, '', 0, '', '', 1, 0, 0, '0000-00-00 00:00:00', '', 0, '0000-00-00 00:00:00', ''),
(157, 'MARKETFIELD ASSET MANAGEMENT          ', '', '', '', 0, '', '', '', '', '', '', '', 'USB', 'MJ', 0, '', 0, '', '', 1, 0, 0, '0000-00-00 00:00:00', '', 0, '0000-00-00 00:00:00', ''),
(158, 'MASS MUTUAL VARIABLE ANNUITY          ', '', '', '', 0, '', '', '', '', '', '', '', 'MMS', 'MT', 0, '', 0, '', '', 1, 0, 0, '0000-00-00 00:00:00', '', 0, '0000-00-00 00:00:00', ''),
(159, 'MEEDER FUNDS                          ', '', '', '', 0, '', '', '', '', '', '', '', 'FLX', 'FX', 0, '', 0, '', '', 1, 0, 0, '0000-00-00 00:00:00', '', 0, '0000-00-00 00:00:00', ''),
(160, 'MFS INSTITUTIONAL FUNDS               ', '', '', '', 0, '', '', '', '', '', '', '', 'MAS', 'IC', 0, '', 0, '', '', 1, 0, 0, '0000-00-00 00:00:00', '', 0, '0000-00-00 00:00:00', ''),
(161, 'MFS INVESTMENT MANAGEMENT             ', '', '', '', 0, '', '', '', '', '', '', '', 'MAS', 'FM', 0, '', 0, '', '', 1, 0, 0, '0000-00-00 00:00:00', '', 0, '0000-00-00 00:00:00', ''),
(162, 'MFS VARIABLE INSURANCE TRUST          ', '', '', '', 0, '', '', '', '', '', '', '', 'MAS', 'UF', 0, '', 0, '', '', 1, 0, 0, '0000-00-00 00:00:00', '', 0, '0000-00-00 00:00:00', ''),
(163, 'MIDLAND NATIONAL LIFE                 ', '', '', '', 0, '', '', '', '', '', '', '', 'MDL', 'VA', 0, '', 0, '', '', 1, 0, 0, '0000-00-00 00:00:00', '', 0, '0000-00-00 00:00:00', ''),
(164, 'MONY GROUP                            ', '', '', '', 0, '', '', '', '', '', '', '', 'MON', 'GR', 0, '', 0, '', '', 1, 0, 0, '0000-00-00 00:00:00', '', 0, '0000-00-00 00:00:00', ''),
(165, 'MOODY NATIONAL COMPANIES              ', '', '', '', 0, '', '', '', '', '', '', '', 'DST', 'MO', 0, '', 0, '', '', 1, 0, 0, '0000-00-00 00:00:00', '', 0, '0000-00-00 00:00:00', ''),
(166, 'MULTI-STRATEGY GROWTH & INCOME FUND   ', '', '', '', 0, '', '', '', '', '', '', '', 'MSG', 'IF', 0, '', 0, '', '', 1, 0, 0, '0000-00-00 00:00:00', '', 0, '0000-00-00 00:00:00', ''),
(167, 'NATIONWIDE                            ', '', '', '', 0, '', '', '', '', '', '', '', 'NAW', 'QR', 0, '', 0, '', '', 1, 0, 0, '0000-00-00 00:00:00', '', 0, '0000-00-00 00:00:00', ''),
(168, 'NATIONWIDE FIN NET - PROVIDENT        ', '', '', '', 0, '', '', '', '', '', '', '', 'POO', 'NT', 0, '', 0, '', '', 1, 0, 0, '0000-00-00 00:00:00', '', 0, '0000-00-00 00:00:00', ''),
(169, 'NATIONWIDE FUNDS                      ', '', '', '', 0, '', '', '', '', '', '', '', 'USB', 'NW', 0, '', 0, '', '', 1, 0, 0, '0000-00-00 00:00:00', '', 0, '0000-00-00 00:00:00', ''),
(170, 'NATIXIS FUNDS                         ', '', '', '', 0, '', '', '', '', '', '', '', 'DBF', 'LS', 0, '', 0, '', '', 1, 0, 0, '0000-00-00 00:00:00', '', 0, '0000-00-00 00:00:00', ''),
(171, 'NEIMAN FUNDS                          ', '', '', '', 0, '', '', '', '', '', '', '', 'NIE', 'MN', 0, '', 0, '', '', 1, 0, 0, '0000-00-00 00:00:00', '', 0, '0000-00-00 00:00:00', ''),
(172, 'NEUBERGER BERMAN                      ', '', '', '', 0, '', '', '', '', '', '', '', 'DBF', 'NU', 0, '', 0, '', '', 1, 0, 0, '0000-00-00 00:00:00', '', 0, '0000-00-00 00:00:00', ''),
(173, 'NEUBERGER BERMAN ADV MGMT TR          ', '', '', '', 0, '', '', '', '', '', '', '', 'DBF', 'AM', 0, '', 0, '', '', 1, 0, 0, '0000-00-00 00:00:00', '', 0, '0000-00-00 00:00:00', ''),
(174, 'NEXPOINT CAPITAL INC                  ', '', '', '', 0, '', '', '', '', '', '', '', 'DST', 'HL', 0, '', 0, '', '', 1, 0, 0, '0000-00-00 00:00:00', '', 0, '0000-00-00 00:00:00', ''),
(175, 'NEST DIRECT 529 SAVINGS PLA           ', '', '', '', 0, '', '', '', '', '', '', '', 'NEB', 'PL', 0, '', 0, '', '', 1, 0, 0, '0000-00-00 00:00:00', '', 0, '0000-00-00 00:00:00', ''),
(176, 'NORTHSTAR REALTY FINANCE              ', '', '', '', 0, '', '', '', '', '', '', '', 'DST', 'NS', 0, '', 0, '', '', 1, 0, 0, '0000-00-00 00:00:00', '', 0, '0000-00-00 00:00:00', ''),
(177, 'NOTTINGHAM                            ', '', '', '', 0, '', '', '', '', '', '', '', 'NOT', 'IA', 0, '', 0, '', '', 1, 0, 0, '0000-00-00 00:00:00', '', 0, '0000-00-00 00:00:00', ''),
(178, 'NUVEEN MUTUAL FUNDS                   ', '', '', '', 0, '', '', '', '', '', '', '', 'DFY', 'NV', 0, '', 0, '', '', 1, 0, 0, '0000-00-00 00:00:00', '', 0, '0000-00-00 00:00:00', ''),
(179, 'OAK RIDGE FUNDS                       ', '', '', '', 0, '', '', '', '', '', '', '', 'OAK', 'RG', 0, '', 0, '', '', 1, 0, 0, '0000-00-00 00:00:00', '', 0, '0000-00-00 00:00:00', ''),
(180, 'OHIO NATIONAL EQUITY SALES/ON         ', '', '', '', 0, '', '', '', '', '', '', '', 'OHI', 'ON', 0, '', 0, '', '', 1, 0, 0, '0000-00-00 00:00:00', '', 0, '0000-00-00 00:00:00', ''),
(181, 'OLSTEIN FUNDS                         ', '', '', '', 0, '', '', '', '', '', '', '', 'USB', 'OL', 0, '', 0, '', '', 1, 0, 0, '0000-00-00 00:00:00', '', 0, '0000-00-00 00:00:00', ''),
(182, 'OPPENHEIMER 529 PLANS                 ', '', '', '', 0, '', '', '', '', '', '', '', 'OPP', 'ED', 0, '', 0, '', '', 1, 0, 0, '0000-00-00 00:00:00', '', 0, '0000-00-00 00:00:00', ''),
(183, 'OPPENHEIMERFUNDS                      ', '', '', '', 0, '', '', '', '', '', '', '', 'OPP', 'HE', 0, '', 0, '', '', 1, 0, 0, '0000-00-00 00:00:00', '', 0, '0000-00-00 00:00:00', ''),
(184, 'ORINDA ASSET MANAGEMENT               ', '', '', '', 0, '', '', '', '', '', '', '', 'USB', 'OM', 0, '', 0, '', '', 1, 0, 0, '0000-00-00 00:00:00', '', 0, '0000-00-00 00:00:00', ''),
(185, 'OWL ROCK                              ', '', '', '', 0, '', '', '', '', '', '', '', 'DST', 'OW', 0, '', 0, '', '', 1, 0, 0, '0000-00-00 00:00:00', '', 0, '0000-00-00 00:00:00', ''),
(186, 'PACIFIC FUNDS                         ', '', '', '', 0, '', '', '', '', '', '', '', 'PAC', 'FD', 0, '', 0, '', '', 1, 0, 0, '0000-00-00 00:00:00', '', 0, '0000-00-00 00:00:00', ''),
(187, 'PACIFIC LIFE                          ', '', '', '', 0, '', '', '', '', '', '', '', 'PCF', 'PI', 0, '', 0, '', '', 1, 0, 0, '0000-00-00 00:00:00', '', 0, '0000-00-00 00:00:00', ''),
(188, 'PENN MUTUAL                           ', '', '', '', 0, '', '', '', '', '', '', '', 'PEN', 'KK', 0, '', 0, '', '', 1, 0, 0, '0000-00-00 00:00:00', '', 0, '0000-00-00 00:00:00', ''),
(189, 'PGIM INVESTMENTS                      ', '', '', '', 0, '', '', '', '', '', '', '', 'PRU', 'MF', 0, '', 0, '', '', 1, 0, 0, '0000-00-00 00:00:00', '', 0, '0000-00-00 00:00:00', ''),
(190, 'PHILLIPS EDISON AND COMPANY           ', '', '', '', 0, '', '', '', '', '', '', '', 'DST', 'PH', 0, '', 0, '', '', 1, 0, 0, '0000-00-00 00:00:00', '', 0, '0000-00-00 00:00:00', ''),
(191, 'PIMCO FUNDS - INSTITUTIONAL           ', '', '', '', 0, '', '', '', '', '', '', '', 'PMC', 'PI', 0, '', 0, '', '', 1, 0, 0, '0000-00-00 00:00:00', '', 0, '0000-00-00 00:00:00', ''),
(192, 'PIMCO FUNDS - RETAIL                  ', '', '', '', 0, '', '', '', '', '', '', '', 'PMC', 'PM', 0, '', 0, '', '', 1, 0, 0, '0000-00-00 00:00:00', '', 0, '0000-00-00 00:00:00', ''),
(193, 'PLANMEMBER SECURITIES CORP (PM)       ', '', '', '', 0, '', '', '', '', '', '', '', 'PSP', 'PM', 0, '', 0, '', '', 1, 0, 0, '0000-00-00 00:00:00', '', 0, '0000-00-00 00:00:00', ''),
(194, 'PLANMEMBER SECURITIES CORP (VA)       ', '', '', '', 0, '', '', '', '', '', '', '', 'PSP', 'ER', 0, '', 0, '', '', 1, 0, 0, '0000-00-00 00:00:00', '', 0, '0000-00-00 00:00:00', ''),
(195, 'PRAXIS MUTUAL FUNDS                   ', '', '', '', 0, '', '', '', '', '', '', '', 'USB', 'PX', 0, '', 0, '', '', 1, 0, 0, '0000-00-00 00:00:00', '', 0, '0000-00-00 00:00:00', ''),
(196, 'PRINCETON FUND ADVISORS, LLC          ', '', '', '', 0, '', '', '', '', '', '', '', 'DST', 'PF', 0, '', 0, '', '', 1, 0, 0, '0000-00-00 00:00:00', '', 0, '0000-00-00 00:00:00', ''),
(197, 'PRINCIPAL FUNDS                       ', '', '', '', 0, '', '', '', '', '', '', '', 'DTJ', 'WM', 0, '', 0, '', '', 1, 0, 0, '0000-00-00 00:00:00', '', 0, '0000-00-00 00:00:00', ''),
(198, 'PROCACCIANTI COMPANIES, INC.          ', '', '', '', 0, '', '', '', '', '', '', '', 'DST', 'PT', 0, '', 0, '', '', 1, 0, 0, '0000-00-00 00:00:00', '', 0, '0000-00-00 00:00:00', ''),
(199, 'PROFUNDS                              ', '', '', '', 0, '', '', '', '', '', '', '', 'PRO', 'FN', 0, '', 0, '', '', 1, 0, 0, '0000-00-00 00:00:00', '', 0, '0000-00-00 00:00:00', ''),
(200, 'PROTECTIVE LIFE                       ', '', '', '', 0, '', '', '', '', '', '', '', 'PRT', 'LE', 0, '', 0, '', '', 1, 0, 0, '0000-00-00 00:00:00', '', 0, '0000-00-00 00:00:00', ''),
(201, 'PROVASI CAPITAL PARTNERS LP           ', '', '', '', 0, '', '', '', '', '', '', '', 'DST', 'BH', 0, '', 0, '', '', 1, 0, 0, '0000-00-00 00:00:00', '', 0, '0000-00-00 00:00:00', ''),
(202, 'PRUDENTIAL ANNUITIES                  ', '', '', '', 0, '', '', '', '', '', '', '', 'ASL', 'AA', 0, '', 0, '', '', 1, 0, 0, '0000-00-00 00:00:00', '', 0, '0000-00-00 00:00:00', ''),
(203, 'PUTNAM ALLSTATE ADVISOR               ', '', '', '', 0, '', '', '', '', '', '', '', 'STE', 'AL', 0, '', 0, '', '', 1, 0, 0, '0000-00-00 00:00:00', '', 0, '0000-00-00 00:00:00', ''),
(204, 'PUTNAM ALLSTATE ADVISOR OF NY         ', '', '', '', 0, '', '', '', '', '', '', '', 'NYC', 'AL', 0, '', 0, '', '', 1, 0, 0, '0000-00-00 00:00:00', '', 0, '0000-00-00 00:00:00', ''),
(205, 'PUTNAM INVESTMENTS                    ', '', '', '', 0, '', '', '', '', '', '', '', 'PMF', 'PI', 0, '', 0, '', '', 1, 0, 0, '0000-00-00 00:00:00', '', 0, '0000-00-00 00:00:00', ''),
(206, 'QUAKER FUNDS                          ', '', '', '', 0, '', '', '', '', '', '', '', 'USB', 'QK', 0, '', 0, '', '', 1, 0, 0, '0000-00-00 00:00:00', '', 0, '0000-00-00 00:00:00', ''),
(207, 'RATIONAL FUNDS                        ', '', '', '', 0, '', '', '', '', '', '', '', 'HTN', 'FD', 0, '', 0, '', '', 1, 0, 0, '0000-00-00 00:00:00', '', 0, '0000-00-00 00:00:00', ''),
(208, 'RBC FUNDS TRUST                       ', '', '', '', 0, '', '', '', '', '', '', '', 'USB', 'RT', 0, '', 0, '', '', 1, 0, 0, '0000-00-00 00:00:00', '', 0, '0000-00-00 00:00:00', ''),
(209, 'REDWOOD MANAGED VOLATILITY FUND       ', '', '', '', 0, '', '', '', '', '', '', '', 'RED', 'MV', 0, '', 0, '', '', 1, 0, 0, '0000-00-00 00:00:00', '', 0, '0000-00-00 00:00:00', ''),
(210, 'REDWOOD MORTGAGE INVESTORS            ', '', '', '', 0, '', '', '', '', '', '', '', 'RED', 'WD', 0, '', 0, '', '', 1, 0, 0, '0000-00-00 00:00:00', '', 0, '0000-00-00 00:00:00', ''),
(211, 'RESOURCE REAL ESTATE                  ', '', '', '', 0, '', '', '', '', '', '', '', 'DST', 'RA', 0, '', 0, '', '', 1, 0, 0, '0000-00-00 00:00:00', '', 0, '0000-00-00 00:00:00', ''),
(212, 'RIVERNORTH MARKETPLACE LENDING CORP   ', '', '', '', 0, '', '', '', '', '', '', '', 'DST', 'RN', 0, '', 0, '', '', 1, 0, 0, '0000-00-00 00:00:00', '', 0, '0000-00-00 00:00:00', ''),
(213, 'RIVERSOURCE VA                        ', '', '', '', 0, '', '', '', '', '', '', '', 'AEX', 'VA', 0, '', 0, '', '', 1, 0, 0, '0000-00-00 00:00:00', '', 0, '0000-00-00 00:00:00', ''),
(214, 'RONDURE FUNDS                         ', '', '', '', 0, '', '', '', '', '', '', '', 'DTK', 'RO', 0, '', 0, '', '', 1, 0, 0, '0000-00-00 00:00:00', '', 0, '0000-00-00 00:00:00', ''),
(215, 'RREEF PROPERTY INCOME TRUST           ', '', '', '', 0, '', '', '', '', '', '', '', 'DST', 'RE', 0, '', 0, '', '', 1, 0, 0, '0000-00-00 00:00:00', '', 0, '0000-00-00 00:00:00', ''),
(216, 'RUSSELL INVESTMENT COMPANY            ', '', '', '', 0, '', '', '', '', '', '', '', 'DFE', 'RA', 0, '', 0, '', '', 1, 0, 0, '0000-00-00 00:00:00', '', 0, '0000-00-00 00:00:00', ''),
(217, 'SALIENT                               ', '', '', '', 0, '', '', '', '', '', '', '', 'DTK', 'FW', 0, '', 0, '', '', 1, 0, 0, '0000-00-00 00:00:00', '', 0, '0000-00-00 00:00:00', ''),
(218, 'SARATOGA ADVANTAGE TRUST              ', '', '', '', 0, '', '', '', '', '', '', '', 'SAT', 'MF', 0, '', 0, '', '', 1, 0, 0, '0000-00-00 00:00:00', '', 0, '0000-00-00 00:00:00', ''),
(219, 'SCHOLARSHARE COLLEGE SAVINGS          ', '', '', '', 0, '', '', '', '', '', '', '', 'DFZ', 'LA', 0, '', 0, '', '', 1, 0, 0, '0000-00-00 00:00:00', '', 0, '0000-00-00 00:00:00', ''),
(220, 'SECURITY BENEFIT LIFE                 ', '', '', '', 0, '', '', '', '', '', '', '', 'SBL', 'MM', 0, '', 0, '', '', 1, 0, 0, '0000-00-00 00:00:00', '', 0, '0000-00-00 00:00:00', ''),
(221, 'SELECTED FUNDS                        ', '', '', '', 0, '', '', '', '', '', '', '', 'DFE', 'SL', 0, '', 0, '', '', 1, 0, 0, '0000-00-00 00:00:00', '', 0, '0000-00-00 00:00:00', ''),
(222, 'SE2 COMMONWEALTH                      ', '', '', '', 0, '', '', '', '', '', '', '', 'SEZ', 'SC', 0, '', 0, '', '', 1, 0, 0, '0000-00-00 00:00:00', '', 0, '0000-00-00 00:00:00', ''),
(223, 'SFG INCOME FUNDS                      ', '', '', '', 0, '', '', '', '', '', '', '', 'SFG', 'IC', 0, '', 0, '', '', 1, 0, 0, '0000-00-00 00:00:00', '', 0, '0000-00-00 00:00:00', ''),
(224, 'SHELTON FUNDS                         ', '', '', '', 0, '', '', '', '', '', '', '', 'CAL', 'TR', 0, '', 0, '', '', 1, 0, 0, '0000-00-00 00:00:00', '', 0, '0000-00-00 00:00:00', ''),
(225, 'SIERRA FUNDS                          ', '', '', '', 0, '', '', '', '', '', '', '', 'DST', 'SI', 0, '', 0, '', '', 1, 0, 0, '0000-00-00 00:00:00', '', 0, '0000-00-00 00:00:00', ''),
(226, 'SIERRA INVSTMENT MGMT                 ', '', '', '', 0, '', '', '', '', '', '', '', 'SIE', 'RA', 0, '', 0, '', '', 1, 0, 0, '0000-00-00 00:00:00', '', 0, '0000-00-00 00:00:00', ''),
(227, 'SMARTSTOP  ASSET MANAGEMENT LLC       ', '', '', '', 0, '', '', '', '', '', '', '', 'DST', 'SS', 0, '', 0, '', '', 1, 0, 0, '0000-00-00 00:00:00', '', 0, '0000-00-00 00:00:00', ''),
(228, 'SQN CAPITAL MANAGEMENT                ', '', '', '', 0, '', '', '', '', '', '', '', 'SQN', 'CM', 0, '', 0, '', '', 1, 0, 0, '0000-00-00 00:00:00', '', 0, '0000-00-00 00:00:00', ''),
(229, 'SQN INVESTMENT ADVISORS               ', '', '', '', 0, '', '', '', '', '', '', '', 'DST', 'SQ', 0, '', 0, '', '', 1, 0, 0, '0000-00-00 00:00:00', '', 0, '0000-00-00 00:00:00', ''),
(230, 'SRS LIVEWELL ANNUITIES (MIDLAND)      ', '', '', '', 0, '', '', '', '', '', '', '', 'MNL', 'VA', 0, '', 0, '', '', 1, 0, 0, '0000-00-00 00:00:00', '', 0, '0000-00-00 00:00:00', ''),
(231, 'SRS LIVEWELL MUTUAL FUND IRA          ', '', '', '', 0, '', '', '', '', '', '', '', 'LIV', 'WE', 0, '', 0, '', '', 1, 0, 0, '0000-00-00 00:00:00', '', 0, '0000-00-00 00:00:00', ''),
(232, 'STADION FUNDS                         ', '', '', '', 0, '', '', '', '', '', '', '', 'DTK', 'SD', 0, '', 0, '', '', 1, 0, 0, '0000-00-00 00:00:00', '', 0, '0000-00-00 00:00:00', ''),
(233, 'STEBEN & COMPANY, INC.                ', '', '', '', 0, '', '', '', '', '', '', '', 'STB', 'EN', 0, '', 0, '', '', 1, 0, 0, '0000-00-00 00:00:00', '', 0, '0000-00-00 00:00:00', ''),
(234, 'STIRA ALLTERNATIVES                   ', '', '', '', 0, '', '', '', '', '', '', '', 'DST', 'SF', 0, '', 0, '', '', 1, 0, 0, '0000-00-00 00:00:00', '', 0, '0000-00-00 00:00:00', ''),
(235, 'SUN LIFE FINANCIAL                    ', '', '', '', 0, '', '', '', '', '', '', '', 'SLF', 'CA', 0, '', 0, '', '', 1, 0, 0, '0000-00-00 00:00:00', '', 0, '0000-00-00 00:00:00', ''),
(236, 'SYMETRA FINANCIAL                     ', '', '', '', 0, '', '', '', '', '', '', '', 'SFE', 'CO', 0, '', 0, '', '', 1, 0, 0, '0000-00-00 00:00:00', '', 0, '0000-00-00 00:00:00', ''),
(237, 'SYMETRA TPA (SFEDA)                   ', '', '', '', 0, '', '', '', '', '', '', '', 'SFE', 'DA', 0, '', 0, '', '', 1, 0, 0, '0000-00-00 00:00:00', '', 0, '0000-00-00 00:00:00', ''),
(238, 'T. ROWE PRICE                         ', '', '', '', 0, '', '', '', '', '', '', '', 'DFI', 'RP', 0, '', 0, '', '', 1, 0, 0, '0000-00-00 00:00:00', '', 0, '0000-00-00 00:00:00', ''),
(239, 'T.ROWE PRICE VARIABLE ANNUITY FUNDS   ', '', '', '', 0, '', '', '', '', '', '', '', 'DFI', 'VA', 0, '', 0, '', '', 1, 0, 0, '0000-00-00 00:00:00', '', 0, '0000-00-00 00:00:00', ''),
(240, 'TCW FUNDS                             ', '', '', '', 0, '', '', '', '', '', '', '', 'USB', 'TG', 0, '', 0, '', '', 1, 0, 0, '0000-00-00 00:00:00', '', 0, '0000-00-00 00:00:00', ''),
(241, 'TD AMERITRADE 529 SAVINGS             ', '', '', '', 0, '', '', '', '', '', '', '', 'NEB', 'TD', 0, '', 0, '', '', 1, 0, 0, '0000-00-00 00:00:00', '', 0, '0000-00-00 00:00:00', ''),
(242, 'TERRA INCOME FUND 6                   ', '', '', '', 0, '', '', '', '', '', '', '', 'DST', 'TE', 0, '', 0, '', '', 1, 0, 0, '0000-00-00 00:00:00', '', 0, '0000-00-00 00:00:00', ''),
(243, 'TEXAS LONESTAR 529 PLAN               ', '', '', '', 0, '', '', '', '', '', '', '', 'TEX', 'AS', 0, '', 0, '', '', 1, 0, 0, '0000-00-00 00:00:00', '', 0, '0000-00-00 00:00:00', ''),
(244, 'THE PARKING REIT INC.                 ', '', '', '', 0, '', '', '', '', '', '', '', 'DST', 'MV', 0, '', 0, '', '', 1, 0, 0, '0000-00-00 00:00:00', '', 0, '0000-00-00 00:00:00', ''),
(245, 'ROYCE FUNDS, THE                      ', '', '', '', 0, '', '', '', '', '', '', '', 'DTJ', 'QA', 0, '', 0, '', '', 1, 0, 0, '0000-00-00 00:00:00', '', 0, '0000-00-00 00:00:00', ''),
(246, 'THE TIMOTHY PLAN                      ', '', '', '', 0, '', '', '', '', '', '', '', 'TIM', 'PL', 0, '', 0, '', '', 1, 0, 0, '0000-00-00 00:00:00', '', 0, '0000-00-00 00:00:00', ''),
(247, 'THORNBURG                             ', '', '', '', 0, '', '', '', '', '', '', '', 'DTJ', 'TH', 0, '', 0, '', '', 1, 0, 0, '0000-00-00 00:00:00', '', 0, '0000-00-00 00:00:00', ''),
(248, 'TIAA-CREF                             ', '', '', '', 0, '', '', '', '', '', '', '', 'DFZ', 'TI', 0, '', 0, '', '', 1, 0, 0, '0000-00-00 00:00:00', '', 0, '0000-00-00 00:00:00', ''),
(249, 'TIAA-CREF 529 PLAN-CONNECTICUT        ', '', '', '', 0, '', '', '', '', '', '', '', 'DFZ', 'HE', 0, '', 0, '', '', 1, 0, 0, '0000-00-00 00:00:00', '', 0, '0000-00-00 00:00:00', ''),
(250, 'TIAA-CREF 529 PLAN - GEORGIA          ', '', '', '', 0, '', '', '', '', '', '', '', 'DFZ', 'GH', 0, '', 0, '', '', 1, 0, 0, '0000-00-00 00:00:00', '', 0, '0000-00-00 00:00:00', ''),
(251, 'TIAA-CREF 529 PLAN - KENTUCKY         ', '', '', '', 0, '', '', '', '', '', '', '', 'DFZ', 'KA', 0, '', 0, '', '', 1, 0, 0, '0000-00-00 00:00:00', '', 0, '0000-00-00 00:00:00', ''),
(252, 'TIAA-CREF 529 PLAN - MICHIGAN         ', '', '', '', 0, '', '', '', '', '', '', '', 'DFZ', 'EM', 0, '', 0, '', '', 1, 0, 0, '0000-00-00 00:00:00', '', 0, '0000-00-00 00:00:00', ''),
(253, 'TIAA-CREF 529 PLAN - MINNESOTA        ', '', '', '', 0, '', '', '', '', '', '', '', 'DFZ', 'MN', 0, '', 0, '', '', 1, 0, 0, '0000-00-00 00:00:00', '', 0, '0000-00-00 00:00:00', ''),
(254, 'TIAA-CREF 529 PLAN - OKLAHOMA         ', '', '', '', 0, '', '', '', '', '', '', '', 'DFZ', 'OE', 0, '', 0, '', '', 1, 0, 0, '0000-00-00 00:00:00', '', 0, '0000-00-00 00:00:00', ''),
(255, 'TIAA-CREF 529 PLAN - OREGON           ', '', '', '', 0, '', '', '', '', '', '', '', 'DFZ', 'OZ', 0, '', 0, '', '', 1, 0, 0, '0000-00-00 00:00:00', '', 0, '0000-00-00 00:00:00', ''),
(256, 'TIAA-CREF VARIABLE ANNUITY            ', '', '', '', 0, '', '', '', '', '', '', '', 'TIA', 'VA', 0, '', 0, '', '', 1, 0, 0, '0000-00-00 00:00:00', '', 0, '0000-00-00 00:00:00', ''),
(257, 'TIAA-NUVEEN                           ', '', '', '', 0, '', '', '', '', '', '', '', 'DFZ', 'GN', 0, '', 0, '', '', 1, 0, 0, '0000-00-00 00:00:00', '', 0, '0000-00-00 00:00:00', ''),
(258, 'TOUCHSTONE VARIABLE ANNUITY           ', '', '', '', 0, '', '', '', '', '', '', '', 'TSV', 'LW', 0, '', 0, '', '', 1, 0, 0, '0000-00-00 00:00:00', '', 0, '0000-00-00 00:00:00', ''),
(259, 'TRANSAMERICA FUNDS                    ', '', '', '', 0, '', '', '', '', '', '', '', 'DTO', 'IM', 0, '', 0, '', '', 1, 0, 0, '0000-00-00 00:00:00', '', 0, '0000-00-00 00:00:00', ''),
(260, 'TRANSAMERICA LIFE INSURANCE           ', '', '', '', 0, '', '', '', '', '', '', '', 'AEG', 'ON', 0, '', 0, '', '', 1, 0, 0, '0000-00-00 00:00:00', '', 0, '0000-00-00 00:00:00', ''),
(261, 'TRANSAMERICA PREMIER LIFE (WRL VA)    ', '', '', '', 0, '', '', '', '', '', '', '', 'WRL', 'AE', 0, '', 0, '', '', 1, 0, 0, '0000-00-00 00:00:00', '', 0, '0000-00-00 00:00:00', ''),
(262, 'TRANSAMERICA PREMIER LIFE (WRL VA2)   ', '', '', '', 0, '', '', '', '', '', '', '', 'WRL', 'VA', 0, '', 0, '', '', 1, 0, 0, '0000-00-00 00:00:00', '', 0, '0000-00-00 00:00:00', ''),
(263, 'TRANSAMERICA PREMIER LIFE (WRL VUL)   ', '', '', '', 0, '', '', '', '', '', '', '', 'WST', 'VU', 0, '', 0, '', '', 1, 0, 0, '0000-00-00 00:00:00', '', 0, '0000-00-00 00:00:00', ''),
(264, 'TRANSAMERICA PREMIER LIFE-POST 06/01  ', '', '', '', 0, '', '', '', '', '', '', '', 'PCM', 'CR', 0, '', 0, '', '', 1, 0, 0, '0000-00-00 00:00:00', '', 0, '0000-00-00 00:00:00', ''),
(265, 'TRANSAMERICA PREMIER LIFE-PRE 06/01   ', '', '', '', 0, '', '', '', '', '', '', '', 'PCM', 'LL', 0, '', 0, '', '', 1, 0, 0, '0000-00-00 00:00:00', '', 0, '0000-00-00 00:00:00', '');
INSERT INTO `ft_sponsor_master` (`id`, `name`, `address1`, `address2`, `city`, `state`, `zip_code`, `email`, `website`, `general_contact`, `general_phone`, `operations_contact`, `operations_phone`, `dst_system_id`, `dst_mgmt_code`, `dst_importing`, `dazl_code`, `dazl_importing`, `dtcc_nscc_id`, `clearing_firm_id`, `status`, `is_delete`, `created_by`, `created_time`, `created_ip`, `modified_by`, `modified_time`, `modified_ip`) VALUES
(266, 'TRILOMA FINANCIAL GROUP               ', '', '', '', 0, '', '', '', '', '', '', '', 'DST', 'BN', 0, '', 0, '', '', 1, 0, 0, '0000-00-00 00:00:00', '', 0, '0000-00-00 00:00:00', ''),
(267, 'TRILINC GLOBAL IMPACT FUND,           ', '', '', '', 0, '', '', '', '', '', '', '', 'DST', 'TC', 0, '', 0, '', '', 1, 0, 0, '0000-00-00 00:00:00', '', 0, '0000-00-00 00:00:00', ''),
(268, 'UNION BANK AND TRUST                  ', '', '', '', 0, '', '', '', '', '', '', '', 'CGE', 'NE', 0, '', 0, '', '', 1, 0, 0, '0000-00-00 00:00:00', '', 0, '0000-00-00 00:00:00', ''),
(269, 'UNION/TIME                            ', '', '', '', 0, '', '', '', '', '', '', '', 'FOR', 'TI', 0, '', 0, '', '', 1, 0, 0, '0000-00-00 00:00:00', '', 0, '0000-00-00 00:00:00', ''),
(270, 'UNITED DEVELOPMENT FUNDING            ', '', '', '', 0, '', '', '', '', '', '', '', 'DST', 'UD', 0, '', 0, '', '', 1, 0, 0, '0000-00-00 00:00:00', '', 0, '0000-00-00 00:00:00', ''),
(271, 'UNITED STATES LIFE INS CO             ', '', '', '', 0, '', '', '', '', '', '', '', 'ALI', 'PA', 0, '', 0, '', '', 1, 0, 0, '0000-00-00 00:00:00', '', 0, '0000-00-00 00:00:00', ''),
(272, 'VANECK                                ', '', '', '', 0, '', '', '', '', '', '', '', 'DST', 'VE', 0, '', 0, '', '', 1, 0, 0, '0000-00-00 00:00:00', '', 0, '0000-00-00 00:00:00', ''),
(273, 'VANGUARD VA                           ', '', '', '', 0, '', '', '', '', '', '', '', 'VAN', 'GD', 0, '', 0, '', '', 1, 0, 0, '0000-00-00 00:00:00', '', 0, '0000-00-00 00:00:00', ''),
(274, 'VALIC ANNUITIES                       ', '', '', '', 0, '', '', '', '', '', '', '', 'VLI', 'VA', 0, '', 0, '', '', 1, 0, 0, '0000-00-00 00:00:00', '', 0, '0000-00-00 00:00:00', ''),
(275, 'VALIC GROUP MUTUAL FUND PRD           ', '', '', '', 0, '', '', '', '', '', '', '', 'VLI', 'MF', 0, '', 0, '', '', 1, 0, 0, '0000-00-00 00:00:00', '', 0, '0000-00-00 00:00:00', ''),
(276, 'VALIC INDEPENDENT DISTRIBUTION        ', '', '', '', 0, '', '', '', '', '', '', '', 'VLI', 'IC', 0, '', 0, '', '', 1, 0, 0, '0000-00-00 00:00:00', '', 0, '0000-00-00 00:00:00', ''),
(277, 'VERTICAL CAPITAL                      ', '', '', '', 0, '', '', '', '', '', '', '', 'VER', 'CP', 0, '', 0, '', '', 1, 0, 0, '0000-00-00 00:00:00', '', 0, '0000-00-00 00:00:00', ''),
(278, 'VICTORY FUNDS                         ', '', '', '', 0, '', '', '', '', '', '', '', 'SGD', 'VT', 0, '', 0, '', '', 1, 0, 0, '0000-00-00 00:00:00', '', 0, '0000-00-00 00:00:00', ''),
(279, 'VOYA FINANCIAL ANNUITIES              ', '', '', '', 0, '', '', '', '', '', '', '', 'GAL', 'GA', 0, '', 0, '', '', 1, 0, 0, '0000-00-00 00:00:00', '', 0, '0000-00-00 00:00:00', ''),
(280, 'VL VOYA INSTITUTIONAL TRUST CO        ', '', '', '', 0, '', '', '', '', '', '', '', 'GAL', 'MF', 0, '', 0, '', '', 1, 0, 0, '0000-00-00 00:00:00', '', 0, '0000-00-00 00:00:00', ''),
(281, 'W.P. CAREY INC.                       ', '', '', '', 0, '', '', '', '', '', '', '', 'DST', 'WP', 0, '', 0, '', '', 1, 0, 0, '0000-00-00 00:00:00', '', 0, '0000-00-00 00:00:00', ''),
(282, 'WALTON INTERNATIONAL                  ', '', '', '', 0, '', '', '', '', '', '', '', 'WAL', 'TN', 0, '', 0, '', '', 1, 0, 0, '0000-00-00 00:00:00', '', 0, '0000-00-00 00:00:00', ''),
(283, 'WELLS FARGO FUNDS                     ', '', '', '', 0, '', '', '', '', '', '', '', 'DFY', 'WE', 0, '', 0, '', '', 1, 0, 0, '0000-00-00 00:00:00', '', 0, '0000-00-00 00:00:00', ''),
(284, 'WILMINGTON TRUST                      ', '', '', '', 0, '', '', '', '', '', '', '', 'WIL', 'TR', 0, '', 0, '', '', 1, 0, 0, '0000-00-00 00:00:00', '', 0, '0000-00-00 00:00:00', ''),
(285, 'WORTH CAPITAL                         ', '', '', '', 0, '', '', '', '', '', '', '', 'WOR', 'TH', 0, '', 0, '', '', 1, 0, 0, '0000-00-00 00:00:00', '', 0, '0000-00-00 00:00:00', ''),
(286, 'YORKTOWN FUNDS                        ', '', '', '', 0, '', '', '', '', '', '', '', 'API', 'TR', 0, '', 0, '', '', 1, 0, 0, '0000-00-00 00:00:00', '', 0, '0000-00-00 00:00:00', ''),
(287, 'ZURICH AMERICAN LIFE INS. CO.         ', '', '', '', 0, '', '', '', '', '', '', '', 'SCU', 'DS', 0, '', 0, '', '', 1, 0, 0, '0000-00-00 00:00:00', '', 0, '0000-00-00 00:00:00', ''),
(288, 'TEST SPONSOR', '', '', '', 0, '', '', '', '', '', '', '', '', '', 0, '', 0, '', '', 1, 0, 3, '2018-05-17 17:51:49', '192.168.30.20', 0, '0000-00-00 00:00:00', '');

-- --------------------------------------------------------

--
-- Table structure for table `ft_sponsor_notes`
--

CREATE TABLE IF NOT EXISTS `ft_sponsor_notes` (
`id` int(12) NOT NULL,
  `date` date NOT NULL,
  `user_id` varchar(100) NOT NULL,
  `notes` varchar(100) NOT NULL,
  `status` tinyint(1) NOT NULL DEFAULT '1',
  `is_delete` tinyint(1) NOT NULL DEFAULT '0',
  `created_by` int(12) NOT NULL,
  `created_time` datetime NOT NULL,
  `created_ip` varchar(100) NOT NULL,
  `modified_by` int(12) NOT NULL,
  `modified_time` datetime NOT NULL,
  `modified_ip` varchar(100) NOT NULL
) ENGINE=InnoDB DEFAULT CHARSET=latin1;

-- --------------------------------------------------------

--
-- Table structure for table `ft_state_master`
--

CREATE TABLE IF NOT EXISTS `ft_state_master` (
`id` int(12) NOT NULL,
  `name` varchar(100) NOT NULL,
  `status` tinyint(1) NOT NULL DEFAULT '1',
  `is_delete` tinyint(1) NOT NULL DEFAULT '0',
  `created_by` int(12) NOT NULL,
  `created_time` datetime NOT NULL,
  `created_ip` varchar(100) NOT NULL,
  `modified_by` int(12) NOT NULL,
  `modified_time` datetime NOT NULL,
  `modified_ip` varchar(100) NOT NULL
) ENGINE=InnoDB AUTO_INCREMENT=53 DEFAULT CHARSET=latin1;

--
-- Dumping data for table `ft_state_master`
--

INSERT INTO `ft_state_master` (`id`, `name`, `status`, `is_delete`, `created_by`, `created_time`, `created_ip`, `modified_by`, `modified_time`, `modified_ip`) VALUES
(1, 'Alabama', 1, 0, 1, '2017-12-01 00:00:00', '192.168.30.8', 0, '0000-00-00 00:00:00', ''),
(2, 'Alaska', 1, 0, 1, '2017-12-01 00:00:00', '192.168.30.8\r\n', 0, '0000-00-00 00:00:00', ''),
(3, 'Arizona', 1, 0, 1, '2017-12-01 00:00:00', '192.168.30.8\r\n', 0, '0000-00-00 00:00:00', ''),
(4, 'Arkansas', 1, 0, 0, '0000-00-00 00:00:00', '', 0, '0000-00-00 00:00:00', ''),
(5, 'California', 1, 0, 0, '0000-00-00 00:00:00', '', 0, '0000-00-00 00:00:00', ''),
(6, 'Colorado', 1, 0, 0, '0000-00-00 00:00:00', '', 0, '0000-00-00 00:00:00', ''),
(7, 'Connecticut', 1, 0, 0, '0000-00-00 00:00:00', '', 0, '0000-00-00 00:00:00', ''),
(8, 'Delaware', 1, 0, 0, '0000-00-00 00:00:00', '', 0, '0000-00-00 00:00:00', ''),
(9, 'Florida', 1, 0, 0, '0000-00-00 00:00:00', '', 0, '0000-00-00 00:00:00', ''),
(10, 'Georgia', 1, 0, 0, '0000-00-00 00:00:00', '', 0, '0000-00-00 00:00:00', ''),
(11, 'Hawaii', 1, 0, 0, '0000-00-00 00:00:00', '', 0, '0000-00-00 00:00:00', ''),
(12, 'Idaho', 1, 0, 0, '0000-00-00 00:00:00', '', 0, '0000-00-00 00:00:00', ''),
(13, 'Illinois', 1, 0, 0, '0000-00-00 00:00:00', '', 0, '0000-00-00 00:00:00', ''),
(14, 'Indiana', 1, 0, 0, '0000-00-00 00:00:00', '', 0, '0000-00-00 00:00:00', ''),
(15, 'Iowa', 1, 0, 0, '0000-00-00 00:00:00', '', 0, '0000-00-00 00:00:00', ''),
(16, 'Kansas', 1, 0, 0, '0000-00-00 00:00:00', '', 0, '0000-00-00 00:00:00', ''),
(17, 'Kentucky', 1, 0, 0, '0000-00-00 00:00:00', '', 0, '0000-00-00 00:00:00', ''),
(18, 'Louisiana', 1, 0, 0, '0000-00-00 00:00:00', '', 0, '0000-00-00 00:00:00', ''),
(19, 'Maine', 1, 0, 0, '0000-00-00 00:00:00', '', 0, '0000-00-00 00:00:00', ''),
(20, 'Maryland', 1, 0, 0, '0000-00-00 00:00:00', '', 0, '0000-00-00 00:00:00', ''),
(21, 'Massachusetts', 1, 0, 0, '0000-00-00 00:00:00', '', 0, '0000-00-00 00:00:00', ''),
(22, 'Michigan', 1, 0, 0, '0000-00-00 00:00:00', '', 0, '0000-00-00 00:00:00', ''),
(23, 'Minnesota', 1, 0, 0, '0000-00-00 00:00:00', '', 0, '0000-00-00 00:00:00', ''),
(24, 'Mississippi', 1, 0, 0, '0000-00-00 00:00:00', '', 0, '0000-00-00 00:00:00', ''),
(25, 'Missouri', 1, 0, 0, '0000-00-00 00:00:00', '', 0, '0000-00-00 00:00:00', ''),
(26, 'Montana', 1, 0, 0, '0000-00-00 00:00:00', '', 0, '0000-00-00 00:00:00', ''),
(27, 'Nebraska', 1, 0, 0, '0000-00-00 00:00:00', '', 0, '0000-00-00 00:00:00', ''),
(28, 'Nevada', 1, 0, 0, '0000-00-00 00:00:00', '', 0, '0000-00-00 00:00:00', ''),
(29, 'New Hampshire', 1, 0, 0, '0000-00-00 00:00:00', '', 0, '0000-00-00 00:00:00', ''),
(30, 'New Jersey', 1, 0, 0, '0000-00-00 00:00:00', '', 0, '0000-00-00 00:00:00', ''),
(31, 'New Mexico', 1, 0, 0, '0000-00-00 00:00:00', '', 0, '0000-00-00 00:00:00', ''),
(32, 'New York', 1, 0, 0, '0000-00-00 00:00:00', '', 0, '0000-00-00 00:00:00', ''),
(33, 'North Carolina', 1, 0, 0, '0000-00-00 00:00:00', '', 0, '0000-00-00 00:00:00', ''),
(34, 'North Dakota', 1, 0, 0, '0000-00-00 00:00:00', '', 0, '0000-00-00 00:00:00', ''),
(35, 'Ohio', 1, 0, 0, '0000-00-00 00:00:00', '', 0, '0000-00-00 00:00:00', ''),
(36, 'Oklahoma', 1, 0, 0, '0000-00-00 00:00:00', '', 0, '0000-00-00 00:00:00', ''),
(37, 'Oregon', 1, 0, 0, '0000-00-00 00:00:00', '', 0, '0000-00-00 00:00:00', ''),
(38, 'Pennsylvania', 1, 0, 0, '0000-00-00 00:00:00', '', 0, '0000-00-00 00:00:00', ''),
(39, 'Rhode Island', 1, 0, 0, '0000-00-00 00:00:00', '', 0, '0000-00-00 00:00:00', ''),
(40, 'South Carolina', 1, 0, 0, '0000-00-00 00:00:00', '', 0, '0000-00-00 00:00:00', ''),
(41, 'South Dakota', 1, 0, 0, '0000-00-00 00:00:00', '', 0, '0000-00-00 00:00:00', ''),
(42, 'Tennessee', 1, 0, 0, '0000-00-00 00:00:00', '', 0, '0000-00-00 00:00:00', ''),
(43, 'Texas', 1, 0, 0, '0000-00-00 00:00:00', '', 0, '0000-00-00 00:00:00', ''),
(44, 'Utah', 1, 0, 0, '0000-00-00 00:00:00', '', 0, '0000-00-00 00:00:00', ''),
(45, 'Vermont', 1, 0, 0, '0000-00-00 00:00:00', '', 0, '0000-00-00 00:00:00', ''),
(46, 'Virginia', 1, 0, 0, '0000-00-00 00:00:00', '', 0, '0000-00-00 00:00:00', ''),
(47, 'Washington', 1, 0, 0, '0000-00-00 00:00:00', '', 0, '0000-00-00 00:00:00', ''),
(48, 'West Virginia', 1, 0, 0, '0000-00-00 00:00:00', '', 0, '0000-00-00 00:00:00', ''),
(49, 'Wisconsin', 1, 0, 0, '0000-00-00 00:00:00', '', 0, '0000-00-00 00:00:00', ''),
(50, 'Wyoming', 1, 0, 0, '0000-00-00 00:00:00', '', 0, '0000-00-00 00:00:00', ''),
(51, 'Washington DC', 0, 0, 0, '0000-00-00 00:00:00', '', 0, '0000-00-00 00:00:00', ''),
(52, 'Foreign', 1, 0, 0, '0000-00-00 00:00:00', '', 0, '0000-00-00 00:00:00', '');

-- --------------------------------------------------------

--
-- Table structure for table `ft_system_configuration`
--

CREATE TABLE IF NOT EXISTS `ft_system_configuration` (
`id` int(11) NOT NULL,
  `user_id` int(12) NOT NULL,
  `company_name` varchar(50) NOT NULL,
  `address1` varchar(255) NOT NULL,
  `address2` varchar(255) NOT NULL,
  `city` varchar(50) NOT NULL,
  `state` varchar(50) NOT NULL,
  `zip` varchar(10) NOT NULL,
  `minimum_check_amount` varchar(20) NOT NULL,
  `finra` varchar(100) NOT NULL DEFAULT '',
  `sipc` varchar(100) NOT NULL,
  `brocker_pick_lists` tinyint(1) NOT NULL DEFAULT '0',
  `branch_pick_lists` tinyint(1) NOT NULL DEFAULT '0',
  `brocker_statement` tinyint(1) NOT NULL DEFAULT '0',
  `firm_does_not_participate` tinyint(1) NOT NULL DEFAULT '0',
  `logo` varchar(100) NOT NULL,
  `status` tinyint(1) NOT NULL DEFAULT '1',
  `is_delete` tinyint(1) NOT NULL DEFAULT '0',
  `created_by` int(12) NOT NULL,
  `created_time` date NOT NULL,
  `created_ip` varchar(100) NOT NULL,
  `modified_by` int(12) NOT NULL,
  `modified_time` datetime NOT NULL,
  `modified_ip` varchar(100) NOT NULL
) ENGINE=InnoDB AUTO_INCREMENT=2 DEFAULT CHARSET=latin1;

--
-- Dumping data for table `ft_system_configuration`
--

INSERT INTO `ft_system_configuration` (`id`, `user_id`, `company_name`, `address1`, `address2`, `city`, `state`, `zip`, `minimum_check_amount`, `finra`, `sipc`, `brocker_pick_lists`, `branch_pick_lists`, `brocker_statement`, `firm_does_not_participate`, `logo`, `status`, `is_delete`, `created_by`, `created_time`, `created_ip`, `modified_by`, `modified_time`, `modified_ip`) VALUES
(1, 1, 'foxtrot', 'high street', '150 ring road', 'rajkot', '18', '36002', '100.00', '2', '3', 0, 0, 1, 1, '1519102347677441.png', 1, 0, 1, '2018-02-07', '192.168.30.30', 3, '2018-07-05 18:28:42', '192.168.30.20');

-- --------------------------------------------------------

--
-- Table structure for table `ft_time_for_exp_master`
--

CREATE TABLE IF NOT EXISTS `ft_time_for_exp_master` (
`id` int(11) NOT NULL,
  `option` varchar(100) NOT NULL,
  `u_id` int(8) NOT NULL,
  `status` tinyint(1) NOT NULL DEFAULT '1',
  `is_delete` tinyint(1) NOT NULL DEFAULT '0',
  `created_by` int(12) NOT NULL,
  `created_time` datetime NOT NULL,
  `created_ip` varchar(100) NOT NULL,
  `modified_by` int(12) NOT NULL,
  `modified_time` datetime NOT NULL,
  `modified_ip` varchar(100) NOT NULL
) ENGINE=InnoDB AUTO_INCREMENT=2 DEFAULT CHARSET=latin1;

--
-- Dumping data for table `ft_time_for_exp_master`
--

INSERT INTO `ft_time_for_exp_master` (`id`, `option`, `u_id`, `status`, `is_delete`, `created_by`, `created_time`, `created_ip`, `modified_by`, `modified_time`, `modified_ip`) VALUES
(1, '25', 0, 1, 0, 4, '2017-12-09 11:38:45', '192.168.30.30', 0, '0000-00-00 00:00:00', '');

-- --------------------------------------------------------

--
-- Table structure for table `ft_transaction_master`
--

CREATE TABLE IF NOT EXISTS `ft_transaction_master` (
`id` int(12) NOT NULL,
  `file_id` int(12) NOT NULL,
  `client_name` varchar(8) NOT NULL,
  `client_number` varchar(26) NOT NULL,
  `broker_name` varchar(8) NOT NULL,
  `product_cate` varchar(8) NOT NULL,
  `sponsor` varchar(8) NOT NULL,
  `product` varchar(8) NOT NULL,
  `batch` varchar(8) NOT NULL DEFAULT '0',
  `invest_amount` decimal(8,2) NOT NULL DEFAULT '0.00',
  `charge_amount` decimal(8,2) NOT NULL DEFAULT '0.00',
  `commission_received` decimal(8,2) NOT NULL DEFAULT '0.00',
  `commission_received_date` datetime NOT NULL,
  `posting_date` date NOT NULL,
  `trade_date` date NOT NULL,
  `settlement_date` date NOT NULL,
  `split` tinyint(1) NOT NULL,
  `another_level` varchar(8) NOT NULL,
  `cancel` tinyint(1) NOT NULL,
  `buy_sell` tinyint(1) NOT NULL,
  `hold_commission` tinyint(1) NOT NULL,
  `hold_resoan` varchar(50) NOT NULL,
  `units` varchar(100) NOT NULL,
  `shares` varchar(100) NOT NULL,
  `gross_amount_sign_code` varchar(100) NOT NULL DEFAULT '0',
  `dealer_commission_sign_code` varchar(100) NOT NULL DEFAULT '0',
  `branch` int(12) NOT NULL,
  `company` int(12) NOT NULL,
  `is_payroll` tinyint(1) NOT NULL DEFAULT '0',
  `is_reverse` tinyint(1) NOT NULL DEFAULT '0',
  `payroll_id` int(12) NOT NULL,
  `status` tinyint(1) NOT NULL DEFAULT '1',
  `is_delete` tinyint(1) NOT NULL DEFAULT '0',
  `created_by` int(12) NOT NULL,
  `created_time` datetime NOT NULL,
  `created_ip` varchar(100) NOT NULL,
  `modified_by` int(12) NOT NULL,
  `modified_time` datetime NOT NULL,
  `modified_ip` varchar(100) NOT NULL
) ENGINE=InnoDB AUTO_INCREMENT=24 DEFAULT CHARSET=latin1;

--
-- Dumping data for table `ft_transaction_master`
--

INSERT INTO `ft_transaction_master` (`id`, `file_id`, `client_name`, `client_number`, `broker_name`, `product_cate`, `sponsor`, `product`, `batch`, `invest_amount`, `charge_amount`, `commission_received`, `commission_received_date`, `posting_date`, `trade_date`, `settlement_date`, `split`, `another_level`, `cancel`, `buy_sell`, `hold_commission`, `hold_resoan`, `units`, `shares`, `gross_amount_sign_code`, `dealer_commission_sign_code`, `branch`, `company`, `is_payroll`, `is_reverse`, `payroll_id`, `status`, `is_delete`, `created_by`, `created_time`, `created_ip`, `modified_by`, `modified_time`, `modified_ip`) VALUES
(1, 0, '48', '00123456789', '1', '2', '1', '1', '2', '10000.00', '1000.00', '4000.00', '2018-06-28 00:00:00', '2018-07-05', '2018-07-05', '2018-07-05', 1, '', 2, 1, 2, '', '40', '250', '0', '0', 1, 1, 1, 1, 2, 1, 0, 3, '2018-07-05 11:15:41', '192.168.30.20', 3, '2018-07-11 18:02:04', '192.168.30.20'),
(2, 0, '2', '9872364', '2', '1', '1', '2', '2', '800.00', '100.00', '400.00', '2018-06-28 00:00:00', '2018-07-05', '2018-07-05', '2018-07-05', 2, '', 2, 1, 2, '', '8', '100', '0', '0', 1, 1, 1, 1, 2, 1, 0, 3, '2018-07-05 12:08:50', '192.168.30.20', 3, '2018-07-11 18:02:04', '192.168.30.20'),
(3, 0, '1', '987654', '2', '2', '1', '1', '1', '900.00', '200.00', '400.00', '2018-06-19 00:00:00', '2018-07-05', '2018-07-05', '2018-07-05', 2, '', 2, 1, 2, '', '6', '150', '0', '0', 1, 1, 1, 1, 2, 1, 0, 3, '2018-07-05 12:09:46', '192.168.30.20', 3, '2018-07-11 18:02:04', '192.168.30.20'),
(4, 0, '1', '879465', '1', '2', '1', '1', '2', '1200.00', '200.00', '500.00', '2018-06-28 00:00:00', '2018-07-05', '2018-07-05', '2018-07-05', 2, '', 2, 1, 2, '', '8', '150', '0', '0', 1, 1, 1, 1, 2, 1, 0, 3, '2018-07-05 14:44:48', '192.168.30.20', 3, '2018-07-11 18:02:04', '192.168.30.20'),
(5, 0, '46', '00123456789', '4', '2', '1', '1', '1', '10000.00', '1000.00', '4000.00', '2018-07-07 00:00:00', '2018-07-06', '2018-07-06', '2018-07-06', 2, '', 2, 1, 2, '', '40', '250', '0', '0', 1, 1, 1, 1, 2, 1, 0, 3, '2018-07-06 10:15:17', '192.168.30.20', 3, '2018-07-11 18:02:04', '192.168.30.20'),
(6, 0, '2', '79889', '3', '3', '1', '1', '1', '4000.00', '100.00', '1900.00', '2018-06-19 00:00:00', '2018-07-06', '2018-07-06', '2018-07-06', 2, '', 2, 1, 2, '', '10', '400', '0', '0', 5, 0, 1, 1, 2, 1, 0, 3, '2018-07-06 12:07:18', '192.168.30.20', 3, '2018-07-11 18:02:04', '192.168.30.20'),
(7, 0, '45', '00123456789', '3', '1', '1', '2', '1', '4000.00', '100.00', '2900.00', '2018-06-19 00:00:00', '2018-07-06', '2018-07-06', '2018-07-06', 2, '', 2, 1, 2, '', '20', '200', '0', '0', 5, 0, 1, 1, 2, 1, 0, 3, '2018-07-06 15:49:36', '192.168.30.20', 3, '2018-07-11 18:02:04', '192.168.30.20'),
(8, 0, '2', '987654', '3', '1', '1', '2', '1', '3000.00', '500.00', '2000.00', '2018-06-19 00:00:00', '2018-07-07', '2018-07-07', '2018-07-07', 2, '', 2, 1, 2, '', '20', '150', '0', '0', 5, 0, 1, 1, 2, 1, 0, 3, '2018-07-07 15:09:13', '192.168.30.20', 3, '2018-07-11 18:02:04', '192.168.30.20'),
(9, 0, '2', '987564', '3', '1', '1', '2', '1', '3000.00', '200.00', '1800.00', '2018-06-19 00:00:00', '2018-07-09', '2018-07-09', '2018-07-09', 2, '', 2, 1, 2, '', '20', '150', '0', '0', 5, 0, 1, 1, 2, 1, 0, 3, '2018-07-09 10:27:14', '192.168.30.20', 3, '2018-07-11 18:02:04', '192.168.30.20'),
(10, 0, '1', '897564', '3', '1', '1', '2', '1', '4000.00', '500.00', '3500.00', '2018-06-19 00:00:00', '2018-07-09', '2018-07-09', '2018-07-09', 2, '', 2, 1, 2, '', '16', '250', '0', '0', 5, 0, 1, 1, 2, 1, 0, 3, '2018-07-09 18:04:27', '192.168.30.20', 3, '2018-07-11 18:02:04', '192.168.30.20'),
(11, 0, '2', '879546', '3', '1', '1', '2', '1', '3000.00', '500.00', '2500.00', '2018-06-19 00:00:00', '2018-07-10', '2018-07-10', '2018-07-10', 2, '', 2, 1, 2, '', '12', '250', '0', '0', 5, 0, 1, 1, 2, 1, 0, 3, '2018-07-10 15:49:19', '192.168.30.20', 3, '2018-07-11 18:02:04', '192.168.30.20'),
(12, 2, '1', '00150247194         ', '1', '1', '1', '2', '3', '25000.00', '0.00', '1187.50', '0000-00-00 00:00:00', '2018-07-11', '2016-04-27', '0000-00-00', 1, '', 2, 1, 1, 'HOLD COMMISSION BY BROKER', '', '', '0', '0', 1, 1, 0, 0, 0, 1, 0, 3, '2018-07-11 15:18:11', '192.168.30.20', 0, '0000-00-00 00:00:00', ''),
(13, 2, '1', '00150247581         ', '2', '1', '1', '2', '3', '20000.00', '0.00', '950.00', '0000-00-00 00:00:00', '2018-07-11', '2016-04-27', '0000-00-00', 1, '', 2, 1, 2, '', '', '', '0', '0', 1, 1, 0, 0, 0, 1, 0, 3, '2018-07-11 15:18:11', '192.168.30.20', 0, '0000-00-00 00:00:00', ''),
(14, 2, '1', '00150247590         ', '2', '1', '1', '2', '3', '10000.00', '0.00', '475.00', '0000-00-00 00:00:00', '2018-07-11', '2016-04-27', '0000-00-00', 1, '', 2, 1, 2, '', '', '', '0', '0', 1, 1, 0, 0, 0, 1, 0, 3, '2018-07-11 15:18:11', '192.168.30.20', 0, '0000-00-00 00:00:00', ''),
(15, 2, '2', '00150247184         ', '3', '1', '1', '2', '3', '6500.00', '0.00', '308.75', '0000-00-00 00:00:00', '2018-07-11', '2016-04-27', '0000-00-00', 1, '', 2, 1, 2, '', '', '', '0', '0', 5, 0, 0, 0, 0, 1, 0, 3, '2018-07-11 15:18:11', '192.168.30.20', 0, '0000-00-00 00:00:00', ''),
(16, 2, '2', '00150247582         ', '3', '1', '1', '2', '3', '6380.00', '0.00', '303.05', '0000-00-00 00:00:00', '2018-07-11', '2016-04-27', '0000-00-00', 1, '', 2, 1, 2, '', '', '', '0', '0', 5, 0, 0, 0, 0, 1, 0, 3, '2018-07-11 15:18:11', '192.168.30.20', 0, '0000-00-00 00:00:00', ''),
(17, 2, '1', '00150247337         ', '4', '1', '1', '2', '3', '25000.00', '0.00', '1187.50', '0000-00-00 00:00:00', '2018-07-11', '2016-04-27', '0000-00-00', 1, '', 2, 1, 2, '', '', '', '0', '0', 1, 1, 0, 0, 0, 1, 0, 3, '2018-07-11 15:18:11', '192.168.30.20', 0, '0000-00-00 00:00:00', ''),
(18, 3, '1', '00150247194         ', '1', '1', '1', '2', '4', '25000.00', '0.00', '1187.50', '0000-00-00 00:00:00', '2018-07-11', '2016-04-27', '0000-00-00', 1, '', 2, 1, 1, 'HOLD COMMISSION BY BROKER', '', '', '0', '0', 1, 1, 0, 0, 0, 1, 0, 3, '2018-07-11 16:17:26', '192.168.30.20', 0, '0000-00-00 00:00:00', ''),
(19, 3, '1', '00150247581         ', '2', '1', '1', '2', '4', '20000.00', '0.00', '950.00', '0000-00-00 00:00:00', '2018-07-11', '2016-04-27', '0000-00-00', 1, '', 2, 1, 2, '', '', '', '0', '0', 1, 1, 0, 0, 0, 1, 0, 3, '2018-07-11 16:17:26', '192.168.30.20', 0, '0000-00-00 00:00:00', ''),
(20, 3, '1', '00150247590         ', '2', '1', '1', '2', '4', '10000.00', '0.00', '475.00', '0000-00-00 00:00:00', '2018-07-11', '2016-04-27', '0000-00-00', 1, '', 2, 1, 2, '', '', '', '0', '0', 1, 1, 0, 0, 0, 1, 0, 3, '2018-07-11 16:17:26', '192.168.30.20', 0, '0000-00-00 00:00:00', ''),
(21, 3, '2', '00150247184         ', '3', '1', '1', '2', '4', '6500.00', '0.00', '308.75', '0000-00-00 00:00:00', '2018-07-11', '2016-04-27', '0000-00-00', 1, '', 2, 1, 2, '', '', '', '0', '0', 5, 0, 0, 0, 0, 1, 0, 3, '2018-07-11 16:17:26', '192.168.30.20', 0, '0000-00-00 00:00:00', ''),
(22, 3, '2', '00150247582         ', '3', '1', '1', '2', '4', '6380.00', '0.00', '303.05', '0000-00-00 00:00:00', '2018-07-11', '2016-04-27', '0000-00-00', 1, '', 2, 1, 2, '', '', '', '0', '0', 5, 0, 0, 0, 0, 1, 0, 3, '2018-07-11 16:17:26', '192.168.30.20', 0, '0000-00-00 00:00:00', ''),
(23, 3, '1', '00150247337         ', '4', '1', '1', '2', '4', '25000.00', '0.00', '1187.50', '0000-00-00 00:00:00', '2018-07-11', '2016-04-27', '0000-00-00', 1, '', 2, 1, 2, '', '', '', '0', '0', 1, 1, 0, 0, 0, 1, 0, 3, '2018-07-11 16:17:26', '192.168.30.20', 0, '0000-00-00 00:00:00', '');

-- --------------------------------------------------------

--
-- Table structure for table `ft_transaction_overrides`
--

CREATE TABLE IF NOT EXISTS `ft_transaction_overrides` (
`id` int(12) NOT NULL,
  `transaction_id` int(12) NOT NULL,
  `receiving_rep` int(12) NOT NULL,
  `per` varchar(100) NOT NULL,
  `status` tinyint(1) NOT NULL DEFAULT '1',
  `is_delete` tinyint(1) NOT NULL,
  `created_by` int(12) NOT NULL,
  `created_time` datetime NOT NULL,
  `created_ip` varchar(100) NOT NULL,
  `modified_by` int(12) NOT NULL,
  `modified_time` datetime NOT NULL,
  `modified_ip` varchar(100) NOT NULL
) ENGINE=InnoDB DEFAULT CHARSET=latin1;

-- --------------------------------------------------------

--
-- Table structure for table `ft_transaction_trade_splits`
--

CREATE TABLE IF NOT EXISTS `ft_transaction_trade_splits` (
`id` int(12) NOT NULL,
  `transaction_id` int(12) NOT NULL,
  `split_client_id` int(12) NOT NULL,
  `split_broker_id` int(12) NOT NULL,
  `split_broker` int(12) NOT NULL,
  `split_rate` int(12) NOT NULL,
  `status` tinyint(1) NOT NULL DEFAULT '1',
  `is_delete` tinyint(1) NOT NULL,
  `created_by` int(12) NOT NULL,
  `created_time` datetime NOT NULL,
  `created_ip` varchar(100) NOT NULL,
  `modified_by` int(12) NOT NULL,
  `modified_time` datetime NOT NULL,
  `modified_ip` varchar(100) NOT NULL
) ENGINE=InnoDB AUTO_INCREMENT=39 DEFAULT CHARSET=latin1;

--
-- Dumping data for table `ft_transaction_trade_splits`
--

INSERT INTO `ft_transaction_trade_splits` (`id`, `transaction_id`, `split_client_id`, `split_broker_id`, `split_broker`, `split_rate`, `status`, `is_delete`, `created_by`, `created_time`, `created_ip`, `modified_by`, `modified_time`, `modified_ip`) VALUES
(1, 12, 1, 0, 2, 100, 1, 0, 3, '2018-07-11 15:18:11', '192.168.30.20', 0, '0000-00-00 00:00:00', ''),
(2, 12, 0, 1, 3, 15, 1, 0, 3, '2018-07-11 15:18:11', '192.168.30.20', 0, '0000-00-00 00:00:00', ''),
(3, 12, 0, 1, 2, 8, 1, 0, 3, '2018-07-11 15:18:11', '192.168.30.20', 0, '0000-00-00 00:00:00', ''),
(4, 13, 1, 0, 2, 100, 1, 0, 3, '2018-07-11 15:18:11', '192.168.30.20', 0, '0000-00-00 00:00:00', ''),
(5, 13, 0, 2, 1, 5, 1, 0, 3, '2018-07-11 15:18:11', '192.168.30.20', 0, '0000-00-00 00:00:00', ''),
(6, 13, 0, 2, 4, 8, 1, 0, 3, '2018-07-11 15:18:11', '192.168.30.20', 0, '0000-00-00 00:00:00', ''),
(7, 14, 1, 0, 2, 100, 1, 0, 3, '2018-07-11 15:18:11', '192.168.30.20', 0, '0000-00-00 00:00:00', ''),
(8, 14, 0, 2, 1, 5, 1, 0, 3, '2018-07-11 15:18:11', '192.168.30.20', 0, '0000-00-00 00:00:00', ''),
(9, 14, 0, 2, 4, 8, 1, 0, 3, '2018-07-11 15:18:11', '192.168.30.20', 0, '0000-00-00 00:00:00', ''),
(10, 15, 2, 0, 8, 100, 1, 0, 3, '2018-07-11 15:18:11', '192.168.30.20', 0, '0000-00-00 00:00:00', ''),
(11, 15, 0, 3, 1, 13, 1, 0, 3, '2018-07-11 15:18:11', '192.168.30.20', 0, '0000-00-00 00:00:00', ''),
(12, 15, 0, 3, 4, 10, 1, 0, 3, '2018-07-11 15:18:11', '192.168.30.20', 0, '0000-00-00 00:00:00', ''),
(13, 16, 2, 0, 8, 100, 1, 0, 3, '2018-07-11 15:18:11', '192.168.30.20', 0, '0000-00-00 00:00:00', ''),
(14, 16, 0, 3, 1, 13, 1, 0, 3, '2018-07-11 15:18:11', '192.168.30.20', 0, '0000-00-00 00:00:00', ''),
(15, 16, 0, 3, 4, 10, 1, 0, 3, '2018-07-11 15:18:11', '192.168.30.20', 0, '0000-00-00 00:00:00', ''),
(16, 17, 1, 0, 2, 100, 1, 0, 3, '2018-07-11 15:18:11', '192.168.30.20', 0, '0000-00-00 00:00:00', ''),
(17, 17, 0, 4, 2, 40, 1, 0, 3, '2018-07-11 15:18:11', '192.168.30.20', 0, '0000-00-00 00:00:00', ''),
(18, 17, 0, 4, 1, 8, 1, 0, 3, '2018-07-11 15:18:11', '192.168.30.20', 0, '0000-00-00 00:00:00', ''),
(19, 17, 0, 4, 3, 12, 1, 0, 3, '2018-07-11 15:18:11', '192.168.30.20', 0, '0000-00-00 00:00:00', ''),
(20, 18, 1, 0, 2, 100, 1, 0, 3, '2018-07-11 16:17:26', '192.168.30.20', 0, '0000-00-00 00:00:00', ''),
(21, 18, 0, 1, 3, 15, 1, 0, 3, '2018-07-11 16:17:26', '192.168.30.20', 0, '0000-00-00 00:00:00', ''),
(22, 18, 0, 1, 2, 8, 1, 0, 3, '2018-07-11 16:17:26', '192.168.30.20', 0, '0000-00-00 00:00:00', ''),
(23, 19, 1, 0, 2, 100, 1, 0, 3, '2018-07-11 16:17:26', '192.168.30.20', 0, '0000-00-00 00:00:00', ''),
(24, 19, 0, 2, 1, 5, 1, 0, 3, '2018-07-11 16:17:26', '192.168.30.20', 0, '0000-00-00 00:00:00', ''),
(25, 19, 0, 2, 4, 8, 1, 0, 3, '2018-07-11 16:17:26', '192.168.30.20', 0, '0000-00-00 00:00:00', ''),
(26, 20, 1, 0, 2, 100, 1, 0, 3, '2018-07-11 16:17:26', '192.168.30.20', 0, '0000-00-00 00:00:00', ''),
(27, 20, 0, 2, 1, 5, 1, 0, 3, '2018-07-11 16:17:26', '192.168.30.20', 0, '0000-00-00 00:00:00', ''),
(28, 20, 0, 2, 4, 8, 1, 0, 3, '2018-07-11 16:17:26', '192.168.30.20', 0, '0000-00-00 00:00:00', ''),
(29, 21, 2, 0, 8, 100, 1, 0, 3, '2018-07-11 16:17:26', '192.168.30.20', 0, '0000-00-00 00:00:00', ''),
(30, 21, 0, 3, 1, 13, 1, 0, 3, '2018-07-11 16:17:26', '192.168.30.20', 0, '0000-00-00 00:00:00', ''),
(31, 21, 0, 3, 4, 10, 1, 0, 3, '2018-07-11 16:17:26', '192.168.30.20', 0, '0000-00-00 00:00:00', ''),
(32, 22, 2, 0, 8, 100, 1, 0, 3, '2018-07-11 16:17:26', '192.168.30.20', 0, '0000-00-00 00:00:00', ''),
(33, 22, 0, 3, 1, 13, 1, 0, 3, '2018-07-11 16:17:26', '192.168.30.20', 0, '0000-00-00 00:00:00', ''),
(34, 22, 0, 3, 4, 10, 1, 0, 3, '2018-07-11 16:17:26', '192.168.30.20', 0, '0000-00-00 00:00:00', ''),
(35, 23, 1, 0, 2, 100, 1, 0, 3, '2018-07-11 16:17:26', '192.168.30.20', 0, '0000-00-00 00:00:00', ''),
(36, 23, 0, 4, 2, 40, 1, 0, 3, '2018-07-11 16:17:26', '192.168.30.20', 0, '0000-00-00 00:00:00', ''),
(37, 23, 0, 4, 1, 8, 1, 0, 3, '2018-07-11 16:17:26', '192.168.30.20', 0, '0000-00-00 00:00:00', ''),
(38, 23, 0, 4, 3, 12, 1, 0, 3, '2018-07-11 16:17:26', '192.168.30.20', 0, '0000-00-00 00:00:00', '');

-- --------------------------------------------------------

--
-- Table structure for table `ft_user_menu_rights`
--

CREATE TABLE IF NOT EXISTS `ft_user_menu_rights` (
`id` int(12) NOT NULL,
  `user_id` int(12) NOT NULL,
  `link_id` int(12) NOT NULL,
  `parent_id` int(12) NOT NULL,
  `status` tinyint(1) NOT NULL DEFAULT '1',
  `is_delete` tinyint(1) NOT NULL DEFAULT '0',
  `created_by` int(12) NOT NULL,
  `created_ip` varchar(100) NOT NULL,
  `created_time` datetime NOT NULL,
  `modified_by` int(12) NOT NULL,
  `modified_ip` varchar(100) NOT NULL,
  `modified_time` datetime NOT NULL
) ENGINE=InnoDB AUTO_INCREMENT=2393 DEFAULT CHARSET=latin1;

--
-- Dumping data for table `ft_user_menu_rights`
--

INSERT INTO `ft_user_menu_rights` (`id`, `user_id`, `link_id`, `parent_id`, `status`, `is_delete`, `created_by`, `created_ip`, `created_time`, `modified_by`, `modified_ip`, `modified_time`) VALUES
(801, 17, 1, 0, 1, 0, 3, '103.36.122.212', '2018-02-01 09:27:25', 0, '', '0000-00-00 00:00:00'),
(802, 17, 2, 0, 1, 0, 3, '103.36.122.212', '2018-02-01 09:27:25', 0, '', '0000-00-00 00:00:00'),
(803, 17, 3, 0, 1, 0, 3, '103.36.122.212', '2018-02-01 09:27:25', 0, '', '0000-00-00 00:00:00'),
(804, 17, 4, 0, 1, 0, 3, '103.36.122.212', '2018-02-01 09:27:25', 0, '', '0000-00-00 00:00:00'),
(805, 17, 5, 0, 1, 0, 3, '103.36.122.212', '2018-02-01 09:27:25', 0, '', '0000-00-00 00:00:00'),
(806, 17, 6, 0, 1, 0, 3, '103.36.122.212', '2018-02-01 09:27:25', 0, '', '0000-00-00 00:00:00'),
(807, 17, 7, 0, 1, 0, 3, '103.36.122.212', '2018-02-01 09:27:25', 0, '', '0000-00-00 00:00:00'),
(808, 17, 8, 2, 1, 0, 3, '103.36.122.212', '2018-02-01 09:27:25', 0, '', '0000-00-00 00:00:00'),
(809, 17, 9, 2, 1, 0, 3, '103.36.122.212', '2018-02-01 09:27:25', 0, '', '0000-00-00 00:00:00'),
(810, 17, 10, 2, 1, 0, 3, '103.36.122.212', '2018-02-01 09:27:25', 0, '', '0000-00-00 00:00:00'),
(811, 17, 11, 2, 1, 0, 3, '103.36.122.212', '2018-02-01 09:27:25', 0, '', '0000-00-00 00:00:00'),
(812, 17, 12, 3, 1, 0, 3, '103.36.122.212', '2018-02-01 09:27:25', 0, '', '0000-00-00 00:00:00'),
(813, 17, 13, 3, 1, 0, 3, '103.36.122.212', '2018-02-01 09:27:25', 0, '', '0000-00-00 00:00:00'),
(814, 17, 14, 3, 1, 0, 3, '103.36.122.212', '2018-02-01 09:27:25', 0, '', '0000-00-00 00:00:00'),
(815, 17, 15, 3, 1, 0, 3, '103.36.122.212', '2018-02-01 09:27:25', 0, '', '0000-00-00 00:00:00'),
(816, 17, 16, 3, 1, 0, 3, '103.36.122.212', '2018-02-01 09:27:25', 0, '', '0000-00-00 00:00:00'),
(817, 17, 17, 4, 1, 0, 3, '103.36.122.212', '2018-02-01 09:27:25', 0, '', '0000-00-00 00:00:00'),
(818, 17, 18, 4, 1, 0, 3, '103.36.122.212', '2018-02-01 09:27:25', 0, '', '0000-00-00 00:00:00'),
(819, 17, 19, 4, 1, 0, 3, '103.36.122.212', '2018-02-01 09:27:25', 0, '', '0000-00-00 00:00:00'),
(820, 17, 20, 5, 1, 0, 3, '103.36.122.212', '2018-02-01 09:27:25', 0, '', '0000-00-00 00:00:00'),
(821, 17, 21, 5, 1, 0, 3, '103.36.122.212', '2018-02-01 09:27:25', 0, '', '0000-00-00 00:00:00'),
(822, 17, 22, 5, 1, 0, 3, '103.36.122.212', '2018-02-01 09:27:25', 0, '', '0000-00-00 00:00:00'),
(823, 17, 23, 5, 1, 0, 3, '103.36.122.212', '2018-02-01 09:27:25', 0, '', '0000-00-00 00:00:00'),
(824, 17, 35, 5, 1, 0, 3, '103.36.122.212', '2018-02-01 09:27:25', 0, '', '0000-00-00 00:00:00'),
(825, 17, 36, 5, 1, 0, 3, '103.36.122.212', '2018-02-01 09:27:25', 0, '', '0000-00-00 00:00:00'),
(826, 17, 32, 6, 1, 0, 3, '103.36.122.212', '2018-02-01 09:27:25', 0, '', '0000-00-00 00:00:00'),
(827, 17, 33, 6, 1, 0, 3, '103.36.122.212', '2018-02-01 09:27:25', 0, '', '0000-00-00 00:00:00'),
(828, 17, 34, 6, 1, 0, 3, '103.36.122.212', '2018-02-01 09:27:25', 0, '', '0000-00-00 00:00:00'),
(829, 17, 24, 7, 1, 0, 3, '103.36.122.212', '2018-02-01 09:27:25', 0, '', '0000-00-00 00:00:00'),
(830, 17, 25, 7, 1, 0, 3, '103.36.122.212', '2018-02-01 09:27:25', 0, '', '0000-00-00 00:00:00'),
(831, 17, 26, 7, 1, 0, 3, '103.36.122.212', '2018-02-01 09:27:25', 0, '', '0000-00-00 00:00:00'),
(832, 17, 27, 7, 1, 0, 3, '103.36.122.212', '2018-02-01 09:27:25', 0, '', '0000-00-00 00:00:00'),
(833, 17, 28, 7, 1, 0, 3, '103.36.122.212', '2018-02-01 09:27:25', 0, '', '0000-00-00 00:00:00'),
(834, 17, 29, 7, 1, 0, 3, '103.36.122.212', '2018-02-01 09:27:25', 0, '', '0000-00-00 00:00:00'),
(835, 17, 30, 7, 1, 0, 3, '103.36.122.212', '2018-02-01 09:27:25', 0, '', '0000-00-00 00:00:00'),
(836, 17, 37, 7, 1, 0, 3, '103.36.122.212', '2018-02-01 09:27:25', 0, '', '0000-00-00 00:00:00'),
(837, 17, 38, 7, 1, 0, 3, '103.36.122.212', '2018-02-01 09:27:25', 0, '', '0000-00-00 00:00:00'),
(838, 17, 39, 7, 1, 0, 3, '103.36.122.212', '2018-02-01 09:27:25', 0, '', '0000-00-00 00:00:00'),
(877, 2, 1, 0, 1, 0, 3, '192.168.30.20', '2018-02-03 10:03:42', 0, '', '0000-00-00 00:00:00'),
(878, 2, 2, 0, 1, 0, 3, '192.168.30.20', '2018-02-03 10:03:42', 0, '', '0000-00-00 00:00:00'),
(879, 2, 3, 0, 1, 0, 3, '192.168.30.20', '2018-02-03 10:03:42', 0, '', '0000-00-00 00:00:00'),
(880, 2, 4, 0, 1, 0, 3, '192.168.30.20', '2018-02-03 10:03:42', 0, '', '0000-00-00 00:00:00'),
(881, 2, 5, 0, 1, 0, 3, '192.168.30.20', '2018-02-03 10:03:42', 0, '', '0000-00-00 00:00:00'),
(882, 2, 6, 0, 1, 0, 3, '192.168.30.20', '2018-02-03 10:03:42', 0, '', '0000-00-00 00:00:00'),
(883, 2, 7, 0, 1, 0, 3, '192.168.30.20', '2018-02-03 10:03:42', 0, '', '0000-00-00 00:00:00'),
(884, 2, 8, 2, 1, 0, 3, '192.168.30.20', '2018-02-03 10:03:42', 0, '', '0000-00-00 00:00:00'),
(885, 2, 9, 2, 1, 0, 3, '192.168.30.20', '2018-02-03 10:03:42', 0, '', '0000-00-00 00:00:00'),
(886, 2, 10, 2, 1, 0, 3, '192.168.30.20', '2018-02-03 10:03:42', 0, '', '0000-00-00 00:00:00'),
(887, 2, 11, 2, 1, 0, 3, '192.168.30.20', '2018-02-03 10:03:42', 0, '', '0000-00-00 00:00:00'),
(888, 2, 12, 3, 1, 0, 3, '192.168.30.20', '2018-02-03 10:03:42', 0, '', '0000-00-00 00:00:00'),
(889, 2, 13, 3, 1, 0, 3, '192.168.30.20', '2018-02-03 10:03:42', 0, '', '0000-00-00 00:00:00'),
(890, 2, 14, 3, 1, 0, 3, '192.168.30.20', '2018-02-03 10:03:42', 0, '', '0000-00-00 00:00:00'),
(891, 2, 15, 3, 1, 0, 3, '192.168.30.20', '2018-02-03 10:03:42', 0, '', '0000-00-00 00:00:00'),
(892, 2, 16, 3, 1, 0, 3, '192.168.30.20', '2018-02-03 10:03:42', 0, '', '0000-00-00 00:00:00'),
(893, 2, 17, 4, 1, 0, 3, '192.168.30.20', '2018-02-03 10:03:42', 0, '', '0000-00-00 00:00:00'),
(894, 2, 18, 4, 1, 0, 3, '192.168.30.20', '2018-02-03 10:03:42', 0, '', '0000-00-00 00:00:00'),
(895, 2, 19, 4, 1, 0, 3, '192.168.30.20', '2018-02-03 10:03:42', 0, '', '0000-00-00 00:00:00'),
(896, 2, 20, 5, 1, 0, 3, '192.168.30.20', '2018-02-03 10:03:42', 0, '', '0000-00-00 00:00:00'),
(897, 2, 21, 5, 1, 0, 3, '192.168.30.20', '2018-02-03 10:03:42', 0, '', '0000-00-00 00:00:00'),
(898, 2, 22, 5, 1, 0, 3, '192.168.30.20', '2018-02-03 10:03:42', 0, '', '0000-00-00 00:00:00'),
(899, 2, 23, 5, 1, 0, 3, '192.168.30.20', '2018-02-03 10:03:42', 0, '', '0000-00-00 00:00:00'),
(900, 2, 35, 5, 1, 0, 3, '192.168.30.20', '2018-02-03 10:03:42', 0, '', '0000-00-00 00:00:00'),
(901, 2, 36, 5, 1, 0, 3, '192.168.30.20', '2018-02-03 10:03:42', 0, '', '0000-00-00 00:00:00'),
(902, 2, 26, 6, 1, 0, 3, '192.168.30.20', '2018-02-03 10:03:42', 0, '', '0000-00-00 00:00:00'),
(903, 2, 32, 6, 1, 0, 3, '192.168.30.20', '2018-02-03 10:03:42', 0, '', '0000-00-00 00:00:00'),
(904, 2, 33, 6, 1, 0, 3, '192.168.30.20', '2018-02-03 10:03:42', 0, '', '0000-00-00 00:00:00'),
(905, 2, 34, 6, 1, 0, 3, '192.168.30.20', '2018-02-03 10:03:42', 0, '', '0000-00-00 00:00:00'),
(906, 2, 24, 7, 1, 0, 3, '192.168.30.20', '2018-02-03 10:03:42', 0, '', '0000-00-00 00:00:00'),
(907, 2, 25, 7, 1, 0, 3, '192.168.30.20', '2018-02-03 10:03:42', 0, '', '0000-00-00 00:00:00'),
(908, 2, 27, 7, 1, 0, 3, '192.168.30.20', '2018-02-03 10:03:42', 0, '', '0000-00-00 00:00:00'),
(909, 2, 28, 7, 1, 0, 3, '192.168.30.20', '2018-02-03 10:03:42', 0, '', '0000-00-00 00:00:00'),
(910, 2, 29, 7, 1, 0, 3, '192.168.30.20', '2018-02-03 10:03:42', 0, '', '0000-00-00 00:00:00'),
(911, 2, 30, 7, 1, 0, 3, '192.168.30.20', '2018-02-03 10:03:42', 0, '', '0000-00-00 00:00:00'),
(912, 2, 37, 7, 1, 0, 3, '192.168.30.20', '2018-02-03 10:03:42', 0, '', '0000-00-00 00:00:00'),
(913, 2, 38, 7, 1, 0, 3, '192.168.30.20', '2018-02-03 10:03:42', 0, '', '0000-00-00 00:00:00'),
(914, 2, 39, 7, 1, 0, 3, '192.168.30.20', '2018-02-03 10:03:42', 0, '', '0000-00-00 00:00:00'),
(953, 4, 1, 0, 1, 0, 3, '192.168.30.20', '2018-02-03 10:04:39', 0, '', '0000-00-00 00:00:00'),
(954, 4, 2, 0, 1, 0, 3, '192.168.30.20', '2018-02-03 10:04:39', 0, '', '0000-00-00 00:00:00'),
(955, 4, 3, 0, 1, 0, 3, '192.168.30.20', '2018-02-03 10:04:39', 0, '', '0000-00-00 00:00:00'),
(956, 4, 4, 0, 1, 0, 3, '192.168.30.20', '2018-02-03 10:04:39', 0, '', '0000-00-00 00:00:00'),
(957, 4, 5, 0, 1, 0, 3, '192.168.30.20', '2018-02-03 10:04:39', 0, '', '0000-00-00 00:00:00'),
(958, 4, 6, 0, 1, 0, 3, '192.168.30.20', '2018-02-03 10:04:39', 0, '', '0000-00-00 00:00:00'),
(959, 4, 7, 0, 1, 0, 3, '192.168.30.20', '2018-02-03 10:04:39', 0, '', '0000-00-00 00:00:00'),
(960, 4, 8, 2, 1, 0, 3, '192.168.30.20', '2018-02-03 10:04:39', 0, '', '0000-00-00 00:00:00'),
(961, 4, 9, 2, 1, 0, 3, '192.168.30.20', '2018-02-03 10:04:39', 0, '', '0000-00-00 00:00:00'),
(962, 4, 10, 2, 1, 0, 3, '192.168.30.20', '2018-02-03 10:04:39', 0, '', '0000-00-00 00:00:00'),
(963, 4, 11, 2, 1, 0, 3, '192.168.30.20', '2018-02-03 10:04:39', 0, '', '0000-00-00 00:00:00'),
(964, 4, 12, 3, 1, 0, 3, '192.168.30.20', '2018-02-03 10:04:39', 0, '', '0000-00-00 00:00:00'),
(965, 4, 13, 3, 1, 0, 3, '192.168.30.20', '2018-02-03 10:04:39', 0, '', '0000-00-00 00:00:00'),
(966, 4, 14, 3, 1, 0, 3, '192.168.30.20', '2018-02-03 10:04:39', 0, '', '0000-00-00 00:00:00'),
(967, 4, 15, 3, 1, 0, 3, '192.168.30.20', '2018-02-03 10:04:39', 0, '', '0000-00-00 00:00:00'),
(968, 4, 16, 3, 1, 0, 3, '192.168.30.20', '2018-02-03 10:04:39', 0, '', '0000-00-00 00:00:00'),
(969, 4, 17, 4, 1, 0, 3, '192.168.30.20', '2018-02-03 10:04:39', 0, '', '0000-00-00 00:00:00'),
(970, 4, 18, 4, 1, 0, 3, '192.168.30.20', '2018-02-03 10:04:39', 0, '', '0000-00-00 00:00:00'),
(971, 4, 19, 4, 1, 0, 3, '192.168.30.20', '2018-02-03 10:04:39', 0, '', '0000-00-00 00:00:00'),
(972, 4, 20, 5, 1, 0, 3, '192.168.30.20', '2018-02-03 10:04:39', 0, '', '0000-00-00 00:00:00'),
(973, 4, 21, 5, 1, 0, 3, '192.168.30.20', '2018-02-03 10:04:39', 0, '', '0000-00-00 00:00:00'),
(974, 4, 22, 5, 1, 0, 3, '192.168.30.20', '2018-02-03 10:04:39', 0, '', '0000-00-00 00:00:00'),
(975, 4, 23, 5, 1, 0, 3, '192.168.30.20', '2018-02-03 10:04:39', 0, '', '0000-00-00 00:00:00'),
(976, 4, 35, 5, 1, 0, 3, '192.168.30.20', '2018-02-03 10:04:39', 0, '', '0000-00-00 00:00:00'),
(977, 4, 36, 5, 1, 0, 3, '192.168.30.20', '2018-02-03 10:04:39', 0, '', '0000-00-00 00:00:00'),
(978, 4, 26, 6, 1, 0, 3, '192.168.30.20', '2018-02-03 10:04:39', 0, '', '0000-00-00 00:00:00'),
(979, 4, 32, 6, 1, 0, 3, '192.168.30.20', '2018-02-03 10:04:39', 0, '', '0000-00-00 00:00:00'),
(980, 4, 33, 6, 1, 0, 3, '192.168.30.20', '2018-02-03 10:04:39', 0, '', '0000-00-00 00:00:00'),
(981, 4, 34, 6, 1, 0, 3, '192.168.30.20', '2018-02-03 10:04:39', 0, '', '0000-00-00 00:00:00'),
(982, 4, 24, 7, 1, 0, 3, '192.168.30.20', '2018-02-03 10:04:39', 0, '', '0000-00-00 00:00:00'),
(983, 4, 25, 7, 1, 0, 3, '192.168.30.20', '2018-02-03 10:04:39', 0, '', '0000-00-00 00:00:00'),
(984, 4, 27, 7, 1, 0, 3, '192.168.30.20', '2018-02-03 10:04:39', 0, '', '0000-00-00 00:00:00'),
(985, 4, 28, 7, 1, 0, 3, '192.168.30.20', '2018-02-03 10:04:39', 0, '', '0000-00-00 00:00:00'),
(986, 4, 29, 7, 1, 0, 3, '192.168.30.20', '2018-02-03 10:04:39', 0, '', '0000-00-00 00:00:00'),
(987, 4, 30, 7, 1, 0, 3, '192.168.30.20', '2018-02-03 10:04:39', 0, '', '0000-00-00 00:00:00'),
(988, 4, 37, 7, 1, 0, 3, '192.168.30.20', '2018-02-03 10:04:39', 0, '', '0000-00-00 00:00:00'),
(989, 4, 38, 7, 1, 0, 3, '192.168.30.20', '2018-02-03 10:04:39', 0, '', '0000-00-00 00:00:00'),
(990, 4, 39, 7, 1, 0, 3, '192.168.30.20', '2018-02-03 10:04:39', 0, '', '0000-00-00 00:00:00'),
(1195, 18, 1, 0, 1, 0, 3, '192.168.30.20', '2018-02-03 10:42:21', 0, '', '0000-00-00 00:00:00'),
(1196, 18, 2, 0, 1, 0, 3, '192.168.30.20', '2018-02-03 10:42:21', 0, '', '0000-00-00 00:00:00'),
(1197, 18, 3, 0, 1, 0, 3, '192.168.30.20', '2018-02-03 10:42:21', 0, '', '0000-00-00 00:00:00'),
(1198, 18, 4, 0, 1, 0, 3, '192.168.30.20', '2018-02-03 10:42:21', 0, '', '0000-00-00 00:00:00'),
(1199, 18, 5, 0, 1, 0, 3, '192.168.30.20', '2018-02-03 10:42:21', 0, '', '0000-00-00 00:00:00'),
(1200, 18, 6, 0, 1, 0, 3, '192.168.30.20', '2018-02-03 10:42:21', 0, '', '0000-00-00 00:00:00'),
(1201, 18, 7, 0, 1, 0, 3, '192.168.30.20', '2018-02-03 10:42:21', 0, '', '0000-00-00 00:00:00'),
(1862, 5, 1, 0, 1, 0, 3, '192.168.30.20', '2018-02-05 09:47:28', 0, '', '0000-00-00 00:00:00'),
(1863, 5, 2, 0, 1, 0, 3, '192.168.30.20', '2018-02-05 09:47:28', 0, '', '0000-00-00 00:00:00'),
(1864, 5, 3, 0, 1, 0, 3, '192.168.30.20', '2018-02-05 09:47:28', 0, '', '0000-00-00 00:00:00'),
(1865, 5, 4, 0, 1, 0, 3, '192.168.30.20', '2018-02-05 09:47:28', 0, '', '0000-00-00 00:00:00'),
(1866, 5, 5, 0, 1, 0, 3, '192.168.30.20', '2018-02-05 09:47:28', 0, '', '0000-00-00 00:00:00'),
(1867, 5, 6, 0, 1, 0, 3, '192.168.30.20', '2018-02-05 09:47:28', 0, '', '0000-00-00 00:00:00'),
(1868, 5, 7, 0, 1, 0, 3, '192.168.30.20', '2018-02-05 09:47:28', 0, '', '0000-00-00 00:00:00'),
(2263, 3, 1, 0, 1, 0, 3, '192.168.30.20', '2018-06-06 12:51:28', 0, '', '0000-00-00 00:00:00'),
(2264, 3, 2, 0, 1, 0, 3, '192.168.30.20', '2018-06-06 12:51:28', 0, '', '0000-00-00 00:00:00'),
(2265, 3, 3, 0, 1, 0, 3, '192.168.30.20', '2018-06-06 12:51:28', 0, '', '0000-00-00 00:00:00'),
(2266, 3, 4, 0, 1, 0, 3, '192.168.30.20', '2018-06-06 12:51:28', 0, '', '0000-00-00 00:00:00'),
(2267, 3, 5, 0, 1, 0, 3, '192.168.30.20', '2018-06-06 12:51:28', 0, '', '0000-00-00 00:00:00'),
(2268, 3, 6, 0, 1, 0, 3, '192.168.30.20', '2018-06-06 12:51:28', 0, '', '0000-00-00 00:00:00'),
(2269, 3, 7, 0, 1, 0, 3, '192.168.30.20', '2018-06-06 12:51:28', 0, '', '0000-00-00 00:00:00'),
(2270, 3, 8, 2, 1, 0, 3, '192.168.30.20', '2018-06-06 12:51:28', 0, '', '0000-00-00 00:00:00'),
(2271, 3, 9, 2, 1, 0, 3, '192.168.30.20', '2018-06-06 12:51:28', 0, '', '0000-00-00 00:00:00'),
(2272, 3, 10, 2, 1, 0, 3, '192.168.30.20', '2018-06-06 12:51:28', 0, '', '0000-00-00 00:00:00'),
(2273, 3, 11, 2, 1, 0, 3, '192.168.30.20', '2018-06-06 12:51:28', 0, '', '0000-00-00 00:00:00'),
(2274, 3, 12, 3, 1, 0, 3, '192.168.30.20', '2018-06-06 12:51:28', 0, '', '0000-00-00 00:00:00'),
(2275, 3, 13, 3, 1, 0, 3, '192.168.30.20', '2018-06-06 12:51:28', 0, '', '0000-00-00 00:00:00'),
(2276, 3, 14, 3, 1, 0, 3, '192.168.30.20', '2018-06-06 12:51:28', 0, '', '0000-00-00 00:00:00'),
(2277, 3, 15, 3, 1, 0, 3, '192.168.30.20', '2018-06-06 12:51:28', 0, '', '0000-00-00 00:00:00'),
(2278, 3, 16, 3, 1, 0, 3, '192.168.30.20', '2018-06-06 12:51:28', 0, '', '0000-00-00 00:00:00'),
(2279, 3, 41, 3, 1, 0, 3, '192.168.30.20', '2018-06-06 12:51:28', 0, '', '0000-00-00 00:00:00'),
(2280, 3, 42, 3, 1, 0, 3, '192.168.30.20', '2018-06-06 12:51:28', 0, '', '0000-00-00 00:00:00'),
(2281, 3, 43, 3, 1, 0, 3, '192.168.30.20', '2018-06-06 12:51:28', 0, '', '0000-00-00 00:00:00'),
(2282, 3, 44, 41, 1, 0, 3, '192.168.30.20', '2018-06-06 12:51:28', 0, '', '0000-00-00 00:00:00'),
(2283, 3, 45, 41, 1, 0, 3, '192.168.30.20', '2018-06-06 12:51:28', 0, '', '0000-00-00 00:00:00'),
(2284, 3, 17, 4, 1, 0, 3, '192.168.30.20', '2018-06-06 12:51:28', 0, '', '0000-00-00 00:00:00'),
(2285, 3, 18, 4, 1, 0, 3, '192.168.30.20', '2018-06-06 12:51:28', 0, '', '0000-00-00 00:00:00'),
(2286, 3, 19, 4, 1, 0, 3, '192.168.30.20', '2018-06-06 12:51:28', 0, '', '0000-00-00 00:00:00'),
(2287, 3, 20, 5, 1, 0, 3, '192.168.30.20', '2018-06-06 12:51:28', 0, '', '0000-00-00 00:00:00'),
(2288, 3, 21, 5, 1, 0, 3, '192.168.30.20', '2018-06-06 12:51:28', 0, '', '0000-00-00 00:00:00'),
(2289, 3, 22, 5, 1, 0, 3, '192.168.30.20', '2018-06-06 12:51:28', 0, '', '0000-00-00 00:00:00'),
(2290, 3, 23, 5, 1, 0, 3, '192.168.30.20', '2018-06-06 12:51:28', 0, '', '0000-00-00 00:00:00'),
(2291, 3, 35, 5, 1, 0, 3, '192.168.30.20', '2018-06-06 12:51:28', 0, '', '0000-00-00 00:00:00'),
(2292, 3, 36, 5, 1, 0, 3, '192.168.30.20', '2018-06-06 12:51:28', 0, '', '0000-00-00 00:00:00'),
(2293, 3, 26, 6, 1, 0, 3, '192.168.30.20', '2018-06-06 12:51:28', 0, '', '0000-00-00 00:00:00'),
(2294, 3, 32, 6, 1, 0, 3, '192.168.30.20', '2018-06-06 12:51:28', 0, '', '0000-00-00 00:00:00'),
(2295, 3, 33, 6, 1, 0, 3, '192.168.30.20', '2018-06-06 12:51:28', 0, '', '0000-00-00 00:00:00'),
(2296, 3, 34, 6, 1, 0, 3, '192.168.30.20', '2018-06-06 12:51:28', 0, '', '0000-00-00 00:00:00'),
(2297, 3, 24, 7, 1, 0, 3, '192.168.30.20', '2018-06-06 12:51:28', 0, '', '0000-00-00 00:00:00'),
(2298, 3, 25, 7, 1, 0, 3, '192.168.30.20', '2018-06-06 12:51:28', 0, '', '0000-00-00 00:00:00'),
(2299, 3, 27, 7, 1, 0, 3, '192.168.30.20', '2018-06-06 12:51:28', 0, '', '0000-00-00 00:00:00'),
(2300, 3, 28, 7, 1, 0, 3, '192.168.30.20', '2018-06-06 12:51:28', 0, '', '0000-00-00 00:00:00'),
(2301, 3, 29, 7, 1, 0, 3, '192.168.30.20', '2018-06-06 12:51:28', 0, '', '0000-00-00 00:00:00'),
(2302, 3, 30, 7, 1, 0, 3, '192.168.30.20', '2018-06-06 12:51:28', 0, '', '0000-00-00 00:00:00'),
(2303, 3, 37, 7, 1, 0, 3, '192.168.30.20', '2018-06-06 12:51:28', 0, '', '0000-00-00 00:00:00'),
(2304, 3, 38, 7, 1, 0, 3, '192.168.30.20', '2018-06-06 12:51:28', 0, '', '0000-00-00 00:00:00'),
(2305, 3, 39, 7, 1, 0, 3, '192.168.30.20', '2018-06-06 12:51:28', 0, '', '0000-00-00 00:00:00'),
(2306, 3, 40, 7, 1, 0, 3, '192.168.30.20', '2018-06-06 12:51:28', 0, '', '0000-00-00 00:00:00'),
(2349, 1, 1, 0, 1, 0, 1, '192.168.30.20', '2018-06-06 15:12:21', 0, '', '0000-00-00 00:00:00'),
(2350, 1, 2, 0, 1, 0, 1, '192.168.30.20', '2018-06-06 15:12:21', 0, '', '0000-00-00 00:00:00'),
(2351, 1, 3, 0, 1, 0, 1, '192.168.30.20', '2018-06-06 15:12:21', 0, '', '0000-00-00 00:00:00'),
(2352, 1, 4, 0, 1, 0, 1, '192.168.30.20', '2018-06-06 15:12:21', 0, '', '0000-00-00 00:00:00'),
(2353, 1, 5, 0, 1, 0, 1, '192.168.30.20', '2018-06-06 15:12:21', 0, '', '0000-00-00 00:00:00'),
(2354, 1, 6, 0, 1, 0, 1, '192.168.30.20', '2018-06-06 15:12:21', 0, '', '0000-00-00 00:00:00'),
(2355, 1, 7, 0, 1, 0, 1, '192.168.30.20', '2018-06-06 15:12:21', 0, '', '0000-00-00 00:00:00'),
(2356, 1, 8, 2, 1, 0, 1, '192.168.30.20', '2018-06-06 15:12:21', 0, '', '0000-00-00 00:00:00'),
(2357, 1, 9, 2, 1, 0, 1, '192.168.30.20', '2018-06-06 15:12:21', 0, '', '0000-00-00 00:00:00'),
(2358, 1, 10, 2, 1, 0, 1, '192.168.30.20', '2018-06-06 15:12:21', 0, '', '0000-00-00 00:00:00'),
(2359, 1, 11, 2, 1, 0, 1, '192.168.30.20', '2018-06-06 15:12:21', 0, '', '0000-00-00 00:00:00'),
(2360, 1, 12, 3, 1, 0, 1, '192.168.30.20', '2018-06-06 15:12:21', 0, '', '0000-00-00 00:00:00'),
(2361, 1, 13, 3, 1, 0, 1, '192.168.30.20', '2018-06-06 15:12:21', 0, '', '0000-00-00 00:00:00'),
(2362, 1, 14, 3, 1, 0, 1, '192.168.30.20', '2018-06-06 15:12:21', 0, '', '0000-00-00 00:00:00'),
(2363, 1, 15, 3, 1, 0, 1, '192.168.30.20', '2018-06-06 15:12:21', 0, '', '0000-00-00 00:00:00'),
(2364, 1, 16, 3, 1, 0, 1, '192.168.30.20', '2018-06-06 15:12:21', 0, '', '0000-00-00 00:00:00'),
(2365, 1, 41, 3, 1, 0, 1, '192.168.30.20', '2018-06-06 15:12:21', 0, '', '0000-00-00 00:00:00'),
(2366, 1, 42, 3, 1, 0, 1, '192.168.30.20', '2018-06-06 15:12:21', 0, '', '0000-00-00 00:00:00'),
(2367, 1, 43, 3, 1, 0, 1, '192.168.30.20', '2018-06-06 15:12:21', 0, '', '0000-00-00 00:00:00'),
(2368, 1, 44, 41, 1, 0, 1, '192.168.30.20', '2018-06-06 15:12:21', 0, '', '0000-00-00 00:00:00'),
(2369, 1, 45, 41, 1, 0, 1, '192.168.30.20', '2018-06-06 15:12:21', 0, '', '0000-00-00 00:00:00'),
(2370, 1, 17, 4, 1, 0, 1, '192.168.30.20', '2018-06-06 15:12:21', 0, '', '0000-00-00 00:00:00'),
(2371, 1, 18, 4, 1, 0, 1, '192.168.30.20', '2018-06-06 15:12:21', 0, '', '0000-00-00 00:00:00'),
(2372, 1, 19, 4, 1, 0, 1, '192.168.30.20', '2018-06-06 15:12:21', 0, '', '0000-00-00 00:00:00'),
(2373, 1, 20, 5, 1, 0, 1, '192.168.30.20', '2018-06-06 15:12:21', 0, '', '0000-00-00 00:00:00'),
(2374, 1, 21, 5, 1, 0, 1, '192.168.30.20', '2018-06-06 15:12:21', 0, '', '0000-00-00 00:00:00'),
(2375, 1, 22, 5, 1, 0, 1, '192.168.30.20', '2018-06-06 15:12:21', 0, '', '0000-00-00 00:00:00'),
(2376, 1, 23, 5, 1, 0, 1, '192.168.30.20', '2018-06-06 15:12:21', 0, '', '0000-00-00 00:00:00'),
(2377, 1, 35, 5, 1, 0, 1, '192.168.30.20', '2018-06-06 15:12:21', 0, '', '0000-00-00 00:00:00'),
(2378, 1, 36, 5, 1, 0, 1, '192.168.30.20', '2018-06-06 15:12:21', 0, '', '0000-00-00 00:00:00'),
(2379, 1, 26, 6, 1, 0, 1, '192.168.30.20', '2018-06-06 15:12:21', 0, '', '0000-00-00 00:00:00'),
(2380, 1, 32, 6, 1, 0, 1, '192.168.30.20', '2018-06-06 15:12:21', 0, '', '0000-00-00 00:00:00'),
(2381, 1, 33, 6, 1, 0, 1, '192.168.30.20', '2018-06-06 15:12:21', 0, '', '0000-00-00 00:00:00'),
(2382, 1, 34, 6, 1, 0, 1, '192.168.30.20', '2018-06-06 15:12:21', 0, '', '0000-00-00 00:00:00'),
(2383, 1, 24, 7, 1, 0, 1, '192.168.30.20', '2018-06-06 15:12:21', 0, '', '0000-00-00 00:00:00'),
(2384, 1, 25, 7, 1, 0, 1, '192.168.30.20', '2018-06-06 15:12:21', 0, '', '0000-00-00 00:00:00'),
(2385, 1, 27, 7, 1, 0, 1, '192.168.30.20', '2018-06-06 15:12:21', 0, '', '0000-00-00 00:00:00'),
(2386, 1, 28, 7, 1, 0, 1, '192.168.30.20', '2018-06-06 15:12:21', 0, '', '0000-00-00 00:00:00'),
(2387, 1, 29, 7, 1, 0, 1, '192.168.30.20', '2018-06-06 15:12:21', 0, '', '0000-00-00 00:00:00'),
(2388, 1, 30, 7, 1, 0, 1, '192.168.30.20', '2018-06-06 15:12:21', 0, '', '0000-00-00 00:00:00'),
(2389, 1, 37, 7, 1, 0, 1, '192.168.30.20', '2018-06-06 15:12:21', 0, '', '0000-00-00 00:00:00'),
(2390, 1, 38, 7, 1, 0, 1, '192.168.30.20', '2018-06-06 15:12:21', 0, '', '0000-00-00 00:00:00'),
(2391, 1, 39, 7, 1, 0, 1, '192.168.30.20', '2018-06-06 15:12:21', 0, '', '0000-00-00 00:00:00'),
(2392, 1, 40, 7, 1, 0, 1, '192.168.30.20', '2018-06-06 15:12:21', 0, '', '0000-00-00 00:00:00');

-- --------------------------------------------------------

--
-- Table structure for table `history`
--

CREATE TABLE IF NOT EXISTS `history` (
`id` int(15) NOT NULL,
  `branch_id` int(15) NOT NULL DEFAULT '0',
  `updated` varchar(20) DEFAULT NULL,
  `oldvalue` text,
  `newvalue` text
) ENGINE=InnoDB DEFAULT CHARSET=latin1;

-- --------------------------------------------------------

--
-- Table structure for table `menu_master`
--

CREATE TABLE IF NOT EXISTS `menu_master` (
`link_id` int(8) NOT NULL,
  `link_text` varchar(60) NOT NULL,
  `link_page` varchar(60) NOT NULL,
  `class` varchar(50) NOT NULL,
  `parent_id` int(8) NOT NULL,
  `status` int(1) NOT NULL DEFAULT '1' COMMENT '0=deactive ,1=active',
  `is_delete` tinyint(1) NOT NULL DEFAULT '0',
  `sort_order` int(8) NOT NULL
) ENGINE=InnoDB AUTO_INCREMENT=46 DEFAULT CHARSET=latin1;

--
-- Dumping data for table `menu_master`
--

INSERT INTO `menu_master` (`link_id`, `link_text`, `link_page`, `class`, `parent_id`, `status`, `is_delete`, `sort_order`) VALUES
(1, 'Import', 'import.php', 'fa fa-download', 0, 1, 0, 1),
(2, 'Commissions', '#', 'fa fa-inr', 0, 1, 0, 2),
(3, 'Payroll', '#', 'fa fa-list-alt', 0, 1, 0, 3),
(4, 'Reporting', '#', 'fa fa-comments-o', 0, 1, 0, 4),
(5, 'Administration', '#', 'fa fa-user-plus', 0, 1, 0, 5),
(6, ' Compilance', '#', 'fa fa-file-code-o', 0, 1, 0, 6),
(7, 'Supervisor', '#', 'fa fa-angle-down', 0, 1, 0, 7),
(8, 'New Transactions', 'transaction.php?action=add', '', 2, 1, 0, 2),
(9, 'Batches', 'batches.php', '', 2, 1, 0, 1),
(10, 'Maintain Transactions', 'transaction.php', '', 2, 1, 0, 3),
(11, 'Reports', 'report.php', '', 2, 1, 0, 4),
(12, 'Upload', 'upload_payroll.php', '', 3, 1, 0, 1),
(13, 'Calculate', 'calculate_payrolls.php', '', 3, 1, 0, 2),
(14, 'Maintain Payable Transactions', 'review_payroll.php', '', 3, 1, 0, 3),
(15, 'Publish/Review Reports', 'publish_payroll.php', '', 3, 1, 0, 4),
(16, 'Close', 'upload_payroll.php?action=payroll_close', '', 3, 1, 0, 5),
(17, 'Sales Reporting', '#', '', 4, 1, 0, 1),
(18, 'Transaction History', '#', '', 4, 1, 0, 2),
(19, 'Reporting Designer ', '#', '', 4, 1, 0, 3),
(20, 'MultI-Company Maintenance', 'manage_multicompany.php', '', 5, 1, 0, 1),
(21, 'Branch Maintenance', 'branch_maintenance.php', '', 5, 1, 0, 2),
(22, 'Broker Maintenance', 'manage_broker.php', '', 5, 1, 0, 3),
(23, 'Client Maintenance', 'client_maintenance.php', '', 5, 1, 0, 4),
(24, 'User Profile', 'user_profile.php', '', 7, 1, 0, 1),
(25, 'Data Interfaces', 'data_interface.php', '', 7, 1, 0, 2),
(26, 'OFAC/FINCEN SCAN', 'of_fi.php', '', 6, 1, 0, 4),
(27, 'Client Reassignment ', 'client_ress.php', '', 7, 1, 0, 4),
(28, 'Account Type Maintenance ', 'account_type.php', '', 7, 1, 0, 5),
(29, 'Product Category Maintanance  ', 'product_category_maintenance.php', '', 7, 1, 0, 6),
(30, 'System Configuration ', 'system_config.php', '', 7, 1, 0, 12),
(31, 'Rebuild Data File', '#', '', 7, 1, 1, 7),
(32, 'Rules Engine', 'rules_engine.php', '', 6, 1, 0, 1),
(33, 'Licensing ', '#', '', 6, 1, 0, 2),
(34, 'Report', '#', '', 6, 1, 0, 3),
(35, 'Sponsor Maintenance', 'manage_sponsor.php', '', 5, 1, 0, 5),
(36, 'Product Maintenance', 'product_cate.php', '', 5, 1, 0, 6),
(37, 'Client Suitability', 'client_suitability.php', '', 7, 1, 0, 8),
(38, 'Payroll Adjustment Category Maintenance', 'payroll_adjustment.php', '', 7, 1, 0, 9),
(39, 'Broker Documents', 'broker_documents_maintain.php', '', 7, 1, 0, 10),
(40, 'Payout Schedule', 'payout_schedule_master.php', '', 7, 1, 0, 11),
(41, 'Adjustments', '#', '', 3, 1, 0, 6),
(42, 'Prior Payrolls', 'maintain_prior_payrolls.php', '', 3, 1, 0, 7),
(43, 'Balances', 'maintain_broker_balances.php', '', 3, 1, 0, 8),
(44, 'Maintain Adjustments', 'maintain_adjustments.php', '', 41, 1, 0, 1),
(45, 'Upload Adjustments', 'upload_adjustments.php', '', 41, 1, 0, 2);

-- --------------------------------------------------------

--
-- Table structure for table `product_category_1`
--

CREATE TABLE IF NOT EXISTS `product_category_1` (
`id` int(12) NOT NULL,
  `category` int(12) DEFAULT NULL,
  `name` varchar(100) DEFAULT NULL,
  `sponsor` varchar(100) DEFAULT NULL,
  `ticker_symbol` varchar(100) DEFAULT NULL,
  `cusip` varchar(100) DEFAULT NULL,
  `security` varchar(100) DEFAULT NULL,
  `receive` tinyint(1) NOT NULL DEFAULT '0',
  `income` varchar(100) DEFAULT NULL,
  `networth` varchar(100) DEFAULT NULL,
  `networthonly` varchar(100) DEFAULT NULL,
  `minimum_investment` varchar(100) DEFAULT NULL,
  `minimum_offer` varchar(100) DEFAULT NULL,
  `maximum_offer` varchar(100) DEFAULT NULL,
  `objective` varchar(100) DEFAULT NULL,
  `non_commissionable` tinyint(1) NOT NULL DEFAULT '0',
  `class_type` varchar(100) DEFAULT NULL,
  `fund_code` varchar(100) DEFAULT NULL,
  `sweep_fee` tinyint(1) NOT NULL DEFAULT '0',
  `ria_specific` varchar(100) DEFAULT NULL,
  `ria_specific_type` varchar(100) DEFAULT NULL,
  `based` varchar(100) DEFAULT NULL,
  `fee_rate` varchar(100) DEFAULT NULL,
  `st_bo` varchar(100) DEFAULT NULL,
  `m_date` date DEFAULT NULL,
  `type` varchar(100) DEFAULT NULL,
  `var` varchar(100) DEFAULT NULL,
  `reg_type` varchar(100) DEFAULT NULL,
  `status` tinyint(1) NOT NULL DEFAULT '1',
  `is_delete` tinyint(1) NOT NULL DEFAULT '0',
  `created_by` int(12) DEFAULT NULL,
  `created_time` datetime DEFAULT NULL,
  `created_ip` varchar(100) DEFAULT NULL,
  `modified_by` int(12) DEFAULT NULL,
  `modified_time` datetime DEFAULT NULL,
  `modified_ip` varchar(100) DEFAULT NULL
) ENGINE=InnoDB AUTO_INCREMENT=4 DEFAULT CHARSET=latin1;

--
-- Dumping data for table `product_category_1`
--

INSERT INTO `product_category_1` (`id`, `category`, `name`, `sponsor`, `ticker_symbol`, `cusip`, `security`, `receive`, `income`, `networth`, `networthonly`, `minimum_investment`, `minimum_offer`, `maximum_offer`, `objective`, `non_commissionable`, `class_type`, `fund_code`, `sweep_fee`, `ria_specific`, `ria_specific_type`, `based`, `fee_rate`, `st_bo`, `m_date`, `type`, `var`, `reg_type`, `status`, `is_delete`, `created_by`, `created_time`, `created_ip`, `modified_by`, `modified_time`, `modified_ip`) VALUES
(1, 1, 'product for cusip', '2', '', '30293E102', '', 0, '', '', '', '', '', '', '', 0, '', '', 0, '', '', '', '', '', '0000-00-00', '', '', '', 1, 0, 3, '2018-04-26 16:04:58', '192.168.30.30', NULL, NULL, NULL),
(2, 1, 'product for cusip2', '1', '', '30293E102', '', 0, '', '', '', '', '', '', '', 0, '', '', 0, '', '', '', '', '', '0000-00-00', '', '', '', 1, 0, 3, '2018-04-26 16:28:33', '192.168.30.30', NULL, NULL, NULL),
(3, 1, 'PRODUCT TEST', '2', 'ITHAX', '416645406', '', 0, '', '', '', '', '', '', '', 0, '', '0000214', 0, '', '', '', '', '', '0000-00-00', '', '', '', 1, 0, 3, '2018-04-27 11:26:11', '192.168.30.20', 3, '2018-05-17 17:51:17', '192.168.30.20');

-- --------------------------------------------------------

--
-- Table structure for table `product_category_2`
--

CREATE TABLE IF NOT EXISTS `product_category_2` (
`id` int(12) NOT NULL,
  `category` int(12) DEFAULT NULL,
  `name` varchar(100) DEFAULT NULL,
  `sponsor` varchar(100) DEFAULT NULL,
  `ticker_symbol` varchar(100) DEFAULT NULL,
  `cusip` varchar(100) DEFAULT NULL,
  `security` varchar(100) DEFAULT NULL,
  `receive` tinyint(1) NOT NULL DEFAULT '0',
  `income` varchar(100) DEFAULT NULL,
  `networth` varchar(100) DEFAULT NULL,
  `networthonly` varchar(100) DEFAULT NULL,
  `minimum_investment` varchar(100) DEFAULT NULL,
  `minimum_offer` varchar(100) DEFAULT NULL,
  `maximum_offer` varchar(100) DEFAULT NULL,
  `objective` varchar(100) DEFAULT NULL,
  `non_commissionable` tinyint(1) NOT NULL DEFAULT '0',
  `class_type` varchar(100) DEFAULT NULL,
  `fund_code` varchar(100) DEFAULT NULL,
  `sweep_fee` tinyint(1) NOT NULL DEFAULT '0',
  `ria_specific` varchar(100) DEFAULT NULL,
  `ria_specific_type` varchar(100) DEFAULT NULL,
  `based` varchar(100) DEFAULT NULL,
  `fee_rate` varchar(100) DEFAULT NULL,
  `st_bo` varchar(100) DEFAULT NULL,
  `m_date` date DEFAULT NULL,
  `type` varchar(100) DEFAULT NULL,
  `var` varchar(100) DEFAULT NULL,
  `reg_type` varchar(100) DEFAULT NULL,
  `status` tinyint(1) NOT NULL DEFAULT '1',
  `is_delete` tinyint(1) NOT NULL DEFAULT '0',
  `created_by` int(12) DEFAULT NULL,
  `created_time` datetime DEFAULT NULL,
  `created_ip` varchar(100) DEFAULT NULL,
  `modified_by` int(12) DEFAULT NULL,
  `modified_time` datetime DEFAULT NULL,
  `modified_ip` varchar(100) DEFAULT NULL
) ENGINE=InnoDB AUTO_INCREMENT=3 DEFAULT CHARSET=latin1;

--
-- Dumping data for table `product_category_2`
--

INSERT INTO `product_category_2` (`id`, `category`, `name`, `sponsor`, `ticker_symbol`, `cusip`, `security`, `receive`, `income`, `networth`, `networthonly`, `minimum_investment`, `minimum_offer`, `maximum_offer`, `objective`, `non_commissionable`, `class_type`, `fund_code`, `sweep_fee`, `ria_specific`, `ria_specific_type`, `based`, `fee_rate`, `st_bo`, `m_date`, `type`, `var`, `reg_type`, `status`, `is_delete`, `created_by`, `created_time`, `created_ip`, `modified_by`, `modified_time`, `modified_ip`) VALUES
(1, 2, 'product cusip check', '1', '', '', '', 0, '', '', '', '', '', '', '', 0, '', '', 0, '', '', '', '', '', '0000-00-00', '', '', '', 1, 0, 3, '2018-04-26 16:33:51', '192.168.30.30', NULL, NULL, NULL),
(2, 2, 'product test', '3', '', '', '', 0, '', '', '', '', '', '', '', 0, '', '', 0, '', '', '', '', '', '0000-00-00', '', '', '', 1, 0, 3, '2018-04-26 16:34:46', '192.168.30.30', NULL, NULL, NULL);

--
-- Triggers `product_category_2`
--
DELIMITER //
CREATE TRIGGER `updateProduct_2` AFTER UPDATE ON `product_category_2`
 FOR EACH ROW BEGIN
                                    	IF NEW.name <> OLD.name THEN  
                                            INSERT INTO product_history_2 (product_id,field,old_value,new_value,status,is_delete,created_by,created_time,created_ip,modified_by,modified_time) 
                                    		  							  VALUES(NEW.id,'name',OLD.name,NEW.name,NEW.status,NEW.is_delete,NEW.created_by,NEW.created_time,NEW.created_ip,NEW.modified_by,NEW.modified_time);
                                        END IF;
                                        IF NEW.category <> OLD.category THEN  
                                            INSERT INTO product_history_2 (product_id,field,old_value,new_value,status,is_delete,created_by,created_time,created_ip,modified_by,modified_time) 
                                    		  							  VALUES(NEW.id,'category',OLD.category,NEW.category,NEW.status,NEW.is_delete,NEW.created_by,NEW.created_time,NEW.created_ip,NEW.modified_by,NEW.modified_time);
                                        END IF;
                                        IF NEW.sponsor <> OLD.sponsor THEN  
                                            INSERT INTO product_history_2 (product_id,field,old_value,new_value,status,is_delete,created_by,created_time,created_ip,modified_by,modified_time) 
                                    		  							  VALUES(NEW.id,'sponsor',OLD.sponsor,NEW.sponsor,NEW.status,NEW.is_delete,NEW.created_by,NEW.created_time,NEW.created_ip,NEW.modified_by,NEW.modified_time);
                                        END IF;
                                        IF NEW.ticker_symbol <> OLD.ticker_symbol THEN  
                                            INSERT INTO product_history_2 (product_id,field,old_value,new_value,status,is_delete,created_by,created_time,created_ip,modified_by,modified_time) 
                                    		  							  VALUES(NEW.id,'ticker_symbol',OLD.ticker_symbol,NEW.ticker_symbol,NEW.status,NEW.is_delete,NEW.created_by,NEW.created_time,NEW.created_ip,NEW.modified_by,NEW.modified_time);
                                        END IF;
                                        IF NEW.cusip <> OLD.cusip THEN  
                                            INSERT INTO product_history_2 (product_id,field,old_value,new_value,status,is_delete,created_by,created_time,created_ip,modified_by,modified_time) 
                                    		  							  VALUES(NEW.id,'cusip',OLD.cusip,NEW.cusip,NEW.status,NEW.is_delete,NEW.created_by,NEW.created_time,NEW.created_ip,NEW.modified_by,NEW.modified_time);
                                        END IF;
                                        IF NEW.security <> OLD.security THEN  
                                            INSERT INTO product_history_2 (product_id,field,old_value,new_value,status,is_delete,created_by,created_time,created_ip,modified_by,modified_time) 
                                    		  							  VALUES(NEW.id,'security',OLD.security,NEW.security,NEW.status,NEW.is_delete,NEW.created_by,NEW.created_time,NEW.created_ip,NEW.modified_by,NEW.modified_time);
                                        END IF;
                                        IF NEW.receive <> OLD.receive THEN  
                                            INSERT INTO product_history_2 (product_id,field,old_value,new_value,status,is_delete,created_by,created_time,created_ip,modified_by,modified_time) 
                                    		  							  VALUES(NEW.id,'receive',OLD.receive,NEW.receive,NEW.status,NEW.is_delete,NEW.created_by,NEW.created_time,NEW.created_ip,NEW.modified_by,NEW.modified_time);
                                        END IF;
                                        IF NEW.income <> OLD.income THEN  
                                            INSERT INTO product_history_2 (product_id,field,old_value,new_value,status,is_delete,created_by,created_time,created_ip,modified_by,modified_time) 
                                    		  							  VALUES(NEW.id,'income',OLD.income,NEW.income,NEW.status,NEW.is_delete,NEW.created_by,NEW.created_time,NEW.created_ip,NEW.modified_by,NEW.modified_time);
                                        END IF;
                                        IF NEW.networth <> OLD.networth THEN  
                                            INSERT INTO product_history_2 (product_id,field,old_value,new_value,status,is_delete,created_by,created_time,created_ip,modified_by,modified_time) 
                                    		  							  VALUES(NEW.id,'networth',OLD.networth,NEW.networth,NEW.status,NEW.is_delete,NEW.created_by,NEW.created_time,NEW.created_ip,NEW.modified_by,NEW.modified_time);
                                        END IF;
                                        IF NEW.networthonly <> OLD.networthonly THEN  
                                            INSERT INTO product_history_2 (product_id,field,old_value,new_value,status,is_delete,created_by,created_time,created_ip,modified_by,modified_time) 
                                    		  							  VALUES(NEW.id,'networthonly',OLD.networthonly,NEW.networthonly,NEW.status,NEW.is_delete,NEW.created_by,NEW.created_time,NEW.created_ip,NEW.modified_by,NEW.modified_time);
                                        END IF;
                                        IF NEW.minimum_investment <> OLD.minimum_investment THEN  
                                            INSERT INTO product_history_2 (product_id,field,old_value,new_value,status,is_delete,created_by,created_time,created_ip,modified_by,modified_time) 
                                    		  							  VALUES(NEW.id,'minimum_investment',OLD.minimum_investment,NEW.minimum_investment,NEW.status,NEW.is_delete,NEW.created_by,NEW.created_time,NEW.created_ip,NEW.modified_by,NEW.modified_time);
                                        END IF;
                                        IF NEW.minimum_offer <> OLD.minimum_offer THEN  
                                            INSERT INTO product_history_2 (product_id,field,old_value,new_value,status,is_delete,created_by,created_time,created_ip,modified_by,modified_time) 
                                    		  							  VALUES(NEW.id,'minimum_offer',OLD.minimum_offer,NEW.minimum_offer,NEW.status,NEW.is_delete,NEW.created_by,NEW.created_time,NEW.created_ip,NEW.modified_by,NEW.modified_time);
                                        END IF;
                                        IF NEW.maximum_offer <> OLD.maximum_offer THEN  
                                            INSERT INTO product_history_2 (product_id,field,old_value,new_value,status,is_delete,created_by,created_time,created_ip,modified_by,modified_time) 
                                    		  							  VALUES(NEW.id,'maximum_offer',OLD.maximum_offer,NEW.maximum_offer,NEW.status,NEW.is_delete,NEW.created_by,NEW.created_time,NEW.created_ip,NEW.modified_by,NEW.modified_time);
                                        END IF;
                                        IF NEW.objective <> OLD.objective THEN  
                                            INSERT INTO product_history_2 (product_id,field,old_value,new_value,status,is_delete,created_by,created_time,created_ip,modified_by,modified_time) 
                                    		  							  VALUES(NEW.id,'objective',OLD.objective,NEW.objective,NEW.status,NEW.is_delete,NEW.created_by,NEW.created_time,NEW.created_ip,NEW.modified_by,NEW.modified_time);
                                        END IF;
                                        IF NEW.non_commissionable <> OLD.non_commissionable THEN  
                                            INSERT INTO product_history_2 (product_id,field,old_value,new_value,status,is_delete,created_by,created_time,created_ip,modified_by,modified_time) 
                                    		  							  VALUES(NEW.id,'non_commissionable',OLD.non_commissionable,NEW.non_commissionable,NEW.status,NEW.is_delete,NEW.created_by,NEW.created_time,NEW.created_ip,NEW.modified_by,NEW.modified_time);
                                        END IF;
                                        IF NEW.class_type <> OLD.class_type THEN  
                                            INSERT INTO product_history_2 (product_id,field,old_value,new_value,status,is_delete,created_by,created_time,created_ip,modified_by,modified_time) 
                                    		  							  VALUES(NEW.id,'class_type',OLD.class_type,NEW.class_type,NEW.status,NEW.is_delete,NEW.created_by,NEW.created_time,NEW.created_ip,NEW.modified_by,NEW.modified_time);
                                        END IF;
                                        IF NEW.fund_code <> OLD.fund_code THEN  
                                            INSERT INTO product_history_2 (product_id,field,old_value,new_value,status,is_delete,created_by,created_time,created_ip,modified_by,modified_time) 
                                    		  							  VALUES(NEW.id,'fund_code',OLD.fund_code,NEW.fund_code,NEW.status,NEW.is_delete,NEW.created_by,NEW.created_time,NEW.created_ip,NEW.modified_by,NEW.modified_time);
                                        END IF;
                                        IF NEW.sweep_fee <> OLD.sweep_fee THEN  
                                            INSERT INTO product_history_2 (product_id,field,old_value,new_value,status,is_delete,created_by,created_time,created_ip,modified_by,modified_time) 
                                    		  							  VALUES(NEW.id,'sweep_fee',OLD.sweep_fee,NEW.sweep_fee,NEW.status,NEW.is_delete,NEW.created_by,NEW.created_time,NEW.created_ip,NEW.modified_by,NEW.modified_time);
                                        END IF;
                                        IF NEW.ria_specific <> OLD.ria_specific THEN  
                                            INSERT INTO product_history_2 (product_id,field,old_value,new_value,status,is_delete,created_by,created_time,created_ip,modified_by,modified_time) 
                                    		  							  VALUES(NEW.id,'ria_specific',OLD.ria_specific,NEW.ria_specific,NEW.status,NEW.is_delete,NEW.created_by,NEW.created_time,NEW.created_ip,NEW.modified_by,NEW.modified_time);
                                        END IF;
                                        IF NEW.ria_specific_type <> OLD.ria_specific_type THEN  
                                            INSERT INTO product_history_2 (product_id,field,old_value,new_value,status,is_delete,created_by,created_time,created_ip,modified_by,modified_time) 
                                    		  							  VALUES(NEW.id,'ria_specific_type',OLD.ria_specific_type,NEW.ria_specific_type,NEW.status,NEW.is_delete,NEW.created_by,NEW.created_time,NEW.created_ip,NEW.modified_by,NEW.modified_time);
                                        END IF;
                                        IF NEW.based <> OLD.based THEN  
                                            INSERT INTO product_history_2 (product_id,field,old_value,new_value,status,is_delete,created_by,created_time,created_ip,modified_by,modified_time) 
                                    		  							  VALUES(NEW.id,'based',OLD.based,NEW.based,NEW.status,NEW.is_delete,NEW.created_by,NEW.created_time,NEW.created_ip,NEW.modified_by,NEW.modified_time);
                                        END IF;
                                        IF NEW.fee_rate <> OLD.fee_rate THEN  
                                            INSERT INTO product_history_2 (product_id,field,old_value,new_value,status,is_delete,created_by,created_time,created_ip,modified_by,modified_time) 
                                    		  							  VALUES(NEW.id,'fee_rate',OLD.fee_rate,NEW.fee_rate,NEW.status,NEW.is_delete,NEW.created_by,NEW.created_time,NEW.created_ip,NEW.modified_by,NEW.modified_time);
                                        END IF;
                                        IF NEW.st_bo <> OLD.st_bo THEN  
                                            INSERT INTO product_history_2 (product_id,field,old_value,new_value,status,is_delete,created_by,created_time,created_ip,modified_by,modified_time) 
                                    		  							  VALUES(NEW.id,'st_bo',OLD.st_bo,NEW.st_bo,NEW.status,NEW.is_delete,NEW.created_by,NEW.created_time,NEW.created_ip,NEW.modified_by,NEW.modified_time);
                                        END IF;
                                        IF NEW.m_date <> OLD.m_date THEN  
                                            INSERT INTO product_history_2 (product_id,field,old_value,new_value,status,is_delete,created_by,created_time,created_ip,modified_by,modified_time) 
                                    		  							  VALUES(NEW.id,'m_date',OLD.m_date,NEW.m_date,NEW.status,NEW.is_delete,NEW.created_by,NEW.created_time,NEW.created_ip,NEW.modified_by,NEW.modified_time);
                                        END IF;
                                        IF NEW.type <> OLD.type THEN  
                                            INSERT INTO product_history_2 (product_id,field,old_value,new_value,status,is_delete,created_by,created_time,created_ip,modified_by,modified_time) 
                                    		  							  VALUES(NEW.id,'type',OLD.type,NEW.type,NEW.status,NEW.is_delete,NEW.created_by,NEW.created_time,NEW.created_ip,NEW.modified_by,NEW.modified_time);
                                        END IF;
                                        IF NEW.var <> OLD.var THEN  
                                            INSERT INTO product_history_2 (product_id,field,old_value,new_value,status,is_delete,created_by,created_time,created_ip,modified_by,modified_time) 
                                    		  							  VALUES(NEW.id,'var',OLD.var,NEW.var,NEW.status,NEW.is_delete,NEW.created_by,NEW.created_time,NEW.created_ip,NEW.modified_by,NEW.modified_time);
                                        END IF;
                                        IF NEW.reg_type <> OLD.reg_type THEN  
                                            INSERT INTO product_history_2 (product_id,field,old_value,new_value,status,is_delete,created_by,created_time,created_ip,modified_by,modified_time) 
                                    		  							  VALUES(NEW.id,'reg_type',OLD.reg_type,NEW.reg_type,NEW.status,NEW.is_delete,NEW.created_by,NEW.created_time,NEW.created_ip,NEW.modified_by,NEW.modified_time);
                                        END IF;
                                    END
//
DELIMITER ;

-- --------------------------------------------------------

--
-- Table structure for table `product_category_3`
--

CREATE TABLE IF NOT EXISTS `product_category_3` (
`id` int(12) NOT NULL,
  `category` int(12) DEFAULT NULL,
  `name` varchar(100) DEFAULT NULL,
  `sponsor` varchar(100) DEFAULT NULL,
  `ticker_symbol` varchar(100) DEFAULT NULL,
  `cusip` varchar(100) DEFAULT NULL,
  `security` varchar(100) DEFAULT NULL,
  `receive` tinyint(1) NOT NULL DEFAULT '0',
  `income` varchar(100) DEFAULT NULL,
  `networth` varchar(100) DEFAULT NULL,
  `networthonly` varchar(100) DEFAULT NULL,
  `minimum_investment` varchar(100) DEFAULT NULL,
  `minimum_offer` varchar(100) DEFAULT NULL,
  `maximum_offer` varchar(100) DEFAULT NULL,
  `objective` varchar(100) DEFAULT NULL,
  `non_commissionable` tinyint(1) NOT NULL DEFAULT '0',
  `class_type` varchar(100) DEFAULT NULL,
  `fund_code` varchar(100) DEFAULT NULL,
  `sweep_fee` tinyint(1) NOT NULL DEFAULT '0',
  `ria_specific` varchar(100) DEFAULT NULL,
  `ria_specific_type` varchar(100) DEFAULT NULL,
  `based` varchar(100) DEFAULT NULL,
  `fee_rate` varchar(100) DEFAULT NULL,
  `st_bo` varchar(100) DEFAULT NULL,
  `m_date` date DEFAULT NULL,
  `type` varchar(100) DEFAULT NULL,
  `var` varchar(100) DEFAULT NULL,
  `reg_type` varchar(100) DEFAULT NULL,
  `status` tinyint(1) NOT NULL DEFAULT '1',
  `is_delete` tinyint(1) NOT NULL DEFAULT '0',
  `created_by` int(12) DEFAULT NULL,
  `created_time` datetime DEFAULT NULL,
  `created_ip` varchar(100) DEFAULT NULL,
  `modified_by` int(12) DEFAULT NULL,
  `modified_time` datetime DEFAULT NULL,
  `modified_ip` varchar(100) DEFAULT NULL
) ENGINE=InnoDB AUTO_INCREMENT=2 DEFAULT CHARSET=latin1;

--
-- Dumping data for table `product_category_3`
--

INSERT INTO `product_category_3` (`id`, `category`, `name`, `sponsor`, `ticker_symbol`, `cusip`, `security`, `receive`, `income`, `networth`, `networthonly`, `minimum_investment`, `minimum_offer`, `maximum_offer`, `objective`, `non_commissionable`, `class_type`, `fund_code`, `sweep_fee`, `ria_specific`, `ria_specific_type`, `based`, `fee_rate`, `st_bo`, `m_date`, `type`, `var`, `reg_type`, `status`, `is_delete`, `created_by`, `created_time`, `created_ip`, `modified_by`, `modified_time`, `modified_ip`) VALUES
(1, 3, 'product4', '1', 'pro4', 'p4231', '98754', 0, '', '', '', '', '', '', '', 0, '', '', 0, '', '', '', '', '2', '2018-05-07', '2', '', '', 1, 0, 3, '2018-05-07 17:09:55', '192.168.30.20', NULL, NULL, NULL);

--
-- Triggers `product_category_3`
--
DELIMITER //
CREATE TRIGGER `updateProduct_3` AFTER UPDATE ON `product_category_3`
 FOR EACH ROW BEGIN
                                    	IF NEW.name <> OLD.name THEN  
                                            INSERT INTO product_history_3 (product_id,field,old_value,new_value,status,is_delete,created_by,created_time,created_ip,modified_by,modified_time) 
                                    		  							  VALUES(NEW.id,'name',OLD.name,NEW.name,NEW.status,NEW.is_delete,NEW.created_by,NEW.created_time,NEW.created_ip,NEW.modified_by,NEW.modified_time);
                                        END IF;
                                        IF NEW.category <> OLD.category THEN  
                                            INSERT INTO product_history_3 (product_id,field,old_value,new_value,status,is_delete,created_by,created_time,created_ip,modified_by,modified_time) 
                                    		  							  VALUES(NEW.id,'category',OLD.category,NEW.category,NEW.status,NEW.is_delete,NEW.created_by,NEW.created_time,NEW.created_ip,NEW.modified_by,NEW.modified_time);
                                        END IF;
                                        IF NEW.sponsor <> OLD.sponsor THEN  
                                            INSERT INTO product_history_3 (product_id,field,old_value,new_value,status,is_delete,created_by,created_time,created_ip,modified_by,modified_time) 
                                    		  							  VALUES(NEW.id,'sponsor',OLD.sponsor,NEW.sponsor,NEW.status,NEW.is_delete,NEW.created_by,NEW.created_time,NEW.created_ip,NEW.modified_by,NEW.modified_time);
                                        END IF;
                                        IF NEW.ticker_symbol <> OLD.ticker_symbol THEN  
                                            INSERT INTO product_history_3 (product_id,field,old_value,new_value,status,is_delete,created_by,created_time,created_ip,modified_by,modified_time) 
                                    		  							  VALUES(NEW.id,'ticker_symbol',OLD.ticker_symbol,NEW.ticker_symbol,NEW.status,NEW.is_delete,NEW.created_by,NEW.created_time,NEW.created_ip,NEW.modified_by,NEW.modified_time);
                                        END IF;
                                        IF NEW.cusip <> OLD.cusip THEN  
                                            INSERT INTO product_history_3 (product_id,field,old_value,new_value,status,is_delete,created_by,created_time,created_ip,modified_by,modified_time) 
                                    		  							  VALUES(NEW.id,'cusip',OLD.cusip,NEW.cusip,NEW.status,NEW.is_delete,NEW.created_by,NEW.created_time,NEW.created_ip,NEW.modified_by,NEW.modified_time);
                                        END IF;
                                        IF NEW.security <> OLD.security THEN  
                                            INSERT INTO product_history_3 (product_id,field,old_value,new_value,status,is_delete,created_by,created_time,created_ip,modified_by,modified_time) 
                                    		  							  VALUES(NEW.id,'security',OLD.security,NEW.security,NEW.status,NEW.is_delete,NEW.created_by,NEW.created_time,NEW.created_ip,NEW.modified_by,NEW.modified_time);
                                        END IF;
                                        IF NEW.receive <> OLD.receive THEN  
                                            INSERT INTO product_history_3 (product_id,field,old_value,new_value,status,is_delete,created_by,created_time,created_ip,modified_by,modified_time) 
                                    		  							  VALUES(NEW.id,'receive',OLD.receive,NEW.receive,NEW.status,NEW.is_delete,NEW.created_by,NEW.created_time,NEW.created_ip,NEW.modified_by,NEW.modified_time);
                                        END IF;
                                        IF NEW.income <> OLD.income THEN  
                                            INSERT INTO product_history_3 (product_id,field,old_value,new_value,status,is_delete,created_by,created_time,created_ip,modified_by,modified_time) 
                                    		  							  VALUES(NEW.id,'income',OLD.income,NEW.income,NEW.status,NEW.is_delete,NEW.created_by,NEW.created_time,NEW.created_ip,NEW.modified_by,NEW.modified_time);
                                        END IF;
                                        IF NEW.networth <> OLD.networth THEN  
                                            INSERT INTO product_history_3 (product_id,field,old_value,new_value,status,is_delete,created_by,created_time,created_ip,modified_by,modified_time) 
                                    		  							  VALUES(NEW.id,'networth',OLD.networth,NEW.networth,NEW.status,NEW.is_delete,NEW.created_by,NEW.created_time,NEW.created_ip,NEW.modified_by,NEW.modified_time);
                                        END IF;
                                        IF NEW.networthonly <> OLD.networthonly THEN  
                                            INSERT INTO product_history_3 (product_id,field,old_value,new_value,status,is_delete,created_by,created_time,created_ip,modified_by,modified_time) 
                                    		  							  VALUES(NEW.id,'networthonly',OLD.networthonly,NEW.networthonly,NEW.status,NEW.is_delete,NEW.created_by,NEW.created_time,NEW.created_ip,NEW.modified_by,NEW.modified_time);
                                        END IF;
                                        IF NEW.minimum_investment <> OLD.minimum_investment THEN  
                                            INSERT INTO product_history_3 (product_id,field,old_value,new_value,status,is_delete,created_by,created_time,created_ip,modified_by,modified_time) 
                                    		  							  VALUES(NEW.id,'minimum_investment',OLD.minimum_investment,NEW.minimum_investment,NEW.status,NEW.is_delete,NEW.created_by,NEW.created_time,NEW.created_ip,NEW.modified_by,NEW.modified_time);
                                        END IF;
                                        IF NEW.minimum_offer <> OLD.minimum_offer THEN  
                                            INSERT INTO product_history_3 (product_id,field,old_value,new_value,status,is_delete,created_by,created_time,created_ip,modified_by,modified_time) 
                                    		  							  VALUES(NEW.id,'minimum_offer',OLD.minimum_offer,NEW.minimum_offer,NEW.status,NEW.is_delete,NEW.created_by,NEW.created_time,NEW.created_ip,NEW.modified_by,NEW.modified_time);
                                        END IF;
                                        IF NEW.maximum_offer <> OLD.maximum_offer THEN  
                                            INSERT INTO product_history_3 (product_id,field,old_value,new_value,status,is_delete,created_by,created_time,created_ip,modified_by,modified_time) 
                                    		  							  VALUES(NEW.id,'maximum_offer',OLD.maximum_offer,NEW.maximum_offer,NEW.status,NEW.is_delete,NEW.created_by,NEW.created_time,NEW.created_ip,NEW.modified_by,NEW.modified_time);
                                        END IF;
                                        IF NEW.objective <> OLD.objective THEN  
                                            INSERT INTO product_history_3 (product_id,field,old_value,new_value,status,is_delete,created_by,created_time,created_ip,modified_by,modified_time) 
                                    		  							  VALUES(NEW.id,'objective',OLD.objective,NEW.objective,NEW.status,NEW.is_delete,NEW.created_by,NEW.created_time,NEW.created_ip,NEW.modified_by,NEW.modified_time);
                                        END IF;
                                        IF NEW.non_commissionable <> OLD.non_commissionable THEN  
                                            INSERT INTO product_history_3 (product_id,field,old_value,new_value,status,is_delete,created_by,created_time,created_ip,modified_by,modified_time) 
                                    		  							  VALUES(NEW.id,'non_commissionable',OLD.non_commissionable,NEW.non_commissionable,NEW.status,NEW.is_delete,NEW.created_by,NEW.created_time,NEW.created_ip,NEW.modified_by,NEW.modified_time);
                                        END IF;
                                        IF NEW.class_type <> OLD.class_type THEN  
                                            INSERT INTO product_history_3 (product_id,field,old_value,new_value,status,is_delete,created_by,created_time,created_ip,modified_by,modified_time) 
                                    		  							  VALUES(NEW.id,'class_type',OLD.class_type,NEW.class_type,NEW.status,NEW.is_delete,NEW.created_by,NEW.created_time,NEW.created_ip,NEW.modified_by,NEW.modified_time);
                                        END IF;
                                        IF NEW.fund_code <> OLD.fund_code THEN  
                                            INSERT INTO product_history_3 (product_id,field,old_value,new_value,status,is_delete,created_by,created_time,created_ip,modified_by,modified_time) 
                                    		  							  VALUES(NEW.id,'fund_code',OLD.fund_code,NEW.fund_code,NEW.status,NEW.is_delete,NEW.created_by,NEW.created_time,NEW.created_ip,NEW.modified_by,NEW.modified_time);
                                        END IF;
                                        IF NEW.sweep_fee <> OLD.sweep_fee THEN  
                                            INSERT INTO product_history_3 (product_id,field,old_value,new_value,status,is_delete,created_by,created_time,created_ip,modified_by,modified_time) 
                                    		  							  VALUES(NEW.id,'sweep_fee',OLD.sweep_fee,NEW.sweep_fee,NEW.status,NEW.is_delete,NEW.created_by,NEW.created_time,NEW.created_ip,NEW.modified_by,NEW.modified_time);
                                        END IF;
                                        IF NEW.ria_specific <> OLD.ria_specific THEN  
                                            INSERT INTO product_history_3 (product_id,field,old_value,new_value,status,is_delete,created_by,created_time,created_ip,modified_by,modified_time) 
                                    		  							  VALUES(NEW.id,'ria_specific',OLD.ria_specific,NEW.ria_specific,NEW.status,NEW.is_delete,NEW.created_by,NEW.created_time,NEW.created_ip,NEW.modified_by,NEW.modified_time);
                                        END IF;
                                        IF NEW.ria_specific_type <> OLD.ria_specific_type THEN  
                                            INSERT INTO product_history_3 (product_id,field,old_value,new_value,status,is_delete,created_by,created_time,created_ip,modified_by,modified_time) 
                                    		  							  VALUES(NEW.id,'ria_specific_type',OLD.ria_specific_type,NEW.ria_specific_type,NEW.status,NEW.is_delete,NEW.created_by,NEW.created_time,NEW.created_ip,NEW.modified_by,NEW.modified_time);
                                        END IF;
                                        IF NEW.based <> OLD.based THEN  
                                            INSERT INTO product_history_3 (product_id,field,old_value,new_value,status,is_delete,created_by,created_time,created_ip,modified_by,modified_time) 
                                    		  							  VALUES(NEW.id,'based',OLD.based,NEW.based,NEW.status,NEW.is_delete,NEW.created_by,NEW.created_time,NEW.created_ip,NEW.modified_by,NEW.modified_time);
                                        END IF;
                                        IF NEW.fee_rate <> OLD.fee_rate THEN  
                                            INSERT INTO product_history_3 (product_id,field,old_value,new_value,status,is_delete,created_by,created_time,created_ip,modified_by,modified_time) 
                                    		  							  VALUES(NEW.id,'fee_rate',OLD.fee_rate,NEW.fee_rate,NEW.status,NEW.is_delete,NEW.created_by,NEW.created_time,NEW.created_ip,NEW.modified_by,NEW.modified_time);
                                        END IF;
                                        IF NEW.st_bo <> OLD.st_bo THEN  
                                            INSERT INTO product_history_3 (product_id,field,old_value,new_value,status,is_delete,created_by,created_time,created_ip,modified_by,modified_time) 
                                    		  							  VALUES(NEW.id,'st_bo',OLD.st_bo,NEW.st_bo,NEW.status,NEW.is_delete,NEW.created_by,NEW.created_time,NEW.created_ip,NEW.modified_by,NEW.modified_time);
                                        END IF;
                                        IF NEW.m_date <> OLD.m_date THEN  
                                            INSERT INTO product_history_3 (product_id,field,old_value,new_value,status,is_delete,created_by,created_time,created_ip,modified_by,modified_time) 
                                    		  							  VALUES(NEW.id,'m_date',OLD.m_date,NEW.m_date,NEW.status,NEW.is_delete,NEW.created_by,NEW.created_time,NEW.created_ip,NEW.modified_by,NEW.modified_time);
                                        END IF;
                                        IF NEW.type <> OLD.type THEN  
                                            INSERT INTO product_history_3 (product_id,field,old_value,new_value,status,is_delete,created_by,created_time,created_ip,modified_by,modified_time) 
                                    		  							  VALUES(NEW.id,'type',OLD.type,NEW.type,NEW.status,NEW.is_delete,NEW.created_by,NEW.created_time,NEW.created_ip,NEW.modified_by,NEW.modified_time);
                                        END IF;
                                        IF NEW.var <> OLD.var THEN  
                                            INSERT INTO product_history_3 (product_id,field,old_value,new_value,status,is_delete,created_by,created_time,created_ip,modified_by,modified_time) 
                                    		  							  VALUES(NEW.id,'var',OLD.var,NEW.var,NEW.status,NEW.is_delete,NEW.created_by,NEW.created_time,NEW.created_ip,NEW.modified_by,NEW.modified_time);
                                        END IF;
                                        IF NEW.reg_type <> OLD.reg_type THEN  
                                            INSERT INTO product_history_3 (product_id,field,old_value,new_value,status,is_delete,created_by,created_time,created_ip,modified_by,modified_time) 
                                    		  							  VALUES(NEW.id,'reg_type',OLD.reg_type,NEW.reg_type,NEW.status,NEW.is_delete,NEW.created_by,NEW.created_time,NEW.created_ip,NEW.modified_by,NEW.modified_time);
                                        END IF;
                                    END
//
DELIMITER ;

-- --------------------------------------------------------

--
-- Table structure for table `product_category_4`
--

CREATE TABLE IF NOT EXISTS `product_category_4` (
`id` int(12) NOT NULL,
  `category` int(12) DEFAULT NULL,
  `name` varchar(100) DEFAULT NULL,
  `sponsor` varchar(100) DEFAULT NULL,
  `ticker_symbol` varchar(100) DEFAULT NULL,
  `cusip` varchar(100) DEFAULT NULL,
  `security` varchar(100) DEFAULT NULL,
  `receive` tinyint(1) NOT NULL DEFAULT '0',
  `income` varchar(100) DEFAULT NULL,
  `networth` varchar(100) DEFAULT NULL,
  `networthonly` varchar(100) DEFAULT NULL,
  `minimum_investment` varchar(100) DEFAULT NULL,
  `minimum_offer` varchar(100) DEFAULT NULL,
  `maximum_offer` varchar(100) DEFAULT NULL,
  `objective` varchar(100) DEFAULT NULL,
  `non_commissionable` tinyint(1) NOT NULL DEFAULT '0',
  `class_type` varchar(100) DEFAULT NULL,
  `fund_code` varchar(100) DEFAULT NULL,
  `sweep_fee` tinyint(1) NOT NULL DEFAULT '0',
  `ria_specific` varchar(100) DEFAULT NULL,
  `ria_specific_type` varchar(100) DEFAULT NULL,
  `based` varchar(100) DEFAULT NULL,
  `fee_rate` varchar(100) DEFAULT NULL,
  `st_bo` varchar(100) DEFAULT NULL,
  `m_date` date DEFAULT NULL,
  `type` varchar(100) DEFAULT NULL,
  `var` varchar(100) DEFAULT NULL,
  `reg_type` varchar(100) DEFAULT NULL,
  `status` tinyint(1) NOT NULL DEFAULT '1',
  `is_delete` tinyint(1) NOT NULL DEFAULT '0',
  `created_by` int(12) DEFAULT NULL,
  `created_time` datetime DEFAULT NULL,
  `created_ip` varchar(100) DEFAULT NULL,
  `modified_by` int(12) DEFAULT NULL,
  `modified_time` datetime DEFAULT NULL,
  `modified_ip` varchar(100) DEFAULT NULL
) ENGINE=InnoDB DEFAULT CHARSET=latin1;

--
-- Triggers `product_category_4`
--
DELIMITER //
CREATE TRIGGER `updateProduct_4` AFTER UPDATE ON `product_category_4`
 FOR EACH ROW BEGIN
                                    	IF NEW.name <> OLD.name THEN  
                                            INSERT INTO product_history_4 (product_id,field,old_value,new_value,status,is_delete,created_by,created_time,created_ip,modified_by,modified_time) 
                                    		  							  VALUES(NEW.id,'name',OLD.name,NEW.name,NEW.status,NEW.is_delete,NEW.created_by,NEW.created_time,NEW.created_ip,NEW.modified_by,NEW.modified_time);
                                        END IF;
                                        IF NEW.category <> OLD.category THEN  
                                            INSERT INTO product_history_4 (product_id,field,old_value,new_value,status,is_delete,created_by,created_time,created_ip,modified_by,modified_time) 
                                    		  							  VALUES(NEW.id,'category',OLD.category,NEW.category,NEW.status,NEW.is_delete,NEW.created_by,NEW.created_time,NEW.created_ip,NEW.modified_by,NEW.modified_time);
                                        END IF;
                                        IF NEW.sponsor <> OLD.sponsor THEN  
                                            INSERT INTO product_history_4 (product_id,field,old_value,new_value,status,is_delete,created_by,created_time,created_ip,modified_by,modified_time) 
                                    		  							  VALUES(NEW.id,'sponsor',OLD.sponsor,NEW.sponsor,NEW.status,NEW.is_delete,NEW.created_by,NEW.created_time,NEW.created_ip,NEW.modified_by,NEW.modified_time);
                                        END IF;
                                        IF NEW.ticker_symbol <> OLD.ticker_symbol THEN  
                                            INSERT INTO product_history_4 (product_id,field,old_value,new_value,status,is_delete,created_by,created_time,created_ip,modified_by,modified_time) 
                                    		  							  VALUES(NEW.id,'ticker_symbol',OLD.ticker_symbol,NEW.ticker_symbol,NEW.status,NEW.is_delete,NEW.created_by,NEW.created_time,NEW.created_ip,NEW.modified_by,NEW.modified_time);
                                        END IF;
                                        IF NEW.cusip <> OLD.cusip THEN  
                                            INSERT INTO product_history_4 (product_id,field,old_value,new_value,status,is_delete,created_by,created_time,created_ip,modified_by,modified_time) 
                                    		  							  VALUES(NEW.id,'cusip',OLD.cusip,NEW.cusip,NEW.status,NEW.is_delete,NEW.created_by,NEW.created_time,NEW.created_ip,NEW.modified_by,NEW.modified_time);
                                        END IF;
                                        IF NEW.security <> OLD.security THEN  
                                            INSERT INTO product_history_4 (product_id,field,old_value,new_value,status,is_delete,created_by,created_time,created_ip,modified_by,modified_time) 
                                    		  							  VALUES(NEW.id,'security',OLD.security,NEW.security,NEW.status,NEW.is_delete,NEW.created_by,NEW.created_time,NEW.created_ip,NEW.modified_by,NEW.modified_time);
                                        END IF;
                                        IF NEW.receive <> OLD.receive THEN  
                                            INSERT INTO product_history_4 (product_id,field,old_value,new_value,status,is_delete,created_by,created_time,created_ip,modified_by,modified_time) 
                                    		  							  VALUES(NEW.id,'receive',OLD.receive,NEW.receive,NEW.status,NEW.is_delete,NEW.created_by,NEW.created_time,NEW.created_ip,NEW.modified_by,NEW.modified_time);
                                        END IF;
                                        IF NEW.income <> OLD.income THEN  
                                            INSERT INTO product_history_4 (product_id,field,old_value,new_value,status,is_delete,created_by,created_time,created_ip,modified_by,modified_time) 
                                    		  							  VALUES(NEW.id,'income',OLD.income,NEW.income,NEW.status,NEW.is_delete,NEW.created_by,NEW.created_time,NEW.created_ip,NEW.modified_by,NEW.modified_time);
                                        END IF;
                                        IF NEW.networth <> OLD.networth THEN  
                                            INSERT INTO product_history_4 (product_id,field,old_value,new_value,status,is_delete,created_by,created_time,created_ip,modified_by,modified_time) 
                                    		  							  VALUES(NEW.id,'networth',OLD.networth,NEW.networth,NEW.status,NEW.is_delete,NEW.created_by,NEW.created_time,NEW.created_ip,NEW.modified_by,NEW.modified_time);
                                        END IF;
                                        IF NEW.networthonly <> OLD.networthonly THEN  
                                            INSERT INTO product_history_4 (product_id,field,old_value,new_value,status,is_delete,created_by,created_time,created_ip,modified_by,modified_time) 
                                    		  							  VALUES(NEW.id,'networthonly',OLD.networthonly,NEW.networthonly,NEW.status,NEW.is_delete,NEW.created_by,NEW.created_time,NEW.created_ip,NEW.modified_by,NEW.modified_time);
                                        END IF;
                                        IF NEW.minimum_investment <> OLD.minimum_investment THEN  
                                            INSERT INTO product_history_4 (product_id,field,old_value,new_value,status,is_delete,created_by,created_time,created_ip,modified_by,modified_time) 
                                    		  							  VALUES(NEW.id,'minimum_investment',OLD.minimum_investment,NEW.minimum_investment,NEW.status,NEW.is_delete,NEW.created_by,NEW.created_time,NEW.created_ip,NEW.modified_by,NEW.modified_time);
                                        END IF;
                                        IF NEW.minimum_offer <> OLD.minimum_offer THEN  
                                            INSERT INTO product_history_4 (product_id,field,old_value,new_value,status,is_delete,created_by,created_time,created_ip,modified_by,modified_time) 
                                    		  							  VALUES(NEW.id,'minimum_offer',OLD.minimum_offer,NEW.minimum_offer,NEW.status,NEW.is_delete,NEW.created_by,NEW.created_time,NEW.created_ip,NEW.modified_by,NEW.modified_time);
                                        END IF;
                                        IF NEW.maximum_offer <> OLD.maximum_offer THEN  
                                            INSERT INTO product_history_4 (product_id,field,old_value,new_value,status,is_delete,created_by,created_time,created_ip,modified_by,modified_time) 
                                    		  							  VALUES(NEW.id,'maximum_offer',OLD.maximum_offer,NEW.maximum_offer,NEW.status,NEW.is_delete,NEW.created_by,NEW.created_time,NEW.created_ip,NEW.modified_by,NEW.modified_time);
                                        END IF;
                                        IF NEW.objective <> OLD.objective THEN  
                                            INSERT INTO product_history_4 (product_id,field,old_value,new_value,status,is_delete,created_by,created_time,created_ip,modified_by,modified_time) 
                                    		  							  VALUES(NEW.id,'objective',OLD.objective,NEW.objective,NEW.status,NEW.is_delete,NEW.created_by,NEW.created_time,NEW.created_ip,NEW.modified_by,NEW.modified_time);
                                        END IF;
                                        IF NEW.non_commissionable <> OLD.non_commissionable THEN  
                                            INSERT INTO product_history_4 (product_id,field,old_value,new_value,status,is_delete,created_by,created_time,created_ip,modified_by,modified_time) 
                                    		  							  VALUES(NEW.id,'non_commissionable',OLD.non_commissionable,NEW.non_commissionable,NEW.status,NEW.is_delete,NEW.created_by,NEW.created_time,NEW.created_ip,NEW.modified_by,NEW.modified_time);
                                        END IF;
                                        IF NEW.class_type <> OLD.class_type THEN  
                                            INSERT INTO product_history_4 (product_id,field,old_value,new_value,status,is_delete,created_by,created_time,created_ip,modified_by,modified_time) 
                                    		  							  VALUES(NEW.id,'class_type',OLD.class_type,NEW.class_type,NEW.status,NEW.is_delete,NEW.created_by,NEW.created_time,NEW.created_ip,NEW.modified_by,NEW.modified_time);
                                        END IF;
                                        IF NEW.fund_code <> OLD.fund_code THEN  
                                            INSERT INTO product_history_4 (product_id,field,old_value,new_value,status,is_delete,created_by,created_time,created_ip,modified_by,modified_time) 
                                    		  							  VALUES(NEW.id,'fund_code',OLD.fund_code,NEW.fund_code,NEW.status,NEW.is_delete,NEW.created_by,NEW.created_time,NEW.created_ip,NEW.modified_by,NEW.modified_time);
                                        END IF;
                                        IF NEW.sweep_fee <> OLD.sweep_fee THEN  
                                            INSERT INTO product_history_4 (product_id,field,old_value,new_value,status,is_delete,created_by,created_time,created_ip,modified_by,modified_time) 
                                    		  							  VALUES(NEW.id,'sweep_fee',OLD.sweep_fee,NEW.sweep_fee,NEW.status,NEW.is_delete,NEW.created_by,NEW.created_time,NEW.created_ip,NEW.modified_by,NEW.modified_time);
                                        END IF;
                                        IF NEW.ria_specific <> OLD.ria_specific THEN  
                                            INSERT INTO product_history_4 (product_id,field,old_value,new_value,status,is_delete,created_by,created_time,created_ip,modified_by,modified_time) 
                                    		  							  VALUES(NEW.id,'ria_specific',OLD.ria_specific,NEW.ria_specific,NEW.status,NEW.is_delete,NEW.created_by,NEW.created_time,NEW.created_ip,NEW.modified_by,NEW.modified_time);
                                        END IF;
                                        IF NEW.ria_specific_type <> OLD.ria_specific_type THEN  
                                            INSERT INTO product_history_4 (product_id,field,old_value,new_value,status,is_delete,created_by,created_time,created_ip,modified_by,modified_time) 
                                    		  							  VALUES(NEW.id,'ria_specific_type',OLD.ria_specific_type,NEW.ria_specific_type,NEW.status,NEW.is_delete,NEW.created_by,NEW.created_time,NEW.created_ip,NEW.modified_by,NEW.modified_time);
                                        END IF;
                                        IF NEW.based <> OLD.based THEN  
                                            INSERT INTO product_history_4 (product_id,field,old_value,new_value,status,is_delete,created_by,created_time,created_ip,modified_by,modified_time) 
                                    		  							  VALUES(NEW.id,'based',OLD.based,NEW.based,NEW.status,NEW.is_delete,NEW.created_by,NEW.created_time,NEW.created_ip,NEW.modified_by,NEW.modified_time);
                                        END IF;
                                        IF NEW.fee_rate <> OLD.fee_rate THEN  
                                            INSERT INTO product_history_4 (product_id,field,old_value,new_value,status,is_delete,created_by,created_time,created_ip,modified_by,modified_time) 
                                    		  							  VALUES(NEW.id,'fee_rate',OLD.fee_rate,NEW.fee_rate,NEW.status,NEW.is_delete,NEW.created_by,NEW.created_time,NEW.created_ip,NEW.modified_by,NEW.modified_time);
                                        END IF;
                                        IF NEW.st_bo <> OLD.st_bo THEN  
                                            INSERT INTO product_history_4 (product_id,field,old_value,new_value,status,is_delete,created_by,created_time,created_ip,modified_by,modified_time) 
                                    		  							  VALUES(NEW.id,'st_bo',OLD.st_bo,NEW.st_bo,NEW.status,NEW.is_delete,NEW.created_by,NEW.created_time,NEW.created_ip,NEW.modified_by,NEW.modified_time);
                                        END IF;
                                        IF NEW.m_date <> OLD.m_date THEN  
                                            INSERT INTO product_history_4 (product_id,field,old_value,new_value,status,is_delete,created_by,created_time,created_ip,modified_by,modified_time) 
                                    		  							  VALUES(NEW.id,'m_date',OLD.m_date,NEW.m_date,NEW.status,NEW.is_delete,NEW.created_by,NEW.created_time,NEW.created_ip,NEW.modified_by,NEW.modified_time);
                                        END IF;
                                        IF NEW.type <> OLD.type THEN  
                                            INSERT INTO product_history_4 (product_id,field,old_value,new_value,status,is_delete,created_by,created_time,created_ip,modified_by,modified_time) 
                                    		  							  VALUES(NEW.id,'type',OLD.type,NEW.type,NEW.status,NEW.is_delete,NEW.created_by,NEW.created_time,NEW.created_ip,NEW.modified_by,NEW.modified_time);
                                        END IF;
                                        IF NEW.var <> OLD.var THEN  
                                            INSERT INTO product_history_4 (product_id,field,old_value,new_value,status,is_delete,created_by,created_time,created_ip,modified_by,modified_time) 
                                    		  							  VALUES(NEW.id,'var',OLD.var,NEW.var,NEW.status,NEW.is_delete,NEW.created_by,NEW.created_time,NEW.created_ip,NEW.modified_by,NEW.modified_time);
                                        END IF;
                                        IF NEW.reg_type <> OLD.reg_type THEN  
                                            INSERT INTO product_history_4 (product_id,field,old_value,new_value,status,is_delete,created_by,created_time,created_ip,modified_by,modified_time) 
                                    		  							  VALUES(NEW.id,'reg_type',OLD.reg_type,NEW.reg_type,NEW.status,NEW.is_delete,NEW.created_by,NEW.created_time,NEW.created_ip,NEW.modified_by,NEW.modified_time);
                                        END IF;
                                    END
//
DELIMITER ;

-- --------------------------------------------------------

--
-- Table structure for table `product_category_5`
--

CREATE TABLE IF NOT EXISTS `product_category_5` (
`id` int(12) NOT NULL,
  `category` int(12) DEFAULT NULL,
  `name` varchar(100) DEFAULT NULL,
  `sponsor` varchar(100) DEFAULT NULL,
  `ticker_symbol` varchar(100) DEFAULT NULL,
  `cusip` varchar(100) DEFAULT NULL,
  `security` varchar(100) DEFAULT NULL,
  `receive` tinyint(1) NOT NULL DEFAULT '0',
  `income` varchar(100) DEFAULT NULL,
  `networth` varchar(100) DEFAULT NULL,
  `networthonly` varchar(100) DEFAULT NULL,
  `minimum_investment` varchar(100) DEFAULT NULL,
  `minimum_offer` varchar(100) DEFAULT NULL,
  `maximum_offer` varchar(100) DEFAULT NULL,
  `objective` varchar(100) DEFAULT NULL,
  `non_commissionable` tinyint(1) NOT NULL DEFAULT '0',
  `class_type` varchar(100) DEFAULT NULL,
  `fund_code` varchar(100) DEFAULT NULL,
  `sweep_fee` tinyint(1) NOT NULL DEFAULT '0',
  `ria_specific` varchar(100) DEFAULT NULL,
  `ria_specific_type` varchar(100) DEFAULT NULL,
  `based` varchar(100) DEFAULT NULL,
  `fee_rate` varchar(100) DEFAULT NULL,
  `st_bo` varchar(100) DEFAULT NULL,
  `m_date` date DEFAULT NULL,
  `type` varchar(100) DEFAULT NULL,
  `var` varchar(100) DEFAULT NULL,
  `reg_type` varchar(100) DEFAULT NULL,
  `status` tinyint(1) NOT NULL DEFAULT '1',
  `is_delete` tinyint(1) NOT NULL DEFAULT '0',
  `created_by` int(12) DEFAULT NULL,
  `created_time` datetime DEFAULT NULL,
  `created_ip` varchar(100) DEFAULT NULL,
  `modified_by` int(12) DEFAULT NULL,
  `modified_time` datetime DEFAULT NULL,
  `modified_ip` varchar(100) DEFAULT NULL
) ENGINE=InnoDB DEFAULT CHARSET=latin1;

--
-- Triggers `product_category_5`
--
DELIMITER //
CREATE TRIGGER `updateProduct_5` AFTER UPDATE ON `product_category_5`
 FOR EACH ROW BEGIN
                                    	IF NEW.name <> OLD.name THEN  
                                            INSERT INTO product_history_5 (product_id,field,old_value,new_value,status,is_delete,created_by,created_time,created_ip,modified_by,modified_time) 
                                    		  							  VALUES(NEW.id,'name',OLD.name,NEW.name,NEW.status,NEW.is_delete,NEW.created_by,NEW.created_time,NEW.created_ip,NEW.modified_by,NEW.modified_time);
                                        END IF;
                                        IF NEW.category <> OLD.category THEN  
                                            INSERT INTO product_history_5 (product_id,field,old_value,new_value,status,is_delete,created_by,created_time,created_ip,modified_by,modified_time) 
                                    		  							  VALUES(NEW.id,'category',OLD.category,NEW.category,NEW.status,NEW.is_delete,NEW.created_by,NEW.created_time,NEW.created_ip,NEW.modified_by,NEW.modified_time);
                                        END IF;
                                        IF NEW.sponsor <> OLD.sponsor THEN  
                                            INSERT INTO product_history_5 (product_id,field,old_value,new_value,status,is_delete,created_by,created_time,created_ip,modified_by,modified_time) 
                                    		  							  VALUES(NEW.id,'sponsor',OLD.sponsor,NEW.sponsor,NEW.status,NEW.is_delete,NEW.created_by,NEW.created_time,NEW.created_ip,NEW.modified_by,NEW.modified_time);
                                        END IF;
                                        IF NEW.ticker_symbol <> OLD.ticker_symbol THEN  
                                            INSERT INTO product_history_5 (product_id,field,old_value,new_value,status,is_delete,created_by,created_time,created_ip,modified_by,modified_time) 
                                    		  							  VALUES(NEW.id,'ticker_symbol',OLD.ticker_symbol,NEW.ticker_symbol,NEW.status,NEW.is_delete,NEW.created_by,NEW.created_time,NEW.created_ip,NEW.modified_by,NEW.modified_time);
                                        END IF;
                                        IF NEW.cusip <> OLD.cusip THEN  
                                            INSERT INTO product_history_5 (product_id,field,old_value,new_value,status,is_delete,created_by,created_time,created_ip,modified_by,modified_time) 
                                    		  							  VALUES(NEW.id,'cusip',OLD.cusip,NEW.cusip,NEW.status,NEW.is_delete,NEW.created_by,NEW.created_time,NEW.created_ip,NEW.modified_by,NEW.modified_time);
                                        END IF;
                                        IF NEW.security <> OLD.security THEN  
                                            INSERT INTO product_history_5 (product_id,field,old_value,new_value,status,is_delete,created_by,created_time,created_ip,modified_by,modified_time) 
                                    		  							  VALUES(NEW.id,'security',OLD.security,NEW.security,NEW.status,NEW.is_delete,NEW.created_by,NEW.created_time,NEW.created_ip,NEW.modified_by,NEW.modified_time);
                                        END IF;
                                        IF NEW.receive <> OLD.receive THEN  
                                            INSERT INTO product_history_5 (product_id,field,old_value,new_value,status,is_delete,created_by,created_time,created_ip,modified_by,modified_time) 
                                    		  							  VALUES(NEW.id,'receive',OLD.receive,NEW.receive,NEW.status,NEW.is_delete,NEW.created_by,NEW.created_time,NEW.created_ip,NEW.modified_by,NEW.modified_time);
                                        END IF;
                                        IF NEW.income <> OLD.income THEN  
                                            INSERT INTO product_history_5 (product_id,field,old_value,new_value,status,is_delete,created_by,created_time,created_ip,modified_by,modified_time) 
                                    		  							  VALUES(NEW.id,'income',OLD.income,NEW.income,NEW.status,NEW.is_delete,NEW.created_by,NEW.created_time,NEW.created_ip,NEW.modified_by,NEW.modified_time);
                                        END IF;
                                        IF NEW.networth <> OLD.networth THEN  
                                            INSERT INTO product_history_5 (product_id,field,old_value,new_value,status,is_delete,created_by,created_time,created_ip,modified_by,modified_time) 
                                    		  							  VALUES(NEW.id,'networth',OLD.networth,NEW.networth,NEW.status,NEW.is_delete,NEW.created_by,NEW.created_time,NEW.created_ip,NEW.modified_by,NEW.modified_time);
                                        END IF;
                                        IF NEW.networthonly <> OLD.networthonly THEN  
                                            INSERT INTO product_history_5 (product_id,field,old_value,new_value,status,is_delete,created_by,created_time,created_ip,modified_by,modified_time) 
                                    		  							  VALUES(NEW.id,'networthonly',OLD.networthonly,NEW.networthonly,NEW.status,NEW.is_delete,NEW.created_by,NEW.created_time,NEW.created_ip,NEW.modified_by,NEW.modified_time);
                                        END IF;
                                        IF NEW.minimum_investment <> OLD.minimum_investment THEN  
                                            INSERT INTO product_history_5 (product_id,field,old_value,new_value,status,is_delete,created_by,created_time,created_ip,modified_by,modified_time) 
                                    		  							  VALUES(NEW.id,'minimum_investment',OLD.minimum_investment,NEW.minimum_investment,NEW.status,NEW.is_delete,NEW.created_by,NEW.created_time,NEW.created_ip,NEW.modified_by,NEW.modified_time);
                                        END IF;
                                        IF NEW.minimum_offer <> OLD.minimum_offer THEN  
                                            INSERT INTO product_history_5 (product_id,field,old_value,new_value,status,is_delete,created_by,created_time,created_ip,modified_by,modified_time) 
                                    		  							  VALUES(NEW.id,'minimum_offer',OLD.minimum_offer,NEW.minimum_offer,NEW.status,NEW.is_delete,NEW.created_by,NEW.created_time,NEW.created_ip,NEW.modified_by,NEW.modified_time);
                                        END IF;
                                        IF NEW.maximum_offer <> OLD.maximum_offer THEN  
                                            INSERT INTO product_history_5 (product_id,field,old_value,new_value,status,is_delete,created_by,created_time,created_ip,modified_by,modified_time) 
                                    		  							  VALUES(NEW.id,'maximum_offer',OLD.maximum_offer,NEW.maximum_offer,NEW.status,NEW.is_delete,NEW.created_by,NEW.created_time,NEW.created_ip,NEW.modified_by,NEW.modified_time);
                                        END IF;
                                        IF NEW.objective <> OLD.objective THEN  
                                            INSERT INTO product_history_5 (product_id,field,old_value,new_value,status,is_delete,created_by,created_time,created_ip,modified_by,modified_time) 
                                    		  							  VALUES(NEW.id,'objective',OLD.objective,NEW.objective,NEW.status,NEW.is_delete,NEW.created_by,NEW.created_time,NEW.created_ip,NEW.modified_by,NEW.modified_time);
                                        END IF;
                                        IF NEW.non_commissionable <> OLD.non_commissionable THEN  
                                            INSERT INTO product_history_5 (product_id,field,old_value,new_value,status,is_delete,created_by,created_time,created_ip,modified_by,modified_time) 
                                    		  							  VALUES(NEW.id,'non_commissionable',OLD.non_commissionable,NEW.non_commissionable,NEW.status,NEW.is_delete,NEW.created_by,NEW.created_time,NEW.created_ip,NEW.modified_by,NEW.modified_time);
                                        END IF;
                                        IF NEW.class_type <> OLD.class_type THEN  
                                            INSERT INTO product_history_5 (product_id,field,old_value,new_value,status,is_delete,created_by,created_time,created_ip,modified_by,modified_time) 
                                    		  							  VALUES(NEW.id,'class_type',OLD.class_type,NEW.class_type,NEW.status,NEW.is_delete,NEW.created_by,NEW.created_time,NEW.created_ip,NEW.modified_by,NEW.modified_time);
                                        END IF;
                                        IF NEW.fund_code <> OLD.fund_code THEN  
                                            INSERT INTO product_history_5 (product_id,field,old_value,new_value,status,is_delete,created_by,created_time,created_ip,modified_by,modified_time) 
                                    		  							  VALUES(NEW.id,'fund_code',OLD.fund_code,NEW.fund_code,NEW.status,NEW.is_delete,NEW.created_by,NEW.created_time,NEW.created_ip,NEW.modified_by,NEW.modified_time);
                                        END IF;
                                        IF NEW.sweep_fee <> OLD.sweep_fee THEN  
                                            INSERT INTO product_history_5 (product_id,field,old_value,new_value,status,is_delete,created_by,created_time,created_ip,modified_by,modified_time) 
                                    		  							  VALUES(NEW.id,'sweep_fee',OLD.sweep_fee,NEW.sweep_fee,NEW.status,NEW.is_delete,NEW.created_by,NEW.created_time,NEW.created_ip,NEW.modified_by,NEW.modified_time);
                                        END IF;
                                        IF NEW.ria_specific <> OLD.ria_specific THEN  
                                            INSERT INTO product_history_5 (product_id,field,old_value,new_value,status,is_delete,created_by,created_time,created_ip,modified_by,modified_time) 
                                    		  							  VALUES(NEW.id,'ria_specific',OLD.ria_specific,NEW.ria_specific,NEW.status,NEW.is_delete,NEW.created_by,NEW.created_time,NEW.created_ip,NEW.modified_by,NEW.modified_time);
                                        END IF;
                                        IF NEW.ria_specific_type <> OLD.ria_specific_type THEN  
                                            INSERT INTO product_history_5 (product_id,field,old_value,new_value,status,is_delete,created_by,created_time,created_ip,modified_by,modified_time) 
                                    		  							  VALUES(NEW.id,'ria_specific_type',OLD.ria_specific_type,NEW.ria_specific_type,NEW.status,NEW.is_delete,NEW.created_by,NEW.created_time,NEW.created_ip,NEW.modified_by,NEW.modified_time);
                                        END IF;
                                        IF NEW.based <> OLD.based THEN  
                                            INSERT INTO product_history_5 (product_id,field,old_value,new_value,status,is_delete,created_by,created_time,created_ip,modified_by,modified_time) 
                                    		  							  VALUES(NEW.id,'based',OLD.based,NEW.based,NEW.status,NEW.is_delete,NEW.created_by,NEW.created_time,NEW.created_ip,NEW.modified_by,NEW.modified_time);
                                        END IF;
                                        IF NEW.fee_rate <> OLD.fee_rate THEN  
                                            INSERT INTO product_history_5 (product_id,field,old_value,new_value,status,is_delete,created_by,created_time,created_ip,modified_by,modified_time) 
                                    		  							  VALUES(NEW.id,'fee_rate',OLD.fee_rate,NEW.fee_rate,NEW.status,NEW.is_delete,NEW.created_by,NEW.created_time,NEW.created_ip,NEW.modified_by,NEW.modified_time);
                                        END IF;
                                        IF NEW.st_bo <> OLD.st_bo THEN  
                                            INSERT INTO product_history_5 (product_id,field,old_value,new_value,status,is_delete,created_by,created_time,created_ip,modified_by,modified_time) 
                                    		  							  VALUES(NEW.id,'st_bo',OLD.st_bo,NEW.st_bo,NEW.status,NEW.is_delete,NEW.created_by,NEW.created_time,NEW.created_ip,NEW.modified_by,NEW.modified_time);
                                        END IF;
                                        IF NEW.m_date <> OLD.m_date THEN  
                                            INSERT INTO product_history_5 (product_id,field,old_value,new_value,status,is_delete,created_by,created_time,created_ip,modified_by,modified_time) 
                                    		  							  VALUES(NEW.id,'m_date',OLD.m_date,NEW.m_date,NEW.status,NEW.is_delete,NEW.created_by,NEW.created_time,NEW.created_ip,NEW.modified_by,NEW.modified_time);
                                        END IF;
                                        IF NEW.type <> OLD.type THEN  
                                            INSERT INTO product_history_5 (product_id,field,old_value,new_value,status,is_delete,created_by,created_time,created_ip,modified_by,modified_time) 
                                    		  							  VALUES(NEW.id,'type',OLD.type,NEW.type,NEW.status,NEW.is_delete,NEW.created_by,NEW.created_time,NEW.created_ip,NEW.modified_by,NEW.modified_time);
                                        END IF;
                                        IF NEW.var <> OLD.var THEN  
                                            INSERT INTO product_history_5 (product_id,field,old_value,new_value,status,is_delete,created_by,created_time,created_ip,modified_by,modified_time) 
                                    		  							  VALUES(NEW.id,'var',OLD.var,NEW.var,NEW.status,NEW.is_delete,NEW.created_by,NEW.created_time,NEW.created_ip,NEW.modified_by,NEW.modified_time);
                                        END IF;
                                        IF NEW.reg_type <> OLD.reg_type THEN  
                                            INSERT INTO product_history_5 (product_id,field,old_value,new_value,status,is_delete,created_by,created_time,created_ip,modified_by,modified_time) 
                                    		  							  VALUES(NEW.id,'reg_type',OLD.reg_type,NEW.reg_type,NEW.status,NEW.is_delete,NEW.created_by,NEW.created_time,NEW.created_ip,NEW.modified_by,NEW.modified_time);
                                        END IF;
                                    END
//
DELIMITER ;

-- --------------------------------------------------------

--
-- Table structure for table `product_category_6`
--

CREATE TABLE IF NOT EXISTS `product_category_6` (
`id` int(12) NOT NULL,
  `category` int(12) DEFAULT NULL,
  `name` varchar(100) DEFAULT NULL,
  `sponsor` varchar(100) DEFAULT NULL,
  `ticker_symbol` varchar(100) DEFAULT NULL,
  `cusip` varchar(100) DEFAULT NULL,
  `security` varchar(100) DEFAULT NULL,
  `receive` tinyint(1) NOT NULL DEFAULT '0',
  `income` varchar(100) DEFAULT NULL,
  `networth` varchar(100) DEFAULT NULL,
  `networthonly` varchar(100) DEFAULT NULL,
  `minimum_investment` varchar(100) DEFAULT NULL,
  `minimum_offer` varchar(100) DEFAULT NULL,
  `maximum_offer` varchar(100) DEFAULT NULL,
  `objective` varchar(100) DEFAULT NULL,
  `non_commissionable` tinyint(1) NOT NULL DEFAULT '0',
  `class_type` varchar(100) DEFAULT NULL,
  `fund_code` varchar(100) DEFAULT NULL,
  `sweep_fee` tinyint(1) NOT NULL DEFAULT '0',
  `ria_specific` varchar(100) DEFAULT NULL,
  `ria_specific_type` varchar(100) DEFAULT NULL,
  `based` varchar(100) DEFAULT NULL,
  `fee_rate` varchar(100) DEFAULT NULL,
  `st_bo` varchar(100) DEFAULT NULL,
  `m_date` date DEFAULT NULL,
  `type` varchar(100) DEFAULT NULL,
  `var` varchar(100) DEFAULT NULL,
  `reg_type` varchar(100) DEFAULT NULL,
  `status` tinyint(1) NOT NULL DEFAULT '1',
  `is_delete` tinyint(1) NOT NULL DEFAULT '0',
  `created_by` int(12) DEFAULT NULL,
  `created_time` datetime DEFAULT NULL,
  `created_ip` varchar(100) DEFAULT NULL,
  `modified_by` int(12) DEFAULT NULL,
  `modified_time` datetime DEFAULT NULL,
  `modified_ip` varchar(100) DEFAULT NULL
) ENGINE=InnoDB DEFAULT CHARSET=latin1;

--
-- Triggers `product_category_6`
--
DELIMITER //
CREATE TRIGGER `updateProduct_6` AFTER UPDATE ON `product_category_6`
 FOR EACH ROW BEGIN
                                    	IF NEW.name <> OLD.name THEN  
                                            INSERT INTO product_history_6 (product_id,field,old_value,new_value,status,is_delete,created_by,created_time,created_ip,modified_by,modified_time) 
                                    		  							  VALUES(NEW.id,'name',OLD.name,NEW.name,NEW.status,NEW.is_delete,NEW.created_by,NEW.created_time,NEW.created_ip,NEW.modified_by,NEW.modified_time);
                                        END IF;
                                        IF NEW.category <> OLD.category THEN  
                                            INSERT INTO product_history_6 (product_id,field,old_value,new_value,status,is_delete,created_by,created_time,created_ip,modified_by,modified_time) 
                                    		  							  VALUES(NEW.id,'category',OLD.category,NEW.category,NEW.status,NEW.is_delete,NEW.created_by,NEW.created_time,NEW.created_ip,NEW.modified_by,NEW.modified_time);
                                        END IF;
                                        IF NEW.sponsor <> OLD.sponsor THEN  
                                            INSERT INTO product_history_6 (product_id,field,old_value,new_value,status,is_delete,created_by,created_time,created_ip,modified_by,modified_time) 
                                    		  							  VALUES(NEW.id,'sponsor',OLD.sponsor,NEW.sponsor,NEW.status,NEW.is_delete,NEW.created_by,NEW.created_time,NEW.created_ip,NEW.modified_by,NEW.modified_time);
                                        END IF;
                                        IF NEW.ticker_symbol <> OLD.ticker_symbol THEN  
                                            INSERT INTO product_history_6 (product_id,field,old_value,new_value,status,is_delete,created_by,created_time,created_ip,modified_by,modified_time) 
                                    		  							  VALUES(NEW.id,'ticker_symbol',OLD.ticker_symbol,NEW.ticker_symbol,NEW.status,NEW.is_delete,NEW.created_by,NEW.created_time,NEW.created_ip,NEW.modified_by,NEW.modified_time);
                                        END IF;
                                        IF NEW.cusip <> OLD.cusip THEN  
                                            INSERT INTO product_history_6 (product_id,field,old_value,new_value,status,is_delete,created_by,created_time,created_ip,modified_by,modified_time) 
                                    		  							  VALUES(NEW.id,'cusip',OLD.cusip,NEW.cusip,NEW.status,NEW.is_delete,NEW.created_by,NEW.created_time,NEW.created_ip,NEW.modified_by,NEW.modified_time);
                                        END IF;
                                        IF NEW.security <> OLD.security THEN  
                                            INSERT INTO product_history_6 (product_id,field,old_value,new_value,status,is_delete,created_by,created_time,created_ip,modified_by,modified_time) 
                                    		  							  VALUES(NEW.id,'security',OLD.security,NEW.security,NEW.status,NEW.is_delete,NEW.created_by,NEW.created_time,NEW.created_ip,NEW.modified_by,NEW.modified_time);
                                        END IF;
                                        IF NEW.receive <> OLD.receive THEN  
                                            INSERT INTO product_history_6 (product_id,field,old_value,new_value,status,is_delete,created_by,created_time,created_ip,modified_by,modified_time) 
                                    		  							  VALUES(NEW.id,'receive',OLD.receive,NEW.receive,NEW.status,NEW.is_delete,NEW.created_by,NEW.created_time,NEW.created_ip,NEW.modified_by,NEW.modified_time);
                                        END IF;
                                        IF NEW.income <> OLD.income THEN  
                                            INSERT INTO product_history_6 (product_id,field,old_value,new_value,status,is_delete,created_by,created_time,created_ip,modified_by,modified_time) 
                                    		  							  VALUES(NEW.id,'income',OLD.income,NEW.income,NEW.status,NEW.is_delete,NEW.created_by,NEW.created_time,NEW.created_ip,NEW.modified_by,NEW.modified_time);
                                        END IF;
                                        IF NEW.networth <> OLD.networth THEN  
                                            INSERT INTO product_history_6 (product_id,field,old_value,new_value,status,is_delete,created_by,created_time,created_ip,modified_by,modified_time) 
                                    		  							  VALUES(NEW.id,'networth',OLD.networth,NEW.networth,NEW.status,NEW.is_delete,NEW.created_by,NEW.created_time,NEW.created_ip,NEW.modified_by,NEW.modified_time);
                                        END IF;
                                        IF NEW.networthonly <> OLD.networthonly THEN  
                                            INSERT INTO product_history_6 (product_id,field,old_value,new_value,status,is_delete,created_by,created_time,created_ip,modified_by,modified_time) 
                                    		  							  VALUES(NEW.id,'networthonly',OLD.networthonly,NEW.networthonly,NEW.status,NEW.is_delete,NEW.created_by,NEW.created_time,NEW.created_ip,NEW.modified_by,NEW.modified_time);
                                        END IF;
                                        IF NEW.minimum_investment <> OLD.minimum_investment THEN  
                                            INSERT INTO product_history_6 (product_id,field,old_value,new_value,status,is_delete,created_by,created_time,created_ip,modified_by,modified_time) 
                                    		  							  VALUES(NEW.id,'minimum_investment',OLD.minimum_investment,NEW.minimum_investment,NEW.status,NEW.is_delete,NEW.created_by,NEW.created_time,NEW.created_ip,NEW.modified_by,NEW.modified_time);
                                        END IF;
                                        IF NEW.minimum_offer <> OLD.minimum_offer THEN  
                                            INSERT INTO product_history_6 (product_id,field,old_value,new_value,status,is_delete,created_by,created_time,created_ip,modified_by,modified_time) 
                                    		  							  VALUES(NEW.id,'minimum_offer',OLD.minimum_offer,NEW.minimum_offer,NEW.status,NEW.is_delete,NEW.created_by,NEW.created_time,NEW.created_ip,NEW.modified_by,NEW.modified_time);
                                        END IF;
                                        IF NEW.maximum_offer <> OLD.maximum_offer THEN  
                                            INSERT INTO product_history_6 (product_id,field,old_value,new_value,status,is_delete,created_by,created_time,created_ip,modified_by,modified_time) 
                                    		  							  VALUES(NEW.id,'maximum_offer',OLD.maximum_offer,NEW.maximum_offer,NEW.status,NEW.is_delete,NEW.created_by,NEW.created_time,NEW.created_ip,NEW.modified_by,NEW.modified_time);
                                        END IF;
                                        IF NEW.objective <> OLD.objective THEN  
                                            INSERT INTO product_history_6 (product_id,field,old_value,new_value,status,is_delete,created_by,created_time,created_ip,modified_by,modified_time) 
                                    		  							  VALUES(NEW.id,'objective',OLD.objective,NEW.objective,NEW.status,NEW.is_delete,NEW.created_by,NEW.created_time,NEW.created_ip,NEW.modified_by,NEW.modified_time);
                                        END IF;
                                        IF NEW.non_commissionable <> OLD.non_commissionable THEN  
                                            INSERT INTO product_history_6 (product_id,field,old_value,new_value,status,is_delete,created_by,created_time,created_ip,modified_by,modified_time) 
                                    		  							  VALUES(NEW.id,'non_commissionable',OLD.non_commissionable,NEW.non_commissionable,NEW.status,NEW.is_delete,NEW.created_by,NEW.created_time,NEW.created_ip,NEW.modified_by,NEW.modified_time);
                                        END IF;
                                        IF NEW.class_type <> OLD.class_type THEN  
                                            INSERT INTO product_history_6 (product_id,field,old_value,new_value,status,is_delete,created_by,created_time,created_ip,modified_by,modified_time) 
                                    		  							  VALUES(NEW.id,'class_type',OLD.class_type,NEW.class_type,NEW.status,NEW.is_delete,NEW.created_by,NEW.created_time,NEW.created_ip,NEW.modified_by,NEW.modified_time);
                                        END IF;
                                        IF NEW.fund_code <> OLD.fund_code THEN  
                                            INSERT INTO product_history_6 (product_id,field,old_value,new_value,status,is_delete,created_by,created_time,created_ip,modified_by,modified_time) 
                                    		  							  VALUES(NEW.id,'fund_code',OLD.fund_code,NEW.fund_code,NEW.status,NEW.is_delete,NEW.created_by,NEW.created_time,NEW.created_ip,NEW.modified_by,NEW.modified_time);
                                        END IF;
                                        IF NEW.sweep_fee <> OLD.sweep_fee THEN  
                                            INSERT INTO product_history_6 (product_id,field,old_value,new_value,status,is_delete,created_by,created_time,created_ip,modified_by,modified_time) 
                                    		  							  VALUES(NEW.id,'sweep_fee',OLD.sweep_fee,NEW.sweep_fee,NEW.status,NEW.is_delete,NEW.created_by,NEW.created_time,NEW.created_ip,NEW.modified_by,NEW.modified_time);
                                        END IF;
                                        IF NEW.ria_specific <> OLD.ria_specific THEN  
                                            INSERT INTO product_history_6 (product_id,field,old_value,new_value,status,is_delete,created_by,created_time,created_ip,modified_by,modified_time) 
                                    		  							  VALUES(NEW.id,'ria_specific',OLD.ria_specific,NEW.ria_specific,NEW.status,NEW.is_delete,NEW.created_by,NEW.created_time,NEW.created_ip,NEW.modified_by,NEW.modified_time);
                                        END IF;
                                        IF NEW.ria_specific_type <> OLD.ria_specific_type THEN  
                                            INSERT INTO product_history_6 (product_id,field,old_value,new_value,status,is_delete,created_by,created_time,created_ip,modified_by,modified_time) 
                                    		  							  VALUES(NEW.id,'ria_specific_type',OLD.ria_specific_type,NEW.ria_specific_type,NEW.status,NEW.is_delete,NEW.created_by,NEW.created_time,NEW.created_ip,NEW.modified_by,NEW.modified_time);
                                        END IF;
                                        IF NEW.based <> OLD.based THEN  
                                            INSERT INTO product_history_6 (product_id,field,old_value,new_value,status,is_delete,created_by,created_time,created_ip,modified_by,modified_time) 
                                    		  							  VALUES(NEW.id,'based',OLD.based,NEW.based,NEW.status,NEW.is_delete,NEW.created_by,NEW.created_time,NEW.created_ip,NEW.modified_by,NEW.modified_time);
                                        END IF;
                                        IF NEW.fee_rate <> OLD.fee_rate THEN  
                                            INSERT INTO product_history_6 (product_id,field,old_value,new_value,status,is_delete,created_by,created_time,created_ip,modified_by,modified_time) 
                                    		  							  VALUES(NEW.id,'fee_rate',OLD.fee_rate,NEW.fee_rate,NEW.status,NEW.is_delete,NEW.created_by,NEW.created_time,NEW.created_ip,NEW.modified_by,NEW.modified_time);
                                        END IF;
                                        IF NEW.st_bo <> OLD.st_bo THEN  
                                            INSERT INTO product_history_6 (product_id,field,old_value,new_value,status,is_delete,created_by,created_time,created_ip,modified_by,modified_time) 
                                    		  							  VALUES(NEW.id,'st_bo',OLD.st_bo,NEW.st_bo,NEW.status,NEW.is_delete,NEW.created_by,NEW.created_time,NEW.created_ip,NEW.modified_by,NEW.modified_time);
                                        END IF;
                                        IF NEW.m_date <> OLD.m_date THEN  
                                            INSERT INTO product_history_6 (product_id,field,old_value,new_value,status,is_delete,created_by,created_time,created_ip,modified_by,modified_time) 
                                    		  							  VALUES(NEW.id,'m_date',OLD.m_date,NEW.m_date,NEW.status,NEW.is_delete,NEW.created_by,NEW.created_time,NEW.created_ip,NEW.modified_by,NEW.modified_time);
                                        END IF;
                                        IF NEW.type <> OLD.type THEN  
                                            INSERT INTO product_history_6 (product_id,field,old_value,new_value,status,is_delete,created_by,created_time,created_ip,modified_by,modified_time) 
                                    		  							  VALUES(NEW.id,'type',OLD.type,NEW.type,NEW.status,NEW.is_delete,NEW.created_by,NEW.created_time,NEW.created_ip,NEW.modified_by,NEW.modified_time);
                                        END IF;
                                        IF NEW.var <> OLD.var THEN  
                                            INSERT INTO product_history_6 (product_id,field,old_value,new_value,status,is_delete,created_by,created_time,created_ip,modified_by,modified_time) 
                                    		  							  VALUES(NEW.id,'var',OLD.var,NEW.var,NEW.status,NEW.is_delete,NEW.created_by,NEW.created_time,NEW.created_ip,NEW.modified_by,NEW.modified_time);
                                        END IF;
                                        IF NEW.reg_type <> OLD.reg_type THEN  
                                            INSERT INTO product_history_6 (product_id,field,old_value,new_value,status,is_delete,created_by,created_time,created_ip,modified_by,modified_time) 
                                    		  							  VALUES(NEW.id,'reg_type',OLD.reg_type,NEW.reg_type,NEW.status,NEW.is_delete,NEW.created_by,NEW.created_time,NEW.created_ip,NEW.modified_by,NEW.modified_time);
                                        END IF;
                                    END
//
DELIMITER ;

-- --------------------------------------------------------

--
-- Table structure for table `product_category_7`
--

CREATE TABLE IF NOT EXISTS `product_category_7` (
`id` int(12) NOT NULL,
  `category` int(12) DEFAULT NULL,
  `name` varchar(100) DEFAULT NULL,
  `sponsor` varchar(100) DEFAULT NULL,
  `ticker_symbol` varchar(100) DEFAULT NULL,
  `cusip` varchar(100) DEFAULT NULL,
  `security` varchar(100) DEFAULT NULL,
  `receive` tinyint(1) NOT NULL DEFAULT '0',
  `income` varchar(100) DEFAULT NULL,
  `networth` varchar(100) DEFAULT NULL,
  `networthonly` varchar(100) DEFAULT NULL,
  `minimum_investment` varchar(100) DEFAULT NULL,
  `minimum_offer` varchar(100) DEFAULT NULL,
  `maximum_offer` varchar(100) DEFAULT NULL,
  `objective` varchar(100) DEFAULT NULL,
  `non_commissionable` tinyint(1) NOT NULL DEFAULT '0',
  `class_type` varchar(100) DEFAULT NULL,
  `fund_code` varchar(100) DEFAULT NULL,
  `sweep_fee` tinyint(1) NOT NULL DEFAULT '0',
  `ria_specific` varchar(100) DEFAULT NULL,
  `ria_specific_type` varchar(100) DEFAULT NULL,
  `based` varchar(100) DEFAULT NULL,
  `fee_rate` varchar(100) DEFAULT NULL,
  `st_bo` varchar(100) DEFAULT NULL,
  `m_date` date DEFAULT NULL,
  `type` varchar(100) DEFAULT NULL,
  `var` varchar(100) DEFAULT NULL,
  `reg_type` varchar(100) DEFAULT NULL,
  `status` tinyint(1) NOT NULL DEFAULT '1',
  `is_delete` tinyint(1) NOT NULL DEFAULT '0',
  `created_by` int(12) DEFAULT NULL,
  `created_time` datetime DEFAULT NULL,
  `created_ip` varchar(100) DEFAULT NULL,
  `modified_by` int(12) DEFAULT NULL,
  `modified_time` datetime DEFAULT NULL,
  `modified_ip` varchar(100) DEFAULT NULL
) ENGINE=InnoDB DEFAULT CHARSET=latin1;

--
-- Triggers `product_category_7`
--
DELIMITER //
CREATE TRIGGER `updateProduct_7` AFTER UPDATE ON `product_category_7`
 FOR EACH ROW BEGIN
                                    	IF NEW.name <> OLD.name THEN  
                                            INSERT INTO product_history_7 (product_id,field,old_value,new_value,status,is_delete,created_by,created_time,created_ip,modified_by,modified_time) 
                                    		  							  VALUES(NEW.id,'name',OLD.name,NEW.name,NEW.status,NEW.is_delete,NEW.created_by,NEW.created_time,NEW.created_ip,NEW.modified_by,NEW.modified_time);
                                        END IF;
                                        IF NEW.category <> OLD.category THEN  
                                            INSERT INTO product_history_7 (product_id,field,old_value,new_value,status,is_delete,created_by,created_time,created_ip,modified_by,modified_time) 
                                    		  							  VALUES(NEW.id,'category',OLD.category,NEW.category,NEW.status,NEW.is_delete,NEW.created_by,NEW.created_time,NEW.created_ip,NEW.modified_by,NEW.modified_time);
                                        END IF;
                                        IF NEW.sponsor <> OLD.sponsor THEN  
                                            INSERT INTO product_history_7 (product_id,field,old_value,new_value,status,is_delete,created_by,created_time,created_ip,modified_by,modified_time) 
                                    		  							  VALUES(NEW.id,'sponsor',OLD.sponsor,NEW.sponsor,NEW.status,NEW.is_delete,NEW.created_by,NEW.created_time,NEW.created_ip,NEW.modified_by,NEW.modified_time);
                                        END IF;
                                        IF NEW.ticker_symbol <> OLD.ticker_symbol THEN  
                                            INSERT INTO product_history_7 (product_id,field,old_value,new_value,status,is_delete,created_by,created_time,created_ip,modified_by,modified_time) 
                                    		  							  VALUES(NEW.id,'ticker_symbol',OLD.ticker_symbol,NEW.ticker_symbol,NEW.status,NEW.is_delete,NEW.created_by,NEW.created_time,NEW.created_ip,NEW.modified_by,NEW.modified_time);
                                        END IF;
                                        IF NEW.cusip <> OLD.cusip THEN  
                                            INSERT INTO product_history_7 (product_id,field,old_value,new_value,status,is_delete,created_by,created_time,created_ip,modified_by,modified_time) 
                                    		  							  VALUES(NEW.id,'cusip',OLD.cusip,NEW.cusip,NEW.status,NEW.is_delete,NEW.created_by,NEW.created_time,NEW.created_ip,NEW.modified_by,NEW.modified_time);
                                        END IF;
                                        IF NEW.security <> OLD.security THEN  
                                            INSERT INTO product_history_7 (product_id,field,old_value,new_value,status,is_delete,created_by,created_time,created_ip,modified_by,modified_time) 
                                    		  							  VALUES(NEW.id,'security',OLD.security,NEW.security,NEW.status,NEW.is_delete,NEW.created_by,NEW.created_time,NEW.created_ip,NEW.modified_by,NEW.modified_time);
                                        END IF;
                                        IF NEW.receive <> OLD.receive THEN  
                                            INSERT INTO product_history_7 (product_id,field,old_value,new_value,status,is_delete,created_by,created_time,created_ip,modified_by,modified_time) 
                                    		  							  VALUES(NEW.id,'receive',OLD.receive,NEW.receive,NEW.status,NEW.is_delete,NEW.created_by,NEW.created_time,NEW.created_ip,NEW.modified_by,NEW.modified_time);
                                        END IF;
                                        IF NEW.income <> OLD.income THEN  
                                            INSERT INTO product_history_7 (product_id,field,old_value,new_value,status,is_delete,created_by,created_time,created_ip,modified_by,modified_time) 
                                    		  							  VALUES(NEW.id,'income',OLD.income,NEW.income,NEW.status,NEW.is_delete,NEW.created_by,NEW.created_time,NEW.created_ip,NEW.modified_by,NEW.modified_time);
                                        END IF;
                                        IF NEW.networth <> OLD.networth THEN  
                                            INSERT INTO product_history_7 (product_id,field,old_value,new_value,status,is_delete,created_by,created_time,created_ip,modified_by,modified_time) 
                                    		  							  VALUES(NEW.id,'networth',OLD.networth,NEW.networth,NEW.status,NEW.is_delete,NEW.created_by,NEW.created_time,NEW.created_ip,NEW.modified_by,NEW.modified_time);
                                        END IF;
                                        IF NEW.networthonly <> OLD.networthonly THEN  
                                            INSERT INTO product_history_7 (product_id,field,old_value,new_value,status,is_delete,created_by,created_time,created_ip,modified_by,modified_time) 
                                    		  							  VALUES(NEW.id,'networthonly',OLD.networthonly,NEW.networthonly,NEW.status,NEW.is_delete,NEW.created_by,NEW.created_time,NEW.created_ip,NEW.modified_by,NEW.modified_time);
                                        END IF;
                                        IF NEW.minimum_investment <> OLD.minimum_investment THEN  
                                            INSERT INTO product_history_7 (product_id,field,old_value,new_value,status,is_delete,created_by,created_time,created_ip,modified_by,modified_time) 
                                    		  							  VALUES(NEW.id,'minimum_investment',OLD.minimum_investment,NEW.minimum_investment,NEW.status,NEW.is_delete,NEW.created_by,NEW.created_time,NEW.created_ip,NEW.modified_by,NEW.modified_time);
                                        END IF;
                                        IF NEW.minimum_offer <> OLD.minimum_offer THEN  
                                            INSERT INTO product_history_7 (product_id,field,old_value,new_value,status,is_delete,created_by,created_time,created_ip,modified_by,modified_time) 
                                    		  							  VALUES(NEW.id,'minimum_offer',OLD.minimum_offer,NEW.minimum_offer,NEW.status,NEW.is_delete,NEW.created_by,NEW.created_time,NEW.created_ip,NEW.modified_by,NEW.modified_time);
                                        END IF;
                                        IF NEW.maximum_offer <> OLD.maximum_offer THEN  
                                            INSERT INTO product_history_7 (product_id,field,old_value,new_value,status,is_delete,created_by,created_time,created_ip,modified_by,modified_time) 
                                    		  							  VALUES(NEW.id,'maximum_offer',OLD.maximum_offer,NEW.maximum_offer,NEW.status,NEW.is_delete,NEW.created_by,NEW.created_time,NEW.created_ip,NEW.modified_by,NEW.modified_time);
                                        END IF;
                                        IF NEW.objective <> OLD.objective THEN  
                                            INSERT INTO product_history_7 (product_id,field,old_value,new_value,status,is_delete,created_by,created_time,created_ip,modified_by,modified_time) 
                                    		  							  VALUES(NEW.id,'objective',OLD.objective,NEW.objective,NEW.status,NEW.is_delete,NEW.created_by,NEW.created_time,NEW.created_ip,NEW.modified_by,NEW.modified_time);
                                        END IF;
                                        IF NEW.non_commissionable <> OLD.non_commissionable THEN  
                                            INSERT INTO product_history_7 (product_id,field,old_value,new_value,status,is_delete,created_by,created_time,created_ip,modified_by,modified_time) 
                                    		  							  VALUES(NEW.id,'non_commissionable',OLD.non_commissionable,NEW.non_commissionable,NEW.status,NEW.is_delete,NEW.created_by,NEW.created_time,NEW.created_ip,NEW.modified_by,NEW.modified_time);
                                        END IF;
                                        IF NEW.class_type <> OLD.class_type THEN  
                                            INSERT INTO product_history_7 (product_id,field,old_value,new_value,status,is_delete,created_by,created_time,created_ip,modified_by,modified_time) 
                                    		  							  VALUES(NEW.id,'class_type',OLD.class_type,NEW.class_type,NEW.status,NEW.is_delete,NEW.created_by,NEW.created_time,NEW.created_ip,NEW.modified_by,NEW.modified_time);
                                        END IF;
                                        IF NEW.fund_code <> OLD.fund_code THEN  
                                            INSERT INTO product_history_7 (product_id,field,old_value,new_value,status,is_delete,created_by,created_time,created_ip,modified_by,modified_time) 
                                    		  							  VALUES(NEW.id,'fund_code',OLD.fund_code,NEW.fund_code,NEW.status,NEW.is_delete,NEW.created_by,NEW.created_time,NEW.created_ip,NEW.modified_by,NEW.modified_time);
                                        END IF;
                                        IF NEW.sweep_fee <> OLD.sweep_fee THEN  
                                            INSERT INTO product_history_7 (product_id,field,old_value,new_value,status,is_delete,created_by,created_time,created_ip,modified_by,modified_time) 
                                    		  							  VALUES(NEW.id,'sweep_fee',OLD.sweep_fee,NEW.sweep_fee,NEW.status,NEW.is_delete,NEW.created_by,NEW.created_time,NEW.created_ip,NEW.modified_by,NEW.modified_time);
                                        END IF;
                                        IF NEW.ria_specific <> OLD.ria_specific THEN  
                                            INSERT INTO product_history_7 (product_id,field,old_value,new_value,status,is_delete,created_by,created_time,created_ip,modified_by,modified_time) 
                                    		  							  VALUES(NEW.id,'ria_specific',OLD.ria_specific,NEW.ria_specific,NEW.status,NEW.is_delete,NEW.created_by,NEW.created_time,NEW.created_ip,NEW.modified_by,NEW.modified_time);
                                        END IF;
                                        IF NEW.ria_specific_type <> OLD.ria_specific_type THEN  
                                            INSERT INTO product_history_7 (product_id,field,old_value,new_value,status,is_delete,created_by,created_time,created_ip,modified_by,modified_time) 
                                    		  							  VALUES(NEW.id,'ria_specific_type',OLD.ria_specific_type,NEW.ria_specific_type,NEW.status,NEW.is_delete,NEW.created_by,NEW.created_time,NEW.created_ip,NEW.modified_by,NEW.modified_time);
                                        END IF;
                                        IF NEW.based <> OLD.based THEN  
                                            INSERT INTO product_history_7 (product_id,field,old_value,new_value,status,is_delete,created_by,created_time,created_ip,modified_by,modified_time) 
                                    		  							  VALUES(NEW.id,'based',OLD.based,NEW.based,NEW.status,NEW.is_delete,NEW.created_by,NEW.created_time,NEW.created_ip,NEW.modified_by,NEW.modified_time);
                                        END IF;
                                        IF NEW.fee_rate <> OLD.fee_rate THEN  
                                            INSERT INTO product_history_7 (product_id,field,old_value,new_value,status,is_delete,created_by,created_time,created_ip,modified_by,modified_time) 
                                    		  							  VALUES(NEW.id,'fee_rate',OLD.fee_rate,NEW.fee_rate,NEW.status,NEW.is_delete,NEW.created_by,NEW.created_time,NEW.created_ip,NEW.modified_by,NEW.modified_time);
                                        END IF;
                                        IF NEW.st_bo <> OLD.st_bo THEN  
                                            INSERT INTO product_history_7 (product_id,field,old_value,new_value,status,is_delete,created_by,created_time,created_ip,modified_by,modified_time) 
                                    		  							  VALUES(NEW.id,'st_bo',OLD.st_bo,NEW.st_bo,NEW.status,NEW.is_delete,NEW.created_by,NEW.created_time,NEW.created_ip,NEW.modified_by,NEW.modified_time);
                                        END IF;
                                        IF NEW.m_date <> OLD.m_date THEN  
                                            INSERT INTO product_history_7 (product_id,field,old_value,new_value,status,is_delete,created_by,created_time,created_ip,modified_by,modified_time) 
                                    		  							  VALUES(NEW.id,'m_date',OLD.m_date,NEW.m_date,NEW.status,NEW.is_delete,NEW.created_by,NEW.created_time,NEW.created_ip,NEW.modified_by,NEW.modified_time);
                                        END IF;
                                        IF NEW.type <> OLD.type THEN  
                                            INSERT INTO product_history_7 (product_id,field,old_value,new_value,status,is_delete,created_by,created_time,created_ip,modified_by,modified_time) 
                                    		  							  VALUES(NEW.id,'type',OLD.type,NEW.type,NEW.status,NEW.is_delete,NEW.created_by,NEW.created_time,NEW.created_ip,NEW.modified_by,NEW.modified_time);
                                        END IF;
                                        IF NEW.var <> OLD.var THEN  
                                            INSERT INTO product_history_7 (product_id,field,old_value,new_value,status,is_delete,created_by,created_time,created_ip,modified_by,modified_time) 
                                    		  							  VALUES(NEW.id,'var',OLD.var,NEW.var,NEW.status,NEW.is_delete,NEW.created_by,NEW.created_time,NEW.created_ip,NEW.modified_by,NEW.modified_time);
                                        END IF;
                                        IF NEW.reg_type <> OLD.reg_type THEN  
                                            INSERT INTO product_history_7 (product_id,field,old_value,new_value,status,is_delete,created_by,created_time,created_ip,modified_by,modified_time) 
                                    		  							  VALUES(NEW.id,'reg_type',OLD.reg_type,NEW.reg_type,NEW.status,NEW.is_delete,NEW.created_by,NEW.created_time,NEW.created_ip,NEW.modified_by,NEW.modified_time);
                                        END IF;
                                    END
//
DELIMITER ;

-- --------------------------------------------------------

--
-- Table structure for table `product_category_8`
--

CREATE TABLE IF NOT EXISTS `product_category_8` (
`id` int(12) NOT NULL,
  `category` int(12) DEFAULT NULL,
  `name` varchar(100) DEFAULT NULL,
  `sponsor` varchar(100) DEFAULT NULL,
  `ticker_symbol` varchar(100) DEFAULT NULL,
  `cusip` varchar(100) DEFAULT NULL,
  `security` varchar(100) DEFAULT NULL,
  `receive` tinyint(1) NOT NULL DEFAULT '0',
  `income` varchar(100) DEFAULT NULL,
  `networth` varchar(100) DEFAULT NULL,
  `networthonly` varchar(100) DEFAULT NULL,
  `minimum_investment` varchar(100) DEFAULT NULL,
  `minimum_offer` varchar(100) DEFAULT NULL,
  `maximum_offer` varchar(100) DEFAULT NULL,
  `objective` varchar(100) DEFAULT NULL,
  `non_commissionable` tinyint(1) NOT NULL DEFAULT '0',
  `class_type` varchar(100) DEFAULT NULL,
  `fund_code` varchar(100) DEFAULT NULL,
  `sweep_fee` tinyint(1) NOT NULL DEFAULT '0',
  `ria_specific` varchar(100) DEFAULT NULL,
  `ria_specific_type` varchar(100) DEFAULT NULL,
  `based` varchar(100) DEFAULT NULL,
  `fee_rate` varchar(100) DEFAULT NULL,
  `st_bo` varchar(100) DEFAULT NULL,
  `m_date` date DEFAULT NULL,
  `type` varchar(100) DEFAULT NULL,
  `var` varchar(100) DEFAULT NULL,
  `reg_type` varchar(100) DEFAULT NULL,
  `status` tinyint(1) NOT NULL DEFAULT '1',
  `is_delete` tinyint(1) NOT NULL DEFAULT '0',
  `created_by` int(12) DEFAULT NULL,
  `created_time` datetime DEFAULT NULL,
  `created_ip` varchar(100) DEFAULT NULL,
  `modified_by` int(12) DEFAULT NULL,
  `modified_time` datetime DEFAULT NULL,
  `modified_ip` varchar(100) DEFAULT NULL
) ENGINE=InnoDB DEFAULT CHARSET=latin1;

--
-- Triggers `product_category_8`
--
DELIMITER //
CREATE TRIGGER `updateProduct_8` AFTER UPDATE ON `product_category_8`
 FOR EACH ROW BEGIN
                                    	IF NEW.name <> OLD.name THEN  
                                            INSERT INTO product_history_8 (product_id,field,old_value,new_value,status,is_delete,created_by,created_time,created_ip,modified_by,modified_time) 
                                    		  							  VALUES(NEW.id,'name',OLD.name,NEW.name,NEW.status,NEW.is_delete,NEW.created_by,NEW.created_time,NEW.created_ip,NEW.modified_by,NEW.modified_time);
                                        END IF;
                                        IF NEW.category <> OLD.category THEN  
                                            INSERT INTO product_history_8 (product_id,field,old_value,new_value,status,is_delete,created_by,created_time,created_ip,modified_by,modified_time) 
                                    		  							  VALUES(NEW.id,'category',OLD.category,NEW.category,NEW.status,NEW.is_delete,NEW.created_by,NEW.created_time,NEW.created_ip,NEW.modified_by,NEW.modified_time);
                                        END IF;
                                        IF NEW.sponsor <> OLD.sponsor THEN  
                                            INSERT INTO product_history_8 (product_id,field,old_value,new_value,status,is_delete,created_by,created_time,created_ip,modified_by,modified_time) 
                                    		  							  VALUES(NEW.id,'sponsor',OLD.sponsor,NEW.sponsor,NEW.status,NEW.is_delete,NEW.created_by,NEW.created_time,NEW.created_ip,NEW.modified_by,NEW.modified_time);
                                        END IF;
                                        IF NEW.ticker_symbol <> OLD.ticker_symbol THEN  
                                            INSERT INTO product_history_8 (product_id,field,old_value,new_value,status,is_delete,created_by,created_time,created_ip,modified_by,modified_time) 
                                    		  							  VALUES(NEW.id,'ticker_symbol',OLD.ticker_symbol,NEW.ticker_symbol,NEW.status,NEW.is_delete,NEW.created_by,NEW.created_time,NEW.created_ip,NEW.modified_by,NEW.modified_time);
                                        END IF;
                                        IF NEW.cusip <> OLD.cusip THEN  
                                            INSERT INTO product_history_8 (product_id,field,old_value,new_value,status,is_delete,created_by,created_time,created_ip,modified_by,modified_time) 
                                    		  							  VALUES(NEW.id,'cusip',OLD.cusip,NEW.cusip,NEW.status,NEW.is_delete,NEW.created_by,NEW.created_time,NEW.created_ip,NEW.modified_by,NEW.modified_time);
                                        END IF;
                                        IF NEW.security <> OLD.security THEN  
                                            INSERT INTO product_history_8 (product_id,field,old_value,new_value,status,is_delete,created_by,created_time,created_ip,modified_by,modified_time) 
                                    		  							  VALUES(NEW.id,'security',OLD.security,NEW.security,NEW.status,NEW.is_delete,NEW.created_by,NEW.created_time,NEW.created_ip,NEW.modified_by,NEW.modified_time);
                                        END IF;
                                        IF NEW.receive <> OLD.receive THEN  
                                            INSERT INTO product_history_8 (product_id,field,old_value,new_value,status,is_delete,created_by,created_time,created_ip,modified_by,modified_time) 
                                    		  							  VALUES(NEW.id,'receive',OLD.receive,NEW.receive,NEW.status,NEW.is_delete,NEW.created_by,NEW.created_time,NEW.created_ip,NEW.modified_by,NEW.modified_time);
                                        END IF;
                                        IF NEW.income <> OLD.income THEN  
                                            INSERT INTO product_history_8 (product_id,field,old_value,new_value,status,is_delete,created_by,created_time,created_ip,modified_by,modified_time) 
                                    		  							  VALUES(NEW.id,'income',OLD.income,NEW.income,NEW.status,NEW.is_delete,NEW.created_by,NEW.created_time,NEW.created_ip,NEW.modified_by,NEW.modified_time);
                                        END IF;
                                        IF NEW.networth <> OLD.networth THEN  
                                            INSERT INTO product_history_8 (product_id,field,old_value,new_value,status,is_delete,created_by,created_time,created_ip,modified_by,modified_time) 
                                    		  							  VALUES(NEW.id,'networth',OLD.networth,NEW.networth,NEW.status,NEW.is_delete,NEW.created_by,NEW.created_time,NEW.created_ip,NEW.modified_by,NEW.modified_time);
                                        END IF;
                                        IF NEW.networthonly <> OLD.networthonly THEN  
                                            INSERT INTO product_history_8 (product_id,field,old_value,new_value,status,is_delete,created_by,created_time,created_ip,modified_by,modified_time) 
                                    		  							  VALUES(NEW.id,'networthonly',OLD.networthonly,NEW.networthonly,NEW.status,NEW.is_delete,NEW.created_by,NEW.created_time,NEW.created_ip,NEW.modified_by,NEW.modified_time);
                                        END IF;
                                        IF NEW.minimum_investment <> OLD.minimum_investment THEN  
                                            INSERT INTO product_history_8 (product_id,field,old_value,new_value,status,is_delete,created_by,created_time,created_ip,modified_by,modified_time) 
                                    		  							  VALUES(NEW.id,'minimum_investment',OLD.minimum_investment,NEW.minimum_investment,NEW.status,NEW.is_delete,NEW.created_by,NEW.created_time,NEW.created_ip,NEW.modified_by,NEW.modified_time);
                                        END IF;
                                        IF NEW.minimum_offer <> OLD.minimum_offer THEN  
                                            INSERT INTO product_history_8 (product_id,field,old_value,new_value,status,is_delete,created_by,created_time,created_ip,modified_by,modified_time) 
                                    		  							  VALUES(NEW.id,'minimum_offer',OLD.minimum_offer,NEW.minimum_offer,NEW.status,NEW.is_delete,NEW.created_by,NEW.created_time,NEW.created_ip,NEW.modified_by,NEW.modified_time);
                                        END IF;
                                        IF NEW.maximum_offer <> OLD.maximum_offer THEN  
                                            INSERT INTO product_history_8 (product_id,field,old_value,new_value,status,is_delete,created_by,created_time,created_ip,modified_by,modified_time) 
                                    		  							  VALUES(NEW.id,'maximum_offer',OLD.maximum_offer,NEW.maximum_offer,NEW.status,NEW.is_delete,NEW.created_by,NEW.created_time,NEW.created_ip,NEW.modified_by,NEW.modified_time);
                                        END IF;
                                        IF NEW.objective <> OLD.objective THEN  
                                            INSERT INTO product_history_8 (product_id,field,old_value,new_value,status,is_delete,created_by,created_time,created_ip,modified_by,modified_time) 
                                    		  							  VALUES(NEW.id,'objective',OLD.objective,NEW.objective,NEW.status,NEW.is_delete,NEW.created_by,NEW.created_time,NEW.created_ip,NEW.modified_by,NEW.modified_time);
                                        END IF;
                                        IF NEW.non_commissionable <> OLD.non_commissionable THEN  
                                            INSERT INTO product_history_8 (product_id,field,old_value,new_value,status,is_delete,created_by,created_time,created_ip,modified_by,modified_time) 
                                    		  							  VALUES(NEW.id,'non_commissionable',OLD.non_commissionable,NEW.non_commissionable,NEW.status,NEW.is_delete,NEW.created_by,NEW.created_time,NEW.created_ip,NEW.modified_by,NEW.modified_time);
                                        END IF;
                                        IF NEW.class_type <> OLD.class_type THEN  
                                            INSERT INTO product_history_8 (product_id,field,old_value,new_value,status,is_delete,created_by,created_time,created_ip,modified_by,modified_time) 
                                    		  							  VALUES(NEW.id,'class_type',OLD.class_type,NEW.class_type,NEW.status,NEW.is_delete,NEW.created_by,NEW.created_time,NEW.created_ip,NEW.modified_by,NEW.modified_time);
                                        END IF;
                                        IF NEW.fund_code <> OLD.fund_code THEN  
                                            INSERT INTO product_history_8 (product_id,field,old_value,new_value,status,is_delete,created_by,created_time,created_ip,modified_by,modified_time) 
                                    		  							  VALUES(NEW.id,'fund_code',OLD.fund_code,NEW.fund_code,NEW.status,NEW.is_delete,NEW.created_by,NEW.created_time,NEW.created_ip,NEW.modified_by,NEW.modified_time);
                                        END IF;
                                        IF NEW.sweep_fee <> OLD.sweep_fee THEN  
                                            INSERT INTO product_history_8 (product_id,field,old_value,new_value,status,is_delete,created_by,created_time,created_ip,modified_by,modified_time) 
                                    		  							  VALUES(NEW.id,'sweep_fee',OLD.sweep_fee,NEW.sweep_fee,NEW.status,NEW.is_delete,NEW.created_by,NEW.created_time,NEW.created_ip,NEW.modified_by,NEW.modified_time);
                                        END IF;
                                        IF NEW.ria_specific <> OLD.ria_specific THEN  
                                            INSERT INTO product_history_8 (product_id,field,old_value,new_value,status,is_delete,created_by,created_time,created_ip,modified_by,modified_time) 
                                    		  							  VALUES(NEW.id,'ria_specific',OLD.ria_specific,NEW.ria_specific,NEW.status,NEW.is_delete,NEW.created_by,NEW.created_time,NEW.created_ip,NEW.modified_by,NEW.modified_time);
                                        END IF;
                                        IF NEW.ria_specific_type <> OLD.ria_specific_type THEN  
                                            INSERT INTO product_history_8 (product_id,field,old_value,new_value,status,is_delete,created_by,created_time,created_ip,modified_by,modified_time) 
                                    		  							  VALUES(NEW.id,'ria_specific_type',OLD.ria_specific_type,NEW.ria_specific_type,NEW.status,NEW.is_delete,NEW.created_by,NEW.created_time,NEW.created_ip,NEW.modified_by,NEW.modified_time);
                                        END IF;
                                        IF NEW.based <> OLD.based THEN  
                                            INSERT INTO product_history_8 (product_id,field,old_value,new_value,status,is_delete,created_by,created_time,created_ip,modified_by,modified_time) 
                                    		  							  VALUES(NEW.id,'based',OLD.based,NEW.based,NEW.status,NEW.is_delete,NEW.created_by,NEW.created_time,NEW.created_ip,NEW.modified_by,NEW.modified_time);
                                        END IF;
                                        IF NEW.fee_rate <> OLD.fee_rate THEN  
                                            INSERT INTO product_history_8 (product_id,field,old_value,new_value,status,is_delete,created_by,created_time,created_ip,modified_by,modified_time) 
                                    		  							  VALUES(NEW.id,'fee_rate',OLD.fee_rate,NEW.fee_rate,NEW.status,NEW.is_delete,NEW.created_by,NEW.created_time,NEW.created_ip,NEW.modified_by,NEW.modified_time);
                                        END IF;
                                        IF NEW.st_bo <> OLD.st_bo THEN  
                                            INSERT INTO product_history_8 (product_id,field,old_value,new_value,status,is_delete,created_by,created_time,created_ip,modified_by,modified_time) 
                                    		  							  VALUES(NEW.id,'st_bo',OLD.st_bo,NEW.st_bo,NEW.status,NEW.is_delete,NEW.created_by,NEW.created_time,NEW.created_ip,NEW.modified_by,NEW.modified_time);
                                        END IF;
                                        IF NEW.m_date <> OLD.m_date THEN  
                                            INSERT INTO product_history_8 (product_id,field,old_value,new_value,status,is_delete,created_by,created_time,created_ip,modified_by,modified_time) 
                                    		  							  VALUES(NEW.id,'m_date',OLD.m_date,NEW.m_date,NEW.status,NEW.is_delete,NEW.created_by,NEW.created_time,NEW.created_ip,NEW.modified_by,NEW.modified_time);
                                        END IF;
                                        IF NEW.type <> OLD.type THEN  
                                            INSERT INTO product_history_8 (product_id,field,old_value,new_value,status,is_delete,created_by,created_time,created_ip,modified_by,modified_time) 
                                    		  							  VALUES(NEW.id,'type',OLD.type,NEW.type,NEW.status,NEW.is_delete,NEW.created_by,NEW.created_time,NEW.created_ip,NEW.modified_by,NEW.modified_time);
                                        END IF;
                                        IF NEW.var <> OLD.var THEN  
                                            INSERT INTO product_history_8 (product_id,field,old_value,new_value,status,is_delete,created_by,created_time,created_ip,modified_by,modified_time) 
                                    		  							  VALUES(NEW.id,'var',OLD.var,NEW.var,NEW.status,NEW.is_delete,NEW.created_by,NEW.created_time,NEW.created_ip,NEW.modified_by,NEW.modified_time);
                                        END IF;
                                        IF NEW.reg_type <> OLD.reg_type THEN  
                                            INSERT INTO product_history_8 (product_id,field,old_value,new_value,status,is_delete,created_by,created_time,created_ip,modified_by,modified_time) 
                                    		  							  VALUES(NEW.id,'reg_type',OLD.reg_type,NEW.reg_type,NEW.status,NEW.is_delete,NEW.created_by,NEW.created_time,NEW.created_ip,NEW.modified_by,NEW.modified_time);
                                        END IF;
                                    END
//
DELIMITER ;

-- --------------------------------------------------------

--
-- Table structure for table `product_category_9`
--

CREATE TABLE IF NOT EXISTS `product_category_9` (
`id` int(12) NOT NULL,
  `category` int(12) DEFAULT NULL,
  `name` varchar(100) DEFAULT NULL,
  `sponsor` varchar(100) DEFAULT NULL,
  `ticker_symbol` varchar(100) DEFAULT NULL,
  `cusip` varchar(100) DEFAULT NULL,
  `security` varchar(100) DEFAULT NULL,
  `receive` tinyint(1) NOT NULL DEFAULT '0',
  `income` varchar(100) DEFAULT NULL,
  `networth` varchar(100) DEFAULT NULL,
  `networthonly` varchar(100) DEFAULT NULL,
  `minimum_investment` varchar(100) DEFAULT NULL,
  `minimum_offer` varchar(100) DEFAULT NULL,
  `maximum_offer` varchar(100) DEFAULT NULL,
  `objective` varchar(100) DEFAULT NULL,
  `non_commissionable` tinyint(1) NOT NULL DEFAULT '0',
  `class_type` varchar(100) DEFAULT NULL,
  `fund_code` varchar(100) DEFAULT NULL,
  `sweep_fee` tinyint(1) NOT NULL DEFAULT '0',
  `ria_specific` varchar(100) DEFAULT NULL,
  `ria_specific_type` varchar(100) DEFAULT NULL,
  `based` varchar(100) DEFAULT NULL,
  `fee_rate` varchar(100) DEFAULT NULL,
  `st_bo` varchar(100) DEFAULT NULL,
  `m_date` date DEFAULT NULL,
  `type` varchar(100) DEFAULT NULL,
  `var` varchar(100) DEFAULT NULL,
  `reg_type` varchar(100) DEFAULT NULL,
  `status` tinyint(1) NOT NULL DEFAULT '1',
  `is_delete` tinyint(1) NOT NULL DEFAULT '0',
  `created_by` int(12) DEFAULT NULL,
  `created_time` datetime DEFAULT NULL,
  `created_ip` varchar(100) DEFAULT NULL,
  `modified_by` int(12) DEFAULT NULL,
  `modified_time` datetime DEFAULT NULL,
  `modified_ip` varchar(100) DEFAULT NULL
) ENGINE=InnoDB AUTO_INCREMENT=8 DEFAULT CHARSET=latin1;

--
-- Dumping data for table `product_category_9`
--

INSERT INTO `product_category_9` (`id`, `category`, `name`, `sponsor`, `ticker_symbol`, `cusip`, `security`, `receive`, `income`, `networth`, `networthonly`, `minimum_investment`, `minimum_offer`, `maximum_offer`, `objective`, `non_commissionable`, `class_type`, `fund_code`, `sweep_fee`, `ria_specific`, `ria_specific_type`, `based`, `fee_rate`, `st_bo`, `m_date`, `type`, `var`, `reg_type`, `status`, `is_delete`, `created_by`, `created_time`, `created_ip`, `modified_by`, `modified_time`, `modified_ip`) VALUES
(1, 9, 'product9', '1', 'pro9', '30293E102', '999', 0, '90000', '20000', '10000', '40000', '2500', '4000', '2', 0, '', '', 0, '1', '2', '1', '99.9', '', '0000-00-00', '', '', '4', 1, 0, 3, '2018-02-13 10:13:02', '192.168.30.30', 3, '2018-02-13 10:16:04', '192.168.30.30'),
(2, 9, '                                      ', NULL, 'IHCAX   a', '4166455051', NULL, 0, NULL, NULL, NULL, NULL, NULL, NULL, NULL, 0, NULL, NULL, 0, NULL, NULL, NULL, NULL, NULL, NULL, NULL, NULL, NULL, 1, 0, 3, '2018-04-09 10:58:20', '192.168.30.30', NULL, NULL, NULL),
(3, 9, '                                      ', NULL, '1IHCAX', '1416645505', NULL, 0, NULL, NULL, NULL, NULL, NULL, NULL, NULL, 0, NULL, '0000228', 0, NULL, NULL, NULL, NULL, NULL, NULL, NULL, NULL, NULL, 1, 0, 3, '2018-04-09 11:08:12', '192.168.30.30', NULL, NULL, NULL),
(4, 9, '                                      ', NULL, '2IHCAX', '2416645505', NULL, 0, NULL, NULL, NULL, NULL, NULL, NULL, NULL, 0, NULL, '0000228', 0, NULL, NULL, NULL, NULL, NULL, NULL, NULL, NULL, NULL, 1, 0, 3, '2018-04-09 12:20:06', '192.168.30.30', NULL, NULL, NULL),
(5, 9, '                                      ', NULL, 'tIHCAX', 't416645505', NULL, 0, NULL, NULL, NULL, NULL, NULL, NULL, NULL, 0, NULL, '0000228', 0, NULL, NULL, NULL, NULL, NULL, NULL, NULL, NULL, NULL, 1, 0, 3, '2018-04-09 12:37:15', '192.168.30.30', NULL, NULL, NULL),
(6, 9, '                                      ', NULL, '9IHCAX', '8416645505', NULL, 0, NULL, NULL, NULL, NULL, NULL, NULL, NULL, 0, NULL, '0000228', 0, NULL, NULL, NULL, NULL, NULL, NULL, NULL, NULL, NULL, 1, 0, 1, '2018-04-10 10:52:16', '192.168.30.30', NULL, NULL, NULL),
(7, 9, '                                      ', NULL, 'IHCAX   ', '416645505', NULL, 0, NULL, NULL, NULL, NULL, NULL, NULL, NULL, 0, NULL, '0000228', 0, NULL, NULL, NULL, NULL, NULL, NULL, NULL, NULL, NULL, 1, 0, 3, '2018-04-27 11:26:11', '192.168.30.20', NULL, NULL, NULL);

--
-- Triggers `product_category_9`
--
DELIMITER //
CREATE TRIGGER `updateProduct_9` AFTER UPDATE ON `product_category_9`
 FOR EACH ROW BEGIN
                                    	IF NEW.name <> OLD.name THEN  
                                            INSERT INTO product_history_9 (product_id,field,old_value,new_value,status,is_delete,created_by,created_time,created_ip,modified_by,modified_time) 
                                    		  							  VALUES(NEW.id,'name',OLD.name,NEW.name,NEW.status,NEW.is_delete,NEW.created_by,NEW.created_time,NEW.created_ip,NEW.modified_by,NEW.modified_time);
                                        END IF;
                                        IF NEW.category <> OLD.category THEN  
                                            INSERT INTO product_history_9 (product_id,field,old_value,new_value,status,is_delete,created_by,created_time,created_ip,modified_by,modified_time) 
                                    		  							  VALUES(NEW.id,'category',OLD.category,NEW.category,NEW.status,NEW.is_delete,NEW.created_by,NEW.created_time,NEW.created_ip,NEW.modified_by,NEW.modified_time);
                                        END IF;
                                        IF NEW.sponsor <> OLD.sponsor THEN  
                                            INSERT INTO product_history_9 (product_id,field,old_value,new_value,status,is_delete,created_by,created_time,created_ip,modified_by,modified_time) 
                                    		  							  VALUES(NEW.id,'sponsor',OLD.sponsor,NEW.sponsor,NEW.status,NEW.is_delete,NEW.created_by,NEW.created_time,NEW.created_ip,NEW.modified_by,NEW.modified_time);
                                        END IF;
                                        IF NEW.ticker_symbol <> OLD.ticker_symbol THEN  
                                            INSERT INTO product_history_9 (product_id,field,old_value,new_value,status,is_delete,created_by,created_time,created_ip,modified_by,modified_time) 
                                    		  							  VALUES(NEW.id,'ticker_symbol',OLD.ticker_symbol,NEW.ticker_symbol,NEW.status,NEW.is_delete,NEW.created_by,NEW.created_time,NEW.created_ip,NEW.modified_by,NEW.modified_time);
                                        END IF;
                                        IF NEW.cusip <> OLD.cusip THEN  
                                            INSERT INTO product_history_9 (product_id,field,old_value,new_value,status,is_delete,created_by,created_time,created_ip,modified_by,modified_time) 
                                    		  							  VALUES(NEW.id,'cusip',OLD.cusip,NEW.cusip,NEW.status,NEW.is_delete,NEW.created_by,NEW.created_time,NEW.created_ip,NEW.modified_by,NEW.modified_time);
                                        END IF;
                                        IF NEW.security <> OLD.security THEN  
                                            INSERT INTO product_history_9 (product_id,field,old_value,new_value,status,is_delete,created_by,created_time,created_ip,modified_by,modified_time) 
                                    		  							  VALUES(NEW.id,'security',OLD.security,NEW.security,NEW.status,NEW.is_delete,NEW.created_by,NEW.created_time,NEW.created_ip,NEW.modified_by,NEW.modified_time);
                                        END IF;
                                        IF NEW.receive <> OLD.receive THEN  
                                            INSERT INTO product_history_9 (product_id,field,old_value,new_value,status,is_delete,created_by,created_time,created_ip,modified_by,modified_time) 
                                    		  							  VALUES(NEW.id,'receive',OLD.receive,NEW.receive,NEW.status,NEW.is_delete,NEW.created_by,NEW.created_time,NEW.created_ip,NEW.modified_by,NEW.modified_time);
                                        END IF;
                                        IF NEW.income <> OLD.income THEN  
                                            INSERT INTO product_history_9 (product_id,field,old_value,new_value,status,is_delete,created_by,created_time,created_ip,modified_by,modified_time) 
                                    		  							  VALUES(NEW.id,'income',OLD.income,NEW.income,NEW.status,NEW.is_delete,NEW.created_by,NEW.created_time,NEW.created_ip,NEW.modified_by,NEW.modified_time);
                                        END IF;
                                        IF NEW.networth <> OLD.networth THEN  
                                            INSERT INTO product_history_9 (product_id,field,old_value,new_value,status,is_delete,created_by,created_time,created_ip,modified_by,modified_time) 
                                    		  							  VALUES(NEW.id,'networth',OLD.networth,NEW.networth,NEW.status,NEW.is_delete,NEW.created_by,NEW.created_time,NEW.created_ip,NEW.modified_by,NEW.modified_time);
                                        END IF;
                                        IF NEW.networthonly <> OLD.networthonly THEN  
                                            INSERT INTO product_history_9 (product_id,field,old_value,new_value,status,is_delete,created_by,created_time,created_ip,modified_by,modified_time) 
                                    		  							  VALUES(NEW.id,'networthonly',OLD.networthonly,NEW.networthonly,NEW.status,NEW.is_delete,NEW.created_by,NEW.created_time,NEW.created_ip,NEW.modified_by,NEW.modified_time);
                                        END IF;
                                        IF NEW.minimum_investment <> OLD.minimum_investment THEN  
                                            INSERT INTO product_history_9 (product_id,field,old_value,new_value,status,is_delete,created_by,created_time,created_ip,modified_by,modified_time) 
                                    		  							  VALUES(NEW.id,'minimum_investment',OLD.minimum_investment,NEW.minimum_investment,NEW.status,NEW.is_delete,NEW.created_by,NEW.created_time,NEW.created_ip,NEW.modified_by,NEW.modified_time);
                                        END IF;
                                        IF NEW.minimum_offer <> OLD.minimum_offer THEN  
                                            INSERT INTO product_history_9 (product_id,field,old_value,new_value,status,is_delete,created_by,created_time,created_ip,modified_by,modified_time) 
                                    		  							  VALUES(NEW.id,'minimum_offer',OLD.minimum_offer,NEW.minimum_offer,NEW.status,NEW.is_delete,NEW.created_by,NEW.created_time,NEW.created_ip,NEW.modified_by,NEW.modified_time);
                                        END IF;
                                        IF NEW.maximum_offer <> OLD.maximum_offer THEN  
                                            INSERT INTO product_history_9 (product_id,field,old_value,new_value,status,is_delete,created_by,created_time,created_ip,modified_by,modified_time) 
                                    		  							  VALUES(NEW.id,'maximum_offer',OLD.maximum_offer,NEW.maximum_offer,NEW.status,NEW.is_delete,NEW.created_by,NEW.created_time,NEW.created_ip,NEW.modified_by,NEW.modified_time);
                                        END IF;
                                        IF NEW.objective <> OLD.objective THEN  
                                            INSERT INTO product_history_9 (product_id,field,old_value,new_value,status,is_delete,created_by,created_time,created_ip,modified_by,modified_time) 
                                    		  							  VALUES(NEW.id,'objective',OLD.objective,NEW.objective,NEW.status,NEW.is_delete,NEW.created_by,NEW.created_time,NEW.created_ip,NEW.modified_by,NEW.modified_time);
                                        END IF;
                                        IF NEW.non_commissionable <> OLD.non_commissionable THEN  
                                            INSERT INTO product_history_9 (product_id,field,old_value,new_value,status,is_delete,created_by,created_time,created_ip,modified_by,modified_time) 
                                    		  							  VALUES(NEW.id,'non_commissionable',OLD.non_commissionable,NEW.non_commissionable,NEW.status,NEW.is_delete,NEW.created_by,NEW.created_time,NEW.created_ip,NEW.modified_by,NEW.modified_time);
                                        END IF;
                                        IF NEW.class_type <> OLD.class_type THEN  
                                            INSERT INTO product_history_9 (product_id,field,old_value,new_value,status,is_delete,created_by,created_time,created_ip,modified_by,modified_time) 
                                    		  							  VALUES(NEW.id,'class_type',OLD.class_type,NEW.class_type,NEW.status,NEW.is_delete,NEW.created_by,NEW.created_time,NEW.created_ip,NEW.modified_by,NEW.modified_time);
                                        END IF;
                                        IF NEW.fund_code <> OLD.fund_code THEN  
                                            INSERT INTO product_history_9 (product_id,field,old_value,new_value,status,is_delete,created_by,created_time,created_ip,modified_by,modified_time) 
                                    		  							  VALUES(NEW.id,'fund_code',OLD.fund_code,NEW.fund_code,NEW.status,NEW.is_delete,NEW.created_by,NEW.created_time,NEW.created_ip,NEW.modified_by,NEW.modified_time);
                                        END IF;
                                        IF NEW.sweep_fee <> OLD.sweep_fee THEN  
                                            INSERT INTO product_history_9 (product_id,field,old_value,new_value,status,is_delete,created_by,created_time,created_ip,modified_by,modified_time) 
                                    		  							  VALUES(NEW.id,'sweep_fee',OLD.sweep_fee,NEW.sweep_fee,NEW.status,NEW.is_delete,NEW.created_by,NEW.created_time,NEW.created_ip,NEW.modified_by,NEW.modified_time);
                                        END IF;
                                        IF NEW.ria_specific <> OLD.ria_specific THEN  
                                            INSERT INTO product_history_9 (product_id,field,old_value,new_value,status,is_delete,created_by,created_time,created_ip,modified_by,modified_time) 
                                    		  							  VALUES(NEW.id,'ria_specific',OLD.ria_specific,NEW.ria_specific,NEW.status,NEW.is_delete,NEW.created_by,NEW.created_time,NEW.created_ip,NEW.modified_by,NEW.modified_time);
                                        END IF;
                                        IF NEW.ria_specific_type <> OLD.ria_specific_type THEN  
                                            INSERT INTO product_history_9 (product_id,field,old_value,new_value,status,is_delete,created_by,created_time,created_ip,modified_by,modified_time) 
                                    		  							  VALUES(NEW.id,'ria_specific_type',OLD.ria_specific_type,NEW.ria_specific_type,NEW.status,NEW.is_delete,NEW.created_by,NEW.created_time,NEW.created_ip,NEW.modified_by,NEW.modified_time);
                                        END IF;
                                        IF NEW.based <> OLD.based THEN  
                                            INSERT INTO product_history_9 (product_id,field,old_value,new_value,status,is_delete,created_by,created_time,created_ip,modified_by,modified_time) 
                                    		  							  VALUES(NEW.id,'based',OLD.based,NEW.based,NEW.status,NEW.is_delete,NEW.created_by,NEW.created_time,NEW.created_ip,NEW.modified_by,NEW.modified_time);
                                        END IF;
                                        IF NEW.fee_rate <> OLD.fee_rate THEN  
                                            INSERT INTO product_history_9 (product_id,field,old_value,new_value,status,is_delete,created_by,created_time,created_ip,modified_by,modified_time) 
                                    		  							  VALUES(NEW.id,'fee_rate',OLD.fee_rate,NEW.fee_rate,NEW.status,NEW.is_delete,NEW.created_by,NEW.created_time,NEW.created_ip,NEW.modified_by,NEW.modified_time);
                                        END IF;
                                        IF NEW.st_bo <> OLD.st_bo THEN  
                                            INSERT INTO product_history_9 (product_id,field,old_value,new_value,status,is_delete,created_by,created_time,created_ip,modified_by,modified_time) 
                                    		  							  VALUES(NEW.id,'st_bo',OLD.st_bo,NEW.st_bo,NEW.status,NEW.is_delete,NEW.created_by,NEW.created_time,NEW.created_ip,NEW.modified_by,NEW.modified_time);
                                        END IF;
                                        IF NEW.m_date <> OLD.m_date THEN  
                                            INSERT INTO product_history_9 (product_id,field,old_value,new_value,status,is_delete,created_by,created_time,created_ip,modified_by,modified_time) 
                                    		  							  VALUES(NEW.id,'m_date',OLD.m_date,NEW.m_date,NEW.status,NEW.is_delete,NEW.created_by,NEW.created_time,NEW.created_ip,NEW.modified_by,NEW.modified_time);
                                        END IF;
                                        IF NEW.type <> OLD.type THEN  
                                            INSERT INTO product_history_9 (product_id,field,old_value,new_value,status,is_delete,created_by,created_time,created_ip,modified_by,modified_time) 
                                    		  							  VALUES(NEW.id,'type',OLD.type,NEW.type,NEW.status,NEW.is_delete,NEW.created_by,NEW.created_time,NEW.created_ip,NEW.modified_by,NEW.modified_time);
                                        END IF;
                                        IF NEW.var <> OLD.var THEN  
                                            INSERT INTO product_history_9 (product_id,field,old_value,new_value,status,is_delete,created_by,created_time,created_ip,modified_by,modified_time) 
                                    		  							  VALUES(NEW.id,'var',OLD.var,NEW.var,NEW.status,NEW.is_delete,NEW.created_by,NEW.created_time,NEW.created_ip,NEW.modified_by,NEW.modified_time);
                                        END IF;
                                        IF NEW.reg_type <> OLD.reg_type THEN  
                                            INSERT INTO product_history_9 (product_id,field,old_value,new_value,status,is_delete,created_by,created_time,created_ip,modified_by,modified_time) 
                                    		  							  VALUES(NEW.id,'reg_type',OLD.reg_type,NEW.reg_type,NEW.status,NEW.is_delete,NEW.created_by,NEW.created_time,NEW.created_ip,NEW.modified_by,NEW.modified_time);
                                        END IF;
                                    END
//
DELIMITER ;

-- --------------------------------------------------------

--
-- Table structure for table `product_category_10`
--

CREATE TABLE IF NOT EXISTS `product_category_10` (
`id` int(12) NOT NULL,
  `category` int(12) DEFAULT NULL,
  `name` varchar(100) DEFAULT NULL,
  `sponsor` varchar(100) DEFAULT NULL,
  `ticker_symbol` varchar(100) DEFAULT NULL,
  `cusip` varchar(100) DEFAULT NULL,
  `security` varchar(100) DEFAULT NULL,
  `receive` tinyint(1) NOT NULL DEFAULT '0',
  `income` varchar(100) DEFAULT NULL,
  `networth` varchar(100) DEFAULT NULL,
  `networthonly` varchar(100) DEFAULT NULL,
  `minimum_investment` varchar(100) DEFAULT NULL,
  `minimum_offer` varchar(100) DEFAULT NULL,
  `maximum_offer` varchar(100) DEFAULT NULL,
  `objective` varchar(100) DEFAULT NULL,
  `non_commissionable` tinyint(1) NOT NULL DEFAULT '0',
  `class_type` varchar(100) DEFAULT NULL,
  `fund_code` varchar(100) DEFAULT NULL,
  `sweep_fee` tinyint(1) NOT NULL DEFAULT '0',
  `ria_specific` varchar(100) DEFAULT NULL,
  `ria_specific_type` varchar(100) DEFAULT NULL,
  `based` varchar(100) DEFAULT NULL,
  `fee_rate` varchar(100) DEFAULT NULL,
  `st_bo` varchar(100) DEFAULT NULL,
  `m_date` date DEFAULT NULL,
  `type` varchar(100) DEFAULT NULL,
  `var` varchar(100) DEFAULT NULL,
  `reg_type` varchar(100) DEFAULT NULL,
  `status` tinyint(1) NOT NULL DEFAULT '1',
  `is_delete` tinyint(1) NOT NULL DEFAULT '0',
  `created_by` int(12) DEFAULT NULL,
  `created_time` datetime DEFAULT NULL,
  `created_ip` varchar(100) DEFAULT NULL,
  `modified_by` int(12) DEFAULT NULL,
  `modified_time` datetime DEFAULT NULL,
  `modified_ip` varchar(100) DEFAULT NULL
) ENGINE=InnoDB DEFAULT CHARSET=latin1;

--
-- Triggers `product_category_10`
--
DELIMITER //
CREATE TRIGGER `updateProduct_10` AFTER UPDATE ON `product_category_10`
 FOR EACH ROW BEGIN
                                    	IF NEW.name <> OLD.name THEN  
                                            INSERT INTO product_history_10 (product_id,field,old_value,new_value,status,is_delete,created_by,created_time,created_ip,modified_by,modified_time) 
                                    		  							  VALUES(NEW.id,'name',OLD.name,NEW.name,NEW.status,NEW.is_delete,NEW.created_by,NEW.created_time,NEW.created_ip,NEW.modified_by,NEW.modified_time);
                                        END IF;
                                        IF NEW.category <> OLD.category THEN  
                                            INSERT INTO product_history_10 (product_id,field,old_value,new_value,status,is_delete,created_by,created_time,created_ip,modified_by,modified_time) 
                                    		  							  VALUES(NEW.id,'category',OLD.category,NEW.category,NEW.status,NEW.is_delete,NEW.created_by,NEW.created_time,NEW.created_ip,NEW.modified_by,NEW.modified_time);
                                        END IF;
                                        IF NEW.sponsor <> OLD.sponsor THEN  
                                            INSERT INTO product_history_10 (product_id,field,old_value,new_value,status,is_delete,created_by,created_time,created_ip,modified_by,modified_time) 
                                    		  							  VALUES(NEW.id,'sponsor',OLD.sponsor,NEW.sponsor,NEW.status,NEW.is_delete,NEW.created_by,NEW.created_time,NEW.created_ip,NEW.modified_by,NEW.modified_time);
                                        END IF;
                                        IF NEW.ticker_symbol <> OLD.ticker_symbol THEN  
                                            INSERT INTO product_history_10 (product_id,field,old_value,new_value,status,is_delete,created_by,created_time,created_ip,modified_by,modified_time) 
                                    		  							  VALUES(NEW.id,'ticker_symbol',OLD.ticker_symbol,NEW.ticker_symbol,NEW.status,NEW.is_delete,NEW.created_by,NEW.created_time,NEW.created_ip,NEW.modified_by,NEW.modified_time);
                                        END IF;
                                        IF NEW.cusip <> OLD.cusip THEN  
                                            INSERT INTO product_history_10 (product_id,field,old_value,new_value,status,is_delete,created_by,created_time,created_ip,modified_by,modified_time) 
                                    		  							  VALUES(NEW.id,'cusip',OLD.cusip,NEW.cusip,NEW.status,NEW.is_delete,NEW.created_by,NEW.created_time,NEW.created_ip,NEW.modified_by,NEW.modified_time);
                                        END IF;
                                        IF NEW.security <> OLD.security THEN  
                                            INSERT INTO product_history_10 (product_id,field,old_value,new_value,status,is_delete,created_by,created_time,created_ip,modified_by,modified_time) 
                                    		  							  VALUES(NEW.id,'security',OLD.security,NEW.security,NEW.status,NEW.is_delete,NEW.created_by,NEW.created_time,NEW.created_ip,NEW.modified_by,NEW.modified_time);
                                        END IF;
                                        IF NEW.receive <> OLD.receive THEN  
                                            INSERT INTO product_history_10 (product_id,field,old_value,new_value,status,is_delete,created_by,created_time,created_ip,modified_by,modified_time) 
                                    		  							  VALUES(NEW.id,'receive',OLD.receive,NEW.receive,NEW.status,NEW.is_delete,NEW.created_by,NEW.created_time,NEW.created_ip,NEW.modified_by,NEW.modified_time);
                                        END IF;
                                        IF NEW.income <> OLD.income THEN  
                                            INSERT INTO product_history_10 (product_id,field,old_value,new_value,status,is_delete,created_by,created_time,created_ip,modified_by,modified_time) 
                                    		  							  VALUES(NEW.id,'income',OLD.income,NEW.income,NEW.status,NEW.is_delete,NEW.created_by,NEW.created_time,NEW.created_ip,NEW.modified_by,NEW.modified_time);
                                        END IF;
                                        IF NEW.networth <> OLD.networth THEN  
                                            INSERT INTO product_history_10 (product_id,field,old_value,new_value,status,is_delete,created_by,created_time,created_ip,modified_by,modified_time) 
                                    		  							  VALUES(NEW.id,'networth',OLD.networth,NEW.networth,NEW.status,NEW.is_delete,NEW.created_by,NEW.created_time,NEW.created_ip,NEW.modified_by,NEW.modified_time);
                                        END IF;
                                        IF NEW.networthonly <> OLD.networthonly THEN  
                                            INSERT INTO product_history_10 (product_id,field,old_value,new_value,status,is_delete,created_by,created_time,created_ip,modified_by,modified_time) 
                                    		  							  VALUES(NEW.id,'networthonly',OLD.networthonly,NEW.networthonly,NEW.status,NEW.is_delete,NEW.created_by,NEW.created_time,NEW.created_ip,NEW.modified_by,NEW.modified_time);
                                        END IF;
                                        IF NEW.minimum_investment <> OLD.minimum_investment THEN  
                                            INSERT INTO product_history_10 (product_id,field,old_value,new_value,status,is_delete,created_by,created_time,created_ip,modified_by,modified_time) 
                                    		  							  VALUES(NEW.id,'minimum_investment',OLD.minimum_investment,NEW.minimum_investment,NEW.status,NEW.is_delete,NEW.created_by,NEW.created_time,NEW.created_ip,NEW.modified_by,NEW.modified_time);
                                        END IF;
                                        IF NEW.minimum_offer <> OLD.minimum_offer THEN  
                                            INSERT INTO product_history_10 (product_id,field,old_value,new_value,status,is_delete,created_by,created_time,created_ip,modified_by,modified_time) 
                                    		  							  VALUES(NEW.id,'minimum_offer',OLD.minimum_offer,NEW.minimum_offer,NEW.status,NEW.is_delete,NEW.created_by,NEW.created_time,NEW.created_ip,NEW.modified_by,NEW.modified_time);
                                        END IF;
                                        IF NEW.maximum_offer <> OLD.maximum_offer THEN  
                                            INSERT INTO product_history_10 (product_id,field,old_value,new_value,status,is_delete,created_by,created_time,created_ip,modified_by,modified_time) 
                                    		  							  VALUES(NEW.id,'maximum_offer',OLD.maximum_offer,NEW.maximum_offer,NEW.status,NEW.is_delete,NEW.created_by,NEW.created_time,NEW.created_ip,NEW.modified_by,NEW.modified_time);
                                        END IF;
                                        IF NEW.objective <> OLD.objective THEN  
                                            INSERT INTO product_history_10 (product_id,field,old_value,new_value,status,is_delete,created_by,created_time,created_ip,modified_by,modified_time) 
                                    		  							  VALUES(NEW.id,'objective',OLD.objective,NEW.objective,NEW.status,NEW.is_delete,NEW.created_by,NEW.created_time,NEW.created_ip,NEW.modified_by,NEW.modified_time);
                                        END IF;
                                        IF NEW.non_commissionable <> OLD.non_commissionable THEN  
                                            INSERT INTO product_history_10 (product_id,field,old_value,new_value,status,is_delete,created_by,created_time,created_ip,modified_by,modified_time) 
                                    		  							  VALUES(NEW.id,'non_commissionable',OLD.non_commissionable,NEW.non_commissionable,NEW.status,NEW.is_delete,NEW.created_by,NEW.created_time,NEW.created_ip,NEW.modified_by,NEW.modified_time);
                                        END IF;
                                        IF NEW.class_type <> OLD.class_type THEN  
                                            INSERT INTO product_history_10 (product_id,field,old_value,new_value,status,is_delete,created_by,created_time,created_ip,modified_by,modified_time) 
                                    		  							  VALUES(NEW.id,'class_type',OLD.class_type,NEW.class_type,NEW.status,NEW.is_delete,NEW.created_by,NEW.created_time,NEW.created_ip,NEW.modified_by,NEW.modified_time);
                                        END IF;
                                        IF NEW.fund_code <> OLD.fund_code THEN  
                                            INSERT INTO product_history_10 (product_id,field,old_value,new_value,status,is_delete,created_by,created_time,created_ip,modified_by,modified_time) 
                                    		  							  VALUES(NEW.id,'fund_code',OLD.fund_code,NEW.fund_code,NEW.status,NEW.is_delete,NEW.created_by,NEW.created_time,NEW.created_ip,NEW.modified_by,NEW.modified_time);
                                        END IF;
                                        IF NEW.sweep_fee <> OLD.sweep_fee THEN  
                                            INSERT INTO product_history_10 (product_id,field,old_value,new_value,status,is_delete,created_by,created_time,created_ip,modified_by,modified_time) 
                                    		  							  VALUES(NEW.id,'sweep_fee',OLD.sweep_fee,NEW.sweep_fee,NEW.status,NEW.is_delete,NEW.created_by,NEW.created_time,NEW.created_ip,NEW.modified_by,NEW.modified_time);
                                        END IF;
                                        IF NEW.ria_specific <> OLD.ria_specific THEN  
                                            INSERT INTO product_history_10 (product_id,field,old_value,new_value,status,is_delete,created_by,created_time,created_ip,modified_by,modified_time) 
                                    		  							  VALUES(NEW.id,'ria_specific',OLD.ria_specific,NEW.ria_specific,NEW.status,NEW.is_delete,NEW.created_by,NEW.created_time,NEW.created_ip,NEW.modified_by,NEW.modified_time);
                                        END IF;
                                        IF NEW.ria_specific_type <> OLD.ria_specific_type THEN  
                                            INSERT INTO product_history_10 (product_id,field,old_value,new_value,status,is_delete,created_by,created_time,created_ip,modified_by,modified_time) 
                                    		  							  VALUES(NEW.id,'ria_specific_type',OLD.ria_specific_type,NEW.ria_specific_type,NEW.status,NEW.is_delete,NEW.created_by,NEW.created_time,NEW.created_ip,NEW.modified_by,NEW.modified_time);
                                        END IF;
                                        IF NEW.based <> OLD.based THEN  
                                            INSERT INTO product_history_10 (product_id,field,old_value,new_value,status,is_delete,created_by,created_time,created_ip,modified_by,modified_time) 
                                    		  							  VALUES(NEW.id,'based',OLD.based,NEW.based,NEW.status,NEW.is_delete,NEW.created_by,NEW.created_time,NEW.created_ip,NEW.modified_by,NEW.modified_time);
                                        END IF;
                                        IF NEW.fee_rate <> OLD.fee_rate THEN  
                                            INSERT INTO product_history_10 (product_id,field,old_value,new_value,status,is_delete,created_by,created_time,created_ip,modified_by,modified_time) 
                                    		  							  VALUES(NEW.id,'fee_rate',OLD.fee_rate,NEW.fee_rate,NEW.status,NEW.is_delete,NEW.created_by,NEW.created_time,NEW.created_ip,NEW.modified_by,NEW.modified_time);
                                        END IF;
                                        IF NEW.st_bo <> OLD.st_bo THEN  
                                            INSERT INTO product_history_10 (product_id,field,old_value,new_value,status,is_delete,created_by,created_time,created_ip,modified_by,modified_time) 
                                    		  							  VALUES(NEW.id,'st_bo',OLD.st_bo,NEW.st_bo,NEW.status,NEW.is_delete,NEW.created_by,NEW.created_time,NEW.created_ip,NEW.modified_by,NEW.modified_time);
                                        END IF;
                                        IF NEW.m_date <> OLD.m_date THEN  
                                            INSERT INTO product_history_10 (product_id,field,old_value,new_value,status,is_delete,created_by,created_time,created_ip,modified_by,modified_time) 
                                    		  							  VALUES(NEW.id,'m_date',OLD.m_date,NEW.m_date,NEW.status,NEW.is_delete,NEW.created_by,NEW.created_time,NEW.created_ip,NEW.modified_by,NEW.modified_time);
                                        END IF;
                                        IF NEW.type <> OLD.type THEN  
                                            INSERT INTO product_history_10 (product_id,field,old_value,new_value,status,is_delete,created_by,created_time,created_ip,modified_by,modified_time) 
                                    		  							  VALUES(NEW.id,'type',OLD.type,NEW.type,NEW.status,NEW.is_delete,NEW.created_by,NEW.created_time,NEW.created_ip,NEW.modified_by,NEW.modified_time);
                                        END IF;
                                        IF NEW.var <> OLD.var THEN  
                                            INSERT INTO product_history_10 (product_id,field,old_value,new_value,status,is_delete,created_by,created_time,created_ip,modified_by,modified_time) 
                                    		  							  VALUES(NEW.id,'var',OLD.var,NEW.var,NEW.status,NEW.is_delete,NEW.created_by,NEW.created_time,NEW.created_ip,NEW.modified_by,NEW.modified_time);
                                        END IF;
                                        IF NEW.reg_type <> OLD.reg_type THEN  
                                            INSERT INTO product_history_10 (product_id,field,old_value,new_value,status,is_delete,created_by,created_time,created_ip,modified_by,modified_time) 
                                    		  							  VALUES(NEW.id,'reg_type',OLD.reg_type,NEW.reg_type,NEW.status,NEW.is_delete,NEW.created_by,NEW.created_time,NEW.created_ip,NEW.modified_by,NEW.modified_time);
                                        END IF;
                                    END
//
DELIMITER ;

-- --------------------------------------------------------

--
-- Table structure for table `product_category_11`
--

CREATE TABLE IF NOT EXISTS `product_category_11` (
`id` int(12) NOT NULL,
  `category` int(12) DEFAULT NULL,
  `name` varchar(100) DEFAULT NULL,
  `sponsor` varchar(100) DEFAULT NULL,
  `ticker_symbol` varchar(100) DEFAULT NULL,
  `cusip` varchar(100) DEFAULT NULL,
  `security` varchar(100) DEFAULT NULL,
  `receive` tinyint(1) NOT NULL DEFAULT '0',
  `income` varchar(100) DEFAULT NULL,
  `networth` varchar(100) DEFAULT NULL,
  `networthonly` varchar(100) DEFAULT NULL,
  `minimum_investment` varchar(100) DEFAULT NULL,
  `minimum_offer` varchar(100) DEFAULT NULL,
  `maximum_offer` varchar(100) DEFAULT NULL,
  `objective` varchar(100) DEFAULT NULL,
  `non_commissionable` tinyint(1) NOT NULL DEFAULT '0',
  `class_type` varchar(100) DEFAULT NULL,
  `fund_code` varchar(100) DEFAULT NULL,
  `sweep_fee` tinyint(1) NOT NULL DEFAULT '0',
  `ria_specific` varchar(100) DEFAULT NULL,
  `ria_specific_type` varchar(100) DEFAULT NULL,
  `based` varchar(100) DEFAULT NULL,
  `fee_rate` varchar(100) DEFAULT NULL,
  `st_bo` varchar(100) DEFAULT NULL,
  `m_date` date DEFAULT NULL,
  `type` varchar(100) DEFAULT NULL,
  `var` varchar(100) DEFAULT NULL,
  `reg_type` varchar(100) DEFAULT NULL,
  `status` tinyint(1) NOT NULL DEFAULT '1',
  `is_delete` tinyint(1) NOT NULL DEFAULT '0',
  `created_by` int(12) DEFAULT NULL,
  `created_time` datetime DEFAULT NULL,
  `created_ip` varchar(100) DEFAULT NULL,
  `modified_by` int(12) DEFAULT NULL,
  `modified_time` datetime DEFAULT NULL,
  `modified_ip` varchar(100) DEFAULT NULL
) ENGINE=InnoDB AUTO_INCREMENT=2 DEFAULT CHARSET=latin1;

--
-- Dumping data for table `product_category_11`
--

INSERT INTO `product_category_11` (`id`, `category`, `name`, `sponsor`, `ticker_symbol`, `cusip`, `security`, `receive`, `income`, `networth`, `networthonly`, `minimum_investment`, `minimum_offer`, `maximum_offer`, `objective`, `non_commissionable`, `class_type`, `fund_code`, `sweep_fee`, `ria_specific`, `ria_specific_type`, `based`, `fee_rate`, `st_bo`, `m_date`, `type`, `var`, `reg_type`, `status`, `is_delete`, `created_by`, `created_time`, `created_ip`, `modified_by`, `modified_time`, `modified_ip`) VALUES
(1, 11, 'product1', '1', 'p1', 'pro1', 'p789654', 0, '', '', '', '', '', '', '', 0, '', '', 0, '2', '', '', '', '', '0000-00-00', '', '', '', 1, 0, 3, '2018-02-21 09:58:25', '192.168.30.20', NULL, NULL, NULL);

-- --------------------------------------------------------

--
-- Table structure for table `product_category_12`
--

CREATE TABLE IF NOT EXISTS `product_category_12` (
`id` int(12) NOT NULL,
  `category` int(12) DEFAULT NULL,
  `name` varchar(100) DEFAULT NULL,
  `sponsor` varchar(100) DEFAULT NULL,
  `ticker_symbol` varchar(100) DEFAULT NULL,
  `cusip` varchar(100) DEFAULT NULL,
  `security` varchar(100) DEFAULT NULL,
  `receive` tinyint(1) NOT NULL DEFAULT '0',
  `income` varchar(100) DEFAULT NULL,
  `networth` varchar(100) DEFAULT NULL,
  `networthonly` varchar(100) DEFAULT NULL,
  `minimum_investment` varchar(100) DEFAULT NULL,
  `minimum_offer` varchar(100) DEFAULT NULL,
  `maximum_offer` varchar(100) DEFAULT NULL,
  `objective` varchar(100) DEFAULT NULL,
  `non_commissionable` tinyint(1) NOT NULL DEFAULT '0',
  `class_type` varchar(100) DEFAULT NULL,
  `fund_code` varchar(100) DEFAULT NULL,
  `sweep_fee` tinyint(1) NOT NULL DEFAULT '0',
  `ria_specific` varchar(100) DEFAULT NULL,
  `ria_specific_type` varchar(100) DEFAULT NULL,
  `based` varchar(100) DEFAULT NULL,
  `fee_rate` varchar(100) DEFAULT NULL,
  `st_bo` varchar(100) DEFAULT NULL,
  `m_date` date DEFAULT NULL,
  `type` varchar(100) DEFAULT NULL,
  `var` varchar(100) DEFAULT NULL,
  `reg_type` varchar(100) DEFAULT NULL,
  `status` tinyint(1) NOT NULL DEFAULT '1',
  `is_delete` tinyint(1) NOT NULL DEFAULT '0',
  `created_by` int(12) DEFAULT NULL,
  `created_time` datetime DEFAULT NULL,
  `created_ip` varchar(100) DEFAULT NULL,
  `modified_by` int(12) DEFAULT NULL,
  `modified_time` datetime DEFAULT NULL,
  `modified_ip` varchar(100) DEFAULT NULL
) ENGINE=InnoDB AUTO_INCREMENT=2 DEFAULT CHARSET=latin1;

--
-- Dumping data for table `product_category_12`
--

INSERT INTO `product_category_12` (`id`, `category`, `name`, `sponsor`, `ticker_symbol`, `cusip`, `security`, `receive`, `income`, `networth`, `networthonly`, `minimum_investment`, `minimum_offer`, `maximum_offer`, `objective`, `non_commissionable`, `class_type`, `fund_code`, `sweep_fee`, `ria_specific`, `ria_specific_type`, `based`, `fee_rate`, `st_bo`, `m_date`, `type`, `var`, `reg_type`, `status`, `is_delete`, `created_by`, `created_time`, `created_ip`, `modified_by`, `modified_time`, `modified_ip`) VALUES
(1, 12, 'product1', '1', 'p1', 'pro1', 'p789654', 0, '', '', '', '', '', '', '', 0, '', '', 0, '', '2', '1', '99.9', '', '0000-00-00', '', '', '', 1, 0, 3, '2018-02-21 09:59:01', '192.168.30.20', NULL, NULL, NULL);

-- --------------------------------------------------------

--
-- Table structure for table `product_category_13`
--

CREATE TABLE IF NOT EXISTS `product_category_13` (
`id` int(12) NOT NULL,
  `category` int(12) DEFAULT NULL,
  `name` varchar(100) DEFAULT NULL,
  `sponsor` varchar(100) DEFAULT NULL,
  `ticker_symbol` varchar(100) DEFAULT NULL,
  `cusip` varchar(100) DEFAULT NULL,
  `security` varchar(100) DEFAULT NULL,
  `receive` tinyint(1) NOT NULL DEFAULT '0',
  `income` varchar(100) DEFAULT NULL,
  `networth` varchar(100) DEFAULT NULL,
  `networthonly` varchar(100) DEFAULT NULL,
  `minimum_investment` varchar(100) DEFAULT NULL,
  `minimum_offer` varchar(100) DEFAULT NULL,
  `maximum_offer` varchar(100) DEFAULT NULL,
  `objective` varchar(100) DEFAULT NULL,
  `non_commissionable` tinyint(1) NOT NULL DEFAULT '0',
  `class_type` varchar(100) DEFAULT NULL,
  `fund_code` varchar(100) DEFAULT NULL,
  `sweep_fee` tinyint(1) NOT NULL DEFAULT '0',
  `ria_specific` varchar(100) DEFAULT NULL,
  `ria_specific_type` varchar(100) DEFAULT NULL,
  `based` varchar(100) DEFAULT NULL,
  `fee_rate` varchar(100) DEFAULT NULL,
  `st_bo` varchar(100) DEFAULT NULL,
  `m_date` date DEFAULT NULL,
  `type` varchar(100) DEFAULT NULL,
  `var` varchar(100) DEFAULT NULL,
  `reg_type` varchar(100) DEFAULT NULL,
  `status` tinyint(1) NOT NULL DEFAULT '1',
  `is_delete` tinyint(1) NOT NULL DEFAULT '0',
  `created_by` int(12) DEFAULT NULL,
  `created_time` datetime DEFAULT NULL,
  `created_ip` varchar(100) DEFAULT NULL,
  `modified_by` int(12) DEFAULT NULL,
  `modified_time` datetime DEFAULT NULL,
  `modified_ip` varchar(100) DEFAULT NULL
) ENGINE=InnoDB DEFAULT CHARSET=latin1;

-- --------------------------------------------------------

--
-- Table structure for table `product_category_14`
--

CREATE TABLE IF NOT EXISTS `product_category_14` (
`id` int(12) NOT NULL,
  `category` int(12) DEFAULT NULL,
  `name` varchar(100) DEFAULT NULL,
  `sponsor` varchar(100) DEFAULT NULL,
  `ticker_symbol` varchar(100) DEFAULT NULL,
  `cusip` varchar(100) DEFAULT NULL,
  `security` varchar(100) DEFAULT NULL,
  `receive` tinyint(1) NOT NULL DEFAULT '0',
  `income` varchar(100) DEFAULT NULL,
  `networth` varchar(100) DEFAULT NULL,
  `networthonly` varchar(100) DEFAULT NULL,
  `minimum_investment` varchar(100) DEFAULT NULL,
  `minimum_offer` varchar(100) DEFAULT NULL,
  `maximum_offer` varchar(100) DEFAULT NULL,
  `objective` varchar(100) DEFAULT NULL,
  `non_commissionable` tinyint(1) NOT NULL DEFAULT '0',
  `class_type` varchar(100) DEFAULT NULL,
  `fund_code` varchar(100) DEFAULT NULL,
  `sweep_fee` tinyint(1) NOT NULL DEFAULT '0',
  `ria_specific` varchar(100) DEFAULT NULL,
  `ria_specific_type` varchar(100) DEFAULT NULL,
  `based` varchar(100) DEFAULT NULL,
  `fee_rate` varchar(100) DEFAULT NULL,
  `st_bo` varchar(100) DEFAULT NULL,
  `m_date` date DEFAULT NULL,
  `type` varchar(100) DEFAULT NULL,
  `var` varchar(100) DEFAULT NULL,
  `reg_type` varchar(100) DEFAULT NULL,
  `status` tinyint(1) NOT NULL DEFAULT '1',
  `is_delete` tinyint(1) NOT NULL DEFAULT '0',
  `created_by` int(12) DEFAULT NULL,
  `created_time` datetime DEFAULT NULL,
  `created_ip` varchar(100) DEFAULT NULL,
  `modified_by` int(12) DEFAULT NULL,
  `modified_time` datetime DEFAULT NULL,
  `modified_ip` varchar(100) DEFAULT NULL
) ENGINE=InnoDB DEFAULT CHARSET=latin1;

-- --------------------------------------------------------

--
-- Table structure for table `product_history_1`
--

CREATE TABLE IF NOT EXISTS `product_history_1` (
`id` int(12) NOT NULL,
  `product_id` int(12) DEFAULT NULL,
  `field` varchar(100) DEFAULT NULL,
  `old_value` varchar(100) DEFAULT NULL,
  `new_value` varchar(100) DEFAULT NULL,
  `status` tinyint(1) NOT NULL DEFAULT '1',
  `is_delete` tinyint(1) NOT NULL DEFAULT '0',
  `created_by` int(12) DEFAULT NULL,
  `created_time` datetime DEFAULT NULL,
  `created_ip` varchar(100) DEFAULT NULL,
  `modified_by` int(12) DEFAULT NULL,
  `modified_time` datetime DEFAULT NULL,
  `modified_ip` varchar(100) DEFAULT NULL
) ENGINE=InnoDB DEFAULT CHARSET=latin1;

-- --------------------------------------------------------

--
-- Table structure for table `product_history_2`
--

CREATE TABLE IF NOT EXISTS `product_history_2` (
`id` int(12) NOT NULL,
  `product_id` int(12) DEFAULT NULL,
  `field` varchar(100) DEFAULT NULL,
  `old_value` varchar(100) DEFAULT NULL,
  `new_value` varchar(100) DEFAULT NULL,
  `status` tinyint(1) NOT NULL DEFAULT '1',
  `is_delete` tinyint(1) NOT NULL DEFAULT '0',
  `created_by` int(12) DEFAULT NULL,
  `created_time` datetime DEFAULT NULL,
  `created_ip` varchar(100) DEFAULT NULL,
  `modified_by` int(12) DEFAULT NULL,
  `modified_time` datetime DEFAULT NULL,
  `modified_ip` varchar(100) DEFAULT NULL
) ENGINE=InnoDB AUTO_INCREMENT=11 DEFAULT CHARSET=latin1;

--
-- Dumping data for table `product_history_2`
--

INSERT INTO `product_history_2` (`id`, `product_id`, `field`, `old_value`, `new_value`, `status`, `is_delete`, `created_by`, `created_time`, `created_ip`, `modified_by`, `modified_time`, `modified_ip`) VALUES
(1, 1, 'cusip', '', '30293E102', 1, 0, 3, '2018-02-26 11:59:32', '192.168.30.30', 3, '2018-02-26 12:00:46', NULL),
(2, 1, 'income', '', '20000', 1, 0, 3, '2018-02-26 11:59:32', '192.168.30.30', 3, '2018-04-03 12:50:57', NULL),
(3, 1, 'networthonly', '', '60000', 1, 0, 3, '2018-02-26 11:59:32', '192.168.30.30', 3, '2018-04-03 12:50:57', NULL),
(4, 1, 'objective', '', '1', 1, 0, 3, '2018-02-26 11:59:32', '192.168.30.30', 3, '2018-04-03 12:50:57', NULL),
(5, 1, 'sponsor', '1', '', 1, 0, 3, '2018-02-26 11:59:32', '192.168.30.30', 3, '2018-04-03 12:50:57', NULL),
(6, 1, 'sponsor', '', '1', 1, 0, 3, '2018-02-26 11:59:32', '192.168.30.30', 3, '2018-04-03 12:50:57', NULL),
(7, 1, 'sponsor', '1', '4', 1, 0, 3, '2018-02-26 11:59:32', '192.168.30.30', 3, '2018-04-03 12:50:57', NULL),
(8, 1, 'sponsor', '4', '3', 1, 0, 3, '2018-02-26 11:59:32', '192.168.30.30', 3, '2018-04-03 12:50:57', NULL),
(9, 1, 'cusip', '30293E102', '', 1, 0, 3, '2018-04-26 16:33:51', '192.168.30.30', NULL, NULL, NULL),
(10, 2, 'cusip', '30293E102', '', 1, 0, 3, '2018-04-26 16:34:46', '192.168.30.30', NULL, NULL, NULL);

-- --------------------------------------------------------

--
-- Table structure for table `product_history_3`
--

CREATE TABLE IF NOT EXISTS `product_history_3` (
`id` int(12) NOT NULL,
  `product_id` int(12) DEFAULT NULL,
  `field` varchar(100) DEFAULT NULL,
  `old_value` varchar(100) DEFAULT NULL,
  `new_value` varchar(100) DEFAULT NULL,
  `status` tinyint(1) NOT NULL DEFAULT '1',
  `is_delete` tinyint(1) NOT NULL DEFAULT '0',
  `created_by` int(12) DEFAULT NULL,
  `created_time` datetime DEFAULT NULL,
  `created_ip` varchar(100) DEFAULT NULL,
  `modified_by` int(12) DEFAULT NULL,
  `modified_time` datetime DEFAULT NULL,
  `modified_ip` varchar(100) DEFAULT NULL
) ENGINE=InnoDB DEFAULT CHARSET=latin1;

-- --------------------------------------------------------

--
-- Table structure for table `product_history_4`
--

CREATE TABLE IF NOT EXISTS `product_history_4` (
`id` int(12) NOT NULL,
  `product_id` int(12) DEFAULT NULL,
  `field` varchar(100) DEFAULT NULL,
  `old_value` varchar(100) DEFAULT NULL,
  `new_value` varchar(100) DEFAULT NULL,
  `status` tinyint(1) NOT NULL DEFAULT '1',
  `is_delete` tinyint(1) NOT NULL DEFAULT '0',
  `created_by` int(12) DEFAULT NULL,
  `created_time` datetime DEFAULT NULL,
  `created_ip` varchar(100) DEFAULT NULL,
  `modified_by` int(12) DEFAULT NULL,
  `modified_time` datetime DEFAULT NULL,
  `modified_ip` varchar(100) DEFAULT NULL
) ENGINE=InnoDB DEFAULT CHARSET=latin1;

-- --------------------------------------------------------

--
-- Table structure for table `product_history_5`
--

CREATE TABLE IF NOT EXISTS `product_history_5` (
`id` int(12) NOT NULL,
  `product_id` int(12) DEFAULT NULL,
  `field` varchar(100) DEFAULT NULL,
  `old_value` varchar(100) DEFAULT NULL,
  `new_value` varchar(100) DEFAULT NULL,
  `status` tinyint(1) NOT NULL DEFAULT '1',
  `is_delete` tinyint(1) NOT NULL DEFAULT '0',
  `created_by` int(12) DEFAULT NULL,
  `created_time` datetime DEFAULT NULL,
  `created_ip` varchar(100) DEFAULT NULL,
  `modified_by` int(12) DEFAULT NULL,
  `modified_time` datetime DEFAULT NULL,
  `modified_ip` varchar(100) DEFAULT NULL
) ENGINE=InnoDB DEFAULT CHARSET=latin1;

-- --------------------------------------------------------

--
-- Table structure for table `product_history_6`
--

CREATE TABLE IF NOT EXISTS `product_history_6` (
`id` int(12) NOT NULL,
  `product_id` int(12) DEFAULT NULL,
  `field` varchar(100) DEFAULT NULL,
  `old_value` varchar(100) DEFAULT NULL,
  `new_value` varchar(100) DEFAULT NULL,
  `status` tinyint(1) NOT NULL DEFAULT '1',
  `is_delete` tinyint(1) NOT NULL DEFAULT '0',
  `created_by` int(12) DEFAULT NULL,
  `created_time` datetime DEFAULT NULL,
  `created_ip` varchar(100) DEFAULT NULL,
  `modified_by` int(12) DEFAULT NULL,
  `modified_time` datetime DEFAULT NULL,
  `modified_ip` varchar(100) DEFAULT NULL
) ENGINE=InnoDB DEFAULT CHARSET=latin1;

-- --------------------------------------------------------

--
-- Table structure for table `product_history_7`
--

CREATE TABLE IF NOT EXISTS `product_history_7` (
`id` int(12) NOT NULL,
  `product_id` int(12) DEFAULT NULL,
  `field` varchar(100) DEFAULT NULL,
  `old_value` varchar(100) DEFAULT NULL,
  `new_value` varchar(100) DEFAULT NULL,
  `status` tinyint(1) NOT NULL DEFAULT '1',
  `is_delete` tinyint(1) NOT NULL DEFAULT '0',
  `created_by` int(12) DEFAULT NULL,
  `created_time` datetime DEFAULT NULL,
  `created_ip` varchar(100) DEFAULT NULL,
  `modified_by` int(12) DEFAULT NULL,
  `modified_time` datetime DEFAULT NULL,
  `modified_ip` varchar(100) DEFAULT NULL
) ENGINE=InnoDB DEFAULT CHARSET=latin1;

-- --------------------------------------------------------

--
-- Table structure for table `product_history_8`
--

CREATE TABLE IF NOT EXISTS `product_history_8` (
`id` int(12) NOT NULL,
  `product_id` int(12) DEFAULT NULL,
  `field` varchar(100) DEFAULT NULL,
  `old_value` varchar(100) DEFAULT NULL,
  `new_value` varchar(100) DEFAULT NULL,
  `status` tinyint(1) NOT NULL DEFAULT '1',
  `is_delete` tinyint(1) NOT NULL DEFAULT '0',
  `created_by` int(12) DEFAULT NULL,
  `created_time` datetime DEFAULT NULL,
  `created_ip` varchar(100) DEFAULT NULL,
  `modified_by` int(12) DEFAULT NULL,
  `modified_time` datetime DEFAULT NULL,
  `modified_ip` varchar(100) DEFAULT NULL
) ENGINE=InnoDB DEFAULT CHARSET=latin1;

-- --------------------------------------------------------

--
-- Table structure for table `product_history_9`
--

CREATE TABLE IF NOT EXISTS `product_history_9` (
`id` int(12) NOT NULL,
  `product_id` int(12) DEFAULT NULL,
  `field` varchar(100) DEFAULT NULL,
  `old_value` varchar(100) DEFAULT NULL,
  `new_value` varchar(100) DEFAULT NULL,
  `status` tinyint(1) NOT NULL DEFAULT '1',
  `is_delete` tinyint(1) NOT NULL DEFAULT '0',
  `created_by` int(12) DEFAULT NULL,
  `created_time` datetime DEFAULT NULL,
  `created_ip` varchar(100) DEFAULT NULL,
  `modified_by` int(12) DEFAULT NULL,
  `modified_time` datetime DEFAULT NULL,
  `modified_ip` varchar(100) DEFAULT NULL
) ENGINE=InnoDB AUTO_INCREMENT=9 DEFAULT CHARSET=latin1;

--
-- Dumping data for table `product_history_9`
--

INSERT INTO `product_history_9` (`id`, `product_id`, `field`, `old_value`, `new_value`, `status`, `is_delete`, `created_by`, `created_time`, `created_ip`, `modified_by`, `modified_time`, `modified_ip`) VALUES
(1, 1, 'income', '', '90000', 1, 0, 3, '2018-02-13 10:13:02', '192.168.30.30', 3, '2018-02-13 10:16:04', NULL),
(2, 1, 'networth', '', '20000', 1, 0, 3, '2018-02-13 10:13:02', '192.168.30.30', 3, '2018-02-13 10:16:04', NULL),
(3, 1, 'networthonly', '', '10000', 1, 0, 3, '2018-02-13 10:13:02', '192.168.30.30', 3, '2018-02-13 10:16:04', NULL),
(4, 1, 'minimum_investment', '', '40000', 1, 0, 3, '2018-02-13 10:13:02', '192.168.30.30', 3, '2018-02-13 10:16:04', NULL),
(5, 1, 'minimum_offer', '', '2500', 1, 0, 3, '2018-02-13 10:13:02', '192.168.30.30', 3, '2018-02-13 10:16:04', NULL),
(6, 1, 'maximum_offer', '', '4000', 1, 0, 3, '2018-02-13 10:13:02', '192.168.30.30', 3, '2018-02-13 10:16:04', NULL),
(7, 1, 'objective', '', '2', 1, 0, 3, '2018-02-13 10:13:02', '192.168.30.30', 3, '2018-02-13 10:16:04', NULL),
(8, 1, 'cusip', 'p9', '30293E102', 1, 0, 3, '2018-02-13 10:13:02', '192.168.30.30', 3, '2018-02-13 10:16:04', NULL);

-- --------------------------------------------------------

--
-- Table structure for table `product_history_10`
--

CREATE TABLE IF NOT EXISTS `product_history_10` (
`id` int(12) NOT NULL,
  `product_id` int(12) DEFAULT NULL,
  `field` varchar(100) DEFAULT NULL,
  `old_value` varchar(100) DEFAULT NULL,
  `new_value` varchar(100) DEFAULT NULL,
  `status` tinyint(1) NOT NULL DEFAULT '1',
  `is_delete` tinyint(1) NOT NULL DEFAULT '0',
  `created_by` int(12) DEFAULT NULL,
  `created_time` datetime DEFAULT NULL,
  `created_ip` varchar(100) DEFAULT NULL,
  `modified_by` int(12) DEFAULT NULL,
  `modified_time` datetime DEFAULT NULL,
  `modified_ip` varchar(100) DEFAULT NULL
) ENGINE=InnoDB DEFAULT CHARSET=latin1;

-- --------------------------------------------------------

--
-- Table structure for table `product_history_11`
--

CREATE TABLE IF NOT EXISTS `product_history_11` (
`id` int(12) NOT NULL,
  `product_id` int(12) DEFAULT NULL,
  `field` varchar(100) DEFAULT NULL,
  `old_value` varchar(100) DEFAULT NULL,
  `new_value` varchar(100) DEFAULT NULL,
  `status` tinyint(1) NOT NULL DEFAULT '1',
  `is_delete` tinyint(1) NOT NULL DEFAULT '0',
  `created_by` int(12) DEFAULT NULL,
  `created_time` datetime DEFAULT NULL,
  `created_ip` varchar(100) DEFAULT NULL,
  `modified_by` int(12) DEFAULT NULL,
  `modified_time` datetime DEFAULT NULL,
  `modified_ip` varchar(100) DEFAULT NULL
) ENGINE=InnoDB DEFAULT CHARSET=latin1;

-- --------------------------------------------------------

--
-- Table structure for table `product_history_12`
--

CREATE TABLE IF NOT EXISTS `product_history_12` (
`id` int(12) NOT NULL,
  `product_id` int(12) DEFAULT NULL,
  `field` varchar(100) DEFAULT NULL,
  `old_value` varchar(100) DEFAULT NULL,
  `new_value` varchar(100) DEFAULT NULL,
  `status` tinyint(1) NOT NULL DEFAULT '1',
  `is_delete` tinyint(1) NOT NULL DEFAULT '0',
  `created_by` int(12) DEFAULT NULL,
  `created_time` datetime DEFAULT NULL,
  `created_ip` varchar(100) DEFAULT NULL,
  `modified_by` int(12) DEFAULT NULL,
  `modified_time` datetime DEFAULT NULL,
  `modified_ip` varchar(100) DEFAULT NULL
) ENGINE=InnoDB DEFAULT CHARSET=latin1;

-- --------------------------------------------------------

--
-- Table structure for table `product_history_13`
--

CREATE TABLE IF NOT EXISTS `product_history_13` (
`id` int(12) NOT NULL,
  `product_id` int(12) DEFAULT NULL,
  `field` varchar(100) DEFAULT NULL,
  `old_value` varchar(100) DEFAULT NULL,
  `new_value` varchar(100) DEFAULT NULL,
  `status` tinyint(1) NOT NULL DEFAULT '1',
  `is_delete` tinyint(1) NOT NULL DEFAULT '0',
  `created_by` int(12) DEFAULT NULL,
  `created_time` datetime DEFAULT NULL,
  `created_ip` varchar(100) DEFAULT NULL,
  `modified_by` int(12) DEFAULT NULL,
  `modified_time` datetime DEFAULT NULL,
  `modified_ip` varchar(100) DEFAULT NULL
) ENGINE=InnoDB DEFAULT CHARSET=latin1;

-- --------------------------------------------------------

--
-- Table structure for table `product_history_14`
--

CREATE TABLE IF NOT EXISTS `product_history_14` (
`id` int(12) NOT NULL,
  `product_id` int(12) DEFAULT NULL,
  `field` varchar(100) DEFAULT NULL,
  `old_value` varchar(100) DEFAULT NULL,
  `new_value` varchar(100) DEFAULT NULL,
  `status` tinyint(1) NOT NULL DEFAULT '1',
  `is_delete` tinyint(1) NOT NULL DEFAULT '0',
  `created_by` int(12) DEFAULT NULL,
  `created_time` datetime DEFAULT NULL,
  `created_ip` varchar(100) DEFAULT NULL,
  `modified_by` int(12) DEFAULT NULL,
  `modified_time` datetime DEFAULT NULL,
  `modified_ip` varchar(100) DEFAULT NULL
) ENGINE=InnoDB DEFAULT CHARSET=latin1;

-- --------------------------------------------------------

--
-- Table structure for table `product_rates_1`
--

CREATE TABLE IF NOT EXISTS `product_rates_1` (
`id` int(12) NOT NULL,
  `product_id` int(12) DEFAULT NULL,
  `min_threshold` varchar(100) DEFAULT NULL,
  `max_threshold` varchar(100) DEFAULT NULL,
  `min_rate` float(8,2) DEFAULT NULL,
  `max_rate` float(8,2) DEFAULT NULL,
  `status` tinyint(1) NOT NULL DEFAULT '1',
  `is_delete` tinyint(1) NOT NULL DEFAULT '0',
  `created_by` int(12) DEFAULT NULL,
  `created_time` datetime DEFAULT NULL,
  `created_ip` varchar(100) DEFAULT NULL,
  `modified_by` int(12) DEFAULT NULL,
  `modified_time` datetime DEFAULT NULL,
  `modified_ip` varchar(100) DEFAULT NULL
) ENGINE=InnoDB AUTO_INCREMENT=135 DEFAULT CHARSET=latin1;

--
-- Dumping data for table `product_rates_1`
--

INSERT INTO `product_rates_1` (`id`, `product_id`, `min_threshold`, `max_threshold`, `min_rate`, `max_rate`, `status`, `is_delete`, `created_by`, `created_time`, `created_ip`, `modified_by`, `modified_time`, `modified_ip`) VALUES
(1, 1, '897', '9879', 99.90, 99.90, 1, 1, 3, '2018-02-06 16:21:50', '192.168.30.30', NULL, NULL, NULL),
(2, 1, '897', '9879', 789.00, 87979.00, 1, 1, 3, '2018-02-06 16:21:50', '192.168.30.30', NULL, NULL, NULL),
(3, 1, '798', '4564', 99.90, 99.90, 1, 1, 3, '2018-02-06 16:23:49', '192.168.30.30', NULL, NULL, NULL),
(4, 1, '7897', '646', 565.00, 64.00, 1, 1, 3, '2018-02-06 16:23:49', '192.168.30.30', NULL, NULL, NULL),
(5, 1, '798', '4564', 65.00, 8979.00, 1, 1, 3, '2018-02-06 16:23:49', '192.168.30.30', NULL, NULL, NULL),
(6, 1, '65', '98789', 99.90, 99.90, 1, 1, 3, '2018-02-06 16:47:25', '192.168.30.30', NULL, NULL, NULL),
(7, 1, '65', '98789', 5564.00, 8978.00, 1, 1, 3, '2018-02-06 16:47:25', '192.168.30.30', NULL, NULL, NULL),
(8, 1, '6546', '5646', 9789.00, 65465.00, 1, 1, 3, '2018-02-06 16:47:25', '192.168.30.30', NULL, NULL, NULL),
(9, 1, '878', '79798', 878.00, 445.00, 1, 1, 3, '2018-02-06 16:54:05', '192.168.30.30', NULL, NULL, NULL),
(10, 1, '55', '546465', 45.00, 66.00, 1, 1, 3, '2018-02-06 16:54:05', '192.168.30.30', NULL, NULL, NULL),
(11, 1, '31321', '6456', 78.00, 21.00, 1, 1, 3, '2018-02-06 16:54:05', '192.168.30.30', NULL, NULL, NULL),
(12, 1, '878', '79798', 878.00, 445.00, 1, 1, 3, '2018-02-06 16:54:29', '192.168.30.30', NULL, NULL, NULL),
(13, 1, '55', '546465', 45.00, 66.00, 1, 1, 3, '2018-02-06 16:54:29', '192.168.30.30', NULL, NULL, NULL),
(14, 1, '897', '97897', 7987.00, 89789.00, 1, 1, 3, '2018-02-06 16:55:18', '192.168.30.30', NULL, NULL, NULL),
(15, 1, '878', '79798', 878.00, 445.00, 1, 1, 3, '2018-02-06 16:55:18', '192.168.30.30', NULL, NULL, NULL),
(16, 1, '55', '546465', 45.00, 66.00, 1, 1, 3, '2018-02-06 16:55:18', '192.168.30.30', NULL, NULL, NULL),
(17, 1, '897', '97897', 7987.00, 89789.00, 1, 1, 3, '2018-02-06 16:55:32', '192.168.30.30', NULL, NULL, NULL),
(18, 1, '878', '79798', 878.00, 445.00, 1, 1, 3, '2018-02-06 16:55:32', '192.168.30.30', NULL, NULL, NULL),
(19, 1, '55', '546465', 45.00, 66.00, 1, 1, 3, '2018-02-06 16:55:32', '192.168.30.30', NULL, NULL, NULL),
(20, 2, '7897897', '978979', 545.00, 121.00, 1, 1, 3, '2018-02-06 16:56:49', '192.168.30.30', NULL, NULL, NULL),
(21, 2, '9797', '897987', 212.00, 98797.00, 1, 1, 3, '2018-02-06 16:56:49', '192.168.30.30', NULL, NULL, NULL),
(22, 2, '7897897', '978979', 545.00, 121.00, 1, 1, 3, '2018-02-06 16:57:06', '192.168.30.30', NULL, NULL, NULL),
(23, 2, '9797', '897987', 212.00, 98797.00, 1, 1, 3, '2018-02-06 16:57:06', '192.168.30.30', NULL, NULL, NULL),
(24, 1, '231', '321', 2.20, 0.00, 1, 1, 3, '2018-02-09 10:40:13', '192.168.30.30', NULL, NULL, NULL),
(25, 1, '56465', '655', 45.00, 0.00, 1, 1, 3, '2018-02-09 10:40:13', '192.168.30.30', NULL, NULL, NULL),
(26, 1, '240', '2220', 4.50, 0.00, 1, 1, 3, '2018-02-09 10:45:06', '192.168.30.30', NULL, NULL, NULL),
(27, 1, '880', '2250', 6.30, 0.00, 1, 1, 3, '2018-02-09 10:45:06', '192.168.30.30', NULL, NULL, NULL),
(28, 1, '231', '321', 2.20, 0.00, 1, 1, 3, '2018-02-09 10:45:06', '192.168.30.30', NULL, NULL, NULL),
(29, 1, '56465', '655', 45.00, 0.00, 1, 1, 3, '2018-02-09 10:45:06', '192.168.30.30', NULL, NULL, NULL),
(30, 1, '240', '2220', 4.50, 0.00, 1, 1, 3, '2018-02-09 10:47:41', '192.168.30.30', NULL, NULL, NULL),
(31, 1, '880', '2250', 6.30, 0.00, 1, 1, 3, '2018-02-09 10:47:41', '192.168.30.30', NULL, NULL, NULL),
(32, 1, '456', '789', 23.50, 0.00, 1, 1, 3, '2018-02-09 10:48:26', '192.168.30.30', NULL, NULL, NULL),
(33, 1, '560', '990', 9.00, 0.00, 1, 1, 3, '2018-02-09 10:48:26', '192.168.30.30', NULL, NULL, NULL),
(34, 1, '240', '2220', 4.50, 0.00, 1, 1, 3, '2018-02-09 10:48:26', '192.168.30.30', NULL, NULL, NULL),
(35, 1, '456', '789', 23.56, 0.00, 1, 1, 3, '2018-02-09 10:49:49', '192.168.30.30', NULL, NULL, NULL),
(36, 1, '560', '990', 9.00, 0.00, 1, 1, 3, '2018-02-09 10:49:49', '192.168.30.30', NULL, NULL, NULL),
(37, 1, '240', '2220', 4.50, 0.00, 1, 1, 3, '2018-02-09 10:49:49', '192.168.30.30', NULL, NULL, NULL),
(38, 1, '456', '789', 23.56, 0.00, 1, 1, 3, '2018-02-19 18:23:39', '192.168.30.20', NULL, NULL, NULL),
(39, 1, '560', '990', 9.00, 0.00, 1, 1, 3, '2018-02-19 18:23:39', '192.168.30.20', NULL, NULL, NULL),
(40, 1, '240', '2220', 4.50, 0.00, 1, 1, 3, '2018-02-19 18:23:39', '192.168.30.20', NULL, NULL, NULL),
(41, 1, '6546', '564564', 546456.00, 0.00, 1, 1, 3, '2018-02-19 18:23:39', '192.168.30.20', NULL, NULL, NULL),
(42, 1, '4654', '654', 4.00, 0.00, 1, 1, 3, '2018-02-19 18:23:39', '192.168.30.20', NULL, NULL, NULL),
(43, 1, '5446', '54564', 4564.00, 0.00, 1, 1, 3, '2018-02-19 18:23:39', '192.168.30.20', NULL, NULL, NULL),
(44, 1, '456', '789', 23.56, 0.00, 1, 1, 3, '2018-02-19 18:24:03', '192.168.30.20', NULL, NULL, NULL),
(45, 1, '560', '990', 9.00, 0.00, 1, 1, 3, '2018-02-19 18:24:03', '192.168.30.20', NULL, NULL, NULL),
(46, 1, '240', '2220', 4.50, 0.00, 1, 1, 3, '2018-02-19 18:24:03', '192.168.30.20', NULL, NULL, NULL),
(47, 1, '6546', '564564', 546456.00, 0.00, 1, 1, 3, '2018-02-19 18:24:03', '192.168.30.20', NULL, NULL, NULL),
(48, 1, '4654', '654', 4.00, 0.00, 1, 1, 3, '2018-02-19 18:24:03', '192.168.30.20', NULL, NULL, NULL),
(49, 1, '5446', '54564', 4564.00, 0.00, 1, 1, 3, '2018-02-19 18:24:03', '192.168.30.20', NULL, NULL, NULL),
(50, 1, '50', '40', 70.00, 0.00, 1, 1, 3, '2018-02-21 09:28:55', '192.168.30.20', NULL, NULL, NULL),
(51, 1, '50', '60', 80.00, 0.00, 1, 1, 3, '2018-02-21 09:28:55', '192.168.30.20', NULL, NULL, NULL),
(52, 1, '110', '220', 300.00, 0.00, 1, 1, 3, '2018-02-21 09:28:55', '192.168.30.20', NULL, NULL, NULL),
(53, 1, '50', '40', 70.00, 0.00, 1, 1, 3, '2018-02-21 09:28:55', '192.168.30.20', NULL, NULL, NULL),
(54, 1, '4654', '654', 4.00, 0.00, 1, 1, 3, '2018-02-21 09:28:55', '192.168.30.20', NULL, NULL, NULL),
(55, 1, '5446', '54564', 4564.00, 0.00, 1, 1, 3, '2018-02-21 09:28:55', '192.168.30.20', NULL, NULL, NULL),
(56, 1, '110', '220', 40.00, 0.00, 1, 1, 3, '2018-02-21 09:28:55', '192.168.30.20', NULL, NULL, NULL),
(57, 1, '300', '80', 450.00, 0.00, 1, 1, 3, '2018-02-21 09:28:55', '192.168.30.20', NULL, NULL, NULL),
(58, 1, '50', '40', 70.00, 0.00, 1, 1, 3, '2018-02-21 09:32:16', '192.168.30.20', NULL, NULL, NULL),
(59, 1, '50', '60', 80.00, 0.00, 1, 1, 3, '2018-02-21 09:32:16', '192.168.30.20', NULL, NULL, NULL),
(60, 1, '110', '220', 300.00, 0.00, 1, 1, 3, '2018-02-21 09:32:16', '192.168.30.20', NULL, NULL, NULL),
(61, 1, '50', '40', 70.00, 0.00, 1, 1, 3, '2018-02-21 09:32:16', '192.168.30.20', NULL, NULL, NULL),
(62, 1, '4654', '654', 4.00, 0.00, 1, 1, 3, '2018-02-21 09:32:16', '192.168.30.20', NULL, NULL, NULL),
(63, 1, '5446', '54564', 4564.00, 0.00, 1, 1, 3, '2018-02-21 09:32:16', '192.168.30.20', NULL, NULL, NULL),
(64, 1, '110', '220', 40.00, 0.00, 1, 1, 3, '2018-02-21 09:32:16', '192.168.30.20', NULL, NULL, NULL),
(65, 1, '300', '80', 450.00, 0.00, 1, 1, 3, '2018-02-21 09:32:16', '192.168.30.20', NULL, NULL, NULL),
(66, 1, '20', '20', 20.00, 0.00, 1, 1, 3, '2018-02-21 09:32:16', '192.168.30.20', NULL, NULL, NULL),
(67, 1, '39', '30', 240.00, 0.00, 1, 1, 3, '2018-02-21 09:32:16', '192.168.30.20', NULL, NULL, NULL),
(68, 1, '30', '40', 50.00, 0.00, 1, 1, 3, '2018-02-21 09:32:16', '192.168.30.20', NULL, NULL, NULL),
(69, 1, '50', '40', 70.00, 0.00, 1, 1, 3, '2018-02-26 11:55:45', '192.168.30.30', NULL, NULL, NULL),
(70, 1, '50', '60', 80.00, 0.00, 1, 1, 3, '2018-02-26 11:55:45', '192.168.30.30', NULL, NULL, NULL),
(71, 1, '110', '220', 300.00, 0.00, 1, 1, 3, '2018-02-26 11:55:45', '192.168.30.30', NULL, NULL, NULL),
(72, 1, '50', '40', 70.00, 0.00, 1, 1, 3, '2018-02-26 11:55:45', '192.168.30.30', NULL, NULL, NULL),
(73, 1, '4654', '654', 4.00, 0.00, 1, 1, 3, '2018-02-26 11:55:45', '192.168.30.30', NULL, NULL, NULL),
(74, 1, '5446', '54564', 4564.00, 0.00, 1, 1, 3, '2018-02-26 11:55:45', '192.168.30.30', NULL, NULL, NULL),
(75, 1, '110', '220', 40.00, 0.00, 1, 1, 3, '2018-02-26 11:55:45', '192.168.30.30', NULL, NULL, NULL),
(76, 1, '300', '80', 450.00, 0.00, 1, 1, 3, '2018-02-26 11:55:45', '192.168.30.30', NULL, NULL, NULL),
(77, 1, '20', '20', 20.00, 0.00, 1, 1, 3, '2018-02-26 11:55:45', '192.168.30.30', NULL, NULL, NULL),
(78, 1, '39', '30', 240.00, 0.00, 1, 1, 3, '2018-02-26 11:55:45', '192.168.30.30', NULL, NULL, NULL),
(79, 1, '30', '40', 50.00, 0.00, 1, 1, 3, '2018-02-26 11:55:45', '192.168.30.30', NULL, NULL, NULL),
(80, 1, '50', '40', 70.00, 0.00, 1, 1, 3, '2018-02-26 11:58:54', '192.168.30.30', NULL, NULL, NULL),
(81, 1, '50', '60', 80.00, 0.00, 1, 1, 3, '2018-02-26 11:58:54', '192.168.30.30', NULL, NULL, NULL),
(82, 1, '110', '220', 300.00, 0.00, 1, 1, 3, '2018-02-26 11:58:54', '192.168.30.30', NULL, NULL, NULL),
(83, 1, '50', '40', 70.00, 0.00, 1, 1, 3, '2018-02-26 11:58:54', '192.168.30.30', NULL, NULL, NULL),
(84, 1, '4654', '654', 4.00, 0.00, 1, 1, 3, '2018-02-26 11:58:54', '192.168.30.30', NULL, NULL, NULL),
(85, 1, '5446', '54564', 4564.00, 0.00, 1, 1, 3, '2018-02-26 11:58:54', '192.168.30.30', NULL, NULL, NULL),
(86, 1, '110', '220', 40.00, 0.00, 1, 1, 3, '2018-02-26 11:58:54', '192.168.30.30', NULL, NULL, NULL),
(87, 1, '300', '80', 450.00, 0.00, 1, 1, 3, '2018-02-26 11:58:54', '192.168.30.30', NULL, NULL, NULL),
(88, 1, '20', '20', 20.00, 0.00, 1, 1, 3, '2018-02-26 11:58:54', '192.168.30.30', NULL, NULL, NULL),
(89, 1, '39', '30', 240.00, 0.00, 1, 1, 3, '2018-02-26 11:58:54', '192.168.30.30', NULL, NULL, NULL),
(90, 1, '30', '40', 50.00, 0.00, 1, 1, 3, '2018-02-26 11:58:54', '192.168.30.30', NULL, NULL, NULL),
(91, 1, '50', '40', 70.00, 0.00, 1, 1, 3, '2018-03-12 15:48:19', '192.168.30.30', NULL, NULL, NULL),
(92, 1, '50', '60', 80.00, 0.00, 1, 1, 3, '2018-03-12 15:48:19', '192.168.30.30', NULL, NULL, NULL),
(93, 1, '110', '220', 300.00, 0.00, 1, 1, 3, '2018-03-12 15:48:19', '192.168.30.30', NULL, NULL, NULL),
(94, 1, '50', '40', 70.00, 0.00, 1, 1, 3, '2018-03-12 15:48:19', '192.168.30.30', NULL, NULL, NULL),
(95, 1, '4654', '654', 4.00, 0.00, 1, 1, 3, '2018-03-12 15:48:19', '192.168.30.30', NULL, NULL, NULL),
(96, 1, '5446', '54564', 4564.00, 0.00, 1, 1, 3, '2018-03-12 15:48:19', '192.168.30.30', NULL, NULL, NULL),
(97, 1, '110', '220', 40.00, 0.00, 1, 1, 3, '2018-03-12 15:48:19', '192.168.30.30', NULL, NULL, NULL),
(98, 1, '300', '80', 450.00, 0.00, 1, 1, 3, '2018-03-12 15:48:19', '192.168.30.30', NULL, NULL, NULL),
(99, 1, '20', '20', 20.00, 0.00, 1, 1, 3, '2018-03-12 15:48:19', '192.168.30.30', NULL, NULL, NULL),
(100, 1, '39', '30', 240.00, 0.00, 1, 1, 3, '2018-03-12 15:48:19', '192.168.30.30', NULL, NULL, NULL),
(101, 1, '30', '40', 50.00, 0.00, 1, 1, 3, '2018-03-12 15:48:19', '192.168.30.30', NULL, NULL, NULL),
(102, 1, '50', '40', 70.00, 0.00, 1, 1, 3, '2018-04-03 12:50:15', '192.168.30.30', NULL, NULL, NULL),
(103, 1, '50', '60', 80.00, 0.00, 1, 1, 3, '2018-04-03 12:50:15', '192.168.30.30', NULL, NULL, NULL),
(104, 1, '110', '220', 300.00, 0.00, 1, 1, 3, '2018-04-03 12:50:15', '192.168.30.30', NULL, NULL, NULL),
(105, 1, '50', '40', 70.00, 0.00, 1, 1, 3, '2018-04-03 12:50:15', '192.168.30.30', NULL, NULL, NULL),
(106, 1, '4654', '654', 4.00, 0.00, 1, 1, 3, '2018-04-03 12:50:15', '192.168.30.30', NULL, NULL, NULL),
(107, 1, '5446', '54564', 4564.00, 0.00, 1, 1, 3, '2018-04-03 12:50:15', '192.168.30.30', NULL, NULL, NULL),
(108, 1, '110', '220', 40.00, 0.00, 1, 1, 3, '2018-04-03 12:50:15', '192.168.30.30', NULL, NULL, NULL),
(109, 1, '300', '80', 450.00, 0.00, 1, 1, 3, '2018-04-03 12:50:15', '192.168.30.30', NULL, NULL, NULL),
(110, 1, '20', '20', 20.00, 0.00, 1, 1, 3, '2018-04-03 12:50:15', '192.168.30.30', NULL, NULL, NULL),
(111, 1, '39', '30', 240.00, 0.00, 1, 1, 3, '2018-04-03 12:50:15', '192.168.30.30', NULL, NULL, NULL),
(112, 1, '30', '40', 50.00, 0.00, 1, 1, 3, '2018-04-03 12:50:15', '192.168.30.30', NULL, NULL, NULL),
(113, 1, '50', '40', 70.00, 0.00, 1, 1, 3, '2018-04-05 16:10:09', '192.168.30.30', NULL, NULL, NULL),
(114, 1, '50', '60', 80.00, 0.00, 1, 1, 3, '2018-04-05 16:10:09', '192.168.30.30', NULL, NULL, NULL),
(115, 1, '110', '220', 300.00, 0.00, 1, 1, 3, '2018-04-05 16:10:09', '192.168.30.30', NULL, NULL, NULL),
(116, 1, '50', '40', 70.00, 0.00, 1, 1, 3, '2018-04-05 16:10:09', '192.168.30.30', NULL, NULL, NULL),
(117, 1, '4654', '654', 4.00, 0.00, 1, 1, 3, '2018-04-05 16:10:09', '192.168.30.30', NULL, NULL, NULL),
(118, 1, '5446', '54564', 4564.00, 0.00, 1, 1, 3, '2018-04-05 16:10:09', '192.168.30.30', NULL, NULL, NULL),
(119, 1, '110', '220', 40.00, 0.00, 1, 1, 3, '2018-04-05 16:10:09', '192.168.30.30', NULL, NULL, NULL),
(120, 1, '300', '80', 450.00, 0.00, 1, 1, 3, '2018-04-05 16:10:09', '192.168.30.30', NULL, NULL, NULL),
(121, 1, '20', '20', 20.00, 0.00, 1, 1, 3, '2018-04-05 16:10:09', '192.168.30.30', NULL, NULL, NULL),
(122, 1, '39', '30', 240.00, 0.00, 1, 1, 3, '2018-04-05 16:10:09', '192.168.30.30', NULL, NULL, NULL),
(123, 1, '30', '40', 50.00, 0.00, 1, 1, 3, '2018-04-05 16:10:09', '192.168.30.30', NULL, NULL, NULL),
(124, 1, '50', '40', 70.00, 0.00, 1, 0, 3, '2018-04-05 16:10:54', '192.168.30.30', NULL, NULL, NULL),
(125, 1, '50', '60', 80.00, 0.00, 1, 0, 3, '2018-04-05 16:10:54', '192.168.30.30', NULL, NULL, NULL),
(126, 1, '110', '220', 300.00, 0.00, 1, 0, 3, '2018-04-05 16:10:54', '192.168.30.30', NULL, NULL, NULL),
(127, 1, '50', '40', 70.00, 0.00, 1, 0, 3, '2018-04-05 16:10:54', '192.168.30.30', NULL, NULL, NULL),
(128, 1, '4654', '654', 4.00, 0.00, 1, 0, 3, '2018-04-05 16:10:54', '192.168.30.30', NULL, NULL, NULL),
(129, 1, '5446', '54564', 4564.00, 0.00, 1, 0, 3, '2018-04-05 16:10:54', '192.168.30.30', NULL, NULL, NULL),
(130, 1, '110', '220', 40.00, 0.00, 1, 0, 3, '2018-04-05 16:10:54', '192.168.30.30', NULL, NULL, NULL),
(131, 1, '300', '80', 450.00, 0.00, 1, 0, 3, '2018-04-05 16:10:54', '192.168.30.30', NULL, NULL, NULL),
(132, 1, '20', '20', 20.00, 0.00, 1, 0, 3, '2018-04-05 16:10:54', '192.168.30.30', NULL, NULL, NULL),
(133, 1, '39', '30', 240.00, 0.00, 1, 0, 3, '2018-04-05 16:10:54', '192.168.30.30', NULL, NULL, NULL),
(134, 1, '30', '40', 50.00, 0.00, 1, 0, 3, '2018-04-05 16:10:54', '192.168.30.30', NULL, NULL, NULL);

-- --------------------------------------------------------

--
-- Table structure for table `product_rates_2`
--

CREATE TABLE IF NOT EXISTS `product_rates_2` (
`id` int(12) NOT NULL,
  `product_id` int(12) DEFAULT NULL,
  `min_threshold` varchar(100) DEFAULT NULL,
  `max_threshold` varchar(100) DEFAULT NULL,
  `min_rate` float(8,2) DEFAULT NULL,
  `max_rate` float(8,2) DEFAULT NULL,
  `status` tinyint(1) NOT NULL DEFAULT '1',
  `is_delete` tinyint(1) NOT NULL DEFAULT '0',
  `created_by` int(12) DEFAULT NULL,
  `created_time` datetime DEFAULT NULL,
  `created_ip` varchar(100) DEFAULT NULL,
  `modified_by` int(12) DEFAULT NULL,
  `modified_time` datetime DEFAULT NULL,
  `modified_ip` varchar(100) DEFAULT NULL
) ENGINE=InnoDB DEFAULT CHARSET=latin1;

-- --------------------------------------------------------

--
-- Table structure for table `product_rates_3`
--

CREATE TABLE IF NOT EXISTS `product_rates_3` (
`id` int(12) NOT NULL,
  `product_id` int(12) DEFAULT NULL,
  `min_threshold` varchar(100) DEFAULT NULL,
  `max_threshold` varchar(100) DEFAULT NULL,
  `min_rate` float(8,2) DEFAULT NULL,
  `max_rate` float(8,2) DEFAULT NULL,
  `status` tinyint(1) NOT NULL DEFAULT '1',
  `is_delete` tinyint(1) NOT NULL DEFAULT '0',
  `created_by` int(12) DEFAULT NULL,
  `created_time` datetime DEFAULT NULL,
  `created_ip` varchar(100) DEFAULT NULL,
  `modified_by` int(12) DEFAULT NULL,
  `modified_time` datetime DEFAULT NULL,
  `modified_ip` varchar(100) DEFAULT NULL
) ENGINE=InnoDB DEFAULT CHARSET=latin1;

-- --------------------------------------------------------

--
-- Table structure for table `product_rates_4`
--

CREATE TABLE IF NOT EXISTS `product_rates_4` (
`id` int(12) NOT NULL,
  `product_id` int(12) DEFAULT NULL,
  `min_threshold` varchar(100) DEFAULT NULL,
  `max_threshold` varchar(100) DEFAULT NULL,
  `min_rate` float(8,2) DEFAULT NULL,
  `max_rate` float(8,2) DEFAULT NULL,
  `status` tinyint(1) NOT NULL DEFAULT '1',
  `is_delete` tinyint(1) NOT NULL DEFAULT '0',
  `created_by` int(12) DEFAULT NULL,
  `created_time` datetime DEFAULT NULL,
  `created_ip` varchar(100) DEFAULT NULL,
  `modified_by` int(12) DEFAULT NULL,
  `modified_time` datetime DEFAULT NULL,
  `modified_ip` varchar(100) DEFAULT NULL
) ENGINE=InnoDB DEFAULT CHARSET=latin1;

-- --------------------------------------------------------

--
-- Table structure for table `product_rates_5`
--

CREATE TABLE IF NOT EXISTS `product_rates_5` (
`id` int(12) NOT NULL,
  `product_id` int(12) DEFAULT NULL,
  `min_threshold` varchar(100) DEFAULT NULL,
  `max_threshold` varchar(100) DEFAULT NULL,
  `min_rate` float(8,2) DEFAULT NULL,
  `max_rate` float(8,2) DEFAULT NULL,
  `status` tinyint(1) NOT NULL DEFAULT '1',
  `is_delete` tinyint(1) NOT NULL DEFAULT '0',
  `created_by` int(12) DEFAULT NULL,
  `created_time` datetime DEFAULT NULL,
  `created_ip` varchar(100) DEFAULT NULL,
  `modified_by` int(12) DEFAULT NULL,
  `modified_time` datetime DEFAULT NULL,
  `modified_ip` varchar(100) DEFAULT NULL
) ENGINE=InnoDB DEFAULT CHARSET=latin1;

-- --------------------------------------------------------

--
-- Table structure for table `product_rates_6`
--

CREATE TABLE IF NOT EXISTS `product_rates_6` (
`id` int(12) NOT NULL,
  `product_id` int(12) DEFAULT NULL,
  `min_threshold` varchar(100) DEFAULT NULL,
  `max_threshold` varchar(100) DEFAULT NULL,
  `min_rate` float(8,2) DEFAULT NULL,
  `max_rate` float(8,2) DEFAULT NULL,
  `status` tinyint(1) NOT NULL DEFAULT '1',
  `is_delete` tinyint(1) NOT NULL DEFAULT '0',
  `created_by` int(12) DEFAULT NULL,
  `created_time` datetime DEFAULT NULL,
  `created_ip` varchar(100) DEFAULT NULL,
  `modified_by` int(12) DEFAULT NULL,
  `modified_time` datetime DEFAULT NULL,
  `modified_ip` varchar(100) DEFAULT NULL
) ENGINE=InnoDB DEFAULT CHARSET=latin1;

-- --------------------------------------------------------

--
-- Table structure for table `product_rates_7`
--

CREATE TABLE IF NOT EXISTS `product_rates_7` (
`id` int(12) NOT NULL,
  `product_id` int(12) DEFAULT NULL,
  `min_threshold` varchar(100) DEFAULT NULL,
  `max_threshold` varchar(100) DEFAULT NULL,
  `min_rate` float(8,2) DEFAULT NULL,
  `max_rate` float(8,2) DEFAULT NULL,
  `status` tinyint(1) NOT NULL DEFAULT '1',
  `is_delete` tinyint(1) NOT NULL DEFAULT '0',
  `created_by` int(12) DEFAULT NULL,
  `created_time` datetime DEFAULT NULL,
  `created_ip` varchar(100) DEFAULT NULL,
  `modified_by` int(12) DEFAULT NULL,
  `modified_time` datetime DEFAULT NULL,
  `modified_ip` varchar(100) DEFAULT NULL
) ENGINE=InnoDB DEFAULT CHARSET=latin1;

-- --------------------------------------------------------

--
-- Table structure for table `product_rates_8`
--

CREATE TABLE IF NOT EXISTS `product_rates_8` (
`id` int(12) NOT NULL,
  `product_id` int(12) DEFAULT NULL,
  `min_threshold` varchar(100) DEFAULT NULL,
  `max_threshold` varchar(100) DEFAULT NULL,
  `min_rate` float(8,2) DEFAULT NULL,
  `max_rate` float(8,2) DEFAULT NULL,
  `status` tinyint(1) NOT NULL DEFAULT '1',
  `is_delete` tinyint(1) NOT NULL DEFAULT '0',
  `created_by` int(12) DEFAULT NULL,
  `created_time` datetime DEFAULT NULL,
  `created_ip` varchar(100) DEFAULT NULL,
  `modified_by` int(12) DEFAULT NULL,
  `modified_time` datetime DEFAULT NULL,
  `modified_ip` varchar(100) DEFAULT NULL
) ENGINE=InnoDB DEFAULT CHARSET=latin1;

-- --------------------------------------------------------

--
-- Table structure for table `product_rates_9`
--

CREATE TABLE IF NOT EXISTS `product_rates_9` (
`id` int(12) NOT NULL,
  `product_id` int(12) DEFAULT NULL,
  `min_threshold` varchar(100) DEFAULT NULL,
  `max_threshold` varchar(100) DEFAULT NULL,
  `min_rate` float(8,2) DEFAULT NULL,
  `max_rate` float(8,2) DEFAULT NULL,
  `status` tinyint(1) NOT NULL DEFAULT '1',
  `is_delete` tinyint(1) NOT NULL DEFAULT '0',
  `created_by` int(12) DEFAULT NULL,
  `created_time` datetime DEFAULT NULL,
  `created_ip` varchar(100) DEFAULT NULL,
  `modified_by` int(12) DEFAULT NULL,
  `modified_time` datetime DEFAULT NULL,
  `modified_ip` varchar(100) DEFAULT NULL
) ENGINE=InnoDB DEFAULT CHARSET=latin1;

-- --------------------------------------------------------

--
-- Table structure for table `product_rates_10`
--

CREATE TABLE IF NOT EXISTS `product_rates_10` (
`id` int(12) NOT NULL,
  `product_id` int(12) DEFAULT NULL,
  `min_threshold` varchar(100) DEFAULT NULL,
  `max_threshold` varchar(100) DEFAULT NULL,
  `min_rate` float(8,2) DEFAULT NULL,
  `max_rate` float(8,2) DEFAULT NULL,
  `status` tinyint(1) NOT NULL DEFAULT '1',
  `is_delete` tinyint(1) NOT NULL DEFAULT '0',
  `created_by` int(12) DEFAULT NULL,
  `created_time` datetime DEFAULT NULL,
  `created_ip` varchar(100) DEFAULT NULL,
  `modified_by` int(12) DEFAULT NULL,
  `modified_time` datetime DEFAULT NULL,
  `modified_ip` varchar(100) DEFAULT NULL
) ENGINE=InnoDB DEFAULT CHARSET=latin1;

-- --------------------------------------------------------

--
-- Table structure for table `product_rates_11`
--

CREATE TABLE IF NOT EXISTS `product_rates_11` (
`id` int(12) NOT NULL,
  `product_id` int(12) DEFAULT NULL,
  `min_threshold` varchar(100) DEFAULT NULL,
  `max_threshold` varchar(100) DEFAULT NULL,
  `min_rate` float(8,2) DEFAULT NULL,
  `max_rate` float(8,2) DEFAULT NULL,
  `status` tinyint(1) NOT NULL DEFAULT '1',
  `is_delete` tinyint(1) NOT NULL DEFAULT '0',
  `created_by` int(12) DEFAULT NULL,
  `created_time` datetime DEFAULT NULL,
  `created_ip` varchar(100) DEFAULT NULL,
  `modified_by` int(12) DEFAULT NULL,
  `modified_time` datetime DEFAULT NULL,
  `modified_ip` varchar(100) DEFAULT NULL
) ENGINE=InnoDB DEFAULT CHARSET=latin1;

-- --------------------------------------------------------

--
-- Table structure for table `product_rates_12`
--

CREATE TABLE IF NOT EXISTS `product_rates_12` (
`id` int(12) NOT NULL,
  `product_id` int(12) DEFAULT NULL,
  `min_threshold` varchar(100) DEFAULT NULL,
  `max_threshold` varchar(100) DEFAULT NULL,
  `min_rate` float(8,2) DEFAULT NULL,
  `max_rate` float(8,2) DEFAULT NULL,
  `status` tinyint(1) NOT NULL DEFAULT '1',
  `is_delete` tinyint(1) NOT NULL DEFAULT '0',
  `created_by` int(12) DEFAULT NULL,
  `created_time` datetime DEFAULT NULL,
  `created_ip` varchar(100) DEFAULT NULL,
  `modified_by` int(12) DEFAULT NULL,
  `modified_time` datetime DEFAULT NULL,
  `modified_ip` varchar(100) DEFAULT NULL
) ENGINE=InnoDB DEFAULT CHARSET=latin1;

-- --------------------------------------------------------

--
-- Table structure for table `product_rates_13`
--

CREATE TABLE IF NOT EXISTS `product_rates_13` (
`id` int(12) NOT NULL,
  `product_id` int(12) DEFAULT NULL,
  `min_threshold` varchar(100) DEFAULT NULL,
  `max_threshold` varchar(100) DEFAULT NULL,
  `min_rate` float(8,2) DEFAULT NULL,
  `max_rate` float(8,2) DEFAULT NULL,
  `status` tinyint(1) NOT NULL DEFAULT '1',
  `is_delete` tinyint(1) NOT NULL DEFAULT '0',
  `created_by` int(12) DEFAULT NULL,
  `created_time` datetime DEFAULT NULL,
  `created_ip` varchar(100) DEFAULT NULL,
  `modified_by` int(12) DEFAULT NULL,
  `modified_time` datetime DEFAULT NULL,
  `modified_ip` varchar(100) DEFAULT NULL
) ENGINE=InnoDB DEFAULT CHARSET=latin1;

-- --------------------------------------------------------

--
-- Table structure for table `product_rates_14`
--

CREATE TABLE IF NOT EXISTS `product_rates_14` (
`id` int(12) NOT NULL,
  `product_id` int(12) DEFAULT NULL,
  `min_threshold` varchar(100) DEFAULT NULL,
  `max_threshold` varchar(100) DEFAULT NULL,
  `min_rate` float(8,2) DEFAULT NULL,
  `max_rate` float(8,2) DEFAULT NULL,
  `status` tinyint(1) NOT NULL DEFAULT '1',
  `is_delete` tinyint(1) NOT NULL DEFAULT '0',
  `created_by` int(12) DEFAULT NULL,
  `created_time` datetime DEFAULT NULL,
  `created_ip` varchar(100) DEFAULT NULL,
  `modified_by` int(12) DEFAULT NULL,
  `modified_time` datetime DEFAULT NULL,
  `modified_ip` varchar(100) DEFAULT NULL
) ENGINE=InnoDB DEFAULT CHARSET=latin1;

-- --------------------------------------------------------

--
-- Table structure for table `sales`
--

CREATE TABLE IF NOT EXISTS `sales` (
  `orderno` int(11) DEFAULT NULL,
  `sale` int(11) DEFAULT NULL,
  `empsalary` int(11) DEFAULT NULL,
  `ts` timestamp NOT NULL DEFAULT CURRENT_TIMESTAMP ON UPDATE CURRENT_TIMESTAMP
) ENGINE=InnoDB DEFAULT CHARSET=latin1;

-- --------------------------------------------------------

--
-- Table structure for table `site_options`
--

CREATE TABLE IF NOT EXISTS `site_options` (
`id` int(10) NOT NULL,
  `name` varchar(100) DEFAULT NULL,
  `value` mediumtext
) ENGINE=InnoDB DEFAULT CHARSET=latin1;

-- --------------------------------------------------------

--
-- Table structure for table `user_master`
--

CREATE TABLE IF NOT EXISTS `user_master` (
`id` int(10) NOT NULL,
  `first_name` varchar(50) DEFAULT NULL,
  `last_name` varchar(50) DEFAULT NULL,
  `email` varchar(100) DEFAULT NULL,
  `user_name` varchar(20) DEFAULT NULL,
  `password` varchar(50) DEFAULT NULL,
  `image` varchar(100) NOT NULL,
  `status` tinyint(1) NOT NULL DEFAULT '1' COMMENT '0 => Deactive, 1 => Active',
  `is_delete` tinyint(1) NOT NULL DEFAULT '0' COMMENT '0 => Not deleted, 1 => Deleted',
  `verification_key` varchar(100) NOT NULL,
  `created_by` int(10) NOT NULL DEFAULT '0',
  `created_time` datetime NOT NULL,
  `created_ip` varchar(20) NOT NULL,
  `modified_by` int(10) NOT NULL DEFAULT '0',
  `modified_time` datetime NOT NULL,
  `modified_ip` varchar(20) NOT NULL
) ENGINE=InnoDB AUTO_INCREMENT=6 DEFAULT CHARSET=latin1;

--
-- Dumping data for table `user_master`
--

INSERT INTO `user_master` (`id`, `first_name`, `last_name`, `email`, `user_name`, `password`, `image`, `status`, `is_delete`, `verification_key`, `created_by`, `created_time`, `created_ip`, `modified_by`, `modified_time`, `modified_ip`) VALUES
(1, 'Marcus1', 'Gladstein1', 'demo1@foxtrotsoftware.com', 'user01', 'bUd1R0xhTVl5ZWdjNCtRSEhiQ3lxZz09', '1517804108134002.jpg', 1, 0, '', 0, '2017-11-16 17:18:06', '', 1, '2018-06-06 15:12:21', '192.168.30.20'),
(2, 'User', '02', 'scspl.rushit@gmail.com', 'user02', 'bUd1R0xhTVl5ZWdjNCtRSEhiQ3lxZz09', '', 1, 0, '', 0, '2017-11-20 18:51:31', '', 3, '2018-02-03 10:03:42', '192.168.30.20'),
(3, 'User', '03', 'scspl.kishan@gmail.com', 'user03', 'bUd1R0xhTVl5ZWdjNCtRSEhiQ3lxZz09', '1517806949250238.jpg', 1, 0, '', 0, '2017-11-22 08:43:21', '', 3, '2018-06-06 12:51:28', '192.168.30.20'),
(4, 'User', '04', 'scspl.aksha@gmail.com', 'user04', 'bUd1R0xhTVl5ZWdjNCtRSEhiQ3lxZz09', '', 1, 0, '', 8, '2017-11-22 18:18:59', '192.168.30.33', 3, '2018-02-03 10:04:39', '192.168.30.20'),
(5, 'user', '05', 'user05@gmail.com', 'user05', 'bUd1R0xhTVl5ZWdjNCtRSEhiQ3lxZz09', '1517804248616796.jpg', 1, 0, '', 3, '2018-02-05 09:46:54', '192.168.30.20', 3, '2018-02-05 09:47:28', '192.168.30.20');

--
-- Indexes for dumped tables
--

--
-- Indexes for table `ft_account_type`
--
ALTER TABLE `ft_account_type`
 ADD PRIMARY KEY (`id`);

--
-- Indexes for table `ft_account_use_master`
--
ALTER TABLE `ft_account_use_master`
 ADD PRIMARY KEY (`id`);

--
-- Indexes for table `ft_annual_expenses_master`
--
ALTER TABLE `ft_annual_expenses_master`
 ADD PRIMARY KEY (`id`);

--
-- Indexes for table `ft_batch_master`
--
ALTER TABLE `ft_batch_master`
 ADD PRIMARY KEY (`id`);

--
-- Indexes for table `ft_branch_attach`
--
ALTER TABLE `ft_branch_attach`
 ADD PRIMARY KEY (`id`);

--
-- Indexes for table `ft_branch_changes`
--
ALTER TABLE `ft_branch_changes`
 ADD PRIMARY KEY (`id`);

--
-- Indexes for table `ft_branch_history`
--
ALTER TABLE `ft_branch_history`
 ADD PRIMARY KEY (`id`);

--
-- Indexes for table `ft_branch_master`
--
ALTER TABLE `ft_branch_master`
 ADD PRIMARY KEY (`id`);

--
-- Indexes for table `ft_branch_notes`
--
ALTER TABLE `ft_branch_notes`
 ADD PRIMARY KEY (`id`);

--
-- Indexes for table `ft_branch_office_master`
--
ALTER TABLE `ft_branch_office_master`
 ADD PRIMARY KEY (`id`);

--
-- Indexes for table `ft_broker_alias`
--
ALTER TABLE `ft_broker_alias`
 ADD PRIMARY KEY (`id`);

--
-- Indexes for table `ft_broker_attach`
--
ALTER TABLE `ft_broker_attach`
 ADD PRIMARY KEY (`id`);

--
-- Indexes for table `ft_broker_branches`
--
ALTER TABLE `ft_broker_branches`
 ADD PRIMARY KEY (`id`);

--
-- Indexes for table `ft_broker_charges`
--
ALTER TABLE `ft_broker_charges`
 ADD PRIMARY KEY (`id`);

--
-- Indexes for table `ft_broker_document_master`
--
ALTER TABLE `ft_broker_document_master`
 ADD PRIMARY KEY (`id`);

--
-- Indexes for table `ft_broker_general`
--
ALTER TABLE `ft_broker_general`
 ADD PRIMARY KEY (`id`);

--
-- Indexes for table `ft_broker_history`
--
ALTER TABLE `ft_broker_history`
 ADD PRIMARY KEY (`id`);

--
-- Indexes for table `ft_broker_licences_insurance`
--
ALTER TABLE `ft_broker_licences_insurance`
 ADD PRIMARY KEY (`id`);

--
-- Indexes for table `ft_broker_licences_ria`
--
ALTER TABLE `ft_broker_licences_ria`
 ADD PRIMARY KEY (`id`);

--
-- Indexes for table `ft_broker_licences_securities`
--
ALTER TABLE `ft_broker_licences_securities`
 ADD PRIMARY KEY (`id`);

--
-- Indexes for table `ft_broker_master`
--
ALTER TABLE `ft_broker_master`
 ADD PRIMARY KEY (`id`);

--
-- Indexes for table `ft_broker_notes`
--
ALTER TABLE `ft_broker_notes`
 ADD PRIMARY KEY (`id`);

--
-- Indexes for table `ft_broker_payout_fixed_rates`
--
ALTER TABLE `ft_broker_payout_fixed_rates`
 ADD PRIMARY KEY (`id`);

--
-- Indexes for table `ft_broker_payout_grid`
--
ALTER TABLE `ft_broker_payout_grid`
 ADD PRIMARY KEY (`id`);

--
-- Indexes for table `ft_broker_payout_master`
--
ALTER TABLE `ft_broker_payout_master`
 ADD PRIMARY KEY (`id`);

--
-- Indexes for table `ft_broker_payout_override`
--
ALTER TABLE `ft_broker_payout_override`
 ADD PRIMARY KEY (`id`);

--
-- Indexes for table `ft_broker_payout_schedule`
--
ALTER TABLE `ft_broker_payout_schedule`
 ADD PRIMARY KEY (`id`);

--
-- Indexes for table `ft_broker_payout_schedule_grid`
--
ALTER TABLE `ft_broker_payout_schedule_grid`
 ADD PRIMARY KEY (`id`);

--
-- Indexes for table `ft_broker_payout_spilit`
--
ALTER TABLE `ft_broker_payout_spilit`
 ADD PRIMARY KEY (`id`);

--
-- Indexes for table `ft_broker_register_master`
--
ALTER TABLE `ft_broker_register_master`
 ADD PRIMARY KEY (`id`);

--
-- Indexes for table `ft_broker_req_doc_master`
--
ALTER TABLE `ft_broker_req_doc_master`
 ADD PRIMARY KEY (`id`);

--
-- Indexes for table `ft_charge_detail`
--
ALTER TABLE `ft_charge_detail`
 ADD PRIMARY KEY (`charge_detail_id`);

--
-- Indexes for table `ft_charge_name_master`
--
ALTER TABLE `ft_charge_name_master`
 ADD PRIMARY KEY (`charge_name_id`);

--
-- Indexes for table `ft_charge_type_master`
--
ALTER TABLE `ft_charge_type_master`
 ADD PRIMARY KEY (`charge_type_id`);

--
-- Indexes for table `ft_charge_value`
--
ALTER TABLE `ft_charge_value`
 ADD PRIMARY KEY (`charge_value_id`);

--
-- Indexes for table `ft_client_account`
--
ALTER TABLE `ft_client_account`
 ADD PRIMARY KEY (`id`);

--
-- Indexes for table `ft_client_account_no`
--
ALTER TABLE `ft_client_account_no`
 ADD PRIMARY KEY (`id`);

--
-- Indexes for table `ft_client_attach`
--
ALTER TABLE `ft_client_attach`
 ADD PRIMARY KEY (`id`);

--
-- Indexes for table `ft_client_employment`
--
ALTER TABLE `ft_client_employment`
 ADD PRIMARY KEY (`id`);

--
-- Indexes for table `ft_client_history`
--
ALTER TABLE `ft_client_history`
 ADD PRIMARY KEY (`id`);

--
-- Indexes for table `ft_client_master`
--
ALTER TABLE `ft_client_master`
 ADD PRIMARY KEY (`id`);

--
-- Indexes for table `ft_client_notes`
--
ALTER TABLE `ft_client_notes`
 ADD PRIMARY KEY (`id`);

--
-- Indexes for table `ft_client_objectives`
--
ALTER TABLE `ft_client_objectives`
 ADD PRIMARY KEY (`id`);

--
-- Indexes for table `ft_client_suitability`
--
ALTER TABLE `ft_client_suitability`
 ADD PRIMARY KEY (`id`);

--
-- Indexes for table `ft_company_master`
--
ALTER TABLE `ft_company_master`
 ADD PRIMARY KEY (`id`);

--
-- Indexes for table `ft_date_interfaces`
--
ALTER TABLE `ft_date_interfaces`
 ADD PRIMARY KEY (`id`);

--
-- Indexes for table `ft_date_interfaces_master`
--
ALTER TABLE `ft_date_interfaces_master`
 ADD PRIMARY KEY (`id`);

--
-- Indexes for table `ft_fincen_check_data_detail`
--
ALTER TABLE `ft_fincen_check_data_detail`
 ADD PRIMARY KEY (`id`);

--
-- Indexes for table `ft_fincen_check_data_master`
--
ALTER TABLE `ft_fincen_check_data_master`
 ADD PRIMARY KEY (`id`);

--
-- Indexes for table `ft_horizon_master`
--
ALTER TABLE `ft_horizon_master`
 ADD PRIMARY KEY (`id`);

--
-- Indexes for table `ft_import_current_files`
--
ALTER TABLE `ft_import_current_files`
 ADD PRIMARY KEY (`id`);

--
-- Indexes for table `ft_import_file_detail_data`
--
ALTER TABLE `ft_import_file_detail_data`
 ADD PRIMARY KEY (`id`);

--
-- Indexes for table `ft_import_file_exception`
--
ALTER TABLE `ft_import_file_exception`
 ADD PRIMARY KEY (`id`);

--
-- Indexes for table `ft_import_file_exception_master`
--
ALTER TABLE `ft_import_file_exception_master`
 ADD PRIMARY KEY (`id`);

--
-- Indexes for table `ft_import_file_footer_data`
--
ALTER TABLE `ft_import_file_footer_data`
 ADD PRIMARY KEY (`id`);

--
-- Indexes for table `ft_import_file_header1_data`
--
ALTER TABLE `ft_import_file_header1_data`
 ADD PRIMARY KEY (`id`);

--
-- Indexes for table `ft_import_file_header2_data`
--
ALTER TABLE `ft_import_file_header2_data`
 ADD PRIMARY KEY (`id`);

--
-- Indexes for table `ft_import_ftp_master`
--
ALTER TABLE `ft_import_ftp_master`
 ADD PRIMARY KEY (`id`);

--
-- Indexes for table `ft_import_idcfile_detail_data`
--
ALTER TABLE `ft_import_idcfile_detail_data`
 ADD PRIMARY KEY (`id`);

--
-- Indexes for table `ft_import_idcfile_footer_data`
--
ALTER TABLE `ft_import_idcfile_footer_data`
 ADD PRIMARY KEY (`id`);

--
-- Indexes for table `ft_import_idcfile_header_data`
--
ALTER TABLE `ft_import_idcfile_header_data`
 ADD PRIMARY KEY (`id`);

--
-- Indexes for table `ft_import_sfrfile_detail_data`
--
ALTER TABLE `ft_import_sfrfile_detail_data`
 ADD PRIMARY KEY (`id`);

--
-- Indexes for table `ft_import_sfrfile_footer_data`
--
ALTER TABLE `ft_import_sfrfile_footer_data`
 ADD PRIMARY KEY (`id`);

--
-- Indexes for table `ft_import_sfrfile_header_data`
--
ALTER TABLE `ft_import_sfrfile_header_data`
 ADD PRIMARY KEY (`id`);

--
-- Indexes for table `ft_income_master`
--
ALTER TABLE `ft_income_master`
 ADD PRIMARY KEY (`id`);

--
-- Indexes for table `ft_liqudity_needs_master`
--
ALTER TABLE `ft_liqudity_needs_master`
 ADD PRIMARY KEY (`id`);

--
-- Indexes for table `ft_liquid_net_worth_master`
--
ALTER TABLE `ft_liquid_net_worth_master`
 ADD PRIMARY KEY (`id`);

--
-- Indexes for table `ft_multicompany_attach`
--
ALTER TABLE `ft_multicompany_attach`
 ADD PRIMARY KEY (`id`);

--
-- Indexes for table `ft_multicompany_history`
--
ALTER TABLE `ft_multicompany_history`
 ADD PRIMARY KEY (`id`);

--
-- Indexes for table `ft_multicompany_notes`
--
ALTER TABLE `ft_multicompany_notes`
 ADD PRIMARY KEY (`id`);

--
-- Indexes for table `ft_networth_master`
--
ALTER TABLE `ft_networth_master`
 ADD PRIMARY KEY (`id`);

--
-- Indexes for table `ft_objective_master`
--
ALTER TABLE `ft_objective_master`
 ADD PRIMARY KEY (`id`);

--
-- Indexes for table `ft_ofac_check_data_detail`
--
ALTER TABLE `ft_ofac_check_data_detail`
 ADD PRIMARY KEY (`id`);

--
-- Indexes for table `ft_ofac_check_data_master`
--
ALTER TABLE `ft_ofac_check_data_master`
 ADD PRIMARY KEY (`id`);

--
-- Indexes for table `ft_payroll_adjustments_detail`
--
ALTER TABLE `ft_payroll_adjustments_detail`
 ADD PRIMARY KEY (`id`);

--
-- Indexes for table `ft_payroll_adjustments_master`
--
ALTER TABLE `ft_payroll_adjustments_master`
 ADD PRIMARY KEY (`id`);

--
-- Indexes for table `ft_payroll_broker_balances_master`
--
ALTER TABLE `ft_payroll_broker_balances_master`
 ADD PRIMARY KEY (`id`);

--
-- Indexes for table `ft_payroll_master`
--
ALTER TABLE `ft_payroll_master`
 ADD PRIMARY KEY (`id`);

--
-- Indexes for table `ft_payroll_override_rates`
--
ALTER TABLE `ft_payroll_override_rates`
 ADD PRIMARY KEY (`id`);

--
-- Indexes for table `ft_payroll_prior_payroll_master`
--
ALTER TABLE `ft_payroll_prior_payroll_master`
 ADD PRIMARY KEY (`id`);

--
-- Indexes for table `ft_payroll_review_master`
--
ALTER TABLE `ft_payroll_review_master`
 ADD PRIMARY KEY (`id`);

--
-- Indexes for table `ft_payroll_split_rates`
--
ALTER TABLE `ft_payroll_split_rates`
 ADD PRIMARY KEY (`id`);

--
-- Indexes for table `ft_payroll_upload`
--
ALTER TABLE `ft_payroll_upload`
 ADD PRIMARY KEY (`id`);

--
-- Indexes for table `ft_pay_type_master`
--
ALTER TABLE `ft_pay_type_master`
 ADD PRIMARY KEY (`id`);

--
-- Indexes for table `ft_percentage_detail`
--
ALTER TABLE `ft_percentage_detail`
 ADD PRIMARY KEY (`id`);

--
-- Indexes for table `ft_portfolio_master`
--
ALTER TABLE `ft_portfolio_master`
 ADD PRIMARY KEY (`id`);

--
-- Indexes for table `ft_product_attach`
--
ALTER TABLE `ft_product_attach`
 ADD PRIMARY KEY (`id`);

--
-- Indexes for table `ft_product_maintenance`
--
ALTER TABLE `ft_product_maintenance`
 ADD PRIMARY KEY (`id`);

--
-- Indexes for table `ft_product_notes`
--
ALTER TABLE `ft_product_notes`
 ADD PRIMARY KEY (`id`);

--
-- Indexes for table `ft_product_type`
--
ALTER TABLE `ft_product_type`
 ADD PRIMARY KEY (`id`);

--
-- Indexes for table `ft_recurring_type_master`
--
ALTER TABLE `ft_recurring_type_master`
 ADD PRIMARY KEY (`id`);

--
-- Indexes for table `ft_register_master`
--
ALTER TABLE `ft_register_master`
 ADD PRIMARY KEY (`id`);

--
-- Indexes for table `ft_risk_tolerance_master`
--
ALTER TABLE `ft_risk_tolerance_master`
 ADD PRIMARY KEY (`id`);

--
-- Indexes for table `ft_rules_action`
--
ALTER TABLE `ft_rules_action`
 ADD PRIMARY KEY (`id`);

--
-- Indexes for table `ft_rules_details`
--
ALTER TABLE `ft_rules_details`
 ADD PRIMARY KEY (`id`);

--
-- Indexes for table `ft_rule_master`
--
ALTER TABLE `ft_rule_master`
 ADD PRIMARY KEY (`id`);

--
-- Indexes for table `ft_special_expenses_master`
--
ALTER TABLE `ft_special_expenses_master`
 ADD PRIMARY KEY (`id`);

--
-- Indexes for table `ft_sponsor_attach`
--
ALTER TABLE `ft_sponsor_attach`
 ADD PRIMARY KEY (`id`);

--
-- Indexes for table `ft_sponsor_history`
--
ALTER TABLE `ft_sponsor_history`
 ADD PRIMARY KEY (`id`);

--
-- Indexes for table `ft_sponsor_master`
--
ALTER TABLE `ft_sponsor_master`
 ADD PRIMARY KEY (`id`);

--
-- Indexes for table `ft_sponsor_notes`
--
ALTER TABLE `ft_sponsor_notes`
 ADD PRIMARY KEY (`id`);

--
-- Indexes for table `ft_state_master`
--
ALTER TABLE `ft_state_master`
 ADD PRIMARY KEY (`id`);

--
-- Indexes for table `ft_system_configuration`
--
ALTER TABLE `ft_system_configuration`
 ADD PRIMARY KEY (`id`);

--
-- Indexes for table `ft_time_for_exp_master`
--
ALTER TABLE `ft_time_for_exp_master`
 ADD PRIMARY KEY (`id`);

--
-- Indexes for table `ft_transaction_master`
--
ALTER TABLE `ft_transaction_master`
 ADD PRIMARY KEY (`id`);

--
-- Indexes for table `ft_transaction_overrides`
--
ALTER TABLE `ft_transaction_overrides`
 ADD PRIMARY KEY (`id`);

--
-- Indexes for table `ft_transaction_trade_splits`
--
ALTER TABLE `ft_transaction_trade_splits`
 ADD PRIMARY KEY (`id`);

--
-- Indexes for table `ft_user_menu_rights`
--
ALTER TABLE `ft_user_menu_rights`
 ADD PRIMARY KEY (`id`);

--
-- Indexes for table `history`
--
ALTER TABLE `history`
 ADD PRIMARY KEY (`id`);

--
-- Indexes for table `menu_master`
--
ALTER TABLE `menu_master`
 ADD PRIMARY KEY (`link_id`);

--
-- Indexes for table `product_category_1`
--
ALTER TABLE `product_category_1`
 ADD PRIMARY KEY (`id`);

--
-- Indexes for table `product_category_2`
--
ALTER TABLE `product_category_2`
 ADD PRIMARY KEY (`id`);

--
-- Indexes for table `product_category_3`
--
ALTER TABLE `product_category_3`
 ADD PRIMARY KEY (`id`);

--
-- Indexes for table `product_category_4`
--
ALTER TABLE `product_category_4`
 ADD PRIMARY KEY (`id`);

--
-- Indexes for table `product_category_5`
--
ALTER TABLE `product_category_5`
 ADD PRIMARY KEY (`id`);

--
-- Indexes for table `product_category_6`
--
ALTER TABLE `product_category_6`
 ADD PRIMARY KEY (`id`);

--
-- Indexes for table `product_category_7`
--
ALTER TABLE `product_category_7`
 ADD PRIMARY KEY (`id`);

--
-- Indexes for table `product_category_8`
--
ALTER TABLE `product_category_8`
 ADD PRIMARY KEY (`id`);

--
-- Indexes for table `product_category_9`
--
ALTER TABLE `product_category_9`
 ADD PRIMARY KEY (`id`);

--
-- Indexes for table `product_category_10`
--
ALTER TABLE `product_category_10`
 ADD PRIMARY KEY (`id`);

--
-- Indexes for table `product_category_11`
--
ALTER TABLE `product_category_11`
 ADD PRIMARY KEY (`id`);

--
-- Indexes for table `product_category_12`
--
ALTER TABLE `product_category_12`
 ADD PRIMARY KEY (`id`);

--
-- Indexes for table `product_category_13`
--
ALTER TABLE `product_category_13`
 ADD PRIMARY KEY (`id`);

--
-- Indexes for table `product_category_14`
--
ALTER TABLE `product_category_14`
 ADD PRIMARY KEY (`id`);

--
-- Indexes for table `product_history_1`
--
ALTER TABLE `product_history_1`
 ADD PRIMARY KEY (`id`);

--
-- Indexes for table `product_history_2`
--
ALTER TABLE `product_history_2`
 ADD PRIMARY KEY (`id`);

--
-- Indexes for table `product_history_3`
--
ALTER TABLE `product_history_3`
 ADD PRIMARY KEY (`id`);

--
-- Indexes for table `product_history_4`
--
ALTER TABLE `product_history_4`
 ADD PRIMARY KEY (`id`);

--
-- Indexes for table `product_history_5`
--
ALTER TABLE `product_history_5`
 ADD PRIMARY KEY (`id`);

--
-- Indexes for table `product_history_6`
--
ALTER TABLE `product_history_6`
 ADD PRIMARY KEY (`id`);

--
-- Indexes for table `product_history_7`
--
ALTER TABLE `product_history_7`
 ADD PRIMARY KEY (`id`);

--
-- Indexes for table `product_history_8`
--
ALTER TABLE `product_history_8`
 ADD PRIMARY KEY (`id`);

--
-- Indexes for table `product_history_9`
--
ALTER TABLE `product_history_9`
 ADD PRIMARY KEY (`id`);

--
-- Indexes for table `product_history_10`
--
ALTER TABLE `product_history_10`
 ADD PRIMARY KEY (`id`);

--
-- Indexes for table `product_history_11`
--
ALTER TABLE `product_history_11`
 ADD PRIMARY KEY (`id`);

--
-- Indexes for table `product_history_12`
--
ALTER TABLE `product_history_12`
 ADD PRIMARY KEY (`id`);

--
-- Indexes for table `product_history_13`
--
ALTER TABLE `product_history_13`
 ADD PRIMARY KEY (`id`);

--
-- Indexes for table `product_history_14`
--
ALTER TABLE `product_history_14`
 ADD PRIMARY KEY (`id`);

--
-- Indexes for table `product_rates_1`
--
ALTER TABLE `product_rates_1`
 ADD PRIMARY KEY (`id`);

--
-- Indexes for table `product_rates_2`
--
ALTER TABLE `product_rates_2`
 ADD PRIMARY KEY (`id`);

--
-- Indexes for table `product_rates_3`
--
ALTER TABLE `product_rates_3`
 ADD PRIMARY KEY (`id`);

--
-- Indexes for table `product_rates_4`
--
ALTER TABLE `product_rates_4`
 ADD PRIMARY KEY (`id`);

--
-- Indexes for table `product_rates_5`
--
ALTER TABLE `product_rates_5`
 ADD PRIMARY KEY (`id`);

--
-- Indexes for table `product_rates_6`
--
ALTER TABLE `product_rates_6`
 ADD PRIMARY KEY (`id`);

--
-- Indexes for table `product_rates_7`
--
ALTER TABLE `product_rates_7`
 ADD PRIMARY KEY (`id`);

--
-- Indexes for table `product_rates_8`
--
ALTER TABLE `product_rates_8`
 ADD PRIMARY KEY (`id`);

--
-- Indexes for table `product_rates_9`
--
ALTER TABLE `product_rates_9`
 ADD PRIMARY KEY (`id`);

--
-- Indexes for table `product_rates_10`
--
ALTER TABLE `product_rates_10`
 ADD PRIMARY KEY (`id`);

--
-- Indexes for table `product_rates_11`
--
ALTER TABLE `product_rates_11`
 ADD PRIMARY KEY (`id`);

--
-- Indexes for table `product_rates_12`
--
ALTER TABLE `product_rates_12`
 ADD PRIMARY KEY (`id`);

--
-- Indexes for table `product_rates_13`
--
ALTER TABLE `product_rates_13`
 ADD PRIMARY KEY (`id`);

--
-- Indexes for table `product_rates_14`
--
ALTER TABLE `product_rates_14`
 ADD PRIMARY KEY (`id`);

--
-- Indexes for table `site_options`
--
ALTER TABLE `site_options`
 ADD PRIMARY KEY (`id`);

--
-- Indexes for table `user_master`
--
ALTER TABLE `user_master`
 ADD PRIMARY KEY (`id`);

--
-- AUTO_INCREMENT for dumped tables
--

--
-- AUTO_INCREMENT for table `ft_account_type`
--
ALTER TABLE `ft_account_type`
MODIFY `id` int(12) NOT NULL AUTO_INCREMENT,AUTO_INCREMENT=3;
--
-- AUTO_INCREMENT for table `ft_account_use_master`
--
ALTER TABLE `ft_account_use_master`
MODIFY `id` int(11) NOT NULL AUTO_INCREMENT,AUTO_INCREMENT=3;
--
-- AUTO_INCREMENT for table `ft_annual_expenses_master`
--
ALTER TABLE `ft_annual_expenses_master`
MODIFY `id` int(11) NOT NULL AUTO_INCREMENT,AUTO_INCREMENT=2;
--
-- AUTO_INCREMENT for table `ft_batch_master`
--
ALTER TABLE `ft_batch_master`
MODIFY `id` int(12) NOT NULL AUTO_INCREMENT,AUTO_INCREMENT=5;
--
-- AUTO_INCREMENT for table `ft_branch_attach`
--
ALTER TABLE `ft_branch_attach`
MODIFY `id` int(12) NOT NULL AUTO_INCREMENT,AUTO_INCREMENT=2;
--
-- AUTO_INCREMENT for table `ft_branch_changes`
--
ALTER TABLE `ft_branch_changes`
MODIFY `id` int(12) NOT NULL AUTO_INCREMENT;
--
-- AUTO_INCREMENT for table `ft_branch_history`
--
ALTER TABLE `ft_branch_history`
MODIFY `id` int(12) NOT NULL AUTO_INCREMENT;
--
-- AUTO_INCREMENT for table `ft_branch_master`
--
ALTER TABLE `ft_branch_master`
MODIFY `id` int(12) NOT NULL AUTO_INCREMENT,AUTO_INCREMENT=7;
--
-- AUTO_INCREMENT for table `ft_branch_notes`
--
ALTER TABLE `ft_branch_notes`
MODIFY `id` int(12) NOT NULL AUTO_INCREMENT;
--
-- AUTO_INCREMENT for table `ft_branch_office_master`
--
ALTER TABLE `ft_branch_office_master`
MODIFY `id` int(12) NOT NULL AUTO_INCREMENT,AUTO_INCREMENT=5;
--
-- AUTO_INCREMENT for table `ft_broker_alias`
--
ALTER TABLE `ft_broker_alias`
MODIFY `id` int(12) NOT NULL AUTO_INCREMENT,AUTO_INCREMENT=45;
--
-- AUTO_INCREMENT for table `ft_broker_attach`
--
ALTER TABLE `ft_broker_attach`
MODIFY `id` int(12) NOT NULL AUTO_INCREMENT;
--
-- AUTO_INCREMENT for table `ft_broker_branches`
--
ALTER TABLE `ft_broker_branches`
MODIFY `id` int(12) NOT NULL AUTO_INCREMENT,AUTO_INCREMENT=6;
--
-- AUTO_INCREMENT for table `ft_broker_charges`
--
ALTER TABLE `ft_broker_charges`
MODIFY `id` int(12) NOT NULL AUTO_INCREMENT;
--
-- AUTO_INCREMENT for table `ft_broker_document_master`
--
ALTER TABLE `ft_broker_document_master`
MODIFY `id` int(11) NOT NULL AUTO_INCREMENT,AUTO_INCREMENT=3;
--
-- AUTO_INCREMENT for table `ft_broker_general`
--
ALTER TABLE `ft_broker_general`
MODIFY `id` int(12) NOT NULL AUTO_INCREMENT,AUTO_INCREMENT=6;
--
-- AUTO_INCREMENT for table `ft_broker_history`
--
ALTER TABLE `ft_broker_history`
MODIFY `id` int(12) NOT NULL AUTO_INCREMENT;
--
-- AUTO_INCREMENT for table `ft_broker_licences_insurance`
--
ALTER TABLE `ft_broker_licences_insurance`
MODIFY `id` int(11) NOT NULL AUTO_INCREMENT,AUTO_INCREMENT=261;
--
-- AUTO_INCREMENT for table `ft_broker_licences_ria`
--
ALTER TABLE `ft_broker_licences_ria`
MODIFY `id` int(11) NOT NULL AUTO_INCREMENT,AUTO_INCREMENT=261;
--
-- AUTO_INCREMENT for table `ft_broker_licences_securities`
--
ALTER TABLE `ft_broker_licences_securities`
MODIFY `id` int(11) NOT NULL AUTO_INCREMENT,AUTO_INCREMENT=261;
--
-- AUTO_INCREMENT for table `ft_broker_master`
--
ALTER TABLE `ft_broker_master`
MODIFY `id` int(12) NOT NULL AUTO_INCREMENT,AUTO_INCREMENT=6;
--
-- AUTO_INCREMENT for table `ft_broker_notes`
--
ALTER TABLE `ft_broker_notes`
MODIFY `id` int(12) NOT NULL AUTO_INCREMENT,AUTO_INCREMENT=2;
--
-- AUTO_INCREMENT for table `ft_broker_payout_fixed_rates`
--
ALTER TABLE `ft_broker_payout_fixed_rates`
MODIFY `id` int(12) NOT NULL AUTO_INCREMENT,AUTO_INCREMENT=939;
--
-- AUTO_INCREMENT for table `ft_broker_payout_grid`
--
ALTER TABLE `ft_broker_payout_grid`
MODIFY `id` int(11) NOT NULL AUTO_INCREMENT,AUTO_INCREMENT=167;
--
-- AUTO_INCREMENT for table `ft_broker_payout_master`
--
ALTER TABLE `ft_broker_payout_master`
MODIFY `id` int(11) NOT NULL AUTO_INCREMENT,AUTO_INCREMENT=6;
--
-- AUTO_INCREMENT for table `ft_broker_payout_override`
--
ALTER TABLE `ft_broker_payout_override`
MODIFY `id` int(11) NOT NULL AUTO_INCREMENT,AUTO_INCREMENT=89;
--
-- AUTO_INCREMENT for table `ft_broker_payout_schedule`
--
ALTER TABLE `ft_broker_payout_schedule`
MODIFY `id` int(12) NOT NULL AUTO_INCREMENT,AUTO_INCREMENT=4;
--
-- AUTO_INCREMENT for table `ft_broker_payout_schedule_grid`
--
ALTER TABLE `ft_broker_payout_schedule_grid`
MODIFY `id` int(12) NOT NULL AUTO_INCREMENT,AUTO_INCREMENT=36;
--
-- AUTO_INCREMENT for table `ft_broker_payout_spilit`
--
ALTER TABLE `ft_broker_payout_spilit`
MODIFY `id` int(11) NOT NULL AUTO_INCREMENT,AUTO_INCREMENT=86;
--
-- AUTO_INCREMENT for table `ft_broker_register_master`
--
ALTER TABLE `ft_broker_register_master`
MODIFY `id` int(11) NOT NULL AUTO_INCREMENT,AUTO_INCREMENT=216;
--
-- AUTO_INCREMENT for table `ft_broker_req_doc_master`
--
ALTER TABLE `ft_broker_req_doc_master`
MODIFY `id` int(11) NOT NULL AUTO_INCREMENT,AUTO_INCREMENT=35;
--
-- AUTO_INCREMENT for table `ft_charge_detail`
--
ALTER TABLE `ft_charge_detail`
MODIFY `charge_detail_id` int(10) NOT NULL AUTO_INCREMENT,AUTO_INCREMENT=45;
--
-- AUTO_INCREMENT for table `ft_charge_name_master`
--
ALTER TABLE `ft_charge_name_master`
MODIFY `charge_name_id` int(5) NOT NULL AUTO_INCREMENT,AUTO_INCREMENT=18;
--
-- AUTO_INCREMENT for table `ft_charge_type_master`
--
ALTER TABLE `ft_charge_type_master`
MODIFY `charge_type_id` int(4) NOT NULL AUTO_INCREMENT,AUTO_INCREMENT=5;
--
-- AUTO_INCREMENT for table `ft_charge_value`
--
ALTER TABLE `ft_charge_value`
MODIFY `charge_value_id` int(10) NOT NULL AUTO_INCREMENT,AUTO_INCREMENT=221;
--
-- AUTO_INCREMENT for table `ft_client_account`
--
ALTER TABLE `ft_client_account`
MODIFY `id` int(12) NOT NULL AUTO_INCREMENT,AUTO_INCREMENT=2;
--
-- AUTO_INCREMENT for table `ft_client_account_no`
--
ALTER TABLE `ft_client_account_no`
MODIFY `id` int(12) NOT NULL AUTO_INCREMENT,AUTO_INCREMENT=124;
--
-- AUTO_INCREMENT for table `ft_client_attach`
--
ALTER TABLE `ft_client_attach`
MODIFY `id` int(12) NOT NULL AUTO_INCREMENT,AUTO_INCREMENT=2;
--
-- AUTO_INCREMENT for table `ft_client_employment`
--
ALTER TABLE `ft_client_employment`
MODIFY `id` int(12) NOT NULL AUTO_INCREMENT,AUTO_INCREMENT=69;
--
-- AUTO_INCREMENT for table `ft_client_history`
--
ALTER TABLE `ft_client_history`
MODIFY `id` int(12) NOT NULL AUTO_INCREMENT,AUTO_INCREMENT=5;
--
-- AUTO_INCREMENT for table `ft_client_master`
--
ALTER TABLE `ft_client_master`
MODIFY `id` int(12) NOT NULL AUTO_INCREMENT,AUTO_INCREMENT=64;
--
-- AUTO_INCREMENT for table `ft_client_notes`
--
ALTER TABLE `ft_client_notes`
MODIFY `id` int(12) NOT NULL AUTO_INCREMENT,AUTO_INCREMENT=2;
--
-- AUTO_INCREMENT for table `ft_client_objectives`
--
ALTER TABLE `ft_client_objectives`
MODIFY `id` int(12) NOT NULL AUTO_INCREMENT,AUTO_INCREMENT=18;
--
-- AUTO_INCREMENT for table `ft_client_suitability`
--
ALTER TABLE `ft_client_suitability`
MODIFY `id` int(12) NOT NULL AUTO_INCREMENT,AUTO_INCREMENT=66;
--
-- AUTO_INCREMENT for table `ft_company_master`
--
ALTER TABLE `ft_company_master`
MODIFY `id` int(11) NOT NULL AUTO_INCREMENT,AUTO_INCREMENT=3;
--
-- AUTO_INCREMENT for table `ft_date_interfaces`
--
ALTER TABLE `ft_date_interfaces`
MODIFY `id` int(12) NOT NULL AUTO_INCREMENT,AUTO_INCREMENT=3;
--
-- AUTO_INCREMENT for table `ft_date_interfaces_master`
--
ALTER TABLE `ft_date_interfaces_master`
MODIFY `id` int(12) NOT NULL AUTO_INCREMENT;
--
-- AUTO_INCREMENT for table `ft_fincen_check_data_detail`
--
ALTER TABLE `ft_fincen_check_data_detail`
MODIFY `id` int(12) NOT NULL AUTO_INCREMENT,AUTO_INCREMENT=106;
--
-- AUTO_INCREMENT for table `ft_fincen_check_data_master`
--
ALTER TABLE `ft_fincen_check_data_master`
MODIFY `id` int(12) NOT NULL AUTO_INCREMENT,AUTO_INCREMENT=20;
--
-- AUTO_INCREMENT for table `ft_horizon_master`
--
ALTER TABLE `ft_horizon_master`
MODIFY `id` int(11) NOT NULL AUTO_INCREMENT,AUTO_INCREMENT=2;
--
-- AUTO_INCREMENT for table `ft_import_current_files`
--
ALTER TABLE `ft_import_current_files`
MODIFY `id` int(12) NOT NULL AUTO_INCREMENT,AUTO_INCREMENT=28;
--
-- AUTO_INCREMENT for table `ft_import_file_detail_data`
--
ALTER TABLE `ft_import_file_detail_data`
MODIFY `id` int(12) NOT NULL AUTO_INCREMENT,AUTO_INCREMENT=12;
--
-- AUTO_INCREMENT for table `ft_import_file_exception`
--
ALTER TABLE `ft_import_file_exception`
MODIFY `id` int(12) NOT NULL AUTO_INCREMENT,AUTO_INCREMENT=64;
--
-- AUTO_INCREMENT for table `ft_import_file_exception_master`
--
ALTER TABLE `ft_import_file_exception_master`
MODIFY `id` int(12) NOT NULL AUTO_INCREMENT,AUTO_INCREMENT=23;
--
-- AUTO_INCREMENT for table `ft_import_file_footer_data`
--
ALTER TABLE `ft_import_file_footer_data`
MODIFY `id` int(12) NOT NULL AUTO_INCREMENT,AUTO_INCREMENT=6;
--
-- AUTO_INCREMENT for table `ft_import_file_header1_data`
--
ALTER TABLE `ft_import_file_header1_data`
MODIFY `id` int(12) NOT NULL AUTO_INCREMENT,AUTO_INCREMENT=6;
--
-- AUTO_INCREMENT for table `ft_import_file_header2_data`
--
ALTER TABLE `ft_import_file_header2_data`
MODIFY `id` int(12) NOT NULL AUTO_INCREMENT;
--
-- AUTO_INCREMENT for table `ft_import_ftp_master`
--
ALTER TABLE `ft_import_ftp_master`
MODIFY `id` int(12) NOT NULL AUTO_INCREMENT,AUTO_INCREMENT=4;
--
-- AUTO_INCREMENT for table `ft_import_idcfile_detail_data`
--
ALTER TABLE `ft_import_idcfile_detail_data`
MODIFY `id` int(12) NOT NULL AUTO_INCREMENT,AUTO_INCREMENT=25;
--
-- AUTO_INCREMENT for table `ft_import_idcfile_footer_data`
--
ALTER TABLE `ft_import_idcfile_footer_data`
MODIFY `id` int(12) NOT NULL AUTO_INCREMENT,AUTO_INCREMENT=5;
--
-- AUTO_INCREMENT for table `ft_import_idcfile_header_data`
--
ALTER TABLE `ft_import_idcfile_header_data`
MODIFY `id` int(12) NOT NULL AUTO_INCREMENT,AUTO_INCREMENT=5;
--
-- AUTO_INCREMENT for table `ft_import_sfrfile_detail_data`
--
ALTER TABLE `ft_import_sfrfile_detail_data`
MODIFY `id` int(12) NOT NULL AUTO_INCREMENT,AUTO_INCREMENT=3;
--
-- AUTO_INCREMENT for table `ft_import_sfrfile_footer_data`
--
ALTER TABLE `ft_import_sfrfile_footer_data`
MODIFY `id` int(12) NOT NULL AUTO_INCREMENT,AUTO_INCREMENT=2;
--
-- AUTO_INCREMENT for table `ft_import_sfrfile_header_data`
--
ALTER TABLE `ft_import_sfrfile_header_data`
MODIFY `id` int(12) NOT NULL AUTO_INCREMENT,AUTO_INCREMENT=2;
--
-- AUTO_INCREMENT for table `ft_income_master`
--
ALTER TABLE `ft_income_master`
MODIFY `id` int(11) NOT NULL AUTO_INCREMENT,AUTO_INCREMENT=3;
--
-- AUTO_INCREMENT for table `ft_liqudity_needs_master`
--
ALTER TABLE `ft_liqudity_needs_master`
MODIFY `id` int(11) NOT NULL AUTO_INCREMENT,AUTO_INCREMENT=2;
--
-- AUTO_INCREMENT for table `ft_liquid_net_worth_master`
--
ALTER TABLE `ft_liquid_net_worth_master`
MODIFY `id` int(11) NOT NULL AUTO_INCREMENT,AUTO_INCREMENT=3;
--
-- AUTO_INCREMENT for table `ft_multicompany_attach`
--
ALTER TABLE `ft_multicompany_attach`
MODIFY `id` int(12) NOT NULL AUTO_INCREMENT,AUTO_INCREMENT=2;
--
-- AUTO_INCREMENT for table `ft_multicompany_history`
--
ALTER TABLE `ft_multicompany_history`
MODIFY `id` int(12) NOT NULL AUTO_INCREMENT;
--
-- AUTO_INCREMENT for table `ft_multicompany_notes`
--
ALTER TABLE `ft_multicompany_notes`
MODIFY `id` int(12) NOT NULL AUTO_INCREMENT;
--
-- AUTO_INCREMENT for table `ft_networth_master`
--
ALTER TABLE `ft_networth_master`
MODIFY `id` int(11) NOT NULL AUTO_INCREMENT;
--
-- AUTO_INCREMENT for table `ft_objective_master`
--
ALTER TABLE `ft_objective_master`
MODIFY `id` int(11) NOT NULL AUTO_INCREMENT,AUTO_INCREMENT=6;
--
-- AUTO_INCREMENT for table `ft_ofac_check_data_detail`
--
ALTER TABLE `ft_ofac_check_data_detail`
MODIFY `id` int(12) NOT NULL AUTO_INCREMENT,AUTO_INCREMENT=592;
--
-- AUTO_INCREMENT for table `ft_ofac_check_data_master`
--
ALTER TABLE `ft_ofac_check_data_master`
MODIFY `id` int(12) NOT NULL AUTO_INCREMENT,AUTO_INCREMENT=10;
--
-- AUTO_INCREMENT for table `ft_payroll_adjustments_detail`
--
ALTER TABLE `ft_payroll_adjustments_detail`
MODIFY `id` int(12) NOT NULL AUTO_INCREMENT;
--
-- AUTO_INCREMENT for table `ft_payroll_adjustments_master`
--
ALTER TABLE `ft_payroll_adjustments_master`
MODIFY `id` int(12) NOT NULL AUTO_INCREMENT,AUTO_INCREMENT=22;
--
-- AUTO_INCREMENT for table `ft_payroll_broker_balances_master`
--
ALTER TABLE `ft_payroll_broker_balances_master`
MODIFY `id` int(12) NOT NULL AUTO_INCREMENT;
--
-- AUTO_INCREMENT for table `ft_payroll_master`
--
ALTER TABLE `ft_payroll_master`
MODIFY `id` int(11) NOT NULL AUTO_INCREMENT,AUTO_INCREMENT=6;
--
-- AUTO_INCREMENT for table `ft_payroll_override_rates`
--
ALTER TABLE `ft_payroll_override_rates`
MODIFY `id` int(12) NOT NULL AUTO_INCREMENT;
--
-- AUTO_INCREMENT for table `ft_payroll_prior_payroll_master`
--
ALTER TABLE `ft_payroll_prior_payroll_master`
MODIFY `id` int(12) NOT NULL AUTO_INCREMENT;
--
-- AUTO_INCREMENT for table `ft_payroll_review_master`
--
ALTER TABLE `ft_payroll_review_master`
MODIFY `id` int(12) NOT NULL AUTO_INCREMENT,AUTO_INCREMENT=23;
--
-- AUTO_INCREMENT for table `ft_payroll_split_rates`
--
ALTER TABLE `ft_payroll_split_rates`
MODIFY `id` int(12) NOT NULL AUTO_INCREMENT;
--
-- AUTO_INCREMENT for table `ft_payroll_upload`
--
ALTER TABLE `ft_payroll_upload`
MODIFY `id` int(12) NOT NULL AUTO_INCREMENT,AUTO_INCREMENT=3;
--
-- AUTO_INCREMENT for table `ft_pay_type_master`
--
ALTER TABLE `ft_pay_type_master`
MODIFY `id` int(12) NOT NULL AUTO_INCREMENT,AUTO_INCREMENT=4;
--
-- AUTO_INCREMENT for table `ft_percentage_detail`
--
ALTER TABLE `ft_percentage_detail`
MODIFY `id` int(11) NOT NULL AUTO_INCREMENT,AUTO_INCREMENT=21;
--
-- AUTO_INCREMENT for table `ft_portfolio_master`
--
ALTER TABLE `ft_portfolio_master`
MODIFY `id` int(11) NOT NULL AUTO_INCREMENT,AUTO_INCREMENT=3;
--
-- AUTO_INCREMENT for table `ft_product_attach`
--
ALTER TABLE `ft_product_attach`
MODIFY `id` int(12) NOT NULL AUTO_INCREMENT,AUTO_INCREMENT=2;
--
-- AUTO_INCREMENT for table `ft_product_maintenance`
--
ALTER TABLE `ft_product_maintenance`
MODIFY `id` int(11) NOT NULL AUTO_INCREMENT;
--
-- AUTO_INCREMENT for table `ft_product_notes`
--
ALTER TABLE `ft_product_notes`
MODIFY `id` int(12) NOT NULL AUTO_INCREMENT;
--
-- AUTO_INCREMENT for table `ft_product_type`
--
ALTER TABLE `ft_product_type`
MODIFY `id` int(11) NOT NULL AUTO_INCREMENT,AUTO_INCREMENT=15;
--
-- AUTO_INCREMENT for table `ft_recurring_type_master`
--
ALTER TABLE `ft_recurring_type_master`
MODIFY `id` int(12) NOT NULL AUTO_INCREMENT,AUTO_INCREMENT=8;
--
-- AUTO_INCREMENT for table `ft_register_master`
--
ALTER TABLE `ft_register_master`
MODIFY `id` int(11) NOT NULL AUTO_INCREMENT,AUTO_INCREMENT=44;
--
-- AUTO_INCREMENT for table `ft_risk_tolerance_master`
--
ALTER TABLE `ft_risk_tolerance_master`
MODIFY `id` int(11) NOT NULL AUTO_INCREMENT,AUTO_INCREMENT=3;
--
-- AUTO_INCREMENT for table `ft_rules_action`
--
ALTER TABLE `ft_rules_action`
MODIFY `id` int(11) NOT NULL AUTO_INCREMENT,AUTO_INCREMENT=7;
--
-- AUTO_INCREMENT for table `ft_rules_details`
--
ALTER TABLE `ft_rules_details`
MODIFY `id` int(12) NOT NULL AUTO_INCREMENT,AUTO_INCREMENT=23;
--
-- AUTO_INCREMENT for table `ft_rule_master`
--
ALTER TABLE `ft_rule_master`
MODIFY `id` int(11) NOT NULL AUTO_INCREMENT,AUTO_INCREMENT=23;
--
-- AUTO_INCREMENT for table `ft_special_expenses_master`
--
ALTER TABLE `ft_special_expenses_master`
MODIFY `id` int(11) NOT NULL AUTO_INCREMENT,AUTO_INCREMENT=3;
--
-- AUTO_INCREMENT for table `ft_sponsor_attach`
--
ALTER TABLE `ft_sponsor_attach`
MODIFY `id` int(12) NOT NULL AUTO_INCREMENT;
--
-- AUTO_INCREMENT for table `ft_sponsor_history`
--
ALTER TABLE `ft_sponsor_history`
MODIFY `id` int(12) NOT NULL AUTO_INCREMENT;
--
-- AUTO_INCREMENT for table `ft_sponsor_master`
--
ALTER TABLE `ft_sponsor_master`
MODIFY `id` int(12) NOT NULL AUTO_INCREMENT,AUTO_INCREMENT=289;
--
-- AUTO_INCREMENT for table `ft_sponsor_notes`
--
ALTER TABLE `ft_sponsor_notes`
MODIFY `id` int(12) NOT NULL AUTO_INCREMENT;
--
-- AUTO_INCREMENT for table `ft_state_master`
--
ALTER TABLE `ft_state_master`
MODIFY `id` int(12) NOT NULL AUTO_INCREMENT,AUTO_INCREMENT=53;
--
-- AUTO_INCREMENT for table `ft_system_configuration`
--
ALTER TABLE `ft_system_configuration`
MODIFY `id` int(11) NOT NULL AUTO_INCREMENT,AUTO_INCREMENT=2;
--
-- AUTO_INCREMENT for table `ft_time_for_exp_master`
--
ALTER TABLE `ft_time_for_exp_master`
MODIFY `id` int(11) NOT NULL AUTO_INCREMENT,AUTO_INCREMENT=2;
--
-- AUTO_INCREMENT for table `ft_transaction_master`
--
ALTER TABLE `ft_transaction_master`
MODIFY `id` int(12) NOT NULL AUTO_INCREMENT,AUTO_INCREMENT=24;
--
-- AUTO_INCREMENT for table `ft_transaction_overrides`
--
ALTER TABLE `ft_transaction_overrides`
MODIFY `id` int(12) NOT NULL AUTO_INCREMENT;
--
-- AUTO_INCREMENT for table `ft_transaction_trade_splits`
--
ALTER TABLE `ft_transaction_trade_splits`
MODIFY `id` int(12) NOT NULL AUTO_INCREMENT,AUTO_INCREMENT=39;
--
-- AUTO_INCREMENT for table `ft_user_menu_rights`
--
ALTER TABLE `ft_user_menu_rights`
MODIFY `id` int(12) NOT NULL AUTO_INCREMENT,AUTO_INCREMENT=2393;
--
-- AUTO_INCREMENT for table `history`
--
ALTER TABLE `history`
MODIFY `id` int(15) NOT NULL AUTO_INCREMENT;
--
-- AUTO_INCREMENT for table `menu_master`
--
ALTER TABLE `menu_master`
MODIFY `link_id` int(8) NOT NULL AUTO_INCREMENT,AUTO_INCREMENT=46;
--
-- AUTO_INCREMENT for table `product_category_1`
--
ALTER TABLE `product_category_1`
MODIFY `id` int(12) NOT NULL AUTO_INCREMENT,AUTO_INCREMENT=4;
--
-- AUTO_INCREMENT for table `product_category_2`
--
ALTER TABLE `product_category_2`
MODIFY `id` int(12) NOT NULL AUTO_INCREMENT,AUTO_INCREMENT=3;
--
-- AUTO_INCREMENT for table `product_category_3`
--
ALTER TABLE `product_category_3`
MODIFY `id` int(12) NOT NULL AUTO_INCREMENT,AUTO_INCREMENT=2;
--
-- AUTO_INCREMENT for table `product_category_4`
--
ALTER TABLE `product_category_4`
MODIFY `id` int(12) NOT NULL AUTO_INCREMENT;
--
-- AUTO_INCREMENT for table `product_category_5`
--
ALTER TABLE `product_category_5`
MODIFY `id` int(12) NOT NULL AUTO_INCREMENT;
--
-- AUTO_INCREMENT for table `product_category_6`
--
ALTER TABLE `product_category_6`
MODIFY `id` int(12) NOT NULL AUTO_INCREMENT;
--
-- AUTO_INCREMENT for table `product_category_7`
--
ALTER TABLE `product_category_7`
MODIFY `id` int(12) NOT NULL AUTO_INCREMENT;
--
-- AUTO_INCREMENT for table `product_category_8`
--
ALTER TABLE `product_category_8`
MODIFY `id` int(12) NOT NULL AUTO_INCREMENT;
--
-- AUTO_INCREMENT for table `product_category_9`
--
ALTER TABLE `product_category_9`
MODIFY `id` int(12) NOT NULL AUTO_INCREMENT,AUTO_INCREMENT=8;
--
-- AUTO_INCREMENT for table `product_category_10`
--
ALTER TABLE `product_category_10`
MODIFY `id` int(12) NOT NULL AUTO_INCREMENT;
--
-- AUTO_INCREMENT for table `product_category_11`
--
ALTER TABLE `product_category_11`
MODIFY `id` int(12) NOT NULL AUTO_INCREMENT,AUTO_INCREMENT=2;
--
-- AUTO_INCREMENT for table `product_category_12`
--
ALTER TABLE `product_category_12`
MODIFY `id` int(12) NOT NULL AUTO_INCREMENT,AUTO_INCREMENT=2;
--
-- AUTO_INCREMENT for table `product_category_13`
--
ALTER TABLE `product_category_13`
MODIFY `id` int(12) NOT NULL AUTO_INCREMENT;
--
-- AUTO_INCREMENT for table `product_category_14`
--
ALTER TABLE `product_category_14`
MODIFY `id` int(12) NOT NULL AUTO_INCREMENT;
--
-- AUTO_INCREMENT for table `product_history_1`
--
ALTER TABLE `product_history_1`
MODIFY `id` int(12) NOT NULL AUTO_INCREMENT;
--
-- AUTO_INCREMENT for table `product_history_2`
--
ALTER TABLE `product_history_2`
MODIFY `id` int(12) NOT NULL AUTO_INCREMENT,AUTO_INCREMENT=11;
--
-- AUTO_INCREMENT for table `product_history_3`
--
ALTER TABLE `product_history_3`
MODIFY `id` int(12) NOT NULL AUTO_INCREMENT;
--
-- AUTO_INCREMENT for table `product_history_4`
--
ALTER TABLE `product_history_4`
MODIFY `id` int(12) NOT NULL AUTO_INCREMENT;
--
-- AUTO_INCREMENT for table `product_history_5`
--
ALTER TABLE `product_history_5`
MODIFY `id` int(12) NOT NULL AUTO_INCREMENT;
--
-- AUTO_INCREMENT for table `product_history_6`
--
ALTER TABLE `product_history_6`
MODIFY `id` int(12) NOT NULL AUTO_INCREMENT;
--
-- AUTO_INCREMENT for table `product_history_7`
--
ALTER TABLE `product_history_7`
MODIFY `id` int(12) NOT NULL AUTO_INCREMENT;
--
-- AUTO_INCREMENT for table `product_history_8`
--
ALTER TABLE `product_history_8`
MODIFY `id` int(12) NOT NULL AUTO_INCREMENT;
--
-- AUTO_INCREMENT for table `product_history_9`
--
ALTER TABLE `product_history_9`
MODIFY `id` int(12) NOT NULL AUTO_INCREMENT,AUTO_INCREMENT=9;
--
-- AUTO_INCREMENT for table `product_history_10`
--
ALTER TABLE `product_history_10`
MODIFY `id` int(12) NOT NULL AUTO_INCREMENT;
--
-- AUTO_INCREMENT for table `product_history_11`
--
ALTER TABLE `product_history_11`
MODIFY `id` int(12) NOT NULL AUTO_INCREMENT;
--
-- AUTO_INCREMENT for table `product_history_12`
--
ALTER TABLE `product_history_12`
MODIFY `id` int(12) NOT NULL AUTO_INCREMENT;
--
-- AUTO_INCREMENT for table `product_history_13`
--
ALTER TABLE `product_history_13`
MODIFY `id` int(12) NOT NULL AUTO_INCREMENT;
--
-- AUTO_INCREMENT for table `product_history_14`
--
ALTER TABLE `product_history_14`
MODIFY `id` int(12) NOT NULL AUTO_INCREMENT;
--
-- AUTO_INCREMENT for table `product_rates_1`
--
ALTER TABLE `product_rates_1`
MODIFY `id` int(12) NOT NULL AUTO_INCREMENT,AUTO_INCREMENT=135;
--
-- AUTO_INCREMENT for table `product_rates_2`
--
ALTER TABLE `product_rates_2`
MODIFY `id` int(12) NOT NULL AUTO_INCREMENT;
--
-- AUTO_INCREMENT for table `product_rates_3`
--
ALTER TABLE `product_rates_3`
MODIFY `id` int(12) NOT NULL AUTO_INCREMENT;
--
-- AUTO_INCREMENT for table `product_rates_4`
--
ALTER TABLE `product_rates_4`
MODIFY `id` int(12) NOT NULL AUTO_INCREMENT;
--
-- AUTO_INCREMENT for table `product_rates_5`
--
ALTER TABLE `product_rates_5`
MODIFY `id` int(12) NOT NULL AUTO_INCREMENT;
--
-- AUTO_INCREMENT for table `product_rates_6`
--
ALTER TABLE `product_rates_6`
MODIFY `id` int(12) NOT NULL AUTO_INCREMENT;
--
-- AUTO_INCREMENT for table `product_rates_7`
--
ALTER TABLE `product_rates_7`
MODIFY `id` int(12) NOT NULL AUTO_INCREMENT;
--
-- AUTO_INCREMENT for table `product_rates_8`
--
ALTER TABLE `product_rates_8`
MODIFY `id` int(12) NOT NULL AUTO_INCREMENT;
--
-- AUTO_INCREMENT for table `product_rates_9`
--
ALTER TABLE `product_rates_9`
MODIFY `id` int(12) NOT NULL AUTO_INCREMENT;
--
-- AUTO_INCREMENT for table `product_rates_10`
--
ALTER TABLE `product_rates_10`
MODIFY `id` int(12) NOT NULL AUTO_INCREMENT;
--
-- AUTO_INCREMENT for table `product_rates_11`
--
ALTER TABLE `product_rates_11`
MODIFY `id` int(12) NOT NULL AUTO_INCREMENT;
--
-- AUTO_INCREMENT for table `product_rates_12`
--
ALTER TABLE `product_rates_12`
MODIFY `id` int(12) NOT NULL AUTO_INCREMENT;
--
-- AUTO_INCREMENT for table `product_rates_13`
--
ALTER TABLE `product_rates_13`
MODIFY `id` int(12) NOT NULL AUTO_INCREMENT;
--
-- AUTO_INCREMENT for table `product_rates_14`
--
ALTER TABLE `product_rates_14`
MODIFY `id` int(12) NOT NULL AUTO_INCREMENT;
--
-- AUTO_INCREMENT for table `site_options`
--
ALTER TABLE `site_options`
MODIFY `id` int(10) NOT NULL AUTO_INCREMENT;
--
-- AUTO_INCREMENT for table `user_master`
--
ALTER TABLE `user_master`
MODIFY `id` int(10) NOT NULL AUTO_INCREMENT,AUTO_INCREMENT=6;
/*!40101 SET CHARACTER_SET_CLIENT=@OLD_CHARACTER_SET_CLIENT */;
/*!40101 SET CHARACTER_SET_RESULTS=@OLD_CHARACTER_SET_RESULTS */;
/*!40101 SET COLLATION_CONNECTION=@OLD_COLLATION_CONNECTION */;
