-- phpMiniAdmin dump 1.9.170730
-- Datetime: 2021-11-03 05:49:49
-- Host: sql5c40n.carrierzone.com
-- Database: CloudFox_jjixgbv9my353010

/*!40030 SET NAMES utf8 */;
/*!40014 SET @OLD_FOREIGN_KEY_CHECKS=@@FOREIGN_KEY_CHECKS, FOREIGN_KEY_CHECKS=0 */;

DROP TABLE IF EXISTS `ft_account_type`;
CREATE TABLE `ft_account_type` (
  `id` int(12) NOT NULL AUTO_INCREMENT,
  `type` varchar(100) NOT NULL,
  `status` tinyint(1) NOT NULL DEFAULT '1',
  `is_delete` tinyint(1) NOT NULL DEFAULT '0',
  `created_by` int(12) NOT NULL DEFAULT '0',
  `created_time` datetime NOT NULL,
  `created_ip` varchar(100) NOT NULL,
  `modified_by` int(12) NOT NULL DEFAULT '0',
  `modified_time` datetime NOT NULL,
  `modified_ip` varchar(200) NOT NULL,
  PRIMARY KEY (`id`)
) ENGINE=InnoDB AUTO_INCREMENT=3 DEFAULT CHARSET=latin1;

/*!40000 ALTER TABLE `ft_account_type` DISABLE KEYS */;
INSERT INTO `ft_account_type` VALUES ('1','Individual','1','0','1','2018-02-04 19:25:09','76.176.130.44','3','2018-03-01 18:35:17','103.36.122.212'),('2','Joint Account','1','0','1','2018-02-04 19:25:40','76.176.130.44','0','0000-00-00 00:00:00','');
/*!40000 ALTER TABLE `ft_account_type` ENABLE KEYS */;

DROP TABLE IF EXISTS `ft_account_use_master`;
CREATE TABLE `ft_account_use_master` (
  `id` int(11) NOT NULL AUTO_INCREMENT,
  `option` varchar(100) NOT NULL,
  `u_id` int(8) NOT NULL,
  `status` tinyint(1) NOT NULL DEFAULT '1',
  `is_delete` tinyint(1) NOT NULL DEFAULT '0',
  `created_by` int(12) NOT NULL,
  `created_time` datetime NOT NULL,
  `created_ip` varchar(100) NOT NULL,
  `modified_by` int(12) NOT NULL,
  `modified_time` datetime NOT NULL,
  `modified_ip` varchar(100) NOT NULL,
  PRIMARY KEY (`id`)
) ENGINE=InnoDB AUTO_INCREMENT=2 DEFAULT CHARSET=latin1;

/*!40000 ALTER TABLE `ft_account_use_master` DISABLE KEYS */;
INSERT INTO `ft_account_use_master` VALUES ('1','10-50','0','1','0','4','2017-12-09 11:38:58','192.168.30.30','0','0000-00-00 00:00:00','');
/*!40000 ALTER TABLE `ft_account_use_master` ENABLE KEYS */;

DROP TABLE IF EXISTS `ft_annual_expenses_master`;
CREATE TABLE `ft_annual_expenses_master` (
  `id` int(11) NOT NULL AUTO_INCREMENT,
  `option` varchar(100) NOT NULL,
  `u_id` int(8) NOT NULL,
  `status` tinyint(1) NOT NULL DEFAULT '1',
  `is_delete` tinyint(1) NOT NULL DEFAULT '0',
  `created_by` int(12) NOT NULL,
  `created_time` datetime NOT NULL,
  `created_ip` varchar(100) NOT NULL,
  `modified_by` int(12) NOT NULL,
  `modified_time` datetime NOT NULL,
  `modified_ip` varchar(100) NOT NULL,
  PRIMARY KEY (`id`)
) ENGINE=InnoDB DEFAULT CHARSET=latin1;

/*!40000 ALTER TABLE `ft_annual_expenses_master` DISABLE KEYS */;
/*!40000 ALTER TABLE `ft_annual_expenses_master` ENABLE KEYS */;

DROP TABLE IF EXISTS `ft_batch_master`;
CREATE TABLE `ft_batch_master` (
  `id` int(12) NOT NULL AUTO_INCREMENT,
  `pro_category` varchar(11) NOT NULL DEFAULT '0',
  `batch_number` varchar(10) NOT NULL,
  `file_id` int(12) NOT NULL,
  `batch_desc` varchar(40) NOT NULL,
  `sponsor` varchar(11) NOT NULL,
  `batch_date` date NOT NULL,
  `deposit_date` date NOT NULL,
  `trade_start_date` date NOT NULL,
  `trade_end_date` date NOT NULL,
  `check_amount` decimal(8,2) NOT NULL DEFAULT '0.00',
  `commission_amount` decimal(8,2) NOT NULL DEFAULT '0.00',
  `split` tinyint(1) NOT NULL,
  `prompt_for_check_amount` varchar(20) NOT NULL,
  `posted_amounts` decimal(8,2) NOT NULL DEFAULT '0.00',
  `status` tinyint(1) NOT NULL DEFAULT '1',
  `is_delete` tinyint(1) NOT NULL DEFAULT '0',
  `created_by` int(12) NOT NULL,
  `created_time` datetime NOT NULL,
  `created_ip` varchar(100) NOT NULL,
  `modified_by` int(12) NOT NULL,
  `modified_time` datetime NOT NULL,
  `modified_ip` varchar(100) NOT NULL,
  `is_multi_sponsors` smallint(6) DEFAULT NULL,
  PRIMARY KEY (`id`)
) ENGINE=InnoDB AUTO_INCREMENT=17 DEFAULT CHARSET=latin1;

/*!40000 ALTER TABLE `ft_batch_master` DISABLE KEYS */;
INSERT INTO `ft_batch_master` VALUES ('1','1','','2','1919 FUNDS 08/02/2018','1','2018-08-02','0000-00-00','2016-04-27','2016-04-27','21.00','4411.80','0','0','0.00','1','0','21','2018-08-02 18:26:28','103.36.122.212','1','2021-08-19 08:41:05','107.210.168.81','0'),('2','2','','0','Foxtrot check batch','1','2018-08-03','2018-08-03','0000-00-00','0000-00-00','8000.00','0.00','0','0','0.00','1','0','21','2018-08-03 18:01:08','103.36.122.212','0','0000-00-00 00:00:00','','0'),('3','1','','3','1919 FUNDS 08/06/2018','1','2018-08-06','0000-00-00','0000-00-00','0000-00-00','4411.80','0.00','0','','0.00','1','0','21','2018-08-06 17:22:00','103.36.122.212','0','0000-00-00 00:00:00','','0'),('4','1','','4','1919 FUNDS 08/06/2018','1','2018-08-06','0000-00-00','0000-00-00','0000-00-00','4411.80','0.00','0','','0.00','1','0','21','2018-08-06 17:22:11','103.36.122.212','0','0000-00-00 00:00:00','','0'),('5','1','','5','1919 FUNDS 08/13/2018','1','2018-08-13','0000-00-00','2018-10-18','2018-10-18','4411.80','4511.80','0','0','0.00','1','0','21','2018-08-13 05:01:04','98.173.59.168','1','2021-04-08 06:55:36','107.210.168.81','0'),('6','1','','6','1919 FUNDS 08/13/2018','1','2018-08-13','0000-00-00','0000-00-00','0000-00-00','4411.80','0.00','0','','0.00','1','0','21','2018-08-13 05:01:04','98.173.59.168','0','0000-00-00 00:00:00','','0'),('7','1','','7','1919 FUNDS 08/13/2018','1','2018-08-13','0000-00-00','0000-00-00','0000-00-00','4411.80','0.00','0','','0.00','1','0','21','2018-08-13 05:01:04','98.173.59.168','0','0000-00-00 00:00:00','','0'),('8','1','','8','1919 FUNDS 08/13/2018','1','2018-08-13','0000-00-00','0000-00-00','0000-00-00','4411.80','0.00','0','','0.00','1','0','21','2018-08-13 05:01:04','98.173.59.168','0','0000-00-00 00:00:00','','0'),('9','1','','9','1919 FUNDS 08/13/2018','1','2018-08-13','0000-00-00','0000-00-00','0000-00-00','4411.80','0.00','0','','0.00','1','0','21','2018-08-13 05:01:04','98.173.59.168','0','0000-00-00 00:00:00','','0'),('10','1','','10','1919 FUNDS 08/13/2018','1','2018-08-13','0000-00-00','0000-00-00','0000-00-00','4411.80','0.00','0','','0.00','1','0','21','2018-08-13 05:01:04','98.173.59.168','0','0000-00-00 00:00:00','','0'),('11','1','','11','1919 FUNDS 08/13/2018','1','2018-08-13','0000-00-00','0000-00-00','0000-00-00','4411.80','0.00','0','','0.00','1','0','21','2018-08-13 05:01:04','98.173.59.168','0','0000-00-00 00:00:00','','0'),('12','1','','12','1919 FUNDS 08/13/2018','1','2018-08-13','0000-00-00','0000-00-00','0000-00-00','4411.80','0.00','0','','0.00','1','0','21','2018-08-13 05:01:04','98.173.59.168','0','0000-00-00 00:00:00','','0'),('13','1','','13','1919 FUNDS 08/13/2018','1','2018-08-13','0000-00-00','0000-00-00','0000-00-00','4411.80','0.00','0','','0.00','1','0','21','2018-08-13 05:01:04','98.173.59.168','0','0000-00-00 00:00:00','','0'),('14','1','','14','1919 FUNDS 08/13/2018','1','2018-08-13','0000-00-00','0000-00-00','0000-00-00','4411.80','0.00','0','','0.00','1','0','21','2018-08-13 05:01:04','98.173.59.168','0','0000-00-00 00:00:00','','0'),('15','1','','0','test batch1','23','2021-08-04','2021-08-04','2021-08-04','2021-08-06','772.22','0.00','0','0','0.00','1','0','1','2021-08-04 22:15:18','107.210.168.81','0','0000-00-00 00:00:00','','0'),('16','18','','0','testing Batches','-1','2021-09-30','2021-10-04','0000-00-00','0000-00-00','1.00','0.00','0','0','0.00','1','0','1','2021-09-30 14:23:43','124.253.2.151','1','2021-09-30 15:00:20','124.253.2.151','1');
/*!40000 ALTER TABLE `ft_batch_master` ENABLE KEYS */;

DROP TABLE IF EXISTS `ft_branch_attach`;
CREATE TABLE `ft_branch_attach` (
  `id` int(12) NOT NULL AUTO_INCREMENT,
  `date` datetime NOT NULL,
  `user_id` varchar(100) NOT NULL,
  `attach` varchar(100) NOT NULL,
  `file_name` varchar(50) NOT NULL,
  `status` tinyint(1) NOT NULL DEFAULT '1',
  `is_delete` tinyint(1) NOT NULL DEFAULT '0',
  `created_by` int(12) NOT NULL,
  `created_time` datetime NOT NULL,
  `created_ip` varchar(100) NOT NULL,
  `modified_by` int(12) NOT NULL,
  `modified_time` datetime NOT NULL,
  `modified_ip` varchar(100) NOT NULL,
  PRIMARY KEY (`id`)
) ENGINE=InnoDB AUTO_INCREMENT=2 DEFAULT CHARSET=latin1;

/*!40000 ALTER TABLE `ft_branch_attach` DISABLE KEYS */;
INSERT INTO `ft_branch_attach` VALUES ('1','2018-01-04 00:00:00','Aksha','1515072538851707.png','3 (1) (1).png','1','1','4','2018-01-04 18:58:58','103.36.122.212','0','0000-00-00 00:00:00','');
/*!40000 ALTER TABLE `ft_branch_attach` ENABLE KEYS */;

DROP TABLE IF EXISTS `ft_branch_changes`;
CREATE TABLE `ft_branch_changes` (
  `id` int(12) NOT NULL AUTO_INCREMENT,
  `branch_id` int(12) NOT NULL,
  `user_initial` varchar(100) NOT NULL,
  `feild_changed` varchar(100) NOT NULL,
  `previous_value` varchar(100) NOT NULL,
  `new_value` varchar(100) NOT NULL,
  `status` tinyint(1) NOT NULL DEFAULT '1',
  `is_delete` tinyint(1) NOT NULL DEFAULT '0',
  `created_by` int(12) NOT NULL,
  `created_time` datetime NOT NULL,
  `created_ip` varchar(100) NOT NULL,
  `modified_by` int(12) NOT NULL,
  `modified_time` datetime NOT NULL,
  `modified_ip` varchar(100) NOT NULL,
  PRIMARY KEY (`id`)
) ENGINE=InnoDB DEFAULT CHARSET=latin1;

/*!40000 ALTER TABLE `ft_branch_changes` DISABLE KEYS */;
/*!40000 ALTER TABLE `ft_branch_changes` ENABLE KEYS */;

DROP TABLE IF EXISTS `ft_branch_history`;
CREATE TABLE `ft_branch_history` (
  `id` int(12) NOT NULL AUTO_INCREMENT,
  `branch_id` int(12) NOT NULL,
  `field` varchar(100) NOT NULL,
  `old_value` varchar(100) NOT NULL,
  `new_value` varchar(100) NOT NULL,
  `status` tinyint(1) NOT NULL DEFAULT '1',
  `is_delete` tinyint(1) NOT NULL DEFAULT '0',
  `created_by` int(12) NOT NULL,
  `created_time` datetime NOT NULL,
  `created_ip` varchar(100) NOT NULL,
  `modified_by` int(12) NOT NULL,
  `modified_time` datetime NOT NULL,
  `modified_ip` varchar(100) NOT NULL,
  PRIMARY KEY (`id`)
) ENGINE=InnoDB AUTO_INCREMENT=2 DEFAULT CHARSET=latin1;

/*!40000 ALTER TABLE `ft_branch_history` DISABLE KEYS */;
INSERT INTO `ft_branch_history` VALUES ('1','2','name','Business office','Business office 1','0','0','1','2021-10-06 01:11:18','109.185.131.206','1','2021-10-06 01:11:18','109.185.131.206');
/*!40000 ALTER TABLE `ft_branch_history` ENABLE KEYS */;

DROP TABLE IF EXISTS `ft_branch_master`;
CREATE TABLE `ft_branch_master` (
  `id` int(12) NOT NULL AUTO_INCREMENT,
  `name` varchar(100) NOT NULL,
  `broker` int(12) NOT NULL,
  `b_status` int(12) NOT NULL,
  `contact` varchar(100) NOT NULL,
  `company` int(12) NOT NULL,
  `osj` tinyint(1) NOT NULL DEFAULT '0',
  `non_registered` tinyint(1) NOT NULL DEFAULT '0',
  `finra_fee` decimal(6,2) NOT NULL,
  `business_address1` varchar(100) NOT NULL,
  `business_address2` varchar(100) NOT NULL,
  `business_city` varchar(100) NOT NULL,
  `business_state` int(12) NOT NULL,
  `business_zipcode` varchar(100) NOT NULL,
  `mailing_address1` varchar(100) NOT NULL,
  `mailing_address2` varchar(100) NOT NULL,
  `mailing_city` varchar(100) NOT NULL,
  `mailing_state` int(12) NOT NULL,
  `mailing_zipcode` varchar(100) NOT NULL,
  `email` varchar(100) NOT NULL,
  `website` varchar(100) NOT NULL,
  `phone` varchar(100) NOT NULL,
  `facsimile` varchar(100) NOT NULL,
  `date_established` date NOT NULL,
  `date_terminated` date NOT NULL,
  `finra_start_date` date NOT NULL,
  `finra_end_date` date NOT NULL,
  `last_audit_date` date NOT NULL,
  `status` tinyint(1) NOT NULL DEFAULT '1',
  `is_delete` tinyint(1) NOT NULL DEFAULT '0',
  `created_by` int(12) NOT NULL,
  `created_time` datetime NOT NULL,
  `created_ip` varchar(100) NOT NULL,
  `modified_by` int(12) NOT NULL,
  `modified_time` datetime NOT NULL,
  `modified_ip` varchar(100) NOT NULL,
  PRIMARY KEY (`id`)
) ENGINE=InnoDB AUTO_INCREMENT=3 DEFAULT CHARSET=latin1;

/*!40000 ALTER TABLE `ft_branch_master` DISABLE KEYS */;
INSERT INTO `ft_branch_master` VALUES ('1','Home Office1','1','1','Francis','1','1','0','0.00','560 North Coast Highway 101','Suite 10','Encinitas','5','92024','','','','0','','marcus@foxtrotsoftware.com','www.foxtrotsoftware.com','7606341037','','2018-02-02','1970-01-01','1970-01-01','1970-01-01','1970-01-01','1','0','18','2018-02-02 22:18:06','76.176.130.44','21','2018-05-17 23:24:18','76.176.130.44'),('2','Business office 1','3','0','','2','0','0','0.00','','','','0','','','','','0','','','','','','1970-01-01','1970-01-01','1970-01-01','1970-01-01','1970-01-01','1','0','21','2018-08-02 18:38:04','103.36.122.212','1','2021-10-06 01:11:18','109.185.131.206');
/*!40000 ALTER TABLE `ft_branch_master` ENABLE KEYS */;

DROP TABLE IF EXISTS `ft_branch_notes`;
CREATE TABLE `ft_branch_notes` (
  `id` int(12) NOT NULL AUTO_INCREMENT,
  `date` datetime NOT NULL,
  `user_id` varchar(100) NOT NULL,
  `notes` varchar(100) NOT NULL,
  `status` tinyint(1) NOT NULL DEFAULT '1',
  `is_delete` tinyint(1) NOT NULL DEFAULT '0',
  `created_by` int(12) NOT NULL,
  `created_time` datetime NOT NULL,
  `created_ip` varchar(100) NOT NULL,
  `modified_by` int(12) NOT NULL,
  `modified_time` datetime NOT NULL,
  `modified_ip` varchar(100) NOT NULL,
  PRIMARY KEY (`id`)
) ENGINE=InnoDB DEFAULT CHARSET=latin1;

/*!40000 ALTER TABLE `ft_branch_notes` DISABLE KEYS */;
/*!40000 ALTER TABLE `ft_branch_notes` ENABLE KEYS */;

DROP TABLE IF EXISTS `ft_branch_office_master`;
CREATE TABLE `ft_branch_office_master` (
  `id` int(12) NOT NULL AUTO_INCREMENT,
  `name` varchar(100) NOT NULL,
  `status` tinyint(1) NOT NULL DEFAULT '1',
  `is_delete` tinyint(1) NOT NULL DEFAULT '0',
  `created_by` int(12) NOT NULL,
  `created_time` datetime NOT NULL,
  `created_ip` varchar(100) NOT NULL,
  `modified_by` int(12) NOT NULL,
  `modified_time` datetime NOT NULL,
  `modified_ip` varchar(100) NOT NULL,
  PRIMARY KEY (`id`)
) ENGINE=InnoDB AUTO_INCREMENT=5 DEFAULT CHARSET=latin1;

/*!40000 ALTER TABLE `ft_branch_office_master` DISABLE KEYS */;
INSERT INTO `ft_branch_office_master` VALUES ('1','Branch Office','1','0','0','0000-00-00 00:00:00','','0','0000-00-00 00:00:00',''),('2','Non OSJ Branch Office','1','0','0','0000-00-00 00:00:00','','0','0000-00-00 00:00:00',''),('3','Residential Office Exemption','1','0','0','0000-00-00 00:00:00','','0','0000-00-00 00:00:00',''),('4','OFOP Exemption','1','0','0','0000-00-00 00:00:00','','0','0000-00-00 00:00:00','');
/*!40000 ALTER TABLE `ft_branch_office_master` ENABLE KEYS */;

DROP TABLE IF EXISTS `ft_broker_alias`;
CREATE TABLE `ft_broker_alias` (
  `id` int(12) NOT NULL AUTO_INCREMENT,
  `broker_id` int(12) NOT NULL,
  `alias_name` varchar(100) NOT NULL,
  `sponsor_company` int(12) NOT NULL,
  `date` date NOT NULL,
  `status` tinyint(1) NOT NULL DEFAULT '1',
  `is_delete` tinyint(1) NOT NULL DEFAULT '0',
  `created_by` int(12) NOT NULL,
  `created_time` datetime NOT NULL,
  `created_ip` varchar(100) NOT NULL,
  `modified_by` int(12) NOT NULL,
  `modified_time` datetime NOT NULL,
  `modified_ip` varchar(100) NOT NULL,
  `state` int(12) DEFAULT NULL,
  `termdate` date DEFAULT NULL,
  PRIMARY KEY (`id`)
) ENGINE=InnoDB AUTO_INCREMENT=56 DEFAULT CHARSET=latin1;

/*!40000 ALTER TABLE `ft_broker_alias` DISABLE KEYS */;
INSERT INTO `ft_broker_alias` VALUES ('1','3','C49','1','2018-08-02','1','1','21','2018-08-02 18:22:56','103.36.122.212','0','0000-00-00 00:00:00','',NULL,NULL),('2','1','A04','1','2018-08-02','1','1','21','2018-08-02 18:23:11','103.36.122.212','0','0000-00-00 00:00:00','',NULL,NULL),('3','1','A04','1','2018-08-02','1','1','21','2018-08-02 18:23:25','103.36.122.212','0','0000-00-00 00:00:00','',NULL,NULL),('4','2','000025','1','2018-08-02','1','1','21','2018-08-02 18:24:14','103.36.122.212','0','0000-00-00 00:00:00','',NULL,NULL),('5','2','000025','1','2018-08-02','1','1','21','2018-08-02 18:24:31','103.36.122.212','0','0000-00-00 00:00:00','',NULL,NULL),('6','4','1703','1','2018-08-02','1','1','21','2018-08-02 18:26:28','103.36.122.212','0','0000-00-00 00:00:00','',NULL,NULL),('7','3','C49','1','2018-08-02','1','1','21','2018-08-02 18:37:29','103.36.122.212','0','0000-00-00 00:00:00','',NULL,NULL),('8','3','C49','1','2018-08-02','1','1','21','2018-08-02 18:39:05','103.36.122.212','0','0000-00-00 00:00:00','',NULL,NULL),('9','4','1703','1','2018-08-02','1','1','21','2018-08-03 18:04:02','103.36.122.212','0','0000-00-00 00:00:00','',NULL,NULL),('10','1','A04','1','2018-08-02','1','0','21','2018-08-11 18:19:18','103.36.122.212','0','0000-00-00 00:00:00','',NULL,NULL),('11','1','A04','1','2018-08-02','1','0','21','2018-08-11 18:19:18','103.36.122.212','0','0000-00-00 00:00:00','',NULL,NULL),('12','3','C49','1','2018-08-02','1','1','21','2018-08-11 18:20:52','103.36.122.212','0','0000-00-00 00:00:00','',NULL,NULL),('13','1','3345','263','2018-08-21','1','0','21','2018-08-21 12:08:13','103.36.122.212','0','0000-00-00 00:00:00','',NULL,NULL),('14','1','3345','263','2018-08-21','1','0','21','2018-08-21 18:58:58','103.36.122.212','0','0000-00-00 00:00:00','',NULL,NULL),('15','2','000025','1','2018-08-02','1','1','21','2018-08-23 18:26:11','103.36.122.212','0','0000-00-00 00:00:00','',NULL,NULL),('16','2','000025','1','2018-08-02','1','1','21','2018-08-23 18:26:11','103.36.122.212','0','0000-00-00 00:00:00','',NULL,NULL),('17','3','C49','1','2018-08-02','1','1','21','2018-10-15 15:39:54','103.36.122.212','0','0000-00-00 00:00:00','',NULL,NULL),('18','4','1703','1','2018-08-02','1','1','21','2018-10-23 09:33:52','103.36.122.212','0','0000-00-00 00:00:00','',NULL,NULL),('19','4','1703','1','2018-08-02','1','1','21','2018-10-23 09:42:13','76.176.130.44','0','0000-00-00 00:00:00','',NULL,NULL),('20','2','000025','1','2018-08-02','1','1','21','2018-10-23 19:23:06','76.176.130.44','0','0000-00-00 00:00:00','',NULL,NULL),('21','2','000025','1','2018-08-02','1','1','21','2018-10-23 19:23:06','76.176.130.44','0','0000-00-00 00:00:00','',NULL,NULL),('22','2','000025','1','2018-08-02','1','1','21','2018-10-25 16:23:12','103.36.122.212','0','0000-00-00 00:00:00','',NULL,NULL),('23','2','000025','1','2018-08-02','1','1','21','2018-10-25 16:23:12','103.36.122.212','0','0000-00-00 00:00:00','',NULL,NULL),('24','4','1703','1','2018-08-02','1','1','21','2018-10-25 16:24:23','103.36.122.212','0','0000-00-00 00:00:00','',NULL,NULL),('25','2','000025','1','2018-08-02','1','1','21','2018-11-01 17:24:12','103.36.122.212','0','0000-00-00 00:00:00','',NULL,NULL),('26','2','000025','1','2018-08-02','1','1','21','2018-11-01 17:24:12','103.36.122.212','0','0000-00-00 00:00:00','',NULL,NULL),('27','2','000025','1','2018-08-02','1','1','21','2018-11-02 10:14:43','103.36.122.212','0','0000-00-00 00:00:00','',NULL,NULL),('28','2','000025','1','2018-08-02','1','1','21','2018-11-02 10:14:43','103.36.122.212','0','0000-00-00 00:00:00','',NULL,NULL),('29','4','1703','1','2018-08-02','1','1','21','2018-11-23 16:01:37','103.36.122.212','0','0000-00-00 00:00:00','',NULL,NULL),('30','3','C49','1','2018-08-02','1','1','21','2018-11-23 16:03:18','103.36.122.212','0','0000-00-00 00:00:00','',NULL,NULL),('31','2','000025','1','2018-08-02','1','1','21','2018-11-23 16:04:27','103.36.122.212','0','0000-00-00 00:00:00','',NULL,NULL),('32','2','000025','1','2018-08-02','1','1','21','2018-11-23 16:04:27','103.36.122.212','0','0000-00-00 00:00:00','',NULL,NULL),('33','4','1703','1','2018-08-02','1','1','21','2018-11-27 04:20:32','76.176.130.44','0','0000-00-00 00:00:00','',NULL,NULL),('34','2','000025','1','2018-08-02','1','1','21','2018-11-27 04:32:40','76.176.130.44','0','0000-00-00 00:00:00','',NULL,NULL),('35','2','000025','1','2018-08-02','1','1','21','2018-11-27 04:32:40','76.176.130.44','0','0000-00-00 00:00:00','',NULL,NULL),('36','4','1703','1','2018-08-02','1','1','21','2018-11-27 04:33:16','76.176.130.44','0','0000-00-00 00:00:00','',NULL,NULL),('37','3','C49','1','2018-08-02','1','1','21','2018-11-27 04:34:19','76.176.130.44','0','0000-00-00 00:00:00','',NULL,NULL),('38','1','3345','263','2020-11-06','1','0','1','2020-11-06 21:46:13','107.210.168.81','0','0000-00-00 00:00:00','',NULL,NULL),('39','1','3345','263','2020-11-06','1','0','1','2020-11-06 21:46:14','107.210.168.81','0','0000-00-00 00:00:00','',NULL,NULL),('40','2','000025','1','2018-08-02','1','1','1','2021-06-26 12:14:42','96.55.37.191','0','0000-00-00 00:00:00','',NULL,NULL),('41','2','000025','1','2018-08-02','1','1','1','2021-06-26 12:14:42','96.55.37.191','0','0000-00-00 00:00:00','',NULL,NULL),('42','2','000025','1','2018-08-02','1','1','1','2021-06-26 23:27:50','96.55.37.191','0','0000-00-00 00:00:00','',NULL,NULL),('43','2','000025','1','2018-08-02','1','1','1','2021-06-26 23:27:50','96.55.37.191','0','0000-00-00 00:00:00','',NULL,NULL),('44','2','000025','1','2018-08-02','1','1','1','2021-06-26 23:28:22','96.55.37.191','0','0000-00-00 00:00:00','',NULL,NULL),('45','2','000025','1','2018-08-02','1','1','1','2021-06-26 23:28:22','96.55.37.191','0','0000-00-00 00:00:00','',NULL,NULL),('46','3','C49','1','2018-08-02','1','1','21','2021-07-27 12:07:34','49.34.9.103','0','0000-00-00 00:00:00','','0','1970-01-01'),('47','7','3345','263','2021-08-30','1','0','1','2021-08-30 02:42:26','107.210.168.81','0','0000-00-00 00:00:00','','0','2021-08-30'),('48','7','3345','263','2021-08-30','1','0','1','2021-08-30 02:42:50','107.210.168.81','0','0000-00-00 00:00:00','',NULL,NULL),('49','1','3345','263','2021-08-30','1','0','1','2021-08-30 02:46:20','107.210.168.81','0','0000-00-00 00:00:00','',NULL,NULL),('50','0','2323','263','2021-08-30','1','0','1','2021-08-30 02:54:29','107.210.168.81','0','0000-00-00 00:00:00','','0','2021-08-30'),('51','3','C49','1','2018-08-02','1','1','1','2021-10-16 04:19:18','96.55.37.191','0','0000-00-00 00:00:00','',NULL,NULL),('52','2','000025','1','2018-08-02','1','0','1','2021-10-16 04:20:35','96.55.37.191','0','0000-00-00 00:00:00','',NULL,NULL),('53','2','000025','1','2018-08-02','1','0','1','2021-10-16 04:20:35','96.55.37.191','0','0000-00-00 00:00:00','',NULL,NULL),('54','4','1703','1','2018-08-02','1','0','1','2021-10-16 04:21:08','96.55.37.191','0','0000-00-00 00:00:00','',NULL,NULL),('55','3','C49','1','2018-08-02','1','0','1','2021-10-26 14:32:34','27.255.251.202','0','0000-00-00 00:00:00','',NULL,NULL);
/*!40000 ALTER TABLE `ft_broker_alias` ENABLE KEYS */;

DROP TABLE IF EXISTS `ft_broker_attach`;
CREATE TABLE `ft_broker_attach` (
  `id` int(12) NOT NULL AUTO_INCREMENT,
  `date` datetime NOT NULL,
  `user_id` varchar(100) NOT NULL,
  `attach` varchar(100) NOT NULL,
  `file_name` varchar(50) NOT NULL,
  `status` tinyint(1) NOT NULL DEFAULT '1',
  `is_delete` tinyint(1) NOT NULL DEFAULT '0',
  `created_by` int(12) NOT NULL,
  `created_time` datetime NOT NULL,
  `created_ip` varchar(100) NOT NULL,
  `modified_by` int(12) NOT NULL,
  `modified_time` datetime NOT NULL,
  `modified_ip` varchar(100) NOT NULL,
  PRIMARY KEY (`id`)
) ENGINE=InnoDB DEFAULT CHARSET=latin1;

/*!40000 ALTER TABLE `ft_broker_attach` DISABLE KEYS */;
/*!40000 ALTER TABLE `ft_broker_attach` ENABLE KEYS */;

DROP TABLE IF EXISTS `ft_broker_branches`;
CREATE TABLE `ft_broker_branches` (
  `id` int(12) NOT NULL AUTO_INCREMENT,
  `broker_id` int(12) NOT NULL,
  `broker_name` varchar(100) NOT NULL,
  `branch1` int(12) NOT NULL,
  `branch2` int(12) NOT NULL,
  `branch3` int(12) NOT NULL,
  `branch_office1` int(12) NOT NULL,
  `branch_office2` int(12) NOT NULL,
  `branch_office3` int(12) NOT NULL,
  `assess_branch_office_fee` tinyint(1) NOT NULL DEFAULT '0',
  `assess_audit_fee` tinyint(1) NOT NULL DEFAULT '0',
  `stamp` tinyint(1) NOT NULL DEFAULT '0',
  `stamp_certification` tinyint(1) NOT NULL DEFAULT '0',
  `stamp_indemnification` tinyint(1) NOT NULL DEFAULT '0',
  `status` tinyint(1) NOT NULL DEFAULT '1',
  `is_delete` tinyint(1) NOT NULL DEFAULT '0',
  `created_by` int(12) NOT NULL,
  `created_time` datetime NOT NULL,
  `created_ip` varchar(100) NOT NULL,
  `modified_by` int(12) NOT NULL,
  `modified_time` datetime NOT NULL,
  `modified_ip` varchar(100) NOT NULL,
  PRIMARY KEY (`id`)
) ENGINE=InnoDB AUTO_INCREMENT=9 DEFAULT CHARSET=latin1;

/*!40000 ALTER TABLE `ft_broker_branches` DISABLE KEYS */;
INSERT INTO `ft_broker_branches` VALUES ('1','1','Aksha','1','1','0','4','2','0','1','0','0','1','0','1','0','21','2018-08-02 10:13:38','103.36.122.212','21','2018-08-11 18:19:18','103.36.122.212'),('2','2','Justin','1','1','0','1','3','0','0','1','0','0','1','1','0','21','2018-08-02 10:15:45','103.36.122.212','1','2021-10-16 04:20:35','96.55.37.191'),('3','3','DANIEL','2','1','0','1','3','0','0','0','0','0','0','1','0','21','2018-08-02 18:22:56','103.36.122.212','1','2021-10-26 14:32:34','27.255.251.202'),('4','4','ROBERT','0','0','0','0','0','0','0','0','0','0','0','1','0','21','2018-08-02 18:26:28','103.36.122.212','1','2021-10-16 04:21:08','96.55.37.191'),('5','5','LIZ','0','0','0','0','0','0','0','0','0','0','0','1','0','1','2021-06-26 11:41:08','96.55.37.191','1','2021-10-16 04:20:52','96.55.37.191'),('6','6','DAGMER','0','0','0','0','0','0','0','0','0','0','0','1','0','1','2021-06-26 11:42:44','96.55.37.191','1','2021-10-16 04:19:44','96.55.37.191'),('7','7','JAMES','0','0','0','0','0','0','0','0','0','0','0','1','0','1','2021-08-30 02:42:26','107.210.168.81','0','0000-00-00 00:00:00',''),('8','0','MARK','0','0','0','0','0','0','0','0','0','0','0','1','0','1','2021-08-30 02:54:29','107.210.168.81','0','0000-00-00 00:00:00','');
/*!40000 ALTER TABLE `ft_broker_branches` ENABLE KEYS */;

DROP TABLE IF EXISTS `ft_broker_charges`;
CREATE TABLE `ft_broker_charges` (
  `id` int(12) NOT NULL AUTO_INCREMENT,
  `broker_id` int(12) NOT NULL,
  `charges_type` varchar(100) NOT NULL,
  `charges_name` varchar(100) NOT NULL,
  `manage_clearing` decimal(10,0) NOT NULL DEFAULT '0',
  `manage_execution` decimal(10,0) NOT NULL DEFAULT '0',
  `non_manage_clearing` decimal(10,0) NOT NULL DEFAULT '0',
  `non_manage_execution` decimal(10,0) NOT NULL DEFAULT '0',
  `status` tinyint(1) NOT NULL DEFAULT '1',
  `is_delete` tinyint(1) NOT NULL DEFAULT '0',
  `created_by` int(12) NOT NULL,
  `created_time` datetime NOT NULL,
  `created_ip` varchar(100) NOT NULL,
  `modified_by` int(12) NOT NULL,
  `modified_time` datetime NOT NULL,
  `modified_ip` varchar(100) NOT NULL,
  PRIMARY KEY (`id`)
) ENGINE=InnoDB DEFAULT CHARSET=latin1;

/*!40000 ALTER TABLE `ft_broker_charges` DISABLE KEYS */;
/*!40000 ALTER TABLE `ft_broker_charges` ENABLE KEYS */;

DROP TABLE IF EXISTS `ft_broker_document_master`;
CREATE TABLE `ft_broker_document_master` (
  `id` int(11) NOT NULL AUTO_INCREMENT,
  `desc` varchar(30) NOT NULL,
  `required` tinyint(1) NOT NULL DEFAULT '0',
  `status` tinyint(1) NOT NULL DEFAULT '1',
  `is_delete` tinyint(1) NOT NULL DEFAULT '0',
  `created_by` int(12) NOT NULL DEFAULT '0',
  `created_time` datetime NOT NULL,
  `created_ip` varchar(100) NOT NULL,
  `modified_by` int(12) NOT NULL DEFAULT '0',
  `modified_time` datetime NOT NULL,
  `modified_ip` varchar(100) NOT NULL,
  PRIMARY KEY (`id`)
) ENGINE=InnoDB AUTO_INCREMENT=3 DEFAULT CHARSET=latin1;

/*!40000 ALTER TABLE `ft_broker_document_master` DISABLE KEYS */;
INSERT INTO `ft_broker_document_master` VALUES ('1','New Account Form (NAF)','1','1','0','1','2018-01-30 09:02:59','76.176.130.44','1','2018-01-30 09:04:25','76.176.130.44'),('2','IRA Transfer','0','1','0','1','2018-01-30 09:03:34','76.176.130.44','0','0000-00-00 00:00:00','');
/*!40000 ALTER TABLE `ft_broker_document_master` ENABLE KEYS */;

DROP TABLE IF EXISTS `ft_broker_general`;
CREATE TABLE `ft_broker_general` (
  `id` int(12) NOT NULL,
  `broker_id` int(12) NOT NULL,
  `home` int(12) NOT NULL,
  `home_address1_general` varchar(100) NOT NULL,
  `home_address2_general` varchar(100) NOT NULL,
  `business_address1_general` varchar(100) NOT NULL,
  `business_address2_general` varchar(100) NOT NULL,
  `city` varchar(100) NOT NULL,
  `state_id` int(12) NOT NULL DEFAULT '0',
  `zip_code` int(12) NOT NULL,
  `telephone` varchar(100) NOT NULL,
  `cell` varchar(100) NOT NULL,
  `fax` varchar(100) NOT NULL,
  `gender` tinyint(1) NOT NULL DEFAULT '0',
  `marital_status` tinyint(1) NOT NULL DEFAULT '0',
  `spouse` varchar(100) NOT NULL,
  `children` int(12) NOT NULL,
  `email1` varchar(100) NOT NULL,
  `email2` varchar(100) NOT NULL,
  `web_id` varchar(100) NOT NULL,
  `web_password` varchar(100) NOT NULL,
  `dob` date NOT NULL,
  `prospect_date` date NOT NULL,
  `reassign_broker` int(12) NOT NULL,
  `u4` varchar(100) NOT NULL,
  `u5` varchar(100) NOT NULL,
  `day_after_u5` varchar(100) NOT NULL DEFAULT '0',
  `dba_name` varchar(100) NOT NULL,
  `eft_information` tinyint(1) NOT NULL DEFAULT '0',
  `start_date` date NOT NULL,
  `transaction_type` tinyint(1) NOT NULL DEFAULT '0',
  `routing` varchar(100) NOT NULL,
  `account_no` varchar(100) NOT NULL,
  `summarize_trailers` tinyint(1) NOT NULL DEFAULT '0',
  `summarize_direct_imported_trades` tinyint(1) NOT NULL DEFAULT '0',
  `hold_commissions_from` date NOT NULL,
  `hold_commissions_to` date NOT NULL,
  `cfp` tinyint(1) NOT NULL DEFAULT '0',
  `chfp` tinyint(1) NOT NULL DEFAULT '0',
  `cpa` tinyint(1) NOT NULL DEFAULT '0',
  `clu` tinyint(1) NOT NULL DEFAULT '0',
  `cfa` tinyint(1) NOT NULL DEFAULT '0',
  `ria` tinyint(1) NOT NULL DEFAULT '0',
  `insurance` tinyint(1) NOT NULL DEFAULT '0',
  `status` tinyint(1) NOT NULL DEFAULT '1',
  `is_delete` tinyint(1) NOT NULL DEFAULT '0',
  `created_by` int(12) NOT NULL,
  `created_time` datetime NOT NULL,
  `created_ip` varchar(100) NOT NULL,
  `modified_by` int(12) NOT NULL,
  `modified_time` datetime NOT NULL,
  `modified_ip` varchar(100) NOT NULL
) ENGINE=InnoDB DEFAULT CHARSET=latin1;

/*!40000 ALTER TABLE `ft_broker_general` DISABLE KEYS */;
INSERT INTO `ft_broker_general` VALUES ('0','1','0','','','','','','0','0','','','','0','0','','0','','','0','','1970-01-01','1970-01-01','0','1970-01-01','','','','1','1970-01-01','1','','','0','0','0000-00-00','0000-00-00','0','0','0','0','0','0','0','1','0','21','2018-08-02 10:13:38','103.36.122.212','21','2018-08-11 18:19:18','103.36.122.212'),('0','2','0','','','','','','0','0','','','','0','0','','0','','','user03','123456','1970-01-01','1970-01-01','0','1970-01-01','','','','1','1970-01-01','1','','','0','0','0000-00-00','0000-00-00','0','0','0','0','0','0','0','1','0','21','2018-08-02 10:15:45','103.36.122.212','1','2021-10-16 04:20:35','96.55.37.191'),('0','3','0','','','','','','0','0','','','','0','0','','0','','','0','','1970-01-01','1970-01-01','3','1970-01-01','','','','1','1970-01-01','1','','','0','0','0000-00-00','0000-00-00','0','0','0','0','0','0','0','1','0','21','2018-08-02 18:22:56','103.36.122.212','1','2021-10-26 14:32:34','27.255.251.202'),('0','4','0','','','','','','0','0','','','','0','0','','0','','','0','','1970-01-01','1970-01-01','0','1970-01-01','','','','1','1970-01-01','1','','','0','0','0000-00-00','0000-00-00','0','0','0','0','0','0','0','1','0','21','2018-08-02 18:26:28','103.36.122.212','1','2021-10-16 04:21:08','96.55.37.191'),('0','5','0','','','','','','9','0','','','','1','0','','0','','','','','1970-01-01','1970-01-01','0','1970-01-01','','','','1','1970-01-01','1','','','0','0','0000-00-00','0000-00-00','0','0','0','0','0','0','0','1','0','1','2021-06-26 11:41:08','96.55.37.191','1','2021-10-16 04:20:52','96.55.37.191'),('0','6','0','','','','','','0','0','','','','0','0','','0','','','','','1970-01-01','1970-01-01','0','1970-01-01','','','','1','1970-01-01','1','','','0','0','0000-00-00','0000-00-00','0','0','0','0','0','0','0','1','0','1','2021-06-26 11:42:44','96.55.37.191','1','2021-10-16 04:19:44','96.55.37.191'),('0','7','0','','','','','','0','0','','','','0','0','','0','','','','','1970-01-01','1970-01-01','0','1970-01-01','','','','1','1970-01-01','1','','','0','0','0000-00-00','0000-00-00','0','0','0','0','0','0','0','1','0','1','2021-08-30 02:42:26','107.210.168.81','0','0000-00-00 00:00:00','');
/*!40000 ALTER TABLE `ft_broker_general` ENABLE KEYS */;

DROP TABLE IF EXISTS `ft_broker_history`;
CREATE TABLE `ft_broker_history` (
  `id` int(12) NOT NULL AUTO_INCREMENT,
  `broker_id` int(12) NOT NULL,
  `field` varchar(100) NOT NULL,
  `old_value` varchar(100) NOT NULL,
  `new_value` varchar(100) NOT NULL,
  `status` tinyint(1) NOT NULL DEFAULT '1',
  `is_delete` tinyint(1) NOT NULL DEFAULT '0',
  `created_by` int(12) NOT NULL,
  `created_time` datetime NOT NULL,
  `created_ip` varchar(100) NOT NULL,
  `modified_by` int(12) NOT NULL,
  `modified_time` datetime NOT NULL,
  `modified_ip` varchar(100) NOT NULL,
  PRIMARY KEY (`id`)
) ENGINE=InnoDB AUTO_INCREMENT=18 DEFAULT CHARSET=latin1;

/*!40000 ALTER TABLE `ft_broker_history` DISABLE KEYS */;
INSERT INTO `ft_broker_history` VALUES ('1','3','first_name','DANIEL','Daniel','0','0','1','2021-10-16 04:19:18','96.55.37.191','1','2021-10-16 04:19:18','96.55.37.191'),('2','3','last_name','SULLIVAN','Sullivan','0','0','1','2021-10-16 04:19:18','96.55.37.191','1','2021-10-16 04:19:18','96.55.37.191'),('3','3','Series Registrations','','Updated the values','0','0','1','2021-10-16 04:19:18','96.55.37.191','1','2021-10-16 04:19:18','96.55.37.191'),('4','6','first_name','DAGMER','Dagmer','0','0','1','2021-10-16 04:19:44','96.55.37.191','1','2021-10-16 04:19:44','96.55.37.191'),('5','6','last_name','CHRISTENSEN','Christensen','0','0','1','2021-10-16 04:19:44','96.55.37.191','1','2021-10-16 04:19:44','96.55.37.191'),('6','6','active_status','0','1','0','0','1','2021-10-16 04:19:44','96.55.37.191','1','2021-10-16 04:19:44','96.55.37.191'),('7','6','Series Registrations','','Updated the values','0','0','1','2021-10-16 04:19:44','96.55.37.191','1','2021-10-16 04:19:44','96.55.37.191'),('8','2','active_status','0','1','0','0','1','2021-10-16 04:20:35','96.55.37.191','1','2021-10-16 04:20:35','96.55.37.191'),('9','2','Series Registrations','','Updated the values','0','0','1','2021-10-16 04:20:36','96.55.37.191','1','2021-10-16 04:20:36','96.55.37.191'),('10','5','first_name','LIZ','Liz','0','0','1','2021-10-16 04:20:52','96.55.37.191','1','2021-10-16 04:20:52','96.55.37.191'),('11','5','last_name','CASPER','Casper','0','0','1','2021-10-16 04:20:52','96.55.37.191','1','2021-10-16 04:20:52','96.55.37.191'),('12','5','Series Registrations','','Updated the values','0','0','1','2021-10-16 04:20:52','96.55.37.191','1','2021-10-16 04:20:52','96.55.37.191'),('13','4','first_name','ROBERT','Robert','0','0','1','2021-10-16 04:21:08','96.55.37.191','1','2021-10-16 04:21:08','96.55.37.191'),('14','4','last_name','FENTON','Fenton','0','0','1','2021-10-16 04:21:08','96.55.37.191','1','2021-10-16 04:21:08','96.55.37.191'),('15','4','active_status','0','1','0','0','1','2021-10-16 04:21:08','96.55.37.191','1','2021-10-16 04:21:08','96.55.37.191'),('16','4','Series Registrations','','Updated the values','0','0','1','2021-10-16 04:21:08','96.55.37.191','1','2021-10-16 04:21:08','96.55.37.191'),('17','3','Series Registrations','','Updated the values','0','0','1','2021-10-26 14:32:34','27.255.251.202','1','2021-10-26 14:32:34','27.255.251.202');
/*!40000 ALTER TABLE `ft_broker_history` ENABLE KEYS */;

DROP TABLE IF EXISTS `ft_broker_licences_insurance`;
CREATE TABLE `ft_broker_licences_insurance` (
  `id` int(11) NOT NULL AUTO_INCREMENT,
  `broker_id` int(11) NOT NULL,
  `type_of_licences` tinyint(1) NOT NULL DEFAULT '1' COMMENT '1-securities,2-insurance,3-RIA',
  `state_id` int(8) NOT NULL,
  `waive_home_state_fee` tinyint(1) NOT NULL DEFAULT '0',
  `product_category` tinyint(1) NOT NULL DEFAULT '0',
  `active_check` tinyint(1) NOT NULL DEFAULT '0',
  `fee` varchar(20) NOT NULL,
  `received` date NOT NULL,
  `terminated` date NOT NULL,
  `reson` text NOT NULL,
  `status` tinyint(1) NOT NULL DEFAULT '1',
  `is_delete` tinyint(1) NOT NULL DEFAULT '0',
  `created_by` int(12) NOT NULL,
  `created_time` datetime NOT NULL,
  `created_ip` varchar(100) NOT NULL,
  `modified_by` int(12) NOT NULL,
  `modified_time` datetime NOT NULL,
  `modified_ip` varchar(100) NOT NULL,
  PRIMARY KEY (`id`)
) ENGINE=InnoDB AUTO_INCREMENT=417 DEFAULT CHARSET=latin1;

/*!40000 ALTER TABLE `ft_broker_licences_insurance` DISABLE KEYS */;
INSERT INTO `ft_broker_licences_insurance` VALUES ('1','1','3','1','0','0','0','','1970-01-01','1970-01-01','','1','0','21','2018-08-02 10:13:38','103.36.122.212','21','2018-08-11 18:19:18','103.36.122.212'),('2','1','3','2','0','0','0','','1970-01-01','1970-01-01','','1','0','21','2018-08-02 10:13:38','103.36.122.212','21','2018-08-11 18:19:18','103.36.122.212'),('3','1','3','3','0','0','0','','1970-01-01','1970-01-01','','1','0','21','2018-08-02 10:13:38','103.36.122.212','21','2018-08-11 18:19:18','103.36.122.212'),('4','1','3','4','0','0','0','','1970-01-01','1970-01-01','','1','0','21','2018-08-02 10:13:38','103.36.122.212','21','2018-08-11 18:19:18','103.36.122.212'),('5','1','3','5','0','0','0','','1970-01-01','1970-01-01','','1','0','21','2018-08-02 10:13:38','103.36.122.212','21','2018-08-11 18:19:18','103.36.122.212'),('6','1','3','6','0','0','0','','1970-01-01','1970-01-01','','1','0','21','2018-08-02 10:13:38','103.36.122.212','21','2018-08-11 18:19:18','103.36.122.212'),('7','1','3','7','0','0','0','','1970-01-01','1970-01-01','','1','0','21','2018-08-02 10:13:38','103.36.122.212','21','2018-08-11 18:19:18','103.36.122.212'),('8','1','3','8','0','0','0','','1970-01-01','1970-01-01','','1','0','21','2018-08-02 10:13:38','103.36.122.212','21','2018-08-11 18:19:18','103.36.122.212'),('9','1','3','9','0','0','0','','1970-01-01','1970-01-01','','1','0','21','2018-08-02 10:13:38','103.36.122.212','21','2018-08-11 18:19:18','103.36.122.212'),('10','1','3','10','0','0','0','','1970-01-01','1970-01-01','','1','0','21','2018-08-02 10:13:38','103.36.122.212','21','2018-08-11 18:19:18','103.36.122.212'),('11','1','3','11','0','0','0','','1970-01-01','1970-01-01','','1','0','21','2018-08-02 10:13:38','103.36.122.212','21','2018-08-11 18:19:18','103.36.122.212'),('12','1','3','12','0','0','0','','1970-01-01','1970-01-01','','1','0','21','2018-08-02 10:13:38','103.36.122.212','21','2018-08-11 18:19:18','103.36.122.212'),('13','1','3','13','0','0','0','','1970-01-01','1970-01-01','','1','0','21','2018-08-02 10:13:38','103.36.122.212','21','2018-08-11 18:19:18','103.36.122.212'),('14','1','3','14','0','0','0','','1970-01-01','1970-01-01','','1','0','21','2018-08-02 10:13:38','103.36.122.212','21','2018-08-11 18:19:18','103.36.122.212'),('15','1','3','15','0','0','0','','1970-01-01','1970-01-01','','1','0','21','2018-08-02 10:13:38','103.36.122.212','21','2018-08-11 18:19:18','103.36.122.212'),('16','1','3','16','0','0','0','','1970-01-01','1970-01-01','','1','0','21','2018-08-02 10:13:38','103.36.122.212','21','2018-08-11 18:19:18','103.36.122.212'),('17','1','3','17','0','0','0','','1970-01-01','1970-01-01','','1','0','21','2018-08-02 10:13:38','103.36.122.212','21','2018-08-11 18:19:18','103.36.122.212'),('18','1','3','18','0','0','0','','1970-01-01','1970-01-01','','1','0','21','2018-08-02 10:13:38','103.36.122.212','21','2018-08-11 18:19:18','103.36.122.212'),('19','1','3','19','0','0','0','','1970-01-01','1970-01-01','','1','0','21','2018-08-02 10:13:38','103.36.122.212','21','2018-08-11 18:19:18','103.36.122.212'),('20','1','3','20','0','0','0','','1970-01-01','1970-01-01','','1','0','21','2018-08-02 10:13:38','103.36.122.212','21','2018-08-11 18:19:18','103.36.122.212'),('21','1','3','21','0','0','0','','1970-01-01','1970-01-01','','1','0','21','2018-08-02 10:13:38','103.36.122.212','21','2018-08-11 18:19:18','103.36.122.212'),('22','1','3','22','0','0','0','','1970-01-01','1970-01-01','','1','0','21','2018-08-02 10:13:38','103.36.122.212','21','2018-08-11 18:19:18','103.36.122.212'),('23','1','3','23','0','0','0','','1970-01-01','1970-01-01','','1','0','21','2018-08-02 10:13:38','103.36.122.212','21','2018-08-11 18:19:18','103.36.122.212'),('24','1','3','24','0','0','0','','1970-01-01','1970-01-01','','1','0','21','2018-08-02 10:13:38','103.36.122.212','21','2018-08-11 18:19:18','103.36.122.212'),('25','1','3','25','0','0','0','','1970-01-01','1970-01-01','','1','0','21','2018-08-02 10:13:38','103.36.122.212','21','2018-08-11 18:19:18','103.36.122.212'),('26','1','3','26','0','0','0','','1970-01-01','1970-01-01','','1','0','21','2018-08-02 10:13:38','103.36.122.212','21','2018-08-11 18:19:18','103.36.122.212'),('27','1','3','27','0','0','0','','1970-01-01','1970-01-01','','1','0','21','2018-08-02 10:13:38','103.36.122.212','21','2018-08-11 18:19:18','103.36.122.212'),('28','1','3','28','0','0','0','','1970-01-01','1970-01-01','','1','0','21','2018-08-02 10:13:38','103.36.122.212','21','2018-08-11 18:19:18','103.36.122.212'),('29','1','3','29','0','0','0','','1970-01-01','1970-01-01','','1','0','21','2018-08-02 10:13:38','103.36.122.212','21','2018-08-11 18:19:18','103.36.122.212'),('30','1','3','30','0','0','0','','1970-01-01','1970-01-01','','1','0','21','2018-08-02 10:13:38','103.36.122.212','21','2018-08-11 18:19:18','103.36.122.212'),('31','1','3','31','0','0','0','','1970-01-01','1970-01-01','','1','0','21','2018-08-02 10:13:38','103.36.122.212','21','2018-08-11 18:19:18','103.36.122.212'),('32','1','3','32','0','0','0','','1970-01-01','1970-01-01','','1','0','21','2018-08-02 10:13:38','103.36.122.212','21','2018-08-11 18:19:18','103.36.122.212'),('33','1','3','33','0','0','0','','1970-01-01','1970-01-01','','1','0','21','2018-08-02 10:13:38','103.36.122.212','21','2018-08-11 18:19:18','103.36.122.212'),('34','1','3','34','0','0','0','','1970-01-01','1970-01-01','','1','0','21','2018-08-02 10:13:38','103.36.122.212','21','2018-08-11 18:19:18','103.36.122.212'),('35','1','3','35','0','0','0','','1970-01-01','1970-01-01','','1','0','21','2018-08-02 10:13:38','103.36.122.212','21','2018-08-11 18:19:18','103.36.122.212'),('36','1','3','36','0','0','0','','1970-01-01','1970-01-01','','1','0','21','2018-08-02 10:13:38','103.36.122.212','21','2018-08-11 18:19:18','103.36.122.212'),('37','1','3','37','0','0','0','','1970-01-01','1970-01-01','','1','0','21','2018-08-02 10:13:38','103.36.122.212','21','2018-08-11 18:19:18','103.36.122.212'),('38','1','3','38','0','0','0','','1970-01-01','1970-01-01','','1','0','21','2018-08-02 10:13:38','103.36.122.212','21','2018-08-11 18:19:18','103.36.122.212'),('39','1','3','39','0','0','0','','1970-01-01','1970-01-01','','1','0','21','2018-08-02 10:13:38','103.36.122.212','21','2018-08-11 18:19:18','103.36.122.212'),('40','1','3','40','0','0','0','','1970-01-01','1970-01-01','','1','0','21','2018-08-02 10:13:38','103.36.122.212','21','2018-08-11 18:19:18','103.36.122.212'),('41','1','3','41','0','0','0','','1970-01-01','1970-01-01','','1','0','21','2018-08-02 10:13:38','103.36.122.212','21','2018-08-11 18:19:18','103.36.122.212'),('42','1','3','42','0','0','0','','1970-01-01','1970-01-01','','1','0','21','2018-08-02 10:13:38','103.36.122.212','21','2018-08-11 18:19:18','103.36.122.212'),('43','1','3','43','0','0','0','','1970-01-01','1970-01-01','','1','0','21','2018-08-02 10:13:38','103.36.122.212','21','2018-08-11 18:19:18','103.36.122.212'),('44','1','3','44','0','0','0','','1970-01-01','1970-01-01','','1','0','21','2018-08-02 10:13:38','103.36.122.212','21','2018-08-11 18:19:18','103.36.122.212'),('45','1','3','45','0','0','0','','1970-01-01','1970-01-01','','1','0','21','2018-08-02 10:13:38','103.36.122.212','21','2018-08-11 18:19:18','103.36.122.212'),('46','1','3','46','0','0','0','','1970-01-01','1970-01-01','','1','0','21','2018-08-02 10:13:38','103.36.122.212','21','2018-08-11 18:19:18','103.36.122.212'),('47','1','3','47','0','0','0','','1970-01-01','1970-01-01','','1','0','21','2018-08-02 10:13:38','103.36.122.212','21','2018-08-11 18:19:18','103.36.122.212'),('48','1','3','48','0','0','0','','1970-01-01','1970-01-01','','1','0','21','2018-08-02 10:13:38','103.36.122.212','21','2018-08-11 18:19:18','103.36.122.212'),('49','1','3','49','0','0','0','','1970-01-01','1970-01-01','','1','0','21','2018-08-02 10:13:38','103.36.122.212','21','2018-08-11 18:19:18','103.36.122.212'),('50','1','3','50','0','0','0','','1970-01-01','1970-01-01','','1','0','21','2018-08-02 10:13:38','103.36.122.212','21','2018-08-11 18:19:18','103.36.122.212'),('51','1','3','51','0','0','0','','1970-01-01','1970-01-01','','1','0','21','2018-08-02 10:13:38','103.36.122.212','21','2018-08-11 18:19:18','103.36.122.212'),('52','1','3','52','0','0','0','','1970-01-01','1970-01-01','','1','0','21','2018-08-02 10:13:38','103.36.122.212','21','2018-08-11 18:19:18','103.36.122.212'),('53','2','3','1','0','0','0','','1970-01-01','1970-01-01','','1','0','21','2018-08-02 10:15:45','103.36.122.212','1','2021-06-26 23:28:22','96.55.37.191'),('54','2','3','2','0','0','0','','1970-01-01','1970-01-01','','1','0','21','2018-08-02 10:15:45','103.36.122.212','1','2021-06-26 23:28:22','96.55.37.191'),('55','2','3','3','0','0','0','','1970-01-01','1970-01-01','','1','0','21','2018-08-02 10:15:45','103.36.122.212','1','2021-06-26 23:28:22','96.55.37.191'),('56','2','3','4','0','0','0','','1970-01-01','1970-01-01','','1','0','21','2018-08-02 10:15:45','103.36.122.212','1','2021-06-26 23:28:22','96.55.37.191'),('57','2','3','5','0','0','0','','1970-01-01','1970-01-01','','1','0','21','2018-08-02 10:15:45','103.36.122.212','1','2021-06-26 23:28:22','96.55.37.191'),('58','2','3','6','0','0','0','','1970-01-01','1970-01-01','','1','0','21','2018-08-02 10:15:45','103.36.122.212','1','2021-06-26 23:28:22','96.55.37.191'),('59','2','3','7','0','0','0','','1970-01-01','1970-01-01','','1','0','21','2018-08-02 10:15:45','103.36.122.212','1','2021-06-26 23:28:22','96.55.37.191'),('60','2','3','8','0','0','0','','1970-01-01','1970-01-01','','1','0','21','2018-08-02 10:15:45','103.36.122.212','1','2021-06-26 23:28:22','96.55.37.191'),('61','2','3','9','0','0','0','','1970-01-01','1970-01-01','','1','0','21','2018-08-02 10:15:45','103.36.122.212','1','2021-06-26 23:28:22','96.55.37.191'),('62','2','3','10','0','0','0','','1970-01-01','1970-01-01','','1','0','21','2018-08-02 10:15:45','103.36.122.212','1','2021-06-26 23:28:22','96.55.37.191'),('63','2','3','11','0','0','0','','1970-01-01','1970-01-01','','1','0','21','2018-08-02 10:15:45','103.36.122.212','1','2021-06-26 23:28:22','96.55.37.191'),('64','2','3','12','0','0','0','','1970-01-01','1970-01-01','','1','0','21','2018-08-02 10:15:45','103.36.122.212','1','2021-06-26 23:28:22','96.55.37.191'),('65','2','3','13','0','0','0','','1970-01-01','1970-01-01','','1','0','21','2018-08-02 10:15:45','103.36.122.212','1','2021-06-26 23:28:22','96.55.37.191'),('66','2','3','14','0','0','0','','1970-01-01','1970-01-01','','1','0','21','2018-08-02 10:15:45','103.36.122.212','1','2021-06-26 23:28:22','96.55.37.191'),('67','2','3','15','0','0','0','','1970-01-01','1970-01-01','','1','0','21','2018-08-02 10:15:45','103.36.122.212','1','2021-06-26 23:28:22','96.55.37.191'),('68','2','3','16','0','0','0','','1970-01-01','1970-01-01','','1','0','21','2018-08-02 10:15:45','103.36.122.212','1','2021-06-26 23:28:22','96.55.37.191'),('69','2','3','17','0','0','0','','1970-01-01','1970-01-01','','1','0','21','2018-08-02 10:15:45','103.36.122.212','1','2021-06-26 23:28:22','96.55.37.191'),('70','2','3','18','0','0','0','','1970-01-01','1970-01-01','','1','0','21','2018-08-02 10:15:45','103.36.122.212','1','2021-06-26 23:28:22','96.55.37.191'),('71','2','3','19','0','0','0','','1970-01-01','1970-01-01','','1','0','21','2018-08-02 10:15:45','103.36.122.212','1','2021-06-26 23:28:22','96.55.37.191'),('72','2','3','20','0','0','0','','1970-01-01','1970-01-01','','1','0','21','2018-08-02 10:15:45','103.36.122.212','1','2021-06-26 23:28:22','96.55.37.191'),('73','2','3','21','0','0','0','','1970-01-01','1970-01-01','','1','0','21','2018-08-02 10:15:45','103.36.122.212','1','2021-06-26 23:28:22','96.55.37.191'),('74','2','3','22','0','0','0','','1970-01-01','1970-01-01','','1','0','21','2018-08-02 10:15:45','103.36.122.212','1','2021-06-26 23:28:22','96.55.37.191'),('75','2','3','23','0','0','0','','1970-01-01','1970-01-01','','1','0','21','2018-08-02 10:15:45','103.36.122.212','1','2021-06-26 23:28:22','96.55.37.191'),('76','2','3','24','0','0','0','','1970-01-01','1970-01-01','','1','0','21','2018-08-02 10:15:45','103.36.122.212','1','2021-06-26 23:28:22','96.55.37.191'),('77','2','3','25','0','0','0','','1970-01-01','1970-01-01','','1','0','21','2018-08-02 10:15:45','103.36.122.212','1','2021-06-26 23:28:22','96.55.37.191'),('78','2','3','26','0','0','0','','1970-01-01','1970-01-01','','1','0','21','2018-08-02 10:15:45','103.36.122.212','1','2021-06-26 23:28:22','96.55.37.191'),('79','2','3','27','0','0','0','','1970-01-01','1970-01-01','','1','0','21','2018-08-02 10:15:45','103.36.122.212','1','2021-06-26 23:28:22','96.55.37.191'),('80','2','3','28','0','0','0','','1970-01-01','1970-01-01','','1','0','21','2018-08-02 10:15:45','103.36.122.212','1','2021-06-26 23:28:22','96.55.37.191'),('81','2','3','29','0','0','0','','1970-01-01','1970-01-01','','1','0','21','2018-08-02 10:15:45','103.36.122.212','1','2021-06-26 23:28:22','96.55.37.191'),('82','2','3','30','0','0','0','','1970-01-01','1970-01-01','','1','0','21','2018-08-02 10:15:45','103.36.122.212','1','2021-06-26 23:28:22','96.55.37.191'),('83','2','3','31','0','0','0','','1970-01-01','1970-01-01','','1','0','21','2018-08-02 10:15:45','103.36.122.212','1','2021-06-26 23:28:22','96.55.37.191'),('84','2','3','32','0','0','0','','1970-01-01','1970-01-01','','1','0','21','2018-08-02 10:15:45','103.36.122.212','1','2021-06-26 23:28:22','96.55.37.191'),('85','2','3','33','0','0','0','','1970-01-01','1970-01-01','','1','0','21','2018-08-02 10:15:45','103.36.122.212','1','2021-06-26 23:28:22','96.55.37.191'),('86','2','3','34','0','0','0','','1970-01-01','1970-01-01','','1','0','21','2018-08-02 10:15:45','103.36.122.212','1','2021-06-26 23:28:22','96.55.37.191'),('87','2','3','35','0','0','0','','1970-01-01','1970-01-01','','1','0','21','2018-08-02 10:15:45','103.36.122.212','1','2021-06-26 23:28:22','96.55.37.191'),('88','2','3','36','0','0','0','','1970-01-01','1970-01-01','','1','0','21','2018-08-02 10:15:45','103.36.122.212','1','2021-06-26 23:28:22','96.55.37.191'),('89','2','3','37','0','0','0','','1970-01-01','1970-01-01','','1','0','21','2018-08-02 10:15:45','103.36.122.212','1','2021-06-26 23:28:22','96.55.37.191'),('90','2','3','38','0','0','0','','1970-01-01','1970-01-01','','1','0','21','2018-08-02 10:15:45','103.36.122.212','1','2021-06-26 23:28:22','96.55.37.191'),('91','2','3','39','0','0','0','','1970-01-01','1970-01-01','','1','0','21','2018-08-02 10:15:45','103.36.122.212','1','2021-06-26 23:28:22','96.55.37.191'),('92','2','3','40','0','0','0','','1970-01-01','1970-01-01','','1','0','21','2018-08-02 10:15:45','103.36.122.212','1','2021-06-26 23:28:22','96.55.37.191'),('93','2','3','41','0','0','0','','1970-01-01','1970-01-01','','1','0','21','2018-08-02 10:15:45','103.36.122.212','1','2021-06-26 23:28:22','96.55.37.191'),('94','2','3','42','0','0','0','','1970-01-01','1970-01-01','','1','0','21','2018-08-02 10:15:45','103.36.122.212','1','2021-06-26 23:28:22','96.55.37.191'),('95','2','3','43','0','0','0','','1970-01-01','1970-01-01','','1','0','21','2018-08-02 10:15:45','103.36.122.212','1','2021-06-26 23:28:22','96.55.37.191'),('96','2','3','44','0','0','0','','1970-01-01','1970-01-01','','1','0','21','2018-08-02 10:15:45','103.36.122.212','1','2021-06-26 23:28:22','96.55.37.191'),('97','2','3','45','0','0','0','','1970-01-01','1970-01-01','','1','0','21','2018-08-02 10:15:45','103.36.122.212','1','2021-06-26 23:28:22','96.55.37.191'),('98','2','3','46','0','0','0','','1970-01-01','1970-01-01','','1','0','21','2018-08-02 10:15:45','103.36.122.212','1','2021-06-26 23:28:22','96.55.37.191'),('99','2','3','47','0','0','0','','1970-01-01','1970-01-01','','1','0','21','2018-08-02 10:15:45','103.36.122.212','1','2021-06-26 23:28:22','96.55.37.191'),('100','2','3','48','0','0','0','','1970-01-01','1970-01-01','','1','0','21','2018-08-02 10:15:45','103.36.122.212','1','2021-06-26 23:28:22','96.55.37.191'),('101','2','3','49','0','0','0','','1970-01-01','1970-01-01','','1','0','21','2018-08-02 10:15:45','103.36.122.212','1','2021-06-26 23:28:22','96.55.37.191'),('102','2','3','50','0','0','0','','1970-01-01','1970-01-01','','1','0','21','2018-08-02 10:15:45','103.36.122.212','1','2021-06-26 23:28:22','96.55.37.191'),('103','2','3','51','0','0','0','','1970-01-01','1970-01-01','','1','0','21','2018-08-02 10:15:45','103.36.122.212','1','2021-06-26 23:28:22','96.55.37.191'),('104','2','3','52','0','0','0','','1970-01-01','1970-01-01','','1','0','21','2018-08-02 10:15:45','103.36.122.212','1','2021-06-26 23:28:22','96.55.37.191'),('105','3','3','1','0','0','0','','1970-01-01','1970-01-01','','1','0','21','2018-08-02 18:22:56','103.36.122.212','21','2021-07-27 12:07:34','49.34.9.103'),('106','3','3','2','0','0','0','','1970-01-01','1970-01-01','','1','0','21','2018-08-02 18:22:56','103.36.122.212','21','2021-07-27 12:07:34','49.34.9.103'),('107','3','3','3','0','0','0','','1970-01-01','1970-01-01','','1','0','21','2018-08-02 18:22:56','103.36.122.212','21','2021-07-27 12:07:34','49.34.9.103'),('108','3','3','4','0','0','0','','1970-01-01','1970-01-01','','1','0','21','2018-08-02 18:22:56','103.36.122.212','21','2021-07-27 12:07:34','49.34.9.103'),('109','3','3','5','0','0','0','','1970-01-01','1970-01-01','','1','0','21','2018-08-02 18:22:56','103.36.122.212','21','2021-07-27 12:07:34','49.34.9.103'),('110','3','3','6','0','0','0','','1970-01-01','1970-01-01','','1','0','21','2018-08-02 18:22:56','103.36.122.212','21','2021-07-27 12:07:34','49.34.9.103'),('111','3','3','7','0','0','0','','1970-01-01','1970-01-01','','1','0','21','2018-08-02 18:22:56','103.36.122.212','21','2021-07-27 12:07:34','49.34.9.103'),('112','3','3','8','0','0','0','','1970-01-01','1970-01-01','','1','0','21','2018-08-02 18:22:56','103.36.122.212','21','2021-07-27 12:07:34','49.34.9.103'),('113','3','3','9','0','0','0','','1970-01-01','1970-01-01','','1','0','21','2018-08-02 18:22:56','103.36.122.212','21','2021-07-27 12:07:34','49.34.9.103'),('114','3','3','10','0','0','0','','1970-01-01','1970-01-01','','1','0','21','2018-08-02 18:22:56','103.36.122.212','21','2021-07-27 12:07:34','49.34.9.103'),('115','3','3','11','0','0','0','','1970-01-01','1970-01-01','','1','0','21','2018-08-02 18:22:56','103.36.122.212','21','2021-07-27 12:07:34','49.34.9.103'),('116','3','3','12','0','0','0','','1970-01-01','1970-01-01','','1','0','21','2018-08-02 18:22:56','103.36.122.212','21','2021-07-27 12:07:34','49.34.9.103'),('117','3','3','13','0','0','0','','1970-01-01','1970-01-01','','1','0','21','2018-08-02 18:22:56','103.36.122.212','21','2021-07-27 12:07:34','49.34.9.103'),('118','3','3','14','0','0','0','','1970-01-01','1970-01-01','','1','0','21','2018-08-02 18:22:56','103.36.122.212','21','2021-07-27 12:07:34','49.34.9.103'),('119','3','3','15','0','0','0','','1970-01-01','1970-01-01','','1','0','21','2018-08-02 18:22:56','103.36.122.212','21','2021-07-27 12:07:34','49.34.9.103'),('120','3','3','16','0','0','0','','1970-01-01','1970-01-01','','1','0','21','2018-08-02 18:22:56','103.36.122.212','21','2021-07-27 12:07:34','49.34.9.103'),('121','3','3','17','0','0','0','','1970-01-01','1970-01-01','','1','0','21','2018-08-02 18:22:56','103.36.122.212','21','2021-07-27 12:07:34','49.34.9.103'),('122','3','3','18','0','0','0','','1970-01-01','1970-01-01','','1','0','21','2018-08-02 18:22:56','103.36.122.212','21','2021-07-27 12:07:34','49.34.9.103'),('123','3','3','19','0','0','0','','1970-01-01','1970-01-01','','1','0','21','2018-08-02 18:22:56','103.36.122.212','21','2021-07-27 12:07:34','49.34.9.103'),('124','3','3','20','0','0','0','','1970-01-01','1970-01-01','','1','0','21','2018-08-02 18:22:56','103.36.122.212','21','2021-07-27 12:07:34','49.34.9.103'),('125','3','3','21','0','0','0','','1970-01-01','1970-01-01','','1','0','21','2018-08-02 18:22:56','103.36.122.212','21','2021-07-27 12:07:34','49.34.9.103'),('126','3','3','22','0','0','0','','1970-01-01','1970-01-01','','1','0','21','2018-08-02 18:22:56','103.36.122.212','21','2021-07-27 12:07:34','49.34.9.103'),('127','3','3','23','0','0','0','','1970-01-01','1970-01-01','','1','0','21','2018-08-02 18:22:56','103.36.122.212','21','2021-07-27 12:07:34','49.34.9.103'),('128','3','3','24','0','0','0','','1970-01-01','1970-01-01','','1','0','21','2018-08-02 18:22:56','103.36.122.212','21','2021-07-27 12:07:34','49.34.9.103'),('129','3','3','25','0','0','0','','1970-01-01','1970-01-01','','1','0','21','2018-08-02 18:22:56','103.36.122.212','21','2021-07-27 12:07:34','49.34.9.103'),('130','3','3','26','0','0','0','','1970-01-01','1970-01-01','','1','0','21','2018-08-02 18:22:56','103.36.122.212','21','2021-07-27 12:07:34','49.34.9.103'),('131','3','3','27','0','0','0','','1970-01-01','1970-01-01','','1','0','21','2018-08-02 18:22:56','103.36.122.212','21','2021-07-27 12:07:34','49.34.9.103'),('132','3','3','28','0','0','0','','1970-01-01','1970-01-01','','1','0','21','2018-08-02 18:22:56','103.36.122.212','21','2021-07-27 12:07:34','49.34.9.103'),('133','3','3','29','0','0','0','','1970-01-01','1970-01-01','','1','0','21','2018-08-02 18:22:56','103.36.122.212','21','2021-07-27 12:07:34','49.34.9.103'),('134','3','3','30','0','0','0','','1970-01-01','1970-01-01','','1','0','21','2018-08-02 18:22:56','103.36.122.212','21','2021-07-27 12:07:34','49.34.9.103'),('135','3','3','31','0','0','0','','1970-01-01','1970-01-01','','1','0','21','2018-08-02 18:22:56','103.36.122.212','21','2021-07-27 12:07:34','49.34.9.103'),('136','3','3','32','0','0','0','','1970-01-01','1970-01-01','','1','0','21','2018-08-02 18:22:56','103.36.122.212','21','2021-07-27 12:07:34','49.34.9.103'),('137','3','3','33','0','0','0','','1970-01-01','1970-01-01','','1','0','21','2018-08-02 18:22:56','103.36.122.212','21','2021-07-27 12:07:34','49.34.9.103'),('138','3','3','34','0','0','0','','1970-01-01','1970-01-01','','1','0','21','2018-08-02 18:22:56','103.36.122.212','21','2021-07-27 12:07:34','49.34.9.103'),('139','3','3','35','0','0','0','','1970-01-01','1970-01-01','','1','0','21','2018-08-02 18:22:56','103.36.122.212','21','2021-07-27 12:07:34','49.34.9.103'),('140','3','3','36','0','0','0','','1970-01-01','1970-01-01','','1','0','21','2018-08-02 18:22:56','103.36.122.212','21','2021-07-27 12:07:34','49.34.9.103'),('141','3','3','37','0','0','0','','1970-01-01','1970-01-01','','1','0','21','2018-08-02 18:22:56','103.36.122.212','21','2021-07-27 12:07:34','49.34.9.103'),('142','3','3','38','0','0','0','','1970-01-01','1970-01-01','','1','0','21','2018-08-02 18:22:56','103.36.122.212','21','2021-07-27 12:07:34','49.34.9.103'),('143','3','3','39','0','0','0','','1970-01-01','1970-01-01','','1','0','21','2018-08-02 18:22:56','103.36.122.212','21','2021-07-27 12:07:34','49.34.9.103'),('144','3','3','40','0','0','0','','1970-01-01','1970-01-01','','1','0','21','2018-08-02 18:22:56','103.36.122.212','21','2021-07-27 12:07:34','49.34.9.103'),('145','3','3','41','0','0','0','','1970-01-01','1970-01-01','','1','0','21','2018-08-02 18:22:56','103.36.122.212','21','2021-07-27 12:07:34','49.34.9.103'),('146','3','3','42','0','0','0','','1970-01-01','1970-01-01','','1','0','21','2018-08-02 18:22:56','103.36.122.212','21','2021-07-27 12:07:34','49.34.9.103'),('147','3','3','43','0','0','0','','1970-01-01','1970-01-01','','1','0','21','2018-08-02 18:22:56','103.36.122.212','21','2021-07-27 12:07:34','49.34.9.103'),('148','3','3','44','0','0','0','','1970-01-01','1970-01-01','','1','0','21','2018-08-02 18:22:56','103.36.122.212','21','2021-07-27 12:07:34','49.34.9.103'),('149','3','3','45','0','0','0','','1970-01-01','1970-01-01','','1','0','21','2018-08-02 18:22:56','103.36.122.212','21','2021-07-27 12:07:34','49.34.9.103'),('150','3','3','46','0','0','0','','1970-01-01','1970-01-01','','1','0','21','2018-08-02 18:22:56','103.36.122.212','21','2021-07-27 12:07:34','49.34.9.103'),('151','3','3','47','0','0','0','','1970-01-01','1970-01-01','','1','0','21','2018-08-02 18:22:56','103.36.122.212','21','2021-07-27 12:07:34','49.34.9.103'),('152','3','3','48','0','0','0','','1970-01-01','1970-01-01','','1','0','21','2018-08-02 18:22:56','103.36.122.212','21','2021-07-27 12:07:34','49.34.9.103'),('153','3','3','49','0','0','0','','1970-01-01','1970-01-01','','1','0','21','2018-08-02 18:22:56','103.36.122.212','21','2021-07-27 12:07:34','49.34.9.103'),('154','3','3','50','0','0','0','','1970-01-01','1970-01-01','','1','0','21','2018-08-02 18:22:56','103.36.122.212','21','2021-07-27 12:07:34','49.34.9.103'),('155','3','3','51','0','0','0','','1970-01-01','1970-01-01','','1','0','21','2018-08-02 18:22:56','103.36.122.212','21','2021-07-27 12:07:34','49.34.9.103'),('156','3','3','52','0','0','0','','1970-01-01','1970-01-01','','1','0','21','2018-08-02 18:22:56','103.36.122.212','21','2021-07-27 12:07:34','49.34.9.103'),('157','4','3','1','0','0','0','','1970-01-01','1970-01-01','','1','0','21','2018-08-02 18:26:28','103.36.122.212','21','2018-11-27 04:33:16','76.176.130.44'),('158','4','3','2','0','0','0','','1970-01-01','1970-01-01','','1','0','21','2018-08-02 18:26:28','103.36.122.212','21','2018-11-27 04:33:16','76.176.130.44'),('159','4','3','3','0','0','0','','1970-01-01','1970-01-01','','1','0','21','2018-08-02 18:26:28','103.36.122.212','21','2018-11-27 04:33:16','76.176.130.44'),('160','4','3','4','0','0','0','','1970-01-01','1970-01-01','','1','0','21','2018-08-02 18:26:28','103.36.122.212','21','2018-11-27 04:33:16','76.176.130.44'),('161','4','3','5','0','0','0','','1970-01-01','1970-01-01','','1','0','21','2018-08-02 18:26:28','103.36.122.212','21','2018-11-27 04:33:16','76.176.130.44'),('162','4','3','6','0','0','0','','1970-01-01','1970-01-01','','1','0','21','2018-08-02 18:26:28','103.36.122.212','21','2018-11-27 04:33:16','76.176.130.44'),('163','4','3','7','0','0','0','','1970-01-01','1970-01-01','','1','0','21','2018-08-02 18:26:28','103.36.122.212','21','2018-11-27 04:33:16','76.176.130.44'),('164','4','3','8','0','0','0','','1970-01-01','1970-01-01','','1','0','21','2018-08-02 18:26:28','103.36.122.212','21','2018-11-27 04:33:16','76.176.130.44'),('165','4','3','9','0','0','0','','1970-01-01','1970-01-01','','1','0','21','2018-08-02 18:26:28','103.36.122.212','21','2018-11-27 04:33:16','76.176.130.44'),('166','4','3','10','0','0','0','','1970-01-01','1970-01-01','','1','0','21','2018-08-02 18:26:28','103.36.122.212','21','2018-11-27 04:33:16','76.176.130.44'),('167','4','3','11','0','0','0','','1970-01-01','1970-01-01','','1','0','21','2018-08-02 18:26:28','103.36.122.212','21','2018-11-27 04:33:16','76.176.130.44'),('168','4','3','12','0','0','0','','1970-01-01','1970-01-01','','1','0','21','2018-08-02 18:26:28','103.36.122.212','21','2018-11-27 04:33:16','76.176.130.44'),('169','4','3','13','0','0','0','','1970-01-01','1970-01-01','','1','0','21','2018-08-02 18:26:28','103.36.122.212','21','2018-11-27 04:33:16','76.176.130.44'),('170','4','3','14','0','0','0','','1970-01-01','1970-01-01','','1','0','21','2018-08-02 18:26:28','103.36.122.212','21','2018-11-27 04:33:16','76.176.130.44'),('171','4','3','15','0','0','0','','1970-01-01','1970-01-01','','1','0','21','2018-08-02 18:26:28','103.36.122.212','21','2018-11-27 04:33:16','76.176.130.44'),('172','4','3','16','0','0','0','','1970-01-01','1970-01-01','','1','0','21','2018-08-02 18:26:28','103.36.122.212','21','2018-11-27 04:33:16','76.176.130.44'),('173','4','3','17','0','0','0','','1970-01-01','1970-01-01','','1','0','21','2018-08-02 18:26:28','103.36.122.212','21','2018-11-27 04:33:16','76.176.130.44'),('174','4','3','18','0','0','0','','1970-01-01','1970-01-01','','1','0','21','2018-08-02 18:26:28','103.36.122.212','21','2018-11-27 04:33:16','76.176.130.44'),('175','4','3','19','0','0','0','','1970-01-01','1970-01-01','','1','0','21','2018-08-02 18:26:28','103.36.122.212','21','2018-11-27 04:33:16','76.176.130.44'),('176','4','3','20','0','0','0','','1970-01-01','1970-01-01','','1','0','21','2018-08-02 18:26:28','103.36.122.212','21','2018-11-27 04:33:16','76.176.130.44'),('177','4','3','21','0','0','0','','1970-01-01','1970-01-01','','1','0','21','2018-08-02 18:26:28','103.36.122.212','21','2018-11-27 04:33:16','76.176.130.44'),('178','4','3','22','0','0','0','','1970-01-01','1970-01-01','','1','0','21','2018-08-02 18:26:28','103.36.122.212','21','2018-11-27 04:33:16','76.176.130.44'),('179','4','3','23','0','0','0','','1970-01-01','1970-01-01','','1','0','21','2018-08-02 18:26:28','103.36.122.212','21','2018-11-27 04:33:16','76.176.130.44'),('180','4','3','24','0','0','0','','1970-01-01','1970-01-01','','1','0','21','2018-08-02 18:26:28','103.36.122.212','21','2018-11-27 04:33:16','76.176.130.44'),('181','4','3','25','0','0','0','','1970-01-01','1970-01-01','','1','0','21','2018-08-02 18:26:28','103.36.122.212','21','2018-11-27 04:33:16','76.176.130.44'),('182','4','3','26','0','0','0','','1970-01-01','1970-01-01','','1','0','21','2018-08-02 18:26:28','103.36.122.212','21','2018-11-27 04:33:16','76.176.130.44'),('183','4','3','27','0','0','0','','1970-01-01','1970-01-01','','1','0','21','2018-08-02 18:26:28','103.36.122.212','21','2018-11-27 04:33:16','76.176.130.44'),('184','4','3','28','0','0','0','','1970-01-01','1970-01-01','','1','0','21','2018-08-02 18:26:28','103.36.122.212','21','2018-11-27 04:33:16','76.176.130.44'),('185','4','3','29','0','0','0','','1970-01-01','1970-01-01','','1','0','21','2018-08-02 18:26:28','103.36.122.212','21','2018-11-27 04:33:16','76.176.130.44'),('186','4','3','30','0','0','0','','1970-01-01','1970-01-01','','1','0','21','2018-08-02 18:26:28','103.36.122.212','21','2018-11-27 04:33:16','76.176.130.44'),('187','4','3','31','0','0','0','','1970-01-01','1970-01-01','','1','0','21','2018-08-02 18:26:28','103.36.122.212','21','2018-11-27 04:33:16','76.176.130.44'),('188','4','3','32','0','0','0','','1970-01-01','1970-01-01','','1','0','21','2018-08-02 18:26:28','103.36.122.212','21','2018-11-27 04:33:16','76.176.130.44'),('189','4','3','33','0','0','0','','1970-01-01','1970-01-01','','1','0','21','2018-08-02 18:26:28','103.36.122.212','21','2018-11-27 04:33:16','76.176.130.44'),('190','4','3','34','0','0','0','','1970-01-01','1970-01-01','','1','0','21','2018-08-02 18:26:28','103.36.122.212','21','2018-11-27 04:33:16','76.176.130.44'),('191','4','3','35','0','0','0','','1970-01-01','1970-01-01','','1','0','21','2018-08-02 18:26:28','103.36.122.212','21','2018-11-27 04:33:16','76.176.130.44'),('192','4','3','36','0','0','0','','1970-01-01','1970-01-01','','1','0','21','2018-08-02 18:26:28','103.36.122.212','21','2018-11-27 04:33:16','76.176.130.44'),('193','4','3','37','0','0','0','','1970-01-01','1970-01-01','','1','0','21','2018-08-02 18:26:28','103.36.122.212','21','2018-11-27 04:33:16','76.176.130.44'),('194','4','3','38','0','0','0','','1970-01-01','1970-01-01','','1','0','21','2018-08-02 18:26:28','103.36.122.212','21','2018-11-27 04:33:16','76.176.130.44'),('195','4','3','39','0','0','0','','1970-01-01','1970-01-01','','1','0','21','2018-08-02 18:26:28','103.36.122.212','21','2018-11-27 04:33:16','76.176.130.44'),('196','4','3','40','0','0','0','','1970-01-01','1970-01-01','','1','0','21','2018-08-02 18:26:28','103.36.122.212','21','2018-11-27 04:33:16','76.176.130.44'),('197','4','3','41','0','0','0','','1970-01-01','1970-01-01','','1','0','21','2018-08-02 18:26:28','103.36.122.212','21','2018-11-27 04:33:16','76.176.130.44'),('198','4','3','42','0','0','0','','1970-01-01','1970-01-01','','1','0','21','2018-08-02 18:26:28','103.36.122.212','21','2018-11-27 04:33:16','76.176.130.44'),('199','4','3','43','0','0','0','','1970-01-01','1970-01-01','','1','0','21','2018-08-02 18:26:28','103.36.122.212','21','2018-11-27 04:33:16','76.176.130.44'),('200','4','3','44','0','0','0','','1970-01-01','1970-01-01','','1','0','21','2018-08-02 18:26:28','103.36.122.212','21','2018-11-27 04:33:16','76.176.130.44'),('201','4','3','45','0','0','0','','1970-01-01','1970-01-01','','1','0','21','2018-08-02 18:26:28','103.36.122.212','21','2018-11-27 04:33:16','76.176.130.44'),('202','4','3','46','0','0','0','','1970-01-01','1970-01-01','','1','0','21','2018-08-02 18:26:28','103.36.122.212','21','2018-11-27 04:33:16','76.176.130.44'),('203','4','3','47','0','0','0','','1970-01-01','1970-01-01','','1','0','21','2018-08-02 18:26:28','103.36.122.212','21','2018-11-27 04:33:16','76.176.130.44'),('204','4','3','48','0','0','0','','1970-01-01','1970-01-01','','1','0','21','2018-08-02 18:26:28','103.36.122.212','21','2018-11-27 04:33:16','76.176.130.44'),('205','4','3','49','0','0','0','','1970-01-01','1970-01-01','','1','0','21','2018-08-02 18:26:28','103.36.122.212','21','2018-11-27 04:33:16','76.176.130.44'),('206','4','3','50','0','0','0','','1970-01-01','1970-01-01','','1','0','21','2018-08-02 18:26:28','103.36.122.212','21','2018-11-27 04:33:16','76.176.130.44'),('207','4','3','51','0','0','0','','1970-01-01','1970-01-01','','1','0','21','2018-08-02 18:26:28','103.36.122.212','21','2018-11-27 04:33:16','76.176.130.44'),('208','4','3','52','0','0','0','','1970-01-01','1970-01-01','','1','0','21','2018-08-02 18:26:28','103.36.122.212','21','2018-11-27 04:33:16','76.176.130.44'),('209','5','3','1','0','0','0','','1970-01-01','1970-01-01','','1','0','1','2021-06-26 11:41:08','96.55.37.191','1','2021-07-05 12:28:39','96.55.37.191'),('210','5','3','2','0','0','0','','1970-01-01','1970-01-01','','1','0','1','2021-06-26 11:41:08','96.55.37.191','1','2021-07-05 12:28:39','96.55.37.191'),('211','5','3','3','0','0','0','','1970-01-01','1970-01-01','','1','0','1','2021-06-26 11:41:08','96.55.37.191','1','2021-07-05 12:28:39','96.55.37.191'),('212','5','3','4','0','0','0','','1970-01-01','1970-01-01','','1','0','1','2021-06-26 11:41:08','96.55.37.191','1','2021-07-05 12:28:39','96.55.37.191'),('213','5','3','5','0','0','0','','1970-01-01','1970-01-01','','1','0','1','2021-06-26 11:41:08','96.55.37.191','1','2021-07-05 12:28:39','96.55.37.191'),('214','5','3','6','0','0','0','','1970-01-01','1970-01-01','','1','0','1','2021-06-26 11:41:08','96.55.37.191','1','2021-07-05 12:28:39','96.55.37.191'),('215','5','3','7','0','0','0','','1970-01-01','1970-01-01','','1','0','1','2021-06-26 11:41:08','96.55.37.191','1','2021-07-05 12:28:39','96.55.37.191'),('216','5','3','8','0','0','0','','1970-01-01','1970-01-01','','1','0','1','2021-06-26 11:41:08','96.55.37.191','1','2021-07-05 12:28:39','96.55.37.191'),('217','5','3','9','0','0','0','','1970-01-01','1970-01-01','','1','0','1','2021-06-26 11:41:08','96.55.37.191','1','2021-07-05 12:28:39','96.55.37.191'),('218','5','3','10','0','0','0','','1970-01-01','1970-01-01','','1','0','1','2021-06-26 11:41:08','96.55.37.191','1','2021-07-05 12:28:39','96.55.37.191'),('219','5','3','11','0','0','0','','1970-01-01','1970-01-01','','1','0','1','2021-06-26 11:41:08','96.55.37.191','1','2021-07-05 12:28:39','96.55.37.191'),('220','5','3','12','0','0','0','','1970-01-01','1970-01-01','','1','0','1','2021-06-26 11:41:08','96.55.37.191','1','2021-07-05 12:28:39','96.55.37.191'),('221','5','3','13','0','0','0','','1970-01-01','1970-01-01','','1','0','1','2021-06-26 11:41:08','96.55.37.191','1','2021-07-05 12:28:39','96.55.37.191'),('222','5','3','14','0','0','0','','1970-01-01','1970-01-01','','1','0','1','2021-06-26 11:41:08','96.55.37.191','1','2021-07-05 12:28:39','96.55.37.191'),('223','5','3','15','0','0','0','','1970-01-01','1970-01-01','','1','0','1','2021-06-26 11:41:08','96.55.37.191','1','2021-07-05 12:28:39','96.55.37.191'),('224','5','3','16','0','0','0','','1970-01-01','1970-01-01','','1','0','1','2021-06-26 11:41:08','96.55.37.191','1','2021-07-05 12:28:39','96.55.37.191'),('225','5','3','17','0','0','0','','1970-01-01','1970-01-01','','1','0','1','2021-06-26 11:41:08','96.55.37.191','1','2021-07-05 12:28:39','96.55.37.191'),('226','5','3','18','0','0','0','','1970-01-01','1970-01-01','','1','0','1','2021-06-26 11:41:08','96.55.37.191','1','2021-07-05 12:28:39','96.55.37.191'),('227','5','3','19','0','0','0','','1970-01-01','1970-01-01','','1','0','1','2021-06-26 11:41:08','96.55.37.191','1','2021-07-05 12:28:39','96.55.37.191'),('228','5','3','20','0','0','0','','1970-01-01','1970-01-01','','1','0','1','2021-06-26 11:41:08','96.55.37.191','1','2021-07-05 12:28:39','96.55.37.191'),('229','5','3','21','0','0','0','','1970-01-01','1970-01-01','','1','0','1','2021-06-26 11:41:08','96.55.37.191','1','2021-07-05 12:28:39','96.55.37.191'),('230','5','3','22','0','0','0','','1970-01-01','1970-01-01','','1','0','1','2021-06-26 11:41:08','96.55.37.191','1','2021-07-05 12:28:39','96.55.37.191'),('231','5','3','23','0','0','0','','1970-01-01','1970-01-01','','1','0','1','2021-06-26 11:41:08','96.55.37.191','1','2021-07-05 12:28:39','96.55.37.191'),('232','5','3','24','0','0','0','','1970-01-01','1970-01-01','','1','0','1','2021-06-26 11:41:08','96.55.37.191','1','2021-07-05 12:28:39','96.55.37.191'),('233','5','3','25','0','0','0','','1970-01-01','1970-01-01','','1','0','1','2021-06-26 11:41:08','96.55.37.191','1','2021-07-05 12:28:39','96.55.37.191'),('234','5','3','26','0','0','0','','1970-01-01','1970-01-01','','1','0','1','2021-06-26 11:41:08','96.55.37.191','1','2021-07-05 12:28:39','96.55.37.191'),('235','5','3','27','0','0','0','','1970-01-01','1970-01-01','','1','0','1','2021-06-26 11:41:08','96.55.37.191','1','2021-07-05 12:28:39','96.55.37.191'),('236','5','3','28','0','0','0','','1970-01-01','1970-01-01','','1','0','1','2021-06-26 11:41:08','96.55.37.191','1','2021-07-05 12:28:39','96.55.37.191'),('237','5','3','29','0','0','0','','1970-01-01','1970-01-01','','1','0','1','2021-06-26 11:41:08','96.55.37.191','1','2021-07-05 12:28:39','96.55.37.191'),('238','5','3','30','0','0','0','','1970-01-01','1970-01-01','','1','0','1','2021-06-26 11:41:08','96.55.37.191','1','2021-07-05 12:28:39','96.55.37.191'),('239','5','3','31','0','0','0','','1970-01-01','1970-01-01','','1','0','1','2021-06-26 11:41:08','96.55.37.191','1','2021-07-05 12:28:39','96.55.37.191'),('240','5','3','32','0','0','0','','1970-01-01','1970-01-01','','1','0','1','2021-06-26 11:41:08','96.55.37.191','1','2021-07-05 12:28:39','96.55.37.191'),('241','5','3','33','0','0','0','','1970-01-01','1970-01-01','','1','0','1','2021-06-26 11:41:08','96.55.37.191','1','2021-07-05 12:28:39','96.55.37.191'),('242','5','3','34','0','0','0','','1970-01-01','1970-01-01','','1','0','1','2021-06-26 11:41:08','96.55.37.191','1','2021-07-05 12:28:39','96.55.37.191'),('243','5','3','35','0','0','0','','1970-01-01','1970-01-01','','1','0','1','2021-06-26 11:41:08','96.55.37.191','1','2021-07-05 12:28:39','96.55.37.191'),('244','5','3','36','0','0','0','','1970-01-01','1970-01-01','','1','0','1','2021-06-26 11:41:08','96.55.37.191','1','2021-07-05 12:28:39','96.55.37.191'),('245','5','3','37','0','0','0','','1970-01-01','1970-01-01','','1','0','1','2021-06-26 11:41:08','96.55.37.191','1','2021-07-05 12:28:39','96.55.37.191'),('246','5','3','38','0','0','0','','1970-01-01','1970-01-01','','1','0','1','2021-06-26 11:41:08','96.55.37.191','1','2021-07-05 12:28:39','96.55.37.191'),('247','5','3','39','0','0','0','','1970-01-01','1970-01-01','','1','0','1','2021-06-26 11:41:08','96.55.37.191','1','2021-07-05 12:28:39','96.55.37.191'),('248','5','3','40','0','0','0','','1970-01-01','1970-01-01','','1','0','1','2021-06-26 11:41:08','96.55.37.191','1','2021-07-05 12:28:39','96.55.37.191'),('249','5','3','41','0','0','0','','1970-01-01','1970-01-01','','1','0','1','2021-06-26 11:41:08','96.55.37.191','1','2021-07-05 12:28:39','96.55.37.191'),('250','5','3','42','0','0','0','','1970-01-01','1970-01-01','','1','0','1','2021-06-26 11:41:08','96.55.37.191','1','2021-07-05 12:28:39','96.55.37.191'),('251','5','3','43','0','0','0','','1970-01-01','1970-01-01','','1','0','1','2021-06-26 11:41:08','96.55.37.191','1','2021-07-05 12:28:39','96.55.37.191'),('252','5','3','44','0','0','0','','1970-01-01','1970-01-01','','1','0','1','2021-06-26 11:41:08','96.55.37.191','1','2021-07-05 12:28:39','96.55.37.191'),('253','5','3','45','0','0','0','','1970-01-01','1970-01-01','','1','0','1','2021-06-26 11:41:08','96.55.37.191','1','2021-07-05 12:28:39','96.55.37.191'),('254','5','3','46','0','0','0','','1970-01-01','1970-01-01','','1','0','1','2021-06-26 11:41:08','96.55.37.191','1','2021-07-05 12:28:39','96.55.37.191'),('255','5','3','47','0','0','0','','1970-01-01','1970-01-01','','1','0','1','2021-06-26 11:41:08','96.55.37.191','1','2021-07-05 12:28:39','96.55.37.191'),('256','5','3','48','0','0','0','','1970-01-01','1970-01-01','','1','0','1','2021-06-26 11:41:08','96.55.37.191','1','2021-07-05 12:28:39','96.55.37.191'),('257','5','3','49','0','0','0','','1970-01-01','1970-01-01','','1','0','1','2021-06-26 11:41:08','96.55.37.191','1','2021-07-05 12:28:39','96.55.37.191'),('258','5','3','50','0','0','0','','1970-01-01','1970-01-01','','1','0','1','2021-06-26 11:41:08','96.55.37.191','1','2021-07-05 12:28:39','96.55.37.191'),('259','5','3','51','0','0','0','','1970-01-01','1970-01-01','','1','0','1','2021-06-26 11:41:08','96.55.37.191','1','2021-07-05 12:28:39','96.55.37.191'),('260','5','3','52','0','0','0','','1970-01-01','1970-01-01','','1','0','1','2021-06-26 11:41:08','96.55.37.191','1','2021-07-05 12:28:39','96.55.37.191'),('261','6','3','1','0','0','0','','1970-01-01','1970-01-01','','1','0','1','2021-06-26 11:42:44','96.55.37.191','1','2021-07-05 12:28:52','96.55.37.191'),('262','6','3','2','0','0','0','','1970-01-01','1970-01-01','','1','0','1','2021-06-26 11:42:44','96.55.37.191','1','2021-07-05 12:28:52','96.55.37.191'),('263','6','3','3','0','0','0','','1970-01-01','1970-01-01','','1','0','1','2021-06-26 11:42:44','96.55.37.191','1','2021-07-05 12:28:52','96.55.37.191'),('264','6','3','4','0','0','0','','1970-01-01','1970-01-01','','1','0','1','2021-06-26 11:42:44','96.55.37.191','1','2021-07-05 12:28:52','96.55.37.191'),('265','6','3','5','0','0','0','','1970-01-01','1970-01-01','','1','0','1','2021-06-26 11:42:44','96.55.37.191','1','2021-07-05 12:28:52','96.55.37.191'),('266','6','3','6','0','0','0','','1970-01-01','1970-01-01','','1','0','1','2021-06-26 11:42:44','96.55.37.191','1','2021-07-05 12:28:52','96.55.37.191'),('267','6','3','7','0','0','0','','1970-01-01','1970-01-01','','1','0','1','2021-06-26 11:42:44','96.55.37.191','1','2021-07-05 12:28:52','96.55.37.191'),('268','6','3','8','0','0','0','','1970-01-01','1970-01-01','','1','0','1','2021-06-26 11:42:44','96.55.37.191','1','2021-07-05 12:28:52','96.55.37.191'),('269','6','3','9','0','0','0','','1970-01-01','1970-01-01','','1','0','1','2021-06-26 11:42:44','96.55.37.191','1','2021-07-05 12:28:52','96.55.37.191'),('270','6','3','10','0','0','0','','1970-01-01','1970-01-01','','1','0','1','2021-06-26 11:42:44','96.55.37.191','1','2021-07-05 12:28:52','96.55.37.191'),('271','6','3','11','0','0','0','','1970-01-01','1970-01-01','','1','0','1','2021-06-26 11:42:44','96.55.37.191','1','2021-07-05 12:28:52','96.55.37.191'),('272','6','3','12','0','0','0','','1970-01-01','1970-01-01','','1','0','1','2021-06-26 11:42:44','96.55.37.191','1','2021-07-05 12:28:52','96.55.37.191'),('273','6','3','13','0','0','0','','1970-01-01','1970-01-01','','1','0','1','2021-06-26 11:42:44','96.55.37.191','1','2021-07-05 12:28:52','96.55.37.191'),('274','6','3','14','0','0','0','','1970-01-01','1970-01-01','','1','0','1','2021-06-26 11:42:44','96.55.37.191','1','2021-07-05 12:28:52','96.55.37.191'),('275','6','3','15','0','0','0','','1970-01-01','1970-01-01','','1','0','1','2021-06-26 11:42:44','96.55.37.191','1','2021-07-05 12:28:52','96.55.37.191'),('276','6','3','16','0','0','0','','1970-01-01','1970-01-01','','1','0','1','2021-06-26 11:42:44','96.55.37.191','1','2021-07-05 12:28:52','96.55.37.191'),('277','6','3','17','0','0','0','','1970-01-01','1970-01-01','','1','0','1','2021-06-26 11:42:44','96.55.37.191','1','2021-07-05 12:28:52','96.55.37.191'),('278','6','3','18','0','0','0','','1970-01-01','1970-01-01','','1','0','1','2021-06-26 11:42:44','96.55.37.191','1','2021-07-05 12:28:52','96.55.37.191'),('279','6','3','19','0','0','0','','1970-01-01','1970-01-01','','1','0','1','2021-06-26 11:42:44','96.55.37.191','1','2021-07-05 12:28:52','96.55.37.191'),('280','6','3','20','0','0','0','','1970-01-01','1970-01-01','','1','0','1','2021-06-26 11:42:44','96.55.37.191','1','2021-07-05 12:28:52','96.55.37.191'),('281','6','3','21','0','0','0','','1970-01-01','1970-01-01','','1','0','1','2021-06-26 11:42:44','96.55.37.191','1','2021-07-05 12:28:52','96.55.37.191'),('282','6','3','22','0','0','0','','1970-01-01','1970-01-01','','1','0','1','2021-06-26 11:42:44','96.55.37.191','1','2021-07-05 12:28:52','96.55.37.191'),('283','6','3','23','0','0','0','','1970-01-01','1970-01-01','','1','0','1','2021-06-26 11:42:44','96.55.37.191','1','2021-07-05 12:28:52','96.55.37.191'),('284','6','3','24','0','0','0','','1970-01-01','1970-01-01','','1','0','1','2021-06-26 11:42:44','96.55.37.191','1','2021-07-05 12:28:52','96.55.37.191'),('285','6','3','25','0','0','0','','1970-01-01','1970-01-01','','1','0','1','2021-06-26 11:42:44','96.55.37.191','1','2021-07-05 12:28:52','96.55.37.191'),('286','6','3','26','0','0','0','','1970-01-01','1970-01-01','','1','0','1','2021-06-26 11:42:44','96.55.37.191','1','2021-07-05 12:28:52','96.55.37.191'),('287','6','3','27','0','0','0','','1970-01-01','1970-01-01','','1','0','1','2021-06-26 11:42:44','96.55.37.191','1','2021-07-05 12:28:52','96.55.37.191'),('288','6','3','28','0','0','0','','1970-01-01','1970-01-01','','1','0','1','2021-06-26 11:42:44','96.55.37.191','1','2021-07-05 12:28:52','96.55.37.191'),('289','6','3','29','0','0','0','','1970-01-01','1970-01-01','','1','0','1','2021-06-26 11:42:44','96.55.37.191','1','2021-07-05 12:28:52','96.55.37.191'),('290','6','3','30','0','0','0','','1970-01-01','1970-01-01','','1','0','1','2021-06-26 11:42:44','96.55.37.191','1','2021-07-05 12:28:52','96.55.37.191'),('291','6','3','31','0','0','0','','1970-01-01','1970-01-01','','1','0','1','2021-06-26 11:42:44','96.55.37.191','1','2021-07-05 12:28:52','96.55.37.191'),('292','6','3','32','0','0','0','','1970-01-01','1970-01-01','','1','0','1','2021-06-26 11:42:44','96.55.37.191','1','2021-07-05 12:28:52','96.55.37.191'),('293','6','3','33','0','0','0','','1970-01-01','1970-01-01','','1','0','1','2021-06-26 11:42:44','96.55.37.191','1','2021-07-05 12:28:52','96.55.37.191'),('294','6','3','34','0','0','0','','1970-01-01','1970-01-01','','1','0','1','2021-06-26 11:42:44','96.55.37.191','1','2021-07-05 12:28:52','96.55.37.191'),('295','6','3','35','0','0','0','','1970-01-01','1970-01-01','','1','0','1','2021-06-26 11:42:44','96.55.37.191','1','2021-07-05 12:28:52','96.55.37.191'),('296','6','3','36','0','0','0','','1970-01-01','1970-01-01','','1','0','1','2021-06-26 11:42:44','96.55.37.191','1','2021-07-05 12:28:52','96.55.37.191'),('297','6','3','37','0','0','0','','1970-01-01','1970-01-01','','1','0','1','2021-06-26 11:42:44','96.55.37.191','1','2021-07-05 12:28:52','96.55.37.191'),('298','6','3','38','0','0','0','','1970-01-01','1970-01-01','','1','0','1','2021-06-26 11:42:44','96.55.37.191','1','2021-07-05 12:28:52','96.55.37.191'),('299','6','3','39','0','0','0','','1970-01-01','1970-01-01','','1','0','1','2021-06-26 11:42:44','96.55.37.191','1','2021-07-05 12:28:52','96.55.37.191'),('300','6','3','40','0','0','0','','1970-01-01','1970-01-01','','1','0','1','2021-06-26 11:42:44','96.55.37.191','1','2021-07-05 12:28:52','96.55.37.191'),('301','6','3','41','0','0','0','','1970-01-01','1970-01-01','','1','0','1','2021-06-26 11:42:44','96.55.37.191','1','2021-07-05 12:28:52','96.55.37.191'),('302','6','3','42','0','0','0','','1970-01-01','1970-01-01','','1','0','1','2021-06-26 11:42:44','96.55.37.191','1','2021-07-05 12:28:52','96.55.37.191'),('303','6','3','43','0','0','0','','1970-01-01','1970-01-01','','1','0','1','2021-06-26 11:42:44','96.55.37.191','1','2021-07-05 12:28:52','96.55.37.191'),('304','6','3','44','0','0','0','','1970-01-01','1970-01-01','','1','0','1','2021-06-26 11:42:44','96.55.37.191','1','2021-07-05 12:28:52','96.55.37.191'),('305','6','3','45','0','0','0','','1970-01-01','1970-01-01','','1','0','1','2021-06-26 11:42:44','96.55.37.191','1','2021-07-05 12:28:52','96.55.37.191'),('306','6','3','46','0','0','0','','1970-01-01','1970-01-01','','1','0','1','2021-06-26 11:42:44','96.55.37.191','1','2021-07-05 12:28:52','96.55.37.191'),('307','6','3','47','0','0','0','','1970-01-01','1970-01-01','','1','0','1','2021-06-26 11:42:44','96.55.37.191','1','2021-07-05 12:28:52','96.55.37.191'),('308','6','3','48','0','0','0','','1970-01-01','1970-01-01','','1','0','1','2021-06-26 11:42:44','96.55.37.191','1','2021-07-05 12:28:52','96.55.37.191'),('309','6','3','49','0','0','0','','1970-01-01','1970-01-01','','1','0','1','2021-06-26 11:42:44','96.55.37.191','1','2021-07-05 12:28:52','96.55.37.191'),('310','6','3','50','0','0','0','','1970-01-01','1970-01-01','','1','0','1','2021-06-26 11:42:44','96.55.37.191','1','2021-07-05 12:28:52','96.55.37.191'),('311','6','3','51','0','0','0','','1970-01-01','1970-01-01','','1','0','1','2021-06-26 11:42:44','96.55.37.191','1','2021-07-05 12:28:52','96.55.37.191'),('312','6','3','52','0','0','0','','1970-01-01','1970-01-01','','1','0','1','2021-06-26 11:42:44','96.55.37.191','1','2021-07-05 12:28:52','96.55.37.191'),('313','7','3','1','0','0','0','','1970-01-01','1970-01-01','','1','0','1','2021-08-30 02:42:26','107.210.168.81','0','0000-00-00 00:00:00',''),('314','7','3','2','0','0','0','','1970-01-01','1970-01-01','','1','0','1','2021-08-30 02:42:26','107.210.168.81','0','0000-00-00 00:00:00',''),('315','7','3','3','0','0','0','','1970-01-01','1970-01-01','','1','0','1','2021-08-30 02:42:26','107.210.168.81','0','0000-00-00 00:00:00',''),('316','7','3','4','0','0','0','','1970-01-01','1970-01-01','','1','0','1','2021-08-30 02:42:26','107.210.168.81','0','0000-00-00 00:00:00',''),('317','7','3','5','0','0','0','','1970-01-01','1970-01-01','','1','0','1','2021-08-30 02:42:26','107.210.168.81','0','0000-00-00 00:00:00',''),('318','7','3','6','0','0','0','','1970-01-01','1970-01-01','','1','0','1','2021-08-30 02:42:26','107.210.168.81','0','0000-00-00 00:00:00',''),('319','7','3','7','0','0','0','','1970-01-01','1970-01-01','','1','0','1','2021-08-30 02:42:26','107.210.168.81','0','0000-00-00 00:00:00',''),('320','7','3','8','0','0','0','','1970-01-01','1970-01-01','','1','0','1','2021-08-30 02:42:26','107.210.168.81','0','0000-00-00 00:00:00',''),('321','7','3','9','0','0','0','','1970-01-01','1970-01-01','','1','0','1','2021-08-30 02:42:26','107.210.168.81','0','0000-00-00 00:00:00',''),('322','7','3','10','0','0','0','','1970-01-01','1970-01-01','','1','0','1','2021-08-30 02:42:26','107.210.168.81','0','0000-00-00 00:00:00',''),('323','7','3','11','0','0','0','','1970-01-01','1970-01-01','','1','0','1','2021-08-30 02:42:26','107.210.168.81','0','0000-00-00 00:00:00',''),('324','7','3','12','0','0','0','','1970-01-01','1970-01-01','','1','0','1','2021-08-30 02:42:26','107.210.168.81','0','0000-00-00 00:00:00',''),('325','7','3','13','0','0','0','','1970-01-01','1970-01-01','','1','0','1','2021-08-30 02:42:26','107.210.168.81','0','0000-00-00 00:00:00',''),('326','7','3','14','0','0','0','','1970-01-01','1970-01-01','','1','0','1','2021-08-30 02:42:26','107.210.168.81','0','0000-00-00 00:00:00',''),('327','7','3','15','0','0','0','','1970-01-01','1970-01-01','','1','0','1','2021-08-30 02:42:26','107.210.168.81','0','0000-00-00 00:00:00',''),('328','7','3','16','0','0','0','','1970-01-01','1970-01-01','','1','0','1','2021-08-30 02:42:26','107.210.168.81','0','0000-00-00 00:00:00',''),('329','7','3','17','0','0','0','','1970-01-01','1970-01-01','','1','0','1','2021-08-30 02:42:26','107.210.168.81','0','0000-00-00 00:00:00',''),('330','7','3','18','0','0','0','','1970-01-01','1970-01-01','','1','0','1','2021-08-30 02:42:26','107.210.168.81','0','0000-00-00 00:00:00',''),('331','7','3','19','0','0','0','','1970-01-01','1970-01-01','','1','0','1','2021-08-30 02:42:26','107.210.168.81','0','0000-00-00 00:00:00',''),('332','7','3','20','0','0','0','','1970-01-01','1970-01-01','','1','0','1','2021-08-30 02:42:26','107.210.168.81','0','0000-00-00 00:00:00',''),('333','7','3','21','0','0','0','','1970-01-01','1970-01-01','','1','0','1','2021-08-30 02:42:26','107.210.168.81','0','0000-00-00 00:00:00',''),('334','7','3','22','0','0','0','','1970-01-01','1970-01-01','','1','0','1','2021-08-30 02:42:26','107.210.168.81','0','0000-00-00 00:00:00',''),('335','7','3','23','0','0','0','','1970-01-01','1970-01-01','','1','0','1','2021-08-30 02:42:26','107.210.168.81','0','0000-00-00 00:00:00',''),('336','7','3','24','0','0','0','','1970-01-01','1970-01-01','','1','0','1','2021-08-30 02:42:26','107.210.168.81','0','0000-00-00 00:00:00',''),('337','7','3','25','0','0','0','','1970-01-01','1970-01-01','','1','0','1','2021-08-30 02:42:26','107.210.168.81','0','0000-00-00 00:00:00',''),('338','7','3','26','0','0','0','','1970-01-01','1970-01-01','','1','0','1','2021-08-30 02:42:26','107.210.168.81','0','0000-00-00 00:00:00',''),('339','7','3','27','0','0','0','','1970-01-01','1970-01-01','','1','0','1','2021-08-30 02:42:26','107.210.168.81','0','0000-00-00 00:00:00',''),('340','7','3','28','0','0','0','','1970-01-01','1970-01-01','','1','0','1','2021-08-30 02:42:26','107.210.168.81','0','0000-00-00 00:00:00',''),('341','7','3','29','0','0','0','','1970-01-01','1970-01-01','','1','0','1','2021-08-30 02:42:26','107.210.168.81','0','0000-00-00 00:00:00',''),('342','7','3','30','0','0','0','','1970-01-01','1970-01-01','','1','0','1','2021-08-30 02:42:26','107.210.168.81','0','0000-00-00 00:00:00',''),('343','7','3','31','0','0','0','','1970-01-01','1970-01-01','','1','0','1','2021-08-30 02:42:26','107.210.168.81','0','0000-00-00 00:00:00',''),('344','7','3','32','0','0','0','','1970-01-01','1970-01-01','','1','0','1','2021-08-30 02:42:26','107.210.168.81','0','0000-00-00 00:00:00',''),('345','7','3','33','0','0','0','','1970-01-01','1970-01-01','','1','0','1','2021-08-30 02:42:26','107.210.168.81','0','0000-00-00 00:00:00',''),('346','7','3','34','0','0','0','','1970-01-01','1970-01-01','','1','0','1','2021-08-30 02:42:26','107.210.168.81','0','0000-00-00 00:00:00',''),('347','7','3','35','0','0','0','','1970-01-01','1970-01-01','','1','0','1','2021-08-30 02:42:26','107.210.168.81','0','0000-00-00 00:00:00',''),('348','7','3','36','0','0','0','','1970-01-01','1970-01-01','','1','0','1','2021-08-30 02:42:26','107.210.168.81','0','0000-00-00 00:00:00',''),('349','7','3','37','0','0','0','','1970-01-01','1970-01-01','','1','0','1','2021-08-30 02:42:26','107.210.168.81','0','0000-00-00 00:00:00',''),('350','7','3','38','0','0','0','','1970-01-01','1970-01-01','','1','0','1','2021-08-30 02:42:26','107.210.168.81','0','0000-00-00 00:00:00',''),('351','7','3','39','0','0','0','','1970-01-01','1970-01-01','','1','0','1','2021-08-30 02:42:26','107.210.168.81','0','0000-00-00 00:00:00',''),('352','7','3','40','0','0','0','','1970-01-01','1970-01-01','','1','0','1','2021-08-30 02:42:26','107.210.168.81','0','0000-00-00 00:00:00',''),('353','7','3','41','0','0','0','','1970-01-01','1970-01-01','','1','0','1','2021-08-30 02:42:26','107.210.168.81','0','0000-00-00 00:00:00',''),('354','7','3','42','0','0','0','','1970-01-01','1970-01-01','','1','0','1','2021-08-30 02:42:26','107.210.168.81','0','0000-00-00 00:00:00',''),('355','7','3','43','0','0','0','','1970-01-01','1970-01-01','','1','0','1','2021-08-30 02:42:26','107.210.168.81','0','0000-00-00 00:00:00',''),('356','7','3','44','0','0','0','','1970-01-01','1970-01-01','','1','0','1','2021-08-30 02:42:26','107.210.168.81','0','0000-00-00 00:00:00',''),('357','7','3','45','0','0','0','','1970-01-01','1970-01-01','','1','0','1','2021-08-30 02:42:26','107.210.168.81','0','0000-00-00 00:00:00',''),('358','7','3','46','0','0','0','','1970-01-01','1970-01-01','','1','0','1','2021-08-30 02:42:26','107.210.168.81','0','0000-00-00 00:00:00',''),('359','7','3','47','0','0','0','','1970-01-01','1970-01-01','','1','0','1','2021-08-30 02:42:26','107.210.168.81','0','0000-00-00 00:00:00',''),('360','7','3','48','0','0','0','','1970-01-01','1970-01-01','','1','0','1','2021-08-30 02:42:26','107.210.168.81','0','0000-00-00 00:00:00',''),('361','7','3','49','0','0','0','','1970-01-01','1970-01-01','','1','0','1','2021-08-30 02:42:26','107.210.168.81','0','0000-00-00 00:00:00',''),('362','7','3','50','0','0','0','','1970-01-01','1970-01-01','','1','0','1','2021-08-30 02:42:26','107.210.168.81','0','0000-00-00 00:00:00',''),('363','7','3','51','0','0','0','','1970-01-01','1970-01-01','','1','0','1','2021-08-30 02:42:26','107.210.168.81','0','0000-00-00 00:00:00',''),('364','7','3','52','0','0','0','','1970-01-01','1970-01-01','','1','0','1','2021-08-30 02:42:26','107.210.168.81','0','0000-00-00 00:00:00',''),('365','0','3','1','0','0','0','','1970-01-01','1970-01-01','','1','0','1','2021-08-30 02:54:29','107.210.168.81','0','0000-00-00 00:00:00',''),('366','0','3','2','0','0','0','','1970-01-01','1970-01-01','','1','0','1','2021-08-30 02:54:29','107.210.168.81','0','0000-00-00 00:00:00',''),('367','0','3','3','0','0','0','','1970-01-01','1970-01-01','','1','0','1','2021-08-30 02:54:29','107.210.168.81','0','0000-00-00 00:00:00',''),('368','0','3','4','0','0','0','','1970-01-01','1970-01-01','','1','0','1','2021-08-30 02:54:29','107.210.168.81','0','0000-00-00 00:00:00',''),('369','0','3','5','0','0','0','','1970-01-01','1970-01-01','','1','0','1','2021-08-30 02:54:29','107.210.168.81','0','0000-00-00 00:00:00',''),('370','0','3','6','0','0','0','','1970-01-01','1970-01-01','','1','0','1','2021-08-30 02:54:29','107.210.168.81','0','0000-00-00 00:00:00',''),('371','0','3','7','0','0','0','','1970-01-01','1970-01-01','','1','0','1','2021-08-30 02:54:29','107.210.168.81','0','0000-00-00 00:00:00',''),('372','0','3','8','0','0','0','','1970-01-01','1970-01-01','','1','0','1','2021-08-30 02:54:29','107.210.168.81','0','0000-00-00 00:00:00',''),('373','0','3','9','0','0','0','','1970-01-01','1970-01-01','','1','0','1','2021-08-30 02:54:29','107.210.168.81','0','0000-00-00 00:00:00',''),('374','0','3','10','0','0','0','','1970-01-01','1970-01-01','','1','0','1','2021-08-30 02:54:29','107.210.168.81','0','0000-00-00 00:00:00',''),('375','0','3','11','0','0','0','','1970-01-01','1970-01-01','','1','0','1','2021-08-30 02:54:29','107.210.168.81','0','0000-00-00 00:00:00',''),('376','0','3','12','0','0','0','','1970-01-01','1970-01-01','','1','0','1','2021-08-30 02:54:29','107.210.168.81','0','0000-00-00 00:00:00',''),('377','0','3','13','0','0','0','','1970-01-01','1970-01-01','','1','0','1','2021-08-30 02:54:29','107.210.168.81','0','0000-00-00 00:00:00',''),('378','0','3','14','0','0','0','','1970-01-01','1970-01-01','','1','0','1','2021-08-30 02:54:29','107.210.168.81','0','0000-00-00 00:00:00',''),('379','0','3','15','0','0','0','','1970-01-01','1970-01-01','','1','0','1','2021-08-30 02:54:29','107.210.168.81','0','0000-00-00 00:00:00',''),('380','0','3','16','0','0','0','','1970-01-01','1970-01-01','','1','0','1','2021-08-30 02:54:29','107.210.168.81','0','0000-00-00 00:00:00',''),('381','0','3','17','0','0','0','','1970-01-01','1970-01-01','','1','0','1','2021-08-30 02:54:29','107.210.168.81','0','0000-00-00 00:00:00',''),('382','0','3','18','0','0','0','','1970-01-01','1970-01-01','','1','0','1','2021-08-30 02:54:29','107.210.168.81','0','0000-00-00 00:00:00',''),('383','0','3','19','0','0','0','','1970-01-01','1970-01-01','','1','0','1','2021-08-30 02:54:29','107.210.168.81','0','0000-00-00 00:00:00',''),('384','0','3','20','0','0','0','','1970-01-01','1970-01-01','','1','0','1','2021-08-30 02:54:29','107.210.168.81','0','0000-00-00 00:00:00',''),('385','0','3','21','0','0','0','','1970-01-01','1970-01-01','','1','0','1','2021-08-30 02:54:29','107.210.168.81','0','0000-00-00 00:00:00',''),('386','0','3','22','0','0','0','','1970-01-01','1970-01-01','','1','0','1','2021-08-30 02:54:29','107.210.168.81','0','0000-00-00 00:00:00',''),('387','0','3','23','0','0','0','','1970-01-01','1970-01-01','','1','0','1','2021-08-30 02:54:29','107.210.168.81','0','0000-00-00 00:00:00',''),('388','0','3','24','0','0','0','','1970-01-01','1970-01-01','','1','0','1','2021-08-30 02:54:29','107.210.168.81','0','0000-00-00 00:00:00',''),('389','0','3','25','0','0','0','','1970-01-01','1970-01-01','','1','0','1','2021-08-30 02:54:29','107.210.168.81','0','0000-00-00 00:00:00',''),('390','0','3','26','0','0','0','','1970-01-01','1970-01-01','','1','0','1','2021-08-30 02:54:29','107.210.168.81','0','0000-00-00 00:00:00',''),('391','0','3','27','0','0','0','','1970-01-01','1970-01-01','','1','0','1','2021-08-30 02:54:29','107.210.168.81','0','0000-00-00 00:00:00',''),('392','0','3','28','0','0','0','','1970-01-01','1970-01-01','','1','0','1','2021-08-30 02:54:29','107.210.168.81','0','0000-00-00 00:00:00',''),('393','0','3','29','0','0','0','','1970-01-01','1970-01-01','','1','0','1','2021-08-30 02:54:29','107.210.168.81','0','0000-00-00 00:00:00',''),('394','0','3','30','0','0','0','','1970-01-01','1970-01-01','','1','0','1','2021-08-30 02:54:29','107.210.168.81','0','0000-00-00 00:00:00',''),('395','0','3','31','0','0','0','','1970-01-01','1970-01-01','','1','0','1','2021-08-30 02:54:29','107.210.168.81','0','0000-00-00 00:00:00',''),('396','0','3','32','0','0','0','','1970-01-01','1970-01-01','','1','0','1','2021-08-30 02:54:29','107.210.168.81','0','0000-00-00 00:00:00',''),('397','0','3','33','0','0','0','','1970-01-01','1970-01-01','','1','0','1','2021-08-30 02:54:29','107.210.168.81','0','0000-00-00 00:00:00',''),('398','0','3','34','0','0','0','','1970-01-01','1970-01-01','','1','0','1','2021-08-30 02:54:29','107.210.168.81','0','0000-00-00 00:00:00',''),('399','0','3','35','0','0','0','','1970-01-01','1970-01-01','','1','0','1','2021-08-30 02:54:29','107.210.168.81','0','0000-00-00 00:00:00',''),('400','0','3','36','0','0','0','','1970-01-01','1970-01-01','','1','0','1','2021-08-30 02:54:29','107.210.168.81','0','0000-00-00 00:00:00',''),('401','0','3','37','0','0','0','','1970-01-01','1970-01-01','','1','0','1','2021-08-30 02:54:29','107.210.168.81','0','0000-00-00 00:00:00',''),('402','0','3','38','0','0','0','','1970-01-01','1970-01-01','','1','0','1','2021-08-30 02:54:29','107.210.168.81','0','0000-00-00 00:00:00',''),('403','0','3','39','0','0','0','','1970-01-01','1970-01-01','','1','0','1','2021-08-30 02:54:29','107.210.168.81','0','0000-00-00 00:00:00',''),('404','0','3','40','0','0','0','','1970-01-01','1970-01-01','','1','0','1','2021-08-30 02:54:29','107.210.168.81','0','0000-00-00 00:00:00',''),('405','0','3','41','0','0','0','','1970-01-01','1970-01-01','','1','0','1','2021-08-30 02:54:29','107.210.168.81','0','0000-00-00 00:00:00',''),('406','0','3','42','0','0','0','','1970-01-01','1970-01-01','','1','0','1','2021-08-30 02:54:29','107.210.168.81','0','0000-00-00 00:00:00',''),('407','0','3','43','0','0','0','','1970-01-01','1970-01-01','','1','0','1','2021-08-30 02:54:29','107.210.168.81','0','0000-00-00 00:00:00',''),('408','0','3','44','0','0','0','','1970-01-01','1970-01-01','','1','0','1','2021-08-30 02:54:29','107.210.168.81','0','0000-00-00 00:00:00',''),('409','0','3','45','0','0','0','','1970-01-01','1970-01-01','','1','0','1','2021-08-30 02:54:29','107.210.168.81','0','0000-00-00 00:00:00',''),('410','0','3','46','0','0','0','','1970-01-01','1970-01-01','','1','0','1','2021-08-30 02:54:29','107.210.168.81','0','0000-00-00 00:00:00',''),('411','0','3','47','0','0','0','','1970-01-01','1970-01-01','','1','0','1','2021-08-30 02:54:29','107.210.168.81','0','0000-00-00 00:00:00',''),('412','0','3','48','0','0','0','','1970-01-01','1970-01-01','','1','0','1','2021-08-30 02:54:29','107.210.168.81','0','0000-00-00 00:00:00',''),('413','0','3','49','0','0','0','','1970-01-01','1970-01-01','','1','0','1','2021-08-30 02:54:29','107.210.168.81','0','0000-00-00 00:00:00',''),('414','0','3','50','0','0','0','','1970-01-01','1970-01-01','','1','0','1','2021-08-30 02:54:29','107.210.168.81','0','0000-00-00 00:00:00',''),('415','0','3','51','0','0','0','','1970-01-01','1970-01-01','','1','0','1','2021-08-30 02:54:29','107.210.168.81','0','0000-00-00 00:00:00',''),('416','0','3','52','0','0','0','','1970-01-01','1970-01-01','','1','0','1','2021-08-30 02:54:29','107.210.168.81','0','0000-00-00 00:00:00','');
/*!40000 ALTER TABLE `ft_broker_licences_insurance` ENABLE KEYS */;

DROP TABLE IF EXISTS `ft_broker_licences_ria`;
CREATE TABLE `ft_broker_licences_ria` (
  `id` int(11) NOT NULL AUTO_INCREMENT,
  `broker_id` int(11) NOT NULL,
  `type_of_licences` tinyint(1) NOT NULL DEFAULT '1' COMMENT '1-securities,2-insurance,3-RIA',
  `state_id` int(8) NOT NULL,
  `waive_home_state_fee` tinyint(1) NOT NULL DEFAULT '0',
  `product_category` tinyint(1) NOT NULL DEFAULT '0',
  `active_check` tinyint(1) NOT NULL DEFAULT '0',
  `fee` varchar(20) NOT NULL,
  `received` date NOT NULL,
  `terminated` date NOT NULL,
  `reson` text NOT NULL,
  `status` tinyint(1) NOT NULL DEFAULT '1',
  `is_delete` tinyint(1) NOT NULL DEFAULT '0',
  `created_by` int(12) NOT NULL,
  `created_time` datetime NOT NULL,
  `created_ip` varchar(100) NOT NULL,
  `modified_by` int(12) NOT NULL,
  `modified_time` datetime NOT NULL,
  `modified_ip` varchar(100) NOT NULL,
  PRIMARY KEY (`id`)
) ENGINE=InnoDB AUTO_INCREMENT=417 DEFAULT CHARSET=latin1;

/*!40000 ALTER TABLE `ft_broker_licences_ria` DISABLE KEYS */;
INSERT INTO `ft_broker_licences_ria` VALUES ('1','1','3','1','0','0','0','','1970-01-01','1970-01-01','','1','0','21','2018-08-02 10:13:38','103.36.122.212','21','2018-08-11 18:19:18','103.36.122.212'),('2','1','3','2','0','0','0','','1970-01-01','1970-01-01','','1','0','21','2018-08-02 10:13:38','103.36.122.212','21','2018-08-11 18:19:18','103.36.122.212'),('3','1','3','3','0','0','0','','1970-01-01','1970-01-01','','1','0','21','2018-08-02 10:13:38','103.36.122.212','21','2018-08-11 18:19:18','103.36.122.212'),('4','1','3','4','0','0','0','','1970-01-01','1970-01-01','','1','0','21','2018-08-02 10:13:38','103.36.122.212','21','2018-08-11 18:19:18','103.36.122.212'),('5','1','3','5','0','0','0','','1970-01-01','1970-01-01','','1','0','21','2018-08-02 10:13:38','103.36.122.212','21','2018-08-11 18:19:18','103.36.122.212'),('6','1','3','6','0','0','0','','1970-01-01','1970-01-01','','1','0','21','2018-08-02 10:13:38','103.36.122.212','21','2018-08-11 18:19:18','103.36.122.212'),('7','1','3','7','0','0','0','','1970-01-01','1970-01-01','','1','0','21','2018-08-02 10:13:38','103.36.122.212','21','2018-08-11 18:19:18','103.36.122.212'),('8','1','3','8','0','0','0','','1970-01-01','1970-01-01','','1','0','21','2018-08-02 10:13:38','103.36.122.212','21','2018-08-11 18:19:18','103.36.122.212'),('9','1','3','9','0','0','0','','1970-01-01','1970-01-01','','1','0','21','2018-08-02 10:13:38','103.36.122.212','21','2018-08-11 18:19:18','103.36.122.212'),('10','1','3','10','0','0','0','','1970-01-01','1970-01-01','','1','0','21','2018-08-02 10:13:38','103.36.122.212','21','2018-08-11 18:19:18','103.36.122.212'),('11','1','3','11','0','0','0','','1970-01-01','1970-01-01','','1','0','21','2018-08-02 10:13:38','103.36.122.212','21','2018-08-11 18:19:18','103.36.122.212'),('12','1','3','12','0','0','0','','1970-01-01','1970-01-01','','1','0','21','2018-08-02 10:13:38','103.36.122.212','21','2018-08-11 18:19:18','103.36.122.212'),('13','1','3','13','0','0','0','','1970-01-01','1970-01-01','','1','0','21','2018-08-02 10:13:38','103.36.122.212','21','2018-08-11 18:19:18','103.36.122.212'),('14','1','3','14','0','0','0','','1970-01-01','1970-01-01','','1','0','21','2018-08-02 10:13:38','103.36.122.212','21','2018-08-11 18:19:18','103.36.122.212'),('15','1','3','15','0','0','0','','1970-01-01','1970-01-01','','1','0','21','2018-08-02 10:13:38','103.36.122.212','21','2018-08-11 18:19:18','103.36.122.212'),('16','1','3','16','0','0','0','','1970-01-01','1970-01-01','','1','0','21','2018-08-02 10:13:38','103.36.122.212','21','2018-08-11 18:19:18','103.36.122.212'),('17','1','3','17','0','0','0','','1970-01-01','1970-01-01','','1','0','21','2018-08-02 10:13:38','103.36.122.212','21','2018-08-11 18:19:18','103.36.122.212'),('18','1','3','18','0','0','0','','1970-01-01','1970-01-01','','1','0','21','2018-08-02 10:13:38','103.36.122.212','21','2018-08-11 18:19:18','103.36.122.212'),('19','1','3','19','0','0','0','','1970-01-01','1970-01-01','','1','0','21','2018-08-02 10:13:38','103.36.122.212','21','2018-08-11 18:19:18','103.36.122.212'),('20','1','3','20','0','0','0','','1970-01-01','1970-01-01','','1','0','21','2018-08-02 10:13:38','103.36.122.212','21','2018-08-11 18:19:18','103.36.122.212'),('21','1','3','21','0','0','0','','1970-01-01','1970-01-01','','1','0','21','2018-08-02 10:13:38','103.36.122.212','21','2018-08-11 18:19:18','103.36.122.212'),('22','1','3','22','0','0','0','','1970-01-01','1970-01-01','','1','0','21','2018-08-02 10:13:38','103.36.122.212','21','2018-08-11 18:19:18','103.36.122.212'),('23','1','3','23','0','0','0','','1970-01-01','1970-01-01','','1','0','21','2018-08-02 10:13:38','103.36.122.212','21','2018-08-11 18:19:18','103.36.122.212'),('24','1','3','24','0','0','0','','1970-01-01','1970-01-01','','1','0','21','2018-08-02 10:13:38','103.36.122.212','21','2018-08-11 18:19:18','103.36.122.212'),('25','1','3','25','0','0','0','','1970-01-01','1970-01-01','','1','0','21','2018-08-02 10:13:38','103.36.122.212','21','2018-08-11 18:19:18','103.36.122.212'),('26','1','3','26','0','0','0','','1970-01-01','1970-01-01','','1','0','21','2018-08-02 10:13:38','103.36.122.212','21','2018-08-11 18:19:18','103.36.122.212'),('27','1','3','27','0','0','0','','1970-01-01','1970-01-01','','1','0','21','2018-08-02 10:13:38','103.36.122.212','21','2018-08-11 18:19:18','103.36.122.212'),('28','1','3','28','0','0','0','','1970-01-01','1970-01-01','','1','0','21','2018-08-02 10:13:38','103.36.122.212','21','2018-08-11 18:19:18','103.36.122.212'),('29','1','3','29','0','0','0','','1970-01-01','1970-01-01','','1','0','21','2018-08-02 10:13:38','103.36.122.212','21','2018-08-11 18:19:18','103.36.122.212'),('30','1','3','30','0','0','0','','1970-01-01','1970-01-01','','1','0','21','2018-08-02 10:13:38','103.36.122.212','21','2018-08-11 18:19:18','103.36.122.212'),('31','1','3','31','0','0','0','','1970-01-01','1970-01-01','','1','0','21','2018-08-02 10:13:38','103.36.122.212','21','2018-08-11 18:19:18','103.36.122.212'),('32','1','3','32','0','0','0','','1970-01-01','1970-01-01','','1','0','21','2018-08-02 10:13:38','103.36.122.212','21','2018-08-11 18:19:18','103.36.122.212'),('33','1','3','33','0','0','0','','1970-01-01','1970-01-01','','1','0','21','2018-08-02 10:13:38','103.36.122.212','21','2018-08-11 18:19:18','103.36.122.212'),('34','1','3','34','0','0','0','','1970-01-01','1970-01-01','','1','0','21','2018-08-02 10:13:38','103.36.122.212','21','2018-08-11 18:19:18','103.36.122.212'),('35','1','3','35','0','0','0','','1970-01-01','1970-01-01','','1','0','21','2018-08-02 10:13:38','103.36.122.212','21','2018-08-11 18:19:18','103.36.122.212'),('36','1','3','36','0','0','0','','1970-01-01','1970-01-01','','1','0','21','2018-08-02 10:13:38','103.36.122.212','21','2018-08-11 18:19:18','103.36.122.212'),('37','1','3','37','0','0','0','','1970-01-01','1970-01-01','','1','0','21','2018-08-02 10:13:38','103.36.122.212','21','2018-08-11 18:19:18','103.36.122.212'),('38','1','3','38','0','0','0','','1970-01-01','1970-01-01','','1','0','21','2018-08-02 10:13:38','103.36.122.212','21','2018-08-11 18:19:18','103.36.122.212'),('39','1','3','39','0','0','0','','1970-01-01','1970-01-01','','1','0','21','2018-08-02 10:13:38','103.36.122.212','21','2018-08-11 18:19:18','103.36.122.212'),('40','1','3','40','0','0','0','','1970-01-01','1970-01-01','','1','0','21','2018-08-02 10:13:38','103.36.122.212','21','2018-08-11 18:19:18','103.36.122.212'),('41','1','3','41','0','0','0','','1970-01-01','1970-01-01','','1','0','21','2018-08-02 10:13:38','103.36.122.212','21','2018-08-11 18:19:18','103.36.122.212'),('42','1','3','42','0','0','0','','1970-01-01','1970-01-01','','1','0','21','2018-08-02 10:13:38','103.36.122.212','21','2018-08-11 18:19:18','103.36.122.212'),('43','1','3','43','0','0','0','','1970-01-01','1970-01-01','','1','0','21','2018-08-02 10:13:38','103.36.122.212','21','2018-08-11 18:19:18','103.36.122.212'),('44','1','3','44','0','0','0','','1970-01-01','1970-01-01','','1','0','21','2018-08-02 10:13:38','103.36.122.212','21','2018-08-11 18:19:18','103.36.122.212'),('45','1','3','45','0','0','0','','1970-01-01','1970-01-01','','1','0','21','2018-08-02 10:13:38','103.36.122.212','21','2018-08-11 18:19:18','103.36.122.212'),('46','1','3','46','0','0','0','','1970-01-01','1970-01-01','','1','0','21','2018-08-02 10:13:38','103.36.122.212','21','2018-08-11 18:19:18','103.36.122.212'),('47','1','3','47','0','0','0','','1970-01-01','1970-01-01','','1','0','21','2018-08-02 10:13:38','103.36.122.212','21','2018-08-11 18:19:18','103.36.122.212'),('48','1','3','48','0','0','0','','1970-01-01','1970-01-01','','1','0','21','2018-08-02 10:13:38','103.36.122.212','21','2018-08-11 18:19:18','103.36.122.212'),('49','1','3','49','0','0','0','','1970-01-01','1970-01-01','','1','0','21','2018-08-02 10:13:38','103.36.122.212','21','2018-08-11 18:19:18','103.36.122.212'),('50','1','3','50','0','0','0','','1970-01-01','1970-01-01','','1','0','21','2018-08-02 10:13:38','103.36.122.212','21','2018-08-11 18:19:18','103.36.122.212'),('51','1','3','51','0','0','0','','1970-01-01','1970-01-01','','1','0','21','2018-08-02 10:13:38','103.36.122.212','21','2018-08-11 18:19:18','103.36.122.212'),('52','1','3','52','0','0','0','','1970-01-01','1970-01-01','','1','0','21','2018-08-02 10:13:38','103.36.122.212','21','2018-08-11 18:19:18','103.36.122.212'),('53','2','3','1','0','0','0','','1970-01-01','1970-01-01','','1','0','21','2018-08-02 10:15:45','103.36.122.212','1','2021-06-26 23:28:22','96.55.37.191'),('54','2','3','2','0','0','0','','1970-01-01','1970-01-01','','1','0','21','2018-08-02 10:15:45','103.36.122.212','1','2021-06-26 23:28:22','96.55.37.191'),('55','2','3','3','0','0','0','','1970-01-01','1970-01-01','','1','0','21','2018-08-02 10:15:45','103.36.122.212','1','2021-06-26 23:28:22','96.55.37.191'),('56','2','3','4','0','0','0','','1970-01-01','1970-01-01','','1','0','21','2018-08-02 10:15:45','103.36.122.212','1','2021-06-26 23:28:22','96.55.37.191'),('57','2','3','5','0','0','0','','1970-01-01','1970-01-01','','1','0','21','2018-08-02 10:15:45','103.36.122.212','1','2021-06-26 23:28:22','96.55.37.191'),('58','2','3','6','0','0','0','','1970-01-01','1970-01-01','','1','0','21','2018-08-02 10:15:45','103.36.122.212','1','2021-06-26 23:28:22','96.55.37.191'),('59','2','3','7','0','0','0','','1970-01-01','1970-01-01','','1','0','21','2018-08-02 10:15:45','103.36.122.212','1','2021-06-26 23:28:22','96.55.37.191'),('60','2','3','8','0','0','0','','1970-01-01','1970-01-01','','1','0','21','2018-08-02 10:15:45','103.36.122.212','1','2021-06-26 23:28:22','96.55.37.191'),('61','2','3','9','0','0','0','','1970-01-01','1970-01-01','','1','0','21','2018-08-02 10:15:45','103.36.122.212','1','2021-06-26 23:28:22','96.55.37.191'),('62','2','3','10','0','0','0','','1970-01-01','1970-01-01','','1','0','21','2018-08-02 10:15:45','103.36.122.212','1','2021-06-26 23:28:22','96.55.37.191'),('63','2','3','11','0','0','0','','1970-01-01','1970-01-01','','1','0','21','2018-08-02 10:15:45','103.36.122.212','1','2021-06-26 23:28:22','96.55.37.191'),('64','2','3','12','0','0','0','','1970-01-01','1970-01-01','','1','0','21','2018-08-02 10:15:45','103.36.122.212','1','2021-06-26 23:28:22','96.55.37.191'),('65','2','3','13','0','0','0','','1970-01-01','1970-01-01','','1','0','21','2018-08-02 10:15:45','103.36.122.212','1','2021-06-26 23:28:22','96.55.37.191'),('66','2','3','14','0','0','0','','1970-01-01','1970-01-01','','1','0','21','2018-08-02 10:15:45','103.36.122.212','1','2021-06-26 23:28:22','96.55.37.191'),('67','2','3','15','0','0','0','','1970-01-01','1970-01-01','','1','0','21','2018-08-02 10:15:45','103.36.122.212','1','2021-06-26 23:28:22','96.55.37.191'),('68','2','3','16','0','0','0','','1970-01-01','1970-01-01','','1','0','21','2018-08-02 10:15:45','103.36.122.212','1','2021-06-26 23:28:22','96.55.37.191'),('69','2','3','17','0','0','0','','1970-01-01','1970-01-01','','1','0','21','2018-08-02 10:15:45','103.36.122.212','1','2021-06-26 23:28:22','96.55.37.191'),('70','2','3','18','0','0','0','','1970-01-01','1970-01-01','','1','0','21','2018-08-02 10:15:45','103.36.122.212','1','2021-06-26 23:28:22','96.55.37.191'),('71','2','3','19','0','0','0','','1970-01-01','1970-01-01','','1','0','21','2018-08-02 10:15:45','103.36.122.212','1','2021-06-26 23:28:22','96.55.37.191'),('72','2','3','20','0','0','0','','1970-01-01','1970-01-01','','1','0','21','2018-08-02 10:15:45','103.36.122.212','1','2021-06-26 23:28:22','96.55.37.191'),('73','2','3','21','0','0','0','','1970-01-01','1970-01-01','','1','0','21','2018-08-02 10:15:45','103.36.122.212','1','2021-06-26 23:28:22','96.55.37.191'),('74','2','3','22','0','0','0','','1970-01-01','1970-01-01','','1','0','21','2018-08-02 10:15:45','103.36.122.212','1','2021-06-26 23:28:22','96.55.37.191'),('75','2','3','23','0','0','0','','1970-01-01','1970-01-01','','1','0','21','2018-08-02 10:15:45','103.36.122.212','1','2021-06-26 23:28:22','96.55.37.191'),('76','2','3','24','0','0','0','','1970-01-01','1970-01-01','','1','0','21','2018-08-02 10:15:45','103.36.122.212','1','2021-06-26 23:28:22','96.55.37.191'),('77','2','3','25','0','0','0','','1970-01-01','1970-01-01','','1','0','21','2018-08-02 10:15:45','103.36.122.212','1','2021-06-26 23:28:22','96.55.37.191'),('78','2','3','26','0','0','0','','1970-01-01','1970-01-01','','1','0','21','2018-08-02 10:15:45','103.36.122.212','1','2021-06-26 23:28:22','96.55.37.191'),('79','2','3','27','0','0','0','','1970-01-01','1970-01-01','','1','0','21','2018-08-02 10:15:45','103.36.122.212','1','2021-06-26 23:28:22','96.55.37.191'),('80','2','3','28','0','0','0','','1970-01-01','1970-01-01','','1','0','21','2018-08-02 10:15:45','103.36.122.212','1','2021-06-26 23:28:22','96.55.37.191'),('81','2','3','29','0','0','0','','1970-01-01','1970-01-01','','1','0','21','2018-08-02 10:15:45','103.36.122.212','1','2021-06-26 23:28:22','96.55.37.191'),('82','2','3','30','0','0','0','','1970-01-01','1970-01-01','','1','0','21','2018-08-02 10:15:45','103.36.122.212','1','2021-06-26 23:28:22','96.55.37.191'),('83','2','3','31','0','0','0','','1970-01-01','1970-01-01','','1','0','21','2018-08-02 10:15:45','103.36.122.212','1','2021-06-26 23:28:22','96.55.37.191'),('84','2','3','32','0','0','0','','1970-01-01','1970-01-01','','1','0','21','2018-08-02 10:15:45','103.36.122.212','1','2021-06-26 23:28:22','96.55.37.191'),('85','2','3','33','0','0','0','','1970-01-01','1970-01-01','','1','0','21','2018-08-02 10:15:45','103.36.122.212','1','2021-06-26 23:28:22','96.55.37.191'),('86','2','3','34','0','0','0','','1970-01-01','1970-01-01','','1','0','21','2018-08-02 10:15:45','103.36.122.212','1','2021-06-26 23:28:22','96.55.37.191'),('87','2','3','35','0','0','0','','1970-01-01','1970-01-01','','1','0','21','2018-08-02 10:15:45','103.36.122.212','1','2021-06-26 23:28:22','96.55.37.191'),('88','2','3','36','0','0','0','','1970-01-01','1970-01-01','','1','0','21','2018-08-02 10:15:45','103.36.122.212','1','2021-06-26 23:28:22','96.55.37.191'),('89','2','3','37','0','0','0','','1970-01-01','1970-01-01','','1','0','21','2018-08-02 10:15:45','103.36.122.212','1','2021-06-26 23:28:22','96.55.37.191'),('90','2','3','38','0','0','0','','1970-01-01','1970-01-01','','1','0','21','2018-08-02 10:15:45','103.36.122.212','1','2021-06-26 23:28:22','96.55.37.191'),('91','2','3','39','0','0','0','','1970-01-01','1970-01-01','','1','0','21','2018-08-02 10:15:45','103.36.122.212','1','2021-06-26 23:28:22','96.55.37.191'),('92','2','3','40','0','0','0','','1970-01-01','1970-01-01','','1','0','21','2018-08-02 10:15:45','103.36.122.212','1','2021-06-26 23:28:22','96.55.37.191'),('93','2','3','41','0','0','0','','1970-01-01','1970-01-01','','1','0','21','2018-08-02 10:15:45','103.36.122.212','1','2021-06-26 23:28:22','96.55.37.191'),('94','2','3','42','0','0','0','','1970-01-01','1970-01-01','','1','0','21','2018-08-02 10:15:45','103.36.122.212','1','2021-06-26 23:28:22','96.55.37.191'),('95','2','3','43','0','0','0','','1970-01-01','1970-01-01','','1','0','21','2018-08-02 10:15:45','103.36.122.212','1','2021-06-26 23:28:22','96.55.37.191'),('96','2','3','44','0','0','0','','1970-01-01','1970-01-01','','1','0','21','2018-08-02 10:15:45','103.36.122.212','1','2021-06-26 23:28:22','96.55.37.191'),('97','2','3','45','0','0','0','','1970-01-01','1970-01-01','','1','0','21','2018-08-02 10:15:45','103.36.122.212','1','2021-06-26 23:28:22','96.55.37.191'),('98','2','3','46','0','0','0','','1970-01-01','1970-01-01','','1','0','21','2018-08-02 10:15:45','103.36.122.212','1','2021-06-26 23:28:22','96.55.37.191'),('99','2','3','47','0','0','0','','1970-01-01','1970-01-01','','1','0','21','2018-08-02 10:15:45','103.36.122.212','1','2021-06-26 23:28:22','96.55.37.191'),('100','2','3','48','0','0','0','','1970-01-01','1970-01-01','','1','0','21','2018-08-02 10:15:45','103.36.122.212','1','2021-06-26 23:28:22','96.55.37.191'),('101','2','3','49','0','0','0','','1970-01-01','1970-01-01','','1','0','21','2018-08-02 10:15:45','103.36.122.212','1','2021-06-26 23:28:22','96.55.37.191'),('102','2','3','50','0','0','0','','1970-01-01','1970-01-01','','1','0','21','2018-08-02 10:15:45','103.36.122.212','1','2021-06-26 23:28:22','96.55.37.191'),('103','2','3','51','0','0','0','','1970-01-01','1970-01-01','','1','0','21','2018-08-02 10:15:45','103.36.122.212','1','2021-06-26 23:28:22','96.55.37.191'),('104','2','3','52','0','0','0','','1970-01-01','1970-01-01','','1','0','21','2018-08-02 10:15:45','103.36.122.212','1','2021-06-26 23:28:22','96.55.37.191'),('105','3','3','1','0','0','0','','1970-01-01','1970-01-01','','1','0','21','2018-08-02 18:22:56','103.36.122.212','21','2021-07-27 12:07:34','49.34.9.103'),('106','3','3','2','0','0','0','','1970-01-01','1970-01-01','','1','0','21','2018-08-02 18:22:56','103.36.122.212','21','2021-07-27 12:07:34','49.34.9.103'),('107','3','3','3','0','0','0','','1970-01-01','1970-01-01','','1','0','21','2018-08-02 18:22:56','103.36.122.212','21','2021-07-27 12:07:34','49.34.9.103'),('108','3','3','4','0','0','0','','1970-01-01','1970-01-01','','1','0','21','2018-08-02 18:22:56','103.36.122.212','21','2021-07-27 12:07:34','49.34.9.103'),('109','3','3','5','0','0','0','','1970-01-01','1970-01-01','','1','0','21','2018-08-02 18:22:56','103.36.122.212','21','2021-07-27 12:07:34','49.34.9.103'),('110','3','3','6','0','0','0','','1970-01-01','1970-01-01','','1','0','21','2018-08-02 18:22:56','103.36.122.212','21','2021-07-27 12:07:34','49.34.9.103'),('111','3','3','7','0','0','0','','1970-01-01','1970-01-01','','1','0','21','2018-08-02 18:22:56','103.36.122.212','21','2021-07-27 12:07:34','49.34.9.103'),('112','3','3','8','0','0','0','','1970-01-01','1970-01-01','','1','0','21','2018-08-02 18:22:56','103.36.122.212','21','2021-07-27 12:07:34','49.34.9.103'),('113','3','3','9','0','0','0','','1970-01-01','1970-01-01','','1','0','21','2018-08-02 18:22:56','103.36.122.212','21','2021-07-27 12:07:34','49.34.9.103'),('114','3','3','10','0','0','0','','1970-01-01','1970-01-01','','1','0','21','2018-08-02 18:22:56','103.36.122.212','21','2021-07-27 12:07:34','49.34.9.103'),('115','3','3','11','0','0','0','','1970-01-01','1970-01-01','','1','0','21','2018-08-02 18:22:56','103.36.122.212','21','2021-07-27 12:07:34','49.34.9.103'),('116','3','3','12','0','0','0','','1970-01-01','1970-01-01','','1','0','21','2018-08-02 18:22:56','103.36.122.212','21','2021-07-27 12:07:34','49.34.9.103'),('117','3','3','13','0','0','0','','1970-01-01','1970-01-01','','1','0','21','2018-08-02 18:22:56','103.36.122.212','21','2021-07-27 12:07:34','49.34.9.103'),('118','3','3','14','0','0','0','','1970-01-01','1970-01-01','','1','0','21','2018-08-02 18:22:56','103.36.122.212','21','2021-07-27 12:07:34','49.34.9.103'),('119','3','3','15','0','0','0','','1970-01-01','1970-01-01','','1','0','21','2018-08-02 18:22:56','103.36.122.212','21','2021-07-27 12:07:34','49.34.9.103'),('120','3','3','16','0','0','0','','1970-01-01','1970-01-01','','1','0','21','2018-08-02 18:22:56','103.36.122.212','21','2021-07-27 12:07:34','49.34.9.103'),('121','3','3','17','0','0','0','','1970-01-01','1970-01-01','','1','0','21','2018-08-02 18:22:56','103.36.122.212','21','2021-07-27 12:07:34','49.34.9.103'),('122','3','3','18','0','0','0','','1970-01-01','1970-01-01','','1','0','21','2018-08-02 18:22:56','103.36.122.212','21','2021-07-27 12:07:34','49.34.9.103'),('123','3','3','19','0','0','0','','1970-01-01','1970-01-01','','1','0','21','2018-08-02 18:22:56','103.36.122.212','21','2021-07-27 12:07:34','49.34.9.103'),('124','3','3','20','0','0','0','','1970-01-01','1970-01-01','','1','0','21','2018-08-02 18:22:56','103.36.122.212','21','2021-07-27 12:07:34','49.34.9.103'),('125','3','3','21','0','0','0','','1970-01-01','1970-01-01','','1','0','21','2018-08-02 18:22:56','103.36.122.212','21','2021-07-27 12:07:34','49.34.9.103'),('126','3','3','22','0','0','0','','1970-01-01','1970-01-01','','1','0','21','2018-08-02 18:22:56','103.36.122.212','21','2021-07-27 12:07:34','49.34.9.103'),('127','3','3','23','0','0','0','','1970-01-01','1970-01-01','','1','0','21','2018-08-02 18:22:56','103.36.122.212','21','2021-07-27 12:07:34','49.34.9.103'),('128','3','3','24','0','0','0','','1970-01-01','1970-01-01','','1','0','21','2018-08-02 18:22:56','103.36.122.212','21','2021-07-27 12:07:34','49.34.9.103'),('129','3','3','25','0','0','0','','1970-01-01','1970-01-01','','1','0','21','2018-08-02 18:22:56','103.36.122.212','21','2021-07-27 12:07:34','49.34.9.103'),('130','3','3','26','0','0','0','','1970-01-01','1970-01-01','','1','0','21','2018-08-02 18:22:56','103.36.122.212','21','2021-07-27 12:07:34','49.34.9.103'),('131','3','3','27','0','0','0','','1970-01-01','1970-01-01','','1','0','21','2018-08-02 18:22:56','103.36.122.212','21','2021-07-27 12:07:34','49.34.9.103'),('132','3','3','28','0','0','0','','1970-01-01','1970-01-01','','1','0','21','2018-08-02 18:22:56','103.36.122.212','21','2021-07-27 12:07:34','49.34.9.103'),('133','3','3','29','0','0','0','','1970-01-01','1970-01-01','','1','0','21','2018-08-02 18:22:56','103.36.122.212','21','2021-07-27 12:07:34','49.34.9.103'),('134','3','3','30','0','0','0','','1970-01-01','1970-01-01','','1','0','21','2018-08-02 18:22:56','103.36.122.212','21','2021-07-27 12:07:34','49.34.9.103'),('135','3','3','31','0','0','0','','1970-01-01','1970-01-01','','1','0','21','2018-08-02 18:22:56','103.36.122.212','21','2021-07-27 12:07:34','49.34.9.103'),('136','3','3','32','0','0','0','','1970-01-01','1970-01-01','','1','0','21','2018-08-02 18:22:56','103.36.122.212','21','2021-07-27 12:07:34','49.34.9.103'),('137','3','3','33','0','0','0','','1970-01-01','1970-01-01','','1','0','21','2018-08-02 18:22:56','103.36.122.212','21','2021-07-27 12:07:34','49.34.9.103'),('138','3','3','34','0','0','0','','1970-01-01','1970-01-01','','1','0','21','2018-08-02 18:22:56','103.36.122.212','21','2021-07-27 12:07:34','49.34.9.103'),('139','3','3','35','0','0','0','','1970-01-01','1970-01-01','','1','0','21','2018-08-02 18:22:56','103.36.122.212','21','2021-07-27 12:07:34','49.34.9.103'),('140','3','3','36','0','0','0','','1970-01-01','1970-01-01','','1','0','21','2018-08-02 18:22:56','103.36.122.212','21','2021-07-27 12:07:34','49.34.9.103'),('141','3','3','37','0','0','0','','1970-01-01','1970-01-01','','1','0','21','2018-08-02 18:22:56','103.36.122.212','21','2021-07-27 12:07:34','49.34.9.103'),('142','3','3','38','0','0','0','','1970-01-01','1970-01-01','','1','0','21','2018-08-02 18:22:56','103.36.122.212','21','2021-07-27 12:07:34','49.34.9.103'),('143','3','3','39','0','0','0','','1970-01-01','1970-01-01','','1','0','21','2018-08-02 18:22:56','103.36.122.212','21','2021-07-27 12:07:34','49.34.9.103'),('144','3','3','40','0','0','0','','1970-01-01','1970-01-01','','1','0','21','2018-08-02 18:22:56','103.36.122.212','21','2021-07-27 12:07:34','49.34.9.103'),('145','3','3','41','0','0','0','','1970-01-01','1970-01-01','','1','0','21','2018-08-02 18:22:56','103.36.122.212','21','2021-07-27 12:07:34','49.34.9.103'),('146','3','3','42','0','0','0','','1970-01-01','1970-01-01','','1','0','21','2018-08-02 18:22:56','103.36.122.212','21','2021-07-27 12:07:34','49.34.9.103'),('147','3','3','43','0','0','0','','1970-01-01','1970-01-01','','1','0','21','2018-08-02 18:22:56','103.36.122.212','21','2021-07-27 12:07:34','49.34.9.103'),('148','3','3','44','0','0','0','','1970-01-01','1970-01-01','','1','0','21','2018-08-02 18:22:56','103.36.122.212','21','2021-07-27 12:07:34','49.34.9.103'),('149','3','3','45','0','0','0','','1970-01-01','1970-01-01','','1','0','21','2018-08-02 18:22:56','103.36.122.212','21','2021-07-27 12:07:34','49.34.9.103'),('150','3','3','46','0','0','0','','1970-01-01','1970-01-01','','1','0','21','2018-08-02 18:22:56','103.36.122.212','21','2021-07-27 12:07:34','49.34.9.103'),('151','3','3','47','0','0','0','','1970-01-01','1970-01-01','','1','0','21','2018-08-02 18:22:56','103.36.122.212','21','2021-07-27 12:07:34','49.34.9.103'),('152','3','3','48','0','0','0','','1970-01-01','1970-01-01','','1','0','21','2018-08-02 18:22:56','103.36.122.212','21','2021-07-27 12:07:34','49.34.9.103'),('153','3','3','49','0','0','0','','1970-01-01','1970-01-01','','1','0','21','2018-08-02 18:22:56','103.36.122.212','21','2021-07-27 12:07:34','49.34.9.103'),('154','3','3','50','0','0','0','','1970-01-01','1970-01-01','','1','0','21','2018-08-02 18:22:56','103.36.122.212','21','2021-07-27 12:07:34','49.34.9.103'),('155','3','3','51','0','0','0','','1970-01-01','1970-01-01','','1','0','21','2018-08-02 18:22:56','103.36.122.212','21','2021-07-27 12:07:34','49.34.9.103'),('156','3','3','52','0','0','0','','1970-01-01','1970-01-01','','1','0','21','2018-08-02 18:22:56','103.36.122.212','21','2021-07-27 12:07:34','49.34.9.103'),('157','4','3','1','0','0','0','','1970-01-01','1970-01-01','','1','0','21','2018-08-02 18:26:28','103.36.122.212','21','2018-11-27 04:33:16','76.176.130.44'),('158','4','3','2','0','0','0','','1970-01-01','1970-01-01','','1','0','21','2018-08-02 18:26:28','103.36.122.212','21','2018-11-27 04:33:16','76.176.130.44'),('159','4','3','3','0','0','0','','1970-01-01','1970-01-01','','1','0','21','2018-08-02 18:26:28','103.36.122.212','21','2018-11-27 04:33:16','76.176.130.44'),('160','4','3','4','0','0','0','','1970-01-01','1970-01-01','','1','0','21','2018-08-02 18:26:28','103.36.122.212','21','2018-11-27 04:33:16','76.176.130.44'),('161','4','3','5','0','0','0','','1970-01-01','1970-01-01','','1','0','21','2018-08-02 18:26:28','103.36.122.212','21','2018-11-27 04:33:16','76.176.130.44'),('162','4','3','6','0','0','0','','1970-01-01','1970-01-01','','1','0','21','2018-08-02 18:26:28','103.36.122.212','21','2018-11-27 04:33:16','76.176.130.44'),('163','4','3','7','0','0','0','','1970-01-01','1970-01-01','','1','0','21','2018-08-02 18:26:28','103.36.122.212','21','2018-11-27 04:33:16','76.176.130.44'),('164','4','3','8','0','0','0','','1970-01-01','1970-01-01','','1','0','21','2018-08-02 18:26:28','103.36.122.212','21','2018-11-27 04:33:16','76.176.130.44'),('165','4','3','9','0','0','0','','1970-01-01','1970-01-01','','1','0','21','2018-08-02 18:26:28','103.36.122.212','21','2018-11-27 04:33:16','76.176.130.44'),('166','4','3','10','0','0','0','','1970-01-01','1970-01-01','','1','0','21','2018-08-02 18:26:28','103.36.122.212','21','2018-11-27 04:33:16','76.176.130.44'),('167','4','3','11','0','0','0','','1970-01-01','1970-01-01','','1','0','21','2018-08-02 18:26:28','103.36.122.212','21','2018-11-27 04:33:16','76.176.130.44'),('168','4','3','12','0','0','0','','1970-01-01','1970-01-01','','1','0','21','2018-08-02 18:26:28','103.36.122.212','21','2018-11-27 04:33:16','76.176.130.44'),('169','4','3','13','0','0','0','','1970-01-01','1970-01-01','','1','0','21','2018-08-02 18:26:28','103.36.122.212','21','2018-11-27 04:33:16','76.176.130.44'),('170','4','3','14','0','0','0','','1970-01-01','1970-01-01','','1','0','21','2018-08-02 18:26:28','103.36.122.212','21','2018-11-27 04:33:16','76.176.130.44'),('171','4','3','15','0','0','0','','1970-01-01','1970-01-01','','1','0','21','2018-08-02 18:26:28','103.36.122.212','21','2018-11-27 04:33:16','76.176.130.44'),('172','4','3','16','0','0','0','','1970-01-01','1970-01-01','','1','0','21','2018-08-02 18:26:28','103.36.122.212','21','2018-11-27 04:33:16','76.176.130.44'),('173','4','3','17','0','0','0','','1970-01-01','1970-01-01','','1','0','21','2018-08-02 18:26:28','103.36.122.212','21','2018-11-27 04:33:16','76.176.130.44'),('174','4','3','18','0','0','0','','1970-01-01','1970-01-01','','1','0','21','2018-08-02 18:26:28','103.36.122.212','21','2018-11-27 04:33:16','76.176.130.44'),('175','4','3','19','0','0','0','','1970-01-01','1970-01-01','','1','0','21','2018-08-02 18:26:28','103.36.122.212','21','2018-11-27 04:33:16','76.176.130.44'),('176','4','3','20','0','0','0','','1970-01-01','1970-01-01','','1','0','21','2018-08-02 18:26:28','103.36.122.212','21','2018-11-27 04:33:16','76.176.130.44'),('177','4','3','21','0','0','0','','1970-01-01','1970-01-01','','1','0','21','2018-08-02 18:26:28','103.36.122.212','21','2018-11-27 04:33:16','76.176.130.44'),('178','4','3','22','0','0','0','','1970-01-01','1970-01-01','','1','0','21','2018-08-02 18:26:28','103.36.122.212','21','2018-11-27 04:33:16','76.176.130.44'),('179','4','3','23','0','0','0','','1970-01-01','1970-01-01','','1','0','21','2018-08-02 18:26:28','103.36.122.212','21','2018-11-27 04:33:16','76.176.130.44'),('180','4','3','24','0','0','0','','1970-01-01','1970-01-01','','1','0','21','2018-08-02 18:26:28','103.36.122.212','21','2018-11-27 04:33:16','76.176.130.44'),('181','4','3','25','0','0','0','','1970-01-01','1970-01-01','','1','0','21','2018-08-02 18:26:28','103.36.122.212','21','2018-11-27 04:33:16','76.176.130.44'),('182','4','3','26','0','0','0','','1970-01-01','1970-01-01','','1','0','21','2018-08-02 18:26:28','103.36.122.212','21','2018-11-27 04:33:16','76.176.130.44'),('183','4','3','27','0','0','0','','1970-01-01','1970-01-01','','1','0','21','2018-08-02 18:26:28','103.36.122.212','21','2018-11-27 04:33:16','76.176.130.44'),('184','4','3','28','0','0','0','','1970-01-01','1970-01-01','','1','0','21','2018-08-02 18:26:28','103.36.122.212','21','2018-11-27 04:33:16','76.176.130.44'),('185','4','3','29','0','0','0','','1970-01-01','1970-01-01','','1','0','21','2018-08-02 18:26:28','103.36.122.212','21','2018-11-27 04:33:16','76.176.130.44'),('186','4','3','30','0','0','0','','1970-01-01','1970-01-01','','1','0','21','2018-08-02 18:26:28','103.36.122.212','21','2018-11-27 04:33:16','76.176.130.44'),('187','4','3','31','0','0','0','','1970-01-01','1970-01-01','','1','0','21','2018-08-02 18:26:28','103.36.122.212','21','2018-11-27 04:33:16','76.176.130.44'),('188','4','3','32','0','0','0','','1970-01-01','1970-01-01','','1','0','21','2018-08-02 18:26:28','103.36.122.212','21','2018-11-27 04:33:16','76.176.130.44'),('189','4','3','33','0','0','0','','1970-01-01','1970-01-01','','1','0','21','2018-08-02 18:26:28','103.36.122.212','21','2018-11-27 04:33:16','76.176.130.44'),('190','4','3','34','0','0','0','','1970-01-01','1970-01-01','','1','0','21','2018-08-02 18:26:28','103.36.122.212','21','2018-11-27 04:33:16','76.176.130.44'),('191','4','3','35','0','0','0','','1970-01-01','1970-01-01','','1','0','21','2018-08-02 18:26:28','103.36.122.212','21','2018-11-27 04:33:16','76.176.130.44'),('192','4','3','36','0','0','0','','1970-01-01','1970-01-01','','1','0','21','2018-08-02 18:26:28','103.36.122.212','21','2018-11-27 04:33:16','76.176.130.44'),('193','4','3','37','0','0','0','','1970-01-01','1970-01-01','','1','0','21','2018-08-02 18:26:28','103.36.122.212','21','2018-11-27 04:33:16','76.176.130.44'),('194','4','3','38','0','0','0','','1970-01-01','1970-01-01','','1','0','21','2018-08-02 18:26:28','103.36.122.212','21','2018-11-27 04:33:16','76.176.130.44'),('195','4','3','39','0','0','0','','1970-01-01','1970-01-01','','1','0','21','2018-08-02 18:26:28','103.36.122.212','21','2018-11-27 04:33:16','76.176.130.44'),('196','4','3','40','0','0','0','','1970-01-01','1970-01-01','','1','0','21','2018-08-02 18:26:28','103.36.122.212','21','2018-11-27 04:33:16','76.176.130.44'),('197','4','3','41','0','0','0','','1970-01-01','1970-01-01','','1','0','21','2018-08-02 18:26:28','103.36.122.212','21','2018-11-27 04:33:16','76.176.130.44'),('198','4','3','42','0','0','0','','1970-01-01','1970-01-01','','1','0','21','2018-08-02 18:26:28','103.36.122.212','21','2018-11-27 04:33:16','76.176.130.44'),('199','4','3','43','0','0','0','','1970-01-01','1970-01-01','','1','0','21','2018-08-02 18:26:28','103.36.122.212','21','2018-11-27 04:33:16','76.176.130.44'),('200','4','3','44','0','0','0','','1970-01-01','1970-01-01','','1','0','21','2018-08-02 18:26:28','103.36.122.212','21','2018-11-27 04:33:16','76.176.130.44'),('201','4','3','45','0','0','0','','1970-01-01','1970-01-01','','1','0','21','2018-08-02 18:26:28','103.36.122.212','21','2018-11-27 04:33:16','76.176.130.44'),('202','4','3','46','0','0','0','','1970-01-01','1970-01-01','','1','0','21','2018-08-02 18:26:28','103.36.122.212','21','2018-11-27 04:33:16','76.176.130.44'),('203','4','3','47','0','0','0','','1970-01-01','1970-01-01','','1','0','21','2018-08-02 18:26:28','103.36.122.212','21','2018-11-27 04:33:16','76.176.130.44'),('204','4','3','48','0','0','0','','1970-01-01','1970-01-01','','1','0','21','2018-08-02 18:26:28','103.36.122.212','21','2018-11-27 04:33:16','76.176.130.44'),('205','4','3','49','0','0','0','','1970-01-01','1970-01-01','','1','0','21','2018-08-02 18:26:28','103.36.122.212','21','2018-11-27 04:33:16','76.176.130.44'),('206','4','3','50','0','0','0','','1970-01-01','1970-01-01','','1','0','21','2018-08-02 18:26:28','103.36.122.212','21','2018-11-27 04:33:16','76.176.130.44'),('207','4','3','51','0','0','0','','1970-01-01','1970-01-01','','1','0','21','2018-08-02 18:26:28','103.36.122.212','21','2018-11-27 04:33:16','76.176.130.44'),('208','4','3','52','0','0','0','','1970-01-01','1970-01-01','','1','0','21','2018-08-02 18:26:28','103.36.122.212','21','2018-11-27 04:33:16','76.176.130.44'),('209','5','3','1','0','0','0','','1970-01-01','1970-01-01','','1','0','1','2021-06-26 11:41:08','96.55.37.191','1','2021-07-05 12:28:39','96.55.37.191'),('210','5','3','2','0','0','0','','1970-01-01','1970-01-01','','1','0','1','2021-06-26 11:41:08','96.55.37.191','1','2021-07-05 12:28:39','96.55.37.191'),('211','5','3','3','0','0','0','','1970-01-01','1970-01-01','','1','0','1','2021-06-26 11:41:08','96.55.37.191','1','2021-07-05 12:28:39','96.55.37.191'),('212','5','3','4','0','0','0','','1970-01-01','1970-01-01','','1','0','1','2021-06-26 11:41:08','96.55.37.191','1','2021-07-05 12:28:39','96.55.37.191'),('213','5','3','5','0','0','0','','1970-01-01','1970-01-01','','1','0','1','2021-06-26 11:41:08','96.55.37.191','1','2021-07-05 12:28:39','96.55.37.191'),('214','5','3','6','0','0','0','','1970-01-01','1970-01-01','','1','0','1','2021-06-26 11:41:08','96.55.37.191','1','2021-07-05 12:28:39','96.55.37.191'),('215','5','3','7','0','0','0','','1970-01-01','1970-01-01','','1','0','1','2021-06-26 11:41:08','96.55.37.191','1','2021-07-05 12:28:39','96.55.37.191'),('216','5','3','8','0','0','0','','1970-01-01','1970-01-01','','1','0','1','2021-06-26 11:41:08','96.55.37.191','1','2021-07-05 12:28:39','96.55.37.191'),('217','5','3','9','0','0','0','','1970-01-01','1970-01-01','','1','0','1','2021-06-26 11:41:08','96.55.37.191','1','2021-07-05 12:28:39','96.55.37.191'),('218','5','3','10','0','0','0','','1970-01-01','1970-01-01','','1','0','1','2021-06-26 11:41:08','96.55.37.191','1','2021-07-05 12:28:39','96.55.37.191'),('219','5','3','11','0','0','0','','1970-01-01','1970-01-01','','1','0','1','2021-06-26 11:41:08','96.55.37.191','1','2021-07-05 12:28:39','96.55.37.191'),('220','5','3','12','0','0','0','','1970-01-01','1970-01-01','','1','0','1','2021-06-26 11:41:08','96.55.37.191','1','2021-07-05 12:28:39','96.55.37.191'),('221','5','3','13','0','0','0','','1970-01-01','1970-01-01','','1','0','1','2021-06-26 11:41:08','96.55.37.191','1','2021-07-05 12:28:39','96.55.37.191'),('222','5','3','14','0','0','0','','1970-01-01','1970-01-01','','1','0','1','2021-06-26 11:41:08','96.55.37.191','1','2021-07-05 12:28:39','96.55.37.191'),('223','5','3','15','0','0','0','','1970-01-01','1970-01-01','','1','0','1','2021-06-26 11:41:08','96.55.37.191','1','2021-07-05 12:28:39','96.55.37.191'),('224','5','3','16','0','0','0','','1970-01-01','1970-01-01','','1','0','1','2021-06-26 11:41:08','96.55.37.191','1','2021-07-05 12:28:39','96.55.37.191'),('225','5','3','17','0','0','0','','1970-01-01','1970-01-01','','1','0','1','2021-06-26 11:41:08','96.55.37.191','1','2021-07-05 12:28:39','96.55.37.191'),('226','5','3','18','0','0','0','','1970-01-01','1970-01-01','','1','0','1','2021-06-26 11:41:08','96.55.37.191','1','2021-07-05 12:28:39','96.55.37.191'),('227','5','3','19','0','0','0','','1970-01-01','1970-01-01','','1','0','1','2021-06-26 11:41:08','96.55.37.191','1','2021-07-05 12:28:39','96.55.37.191'),('228','5','3','20','0','0','0','','1970-01-01','1970-01-01','','1','0','1','2021-06-26 11:41:08','96.55.37.191','1','2021-07-05 12:28:39','96.55.37.191'),('229','5','3','21','0','0','0','','1970-01-01','1970-01-01','','1','0','1','2021-06-26 11:41:08','96.55.37.191','1','2021-07-05 12:28:39','96.55.37.191'),('230','5','3','22','0','0','0','','1970-01-01','1970-01-01','','1','0','1','2021-06-26 11:41:08','96.55.37.191','1','2021-07-05 12:28:39','96.55.37.191'),('231','5','3','23','0','0','0','','1970-01-01','1970-01-01','','1','0','1','2021-06-26 11:41:08','96.55.37.191','1','2021-07-05 12:28:39','96.55.37.191'),('232','5','3','24','0','0','0','','1970-01-01','1970-01-01','','1','0','1','2021-06-26 11:41:08','96.55.37.191','1','2021-07-05 12:28:39','96.55.37.191'),('233','5','3','25','0','0','0','','1970-01-01','1970-01-01','','1','0','1','2021-06-26 11:41:08','96.55.37.191','1','2021-07-05 12:28:39','96.55.37.191'),('234','5','3','26','0','0','0','','1970-01-01','1970-01-01','','1','0','1','2021-06-26 11:41:08','96.55.37.191','1','2021-07-05 12:28:39','96.55.37.191'),('235','5','3','27','0','0','0','','1970-01-01','1970-01-01','','1','0','1','2021-06-26 11:41:08','96.55.37.191','1','2021-07-05 12:28:39','96.55.37.191'),('236','5','3','28','0','0','0','','1970-01-01','1970-01-01','','1','0','1','2021-06-26 11:41:08','96.55.37.191','1','2021-07-05 12:28:39','96.55.37.191'),('237','5','3','29','0','0','0','','1970-01-01','1970-01-01','','1','0','1','2021-06-26 11:41:08','96.55.37.191','1','2021-07-05 12:28:39','96.55.37.191'),('238','5','3','30','0','0','0','','1970-01-01','1970-01-01','','1','0','1','2021-06-26 11:41:08','96.55.37.191','1','2021-07-05 12:28:39','96.55.37.191'),('239','5','3','31','0','0','0','','1970-01-01','1970-01-01','','1','0','1','2021-06-26 11:41:08','96.55.37.191','1','2021-07-05 12:28:39','96.55.37.191'),('240','5','3','32','0','0','0','','1970-01-01','1970-01-01','','1','0','1','2021-06-26 11:41:08','96.55.37.191','1','2021-07-05 12:28:39','96.55.37.191'),('241','5','3','33','0','0','0','','1970-01-01','1970-01-01','','1','0','1','2021-06-26 11:41:08','96.55.37.191','1','2021-07-05 12:28:39','96.55.37.191'),('242','5','3','34','0','0','0','','1970-01-01','1970-01-01','','1','0','1','2021-06-26 11:41:08','96.55.37.191','1','2021-07-05 12:28:39','96.55.37.191'),('243','5','3','35','0','0','0','','1970-01-01','1970-01-01','','1','0','1','2021-06-26 11:41:08','96.55.37.191','1','2021-07-05 12:28:39','96.55.37.191'),('244','5','3','36','0','0','0','','1970-01-01','1970-01-01','','1','0','1','2021-06-26 11:41:08','96.55.37.191','1','2021-07-05 12:28:39','96.55.37.191'),('245','5','3','37','0','0','0','','1970-01-01','1970-01-01','','1','0','1','2021-06-26 11:41:08','96.55.37.191','1','2021-07-05 12:28:39','96.55.37.191'),('246','5','3','38','0','0','0','','1970-01-01','1970-01-01','','1','0','1','2021-06-26 11:41:08','96.55.37.191','1','2021-07-05 12:28:39','96.55.37.191'),('247','5','3','39','0','0','0','','1970-01-01','1970-01-01','','1','0','1','2021-06-26 11:41:08','96.55.37.191','1','2021-07-05 12:28:39','96.55.37.191'),('248','5','3','40','0','0','0','','1970-01-01','1970-01-01','','1','0','1','2021-06-26 11:41:08','96.55.37.191','1','2021-07-05 12:28:39','96.55.37.191'),('249','5','3','41','0','0','0','','1970-01-01','1970-01-01','','1','0','1','2021-06-26 11:41:08','96.55.37.191','1','2021-07-05 12:28:39','96.55.37.191'),('250','5','3','42','0','0','0','','1970-01-01','1970-01-01','','1','0','1','2021-06-26 11:41:08','96.55.37.191','1','2021-07-05 12:28:39','96.55.37.191'),('251','5','3','43','0','0','0','','1970-01-01','1970-01-01','','1','0','1','2021-06-26 11:41:08','96.55.37.191','1','2021-07-05 12:28:39','96.55.37.191'),('252','5','3','44','0','0','0','','1970-01-01','1970-01-01','','1','0','1','2021-06-26 11:41:08','96.55.37.191','1','2021-07-05 12:28:39','96.55.37.191'),('253','5','3','45','0','0','0','','1970-01-01','1970-01-01','','1','0','1','2021-06-26 11:41:08','96.55.37.191','1','2021-07-05 12:28:39','96.55.37.191'),('254','5','3','46','0','0','0','','1970-01-01','1970-01-01','','1','0','1','2021-06-26 11:41:08','96.55.37.191','1','2021-07-05 12:28:39','96.55.37.191'),('255','5','3','47','0','0','0','','1970-01-01','1970-01-01','','1','0','1','2021-06-26 11:41:08','96.55.37.191','1','2021-07-05 12:28:39','96.55.37.191'),('256','5','3','48','0','0','0','','1970-01-01','1970-01-01','','1','0','1','2021-06-26 11:41:08','96.55.37.191','1','2021-07-05 12:28:39','96.55.37.191'),('257','5','3','49','0','0','0','','1970-01-01','1970-01-01','','1','0','1','2021-06-26 11:41:08','96.55.37.191','1','2021-07-05 12:28:39','96.55.37.191'),('258','5','3','50','0','0','0','','1970-01-01','1970-01-01','','1','0','1','2021-06-26 11:41:08','96.55.37.191','1','2021-07-05 12:28:39','96.55.37.191'),('259','5','3','51','0','0','0','','1970-01-01','1970-01-01','','1','0','1','2021-06-26 11:41:08','96.55.37.191','1','2021-07-05 12:28:39','96.55.37.191'),('260','5','3','52','0','0','0','','1970-01-01','1970-01-01','','1','0','1','2021-06-26 11:41:08','96.55.37.191','1','2021-07-05 12:28:39','96.55.37.191'),('261','6','3','1','0','0','0','','1970-01-01','1970-01-01','','1','0','1','2021-06-26 11:42:44','96.55.37.191','1','2021-07-05 12:28:52','96.55.37.191'),('262','6','3','2','0','0','0','','1970-01-01','1970-01-01','','1','0','1','2021-06-26 11:42:44','96.55.37.191','1','2021-07-05 12:28:52','96.55.37.191'),('263','6','3','3','0','0','0','','1970-01-01','1970-01-01','','1','0','1','2021-06-26 11:42:44','96.55.37.191','1','2021-07-05 12:28:52','96.55.37.191'),('264','6','3','4','0','0','0','','1970-01-01','1970-01-01','','1','0','1','2021-06-26 11:42:44','96.55.37.191','1','2021-07-05 12:28:52','96.55.37.191'),('265','6','3','5','0','0','0','','1970-01-01','1970-01-01','','1','0','1','2021-06-26 11:42:44','96.55.37.191','1','2021-07-05 12:28:52','96.55.37.191'),('266','6','3','6','0','0','0','','1970-01-01','1970-01-01','','1','0','1','2021-06-26 11:42:44','96.55.37.191','1','2021-07-05 12:28:52','96.55.37.191'),('267','6','3','7','0','0','0','','1970-01-01','1970-01-01','','1','0','1','2021-06-26 11:42:44','96.55.37.191','1','2021-07-05 12:28:52','96.55.37.191'),('268','6','3','8','0','0','0','','1970-01-01','1970-01-01','','1','0','1','2021-06-26 11:42:44','96.55.37.191','1','2021-07-05 12:28:52','96.55.37.191'),('269','6','3','9','0','0','0','','1970-01-01','1970-01-01','','1','0','1','2021-06-26 11:42:44','96.55.37.191','1','2021-07-05 12:28:52','96.55.37.191'),('270','6','3','10','0','0','0','','1970-01-01','1970-01-01','','1','0','1','2021-06-26 11:42:44','96.55.37.191','1','2021-07-05 12:28:52','96.55.37.191'),('271','6','3','11','0','0','0','','1970-01-01','1970-01-01','','1','0','1','2021-06-26 11:42:44','96.55.37.191','1','2021-07-05 12:28:52','96.55.37.191'),('272','6','3','12','0','0','0','','1970-01-01','1970-01-01','','1','0','1','2021-06-26 11:42:44','96.55.37.191','1','2021-07-05 12:28:52','96.55.37.191'),('273','6','3','13','0','0','0','','1970-01-01','1970-01-01','','1','0','1','2021-06-26 11:42:44','96.55.37.191','1','2021-07-05 12:28:52','96.55.37.191'),('274','6','3','14','0','0','0','','1970-01-01','1970-01-01','','1','0','1','2021-06-26 11:42:44','96.55.37.191','1','2021-07-05 12:28:52','96.55.37.191'),('275','6','3','15','0','0','0','','1970-01-01','1970-01-01','','1','0','1','2021-06-26 11:42:44','96.55.37.191','1','2021-07-05 12:28:52','96.55.37.191'),('276','6','3','16','0','0','0','','1970-01-01','1970-01-01','','1','0','1','2021-06-26 11:42:44','96.55.37.191','1','2021-07-05 12:28:52','96.55.37.191'),('277','6','3','17','0','0','0','','1970-01-01','1970-01-01','','1','0','1','2021-06-26 11:42:44','96.55.37.191','1','2021-07-05 12:28:52','96.55.37.191'),('278','6','3','18','0','0','0','','1970-01-01','1970-01-01','','1','0','1','2021-06-26 11:42:44','96.55.37.191','1','2021-07-05 12:28:52','96.55.37.191'),('279','6','3','19','0','0','0','','1970-01-01','1970-01-01','','1','0','1','2021-06-26 11:42:44','96.55.37.191','1','2021-07-05 12:28:52','96.55.37.191'),('280','6','3','20','0','0','0','','1970-01-01','1970-01-01','','1','0','1','2021-06-26 11:42:44','96.55.37.191','1','2021-07-05 12:28:52','96.55.37.191'),('281','6','3','21','0','0','0','','1970-01-01','1970-01-01','','1','0','1','2021-06-26 11:42:44','96.55.37.191','1','2021-07-05 12:28:52','96.55.37.191'),('282','6','3','22','0','0','0','','1970-01-01','1970-01-01','','1','0','1','2021-06-26 11:42:44','96.55.37.191','1','2021-07-05 12:28:52','96.55.37.191'),('283','6','3','23','0','0','0','','1970-01-01','1970-01-01','','1','0','1','2021-06-26 11:42:44','96.55.37.191','1','2021-07-05 12:28:52','96.55.37.191'),('284','6','3','24','0','0','0','','1970-01-01','1970-01-01','','1','0','1','2021-06-26 11:42:44','96.55.37.191','1','2021-07-05 12:28:52','96.55.37.191'),('285','6','3','25','0','0','0','','1970-01-01','1970-01-01','','1','0','1','2021-06-26 11:42:44','96.55.37.191','1','2021-07-05 12:28:52','96.55.37.191'),('286','6','3','26','0','0','0','','1970-01-01','1970-01-01','','1','0','1','2021-06-26 11:42:44','96.55.37.191','1','2021-07-05 12:28:52','96.55.37.191'),('287','6','3','27','0','0','0','','1970-01-01','1970-01-01','','1','0','1','2021-06-26 11:42:44','96.55.37.191','1','2021-07-05 12:28:52','96.55.37.191'),('288','6','3','28','0','0','0','','1970-01-01','1970-01-01','','1','0','1','2021-06-26 11:42:44','96.55.37.191','1','2021-07-05 12:28:52','96.55.37.191'),('289','6','3','29','0','0','0','','1970-01-01','1970-01-01','','1','0','1','2021-06-26 11:42:44','96.55.37.191','1','2021-07-05 12:28:52','96.55.37.191'),('290','6','3','30','0','0','0','','1970-01-01','1970-01-01','','1','0','1','2021-06-26 11:42:44','96.55.37.191','1','2021-07-05 12:28:52','96.55.37.191'),('291','6','3','31','0','0','0','','1970-01-01','1970-01-01','','1','0','1','2021-06-26 11:42:44','96.55.37.191','1','2021-07-05 12:28:52','96.55.37.191'),('292','6','3','32','0','0','0','','1970-01-01','1970-01-01','','1','0','1','2021-06-26 11:42:44','96.55.37.191','1','2021-07-05 12:28:52','96.55.37.191'),('293','6','3','33','0','0','0','','1970-01-01','1970-01-01','','1','0','1','2021-06-26 11:42:44','96.55.37.191','1','2021-07-05 12:28:52','96.55.37.191'),('294','6','3','34','0','0','0','','1970-01-01','1970-01-01','','1','0','1','2021-06-26 11:42:44','96.55.37.191','1','2021-07-05 12:28:52','96.55.37.191'),('295','6','3','35','0','0','0','','1970-01-01','1970-01-01','','1','0','1','2021-06-26 11:42:44','96.55.37.191','1','2021-07-05 12:28:52','96.55.37.191'),('296','6','3','36','0','0','0','','1970-01-01','1970-01-01','','1','0','1','2021-06-26 11:42:44','96.55.37.191','1','2021-07-05 12:28:52','96.55.37.191'),('297','6','3','37','0','0','0','','1970-01-01','1970-01-01','','1','0','1','2021-06-26 11:42:44','96.55.37.191','1','2021-07-05 12:28:52','96.55.37.191'),('298','6','3','38','0','0','0','','1970-01-01','1970-01-01','','1','0','1','2021-06-26 11:42:44','96.55.37.191','1','2021-07-05 12:28:52','96.55.37.191'),('299','6','3','39','0','0','0','','1970-01-01','1970-01-01','','1','0','1','2021-06-26 11:42:44','96.55.37.191','1','2021-07-05 12:28:52','96.55.37.191'),('300','6','3','40','0','0','0','','1970-01-01','1970-01-01','','1','0','1','2021-06-26 11:42:44','96.55.37.191','1','2021-07-05 12:28:52','96.55.37.191'),('301','6','3','41','0','0','0','','1970-01-01','1970-01-01','','1','0','1','2021-06-26 11:42:44','96.55.37.191','1','2021-07-05 12:28:52','96.55.37.191'),('302','6','3','42','0','0','0','','1970-01-01','1970-01-01','','1','0','1','2021-06-26 11:42:44','96.55.37.191','1','2021-07-05 12:28:52','96.55.37.191'),('303','6','3','43','0','0','0','','1970-01-01','1970-01-01','','1','0','1','2021-06-26 11:42:44','96.55.37.191','1','2021-07-05 12:28:52','96.55.37.191'),('304','6','3','44','0','0','0','','1970-01-01','1970-01-01','','1','0','1','2021-06-26 11:42:44','96.55.37.191','1','2021-07-05 12:28:52','96.55.37.191'),('305','6','3','45','0','0','0','','1970-01-01','1970-01-01','','1','0','1','2021-06-26 11:42:44','96.55.37.191','1','2021-07-05 12:28:52','96.55.37.191'),('306','6','3','46','0','0','0','','1970-01-01','1970-01-01','','1','0','1','2021-06-26 11:42:44','96.55.37.191','1','2021-07-05 12:28:52','96.55.37.191'),('307','6','3','47','0','0','0','','1970-01-01','1970-01-01','','1','0','1','2021-06-26 11:42:44','96.55.37.191','1','2021-07-05 12:28:52','96.55.37.191'),('308','6','3','48','0','0','0','','1970-01-01','1970-01-01','','1','0','1','2021-06-26 11:42:44','96.55.37.191','1','2021-07-05 12:28:52','96.55.37.191'),('309','6','3','49','0','0','0','','1970-01-01','1970-01-01','','1','0','1','2021-06-26 11:42:44','96.55.37.191','1','2021-07-05 12:28:52','96.55.37.191'),('310','6','3','50','0','0','0','','1970-01-01','1970-01-01','','1','0','1','2021-06-26 11:42:44','96.55.37.191','1','2021-07-05 12:28:52','96.55.37.191'),('311','6','3','51','0','0','0','','1970-01-01','1970-01-01','','1','0','1','2021-06-26 11:42:44','96.55.37.191','1','2021-07-05 12:28:52','96.55.37.191'),('312','6','3','52','0','0','0','','1970-01-01','1970-01-01','','1','0','1','2021-06-26 11:42:44','96.55.37.191','1','2021-07-05 12:28:52','96.55.37.191'),('313','7','3','1','0','0','0','','1970-01-01','1970-01-01','','1','0','1','2021-08-30 02:42:26','107.210.168.81','0','0000-00-00 00:00:00',''),('314','7','3','2','0','0','0','','1970-01-01','1970-01-01','','1','0','1','2021-08-30 02:42:26','107.210.168.81','0','0000-00-00 00:00:00',''),('315','7','3','3','0','0','0','','1970-01-01','1970-01-01','','1','0','1','2021-08-30 02:42:26','107.210.168.81','0','0000-00-00 00:00:00',''),('316','7','3','4','0','0','0','','1970-01-01','1970-01-01','','1','0','1','2021-08-30 02:42:26','107.210.168.81','0','0000-00-00 00:00:00',''),('317','7','3','5','0','0','0','','1970-01-01','1970-01-01','','1','0','1','2021-08-30 02:42:26','107.210.168.81','0','0000-00-00 00:00:00',''),('318','7','3','6','0','0','0','','1970-01-01','1970-01-01','','1','0','1','2021-08-30 02:42:26','107.210.168.81','0','0000-00-00 00:00:00',''),('319','7','3','7','0','0','0','','1970-01-01','1970-01-01','','1','0','1','2021-08-30 02:42:26','107.210.168.81','0','0000-00-00 00:00:00',''),('320','7','3','8','0','0','0','','1970-01-01','1970-01-01','','1','0','1','2021-08-30 02:42:26','107.210.168.81','0','0000-00-00 00:00:00',''),('321','7','3','9','0','0','0','','1970-01-01','1970-01-01','','1','0','1','2021-08-30 02:42:26','107.210.168.81','0','0000-00-00 00:00:00',''),('322','7','3','10','0','0','0','','1970-01-01','1970-01-01','','1','0','1','2021-08-30 02:42:26','107.210.168.81','0','0000-00-00 00:00:00',''),('323','7','3','11','0','0','0','','1970-01-01','1970-01-01','','1','0','1','2021-08-30 02:42:26','107.210.168.81','0','0000-00-00 00:00:00',''),('324','7','3','12','0','0','0','','1970-01-01','1970-01-01','','1','0','1','2021-08-30 02:42:26','107.210.168.81','0','0000-00-00 00:00:00',''),('325','7','3','13','0','0','0','','1970-01-01','1970-01-01','','1','0','1','2021-08-30 02:42:26','107.210.168.81','0','0000-00-00 00:00:00',''),('326','7','3','14','0','0','0','','1970-01-01','1970-01-01','','1','0','1','2021-08-30 02:42:26','107.210.168.81','0','0000-00-00 00:00:00',''),('327','7','3','15','0','0','0','','1970-01-01','1970-01-01','','1','0','1','2021-08-30 02:42:26','107.210.168.81','0','0000-00-00 00:00:00',''),('328','7','3','16','0','0','0','','1970-01-01','1970-01-01','','1','0','1','2021-08-30 02:42:26','107.210.168.81','0','0000-00-00 00:00:00',''),('329','7','3','17','0','0','0','','1970-01-01','1970-01-01','','1','0','1','2021-08-30 02:42:26','107.210.168.81','0','0000-00-00 00:00:00',''),('330','7','3','18','0','0','0','','1970-01-01','1970-01-01','','1','0','1','2021-08-30 02:42:26','107.210.168.81','0','0000-00-00 00:00:00',''),('331','7','3','19','0','0','0','','1970-01-01','1970-01-01','','1','0','1','2021-08-30 02:42:26','107.210.168.81','0','0000-00-00 00:00:00',''),('332','7','3','20','0','0','0','','1970-01-01','1970-01-01','','1','0','1','2021-08-30 02:42:26','107.210.168.81','0','0000-00-00 00:00:00',''),('333','7','3','21','0','0','0','','1970-01-01','1970-01-01','','1','0','1','2021-08-30 02:42:26','107.210.168.81','0','0000-00-00 00:00:00',''),('334','7','3','22','0','0','0','','1970-01-01','1970-01-01','','1','0','1','2021-08-30 02:42:26','107.210.168.81','0','0000-00-00 00:00:00',''),('335','7','3','23','0','0','0','','1970-01-01','1970-01-01','','1','0','1','2021-08-30 02:42:26','107.210.168.81','0','0000-00-00 00:00:00',''),('336','7','3','24','0','0','0','','1970-01-01','1970-01-01','','1','0','1','2021-08-30 02:42:26','107.210.168.81','0','0000-00-00 00:00:00',''),('337','7','3','25','0','0','0','','1970-01-01','1970-01-01','','1','0','1','2021-08-30 02:42:26','107.210.168.81','0','0000-00-00 00:00:00',''),('338','7','3','26','0','0','0','','1970-01-01','1970-01-01','','1','0','1','2021-08-30 02:42:26','107.210.168.81','0','0000-00-00 00:00:00',''),('339','7','3','27','0','0','0','','1970-01-01','1970-01-01','','1','0','1','2021-08-30 02:42:26','107.210.168.81','0','0000-00-00 00:00:00',''),('340','7','3','28','0','0','0','','1970-01-01','1970-01-01','','1','0','1','2021-08-30 02:42:26','107.210.168.81','0','0000-00-00 00:00:00',''),('341','7','3','29','0','0','0','','1970-01-01','1970-01-01','','1','0','1','2021-08-30 02:42:26','107.210.168.81','0','0000-00-00 00:00:00',''),('342','7','3','30','0','0','0','','1970-01-01','1970-01-01','','1','0','1','2021-08-30 02:42:26','107.210.168.81','0','0000-00-00 00:00:00',''),('343','7','3','31','0','0','0','','1970-01-01','1970-01-01','','1','0','1','2021-08-30 02:42:26','107.210.168.81','0','0000-00-00 00:00:00',''),('344','7','3','32','0','0','0','','1970-01-01','1970-01-01','','1','0','1','2021-08-30 02:42:26','107.210.168.81','0','0000-00-00 00:00:00',''),('345','7','3','33','0','0','0','','1970-01-01','1970-01-01','','1','0','1','2021-08-30 02:42:26','107.210.168.81','0','0000-00-00 00:00:00',''),('346','7','3','34','0','0','0','','1970-01-01','1970-01-01','','1','0','1','2021-08-30 02:42:26','107.210.168.81','0','0000-00-00 00:00:00',''),('347','7','3','35','0','0','0','','1970-01-01','1970-01-01','','1','0','1','2021-08-30 02:42:26','107.210.168.81','0','0000-00-00 00:00:00',''),('348','7','3','36','0','0','0','','1970-01-01','1970-01-01','','1','0','1','2021-08-30 02:42:26','107.210.168.81','0','0000-00-00 00:00:00',''),('349','7','3','37','0','0','0','','1970-01-01','1970-01-01','','1','0','1','2021-08-30 02:42:26','107.210.168.81','0','0000-00-00 00:00:00',''),('350','7','3','38','0','0','0','','1970-01-01','1970-01-01','','1','0','1','2021-08-30 02:42:26','107.210.168.81','0','0000-00-00 00:00:00',''),('351','7','3','39','0','0','0','','1970-01-01','1970-01-01','','1','0','1','2021-08-30 02:42:26','107.210.168.81','0','0000-00-00 00:00:00',''),('352','7','3','40','0','0','0','','1970-01-01','1970-01-01','','1','0','1','2021-08-30 02:42:26','107.210.168.81','0','0000-00-00 00:00:00',''),('353','7','3','41','0','0','0','','1970-01-01','1970-01-01','','1','0','1','2021-08-30 02:42:26','107.210.168.81','0','0000-00-00 00:00:00',''),('354','7','3','42','0','0','0','','1970-01-01','1970-01-01','','1','0','1','2021-08-30 02:42:26','107.210.168.81','0','0000-00-00 00:00:00',''),('355','7','3','43','0','0','0','','1970-01-01','1970-01-01','','1','0','1','2021-08-30 02:42:26','107.210.168.81','0','0000-00-00 00:00:00',''),('356','7','3','44','0','0','0','','1970-01-01','1970-01-01','','1','0','1','2021-08-30 02:42:26','107.210.168.81','0','0000-00-00 00:00:00',''),('357','7','3','45','0','0','0','','1970-01-01','1970-01-01','','1','0','1','2021-08-30 02:42:26','107.210.168.81','0','0000-00-00 00:00:00',''),('358','7','3','46','0','0','0','','1970-01-01','1970-01-01','','1','0','1','2021-08-30 02:42:26','107.210.168.81','0','0000-00-00 00:00:00',''),('359','7','3','47','0','0','0','','1970-01-01','1970-01-01','','1','0','1','2021-08-30 02:42:26','107.210.168.81','0','0000-00-00 00:00:00',''),('360','7','3','48','0','0','0','','1970-01-01','1970-01-01','','1','0','1','2021-08-30 02:42:26','107.210.168.81','0','0000-00-00 00:00:00',''),('361','7','3','49','0','0','0','','1970-01-01','1970-01-01','','1','0','1','2021-08-30 02:42:26','107.210.168.81','0','0000-00-00 00:00:00',''),('362','7','3','50','0','0','0','','1970-01-01','1970-01-01','','1','0','1','2021-08-30 02:42:26','107.210.168.81','0','0000-00-00 00:00:00',''),('363','7','3','51','0','0','0','','1970-01-01','1970-01-01','','1','0','1','2021-08-30 02:42:26','107.210.168.81','0','0000-00-00 00:00:00',''),('364','7','3','52','0','0','0','','1970-01-01','1970-01-01','','1','0','1','2021-08-30 02:42:26','107.210.168.81','0','0000-00-00 00:00:00',''),('365','0','3','1','0','0','0','','1970-01-01','1970-01-01','','1','0','1','2021-08-30 02:54:29','107.210.168.81','0','0000-00-00 00:00:00',''),('366','0','3','2','0','0','0','','1970-01-01','1970-01-01','','1','0','1','2021-08-30 02:54:29','107.210.168.81','0','0000-00-00 00:00:00',''),('367','0','3','3','0','0','0','','1970-01-01','1970-01-01','','1','0','1','2021-08-30 02:54:29','107.210.168.81','0','0000-00-00 00:00:00',''),('368','0','3','4','0','0','0','','1970-01-01','1970-01-01','','1','0','1','2021-08-30 02:54:29','107.210.168.81','0','0000-00-00 00:00:00',''),('369','0','3','5','0','0','0','','1970-01-01','1970-01-01','','1','0','1','2021-08-30 02:54:29','107.210.168.81','0','0000-00-00 00:00:00',''),('370','0','3','6','0','0','0','','1970-01-01','1970-01-01','','1','0','1','2021-08-30 02:54:29','107.210.168.81','0','0000-00-00 00:00:00',''),('371','0','3','7','0','0','0','','1970-01-01','1970-01-01','','1','0','1','2021-08-30 02:54:29','107.210.168.81','0','0000-00-00 00:00:00',''),('372','0','3','8','0','0','0','','1970-01-01','1970-01-01','','1','0','1','2021-08-30 02:54:29','107.210.168.81','0','0000-00-00 00:00:00',''),('373','0','3','9','0','0','0','','1970-01-01','1970-01-01','','1','0','1','2021-08-30 02:54:29','107.210.168.81','0','0000-00-00 00:00:00',''),('374','0','3','10','0','0','0','','1970-01-01','1970-01-01','','1','0','1','2021-08-30 02:54:29','107.210.168.81','0','0000-00-00 00:00:00',''),('375','0','3','11','0','0','0','','1970-01-01','1970-01-01','','1','0','1','2021-08-30 02:54:29','107.210.168.81','0','0000-00-00 00:00:00',''),('376','0','3','12','0','0','0','','1970-01-01','1970-01-01','','1','0','1','2021-08-30 02:54:29','107.210.168.81','0','0000-00-00 00:00:00',''),('377','0','3','13','0','0','0','','1970-01-01','1970-01-01','','1','0','1','2021-08-30 02:54:29','107.210.168.81','0','0000-00-00 00:00:00',''),('378','0','3','14','0','0','0','','1970-01-01','1970-01-01','','1','0','1','2021-08-30 02:54:29','107.210.168.81','0','0000-00-00 00:00:00',''),('379','0','3','15','0','0','0','','1970-01-01','1970-01-01','','1','0','1','2021-08-30 02:54:29','107.210.168.81','0','0000-00-00 00:00:00',''),('380','0','3','16','0','0','0','','1970-01-01','1970-01-01','','1','0','1','2021-08-30 02:54:29','107.210.168.81','0','0000-00-00 00:00:00',''),('381','0','3','17','0','0','0','','1970-01-01','1970-01-01','','1','0','1','2021-08-30 02:54:29','107.210.168.81','0','0000-00-00 00:00:00',''),('382','0','3','18','0','0','0','','1970-01-01','1970-01-01','','1','0','1','2021-08-30 02:54:29','107.210.168.81','0','0000-00-00 00:00:00',''),('383','0','3','19','0','0','0','','1970-01-01','1970-01-01','','1','0','1','2021-08-30 02:54:29','107.210.168.81','0','0000-00-00 00:00:00',''),('384','0','3','20','0','0','0','','1970-01-01','1970-01-01','','1','0','1','2021-08-30 02:54:29','107.210.168.81','0','0000-00-00 00:00:00',''),('385','0','3','21','0','0','0','','1970-01-01','1970-01-01','','1','0','1','2021-08-30 02:54:29','107.210.168.81','0','0000-00-00 00:00:00',''),('386','0','3','22','0','0','0','','1970-01-01','1970-01-01','','1','0','1','2021-08-30 02:54:29','107.210.168.81','0','0000-00-00 00:00:00',''),('387','0','3','23','0','0','0','','1970-01-01','1970-01-01','','1','0','1','2021-08-30 02:54:29','107.210.168.81','0','0000-00-00 00:00:00',''),('388','0','3','24','0','0','0','','1970-01-01','1970-01-01','','1','0','1','2021-08-30 02:54:29','107.210.168.81','0','0000-00-00 00:00:00',''),('389','0','3','25','0','0','0','','1970-01-01','1970-01-01','','1','0','1','2021-08-30 02:54:29','107.210.168.81','0','0000-00-00 00:00:00',''),('390','0','3','26','0','0','0','','1970-01-01','1970-01-01','','1','0','1','2021-08-30 02:54:29','107.210.168.81','0','0000-00-00 00:00:00',''),('391','0','3','27','0','0','0','','1970-01-01','1970-01-01','','1','0','1','2021-08-30 02:54:29','107.210.168.81','0','0000-00-00 00:00:00',''),('392','0','3','28','0','0','0','','1970-01-01','1970-01-01','','1','0','1','2021-08-30 02:54:29','107.210.168.81','0','0000-00-00 00:00:00',''),('393','0','3','29','0','0','0','','1970-01-01','1970-01-01','','1','0','1','2021-08-30 02:54:29','107.210.168.81','0','0000-00-00 00:00:00',''),('394','0','3','30','0','0','0','','1970-01-01','1970-01-01','','1','0','1','2021-08-30 02:54:29','107.210.168.81','0','0000-00-00 00:00:00',''),('395','0','3','31','0','0','0','','1970-01-01','1970-01-01','','1','0','1','2021-08-30 02:54:29','107.210.168.81','0','0000-00-00 00:00:00',''),('396','0','3','32','0','0','0','','1970-01-01','1970-01-01','','1','0','1','2021-08-30 02:54:29','107.210.168.81','0','0000-00-00 00:00:00',''),('397','0','3','33','0','0','0','','1970-01-01','1970-01-01','','1','0','1','2021-08-30 02:54:29','107.210.168.81','0','0000-00-00 00:00:00',''),('398','0','3','34','0','0','0','','1970-01-01','1970-01-01','','1','0','1','2021-08-30 02:54:29','107.210.168.81','0','0000-00-00 00:00:00',''),('399','0','3','35','0','0','0','','1970-01-01','1970-01-01','','1','0','1','2021-08-30 02:54:29','107.210.168.81','0','0000-00-00 00:00:00',''),('400','0','3','36','0','0','0','','1970-01-01','1970-01-01','','1','0','1','2021-08-30 02:54:29','107.210.168.81','0','0000-00-00 00:00:00',''),('401','0','3','37','0','0','0','','1970-01-01','1970-01-01','','1','0','1','2021-08-30 02:54:29','107.210.168.81','0','0000-00-00 00:00:00',''),('402','0','3','38','0','0','0','','1970-01-01','1970-01-01','','1','0','1','2021-08-30 02:54:29','107.210.168.81','0','0000-00-00 00:00:00',''),('403','0','3','39','0','0','0','','1970-01-01','1970-01-01','','1','0','1','2021-08-30 02:54:29','107.210.168.81','0','0000-00-00 00:00:00',''),('404','0','3','40','0','0','0','','1970-01-01','1970-01-01','','1','0','1','2021-08-30 02:54:29','107.210.168.81','0','0000-00-00 00:00:00',''),('405','0','3','41','0','0','0','','1970-01-01','1970-01-01','','1','0','1','2021-08-30 02:54:29','107.210.168.81','0','0000-00-00 00:00:00',''),('406','0','3','42','0','0','0','','1970-01-01','1970-01-01','','1','0','1','2021-08-30 02:54:29','107.210.168.81','0','0000-00-00 00:00:00',''),('407','0','3','43','0','0','0','','1970-01-01','1970-01-01','','1','0','1','2021-08-30 02:54:29','107.210.168.81','0','0000-00-00 00:00:00',''),('408','0','3','44','0','0','0','','1970-01-01','1970-01-01','','1','0','1','2021-08-30 02:54:29','107.210.168.81','0','0000-00-00 00:00:00',''),('409','0','3','45','0','0','0','','1970-01-01','1970-01-01','','1','0','1','2021-08-30 02:54:29','107.210.168.81','0','0000-00-00 00:00:00',''),('410','0','3','46','0','0','0','','1970-01-01','1970-01-01','','1','0','1','2021-08-30 02:54:29','107.210.168.81','0','0000-00-00 00:00:00',''),('411','0','3','47','0','0','0','','1970-01-01','1970-01-01','','1','0','1','2021-08-30 02:54:29','107.210.168.81','0','0000-00-00 00:00:00',''),('412','0','3','48','0','0','0','','1970-01-01','1970-01-01','','1','0','1','2021-08-30 02:54:29','107.210.168.81','0','0000-00-00 00:00:00',''),('413','0','3','49','0','0','0','','1970-01-01','1970-01-01','','1','0','1','2021-08-30 02:54:29','107.210.168.81','0','0000-00-00 00:00:00',''),('414','0','3','50','0','0','0','','1970-01-01','1970-01-01','','1','0','1','2021-08-30 02:54:29','107.210.168.81','0','0000-00-00 00:00:00',''),('415','0','3','51','0','0','0','','1970-01-01','1970-01-01','','1','0','1','2021-08-30 02:54:29','107.210.168.81','0','0000-00-00 00:00:00',''),('416','0','3','52','0','0','0','','1970-01-01','1970-01-01','','1','0','1','2021-08-30 02:54:29','107.210.168.81','0','0000-00-00 00:00:00','');
/*!40000 ALTER TABLE `ft_broker_licences_ria` ENABLE KEYS */;

DROP TABLE IF EXISTS `ft_broker_licences_securities`;
CREATE TABLE `ft_broker_licences_securities` (
  `id` int(11) NOT NULL AUTO_INCREMENT,
  `broker_id` int(11) NOT NULL,
  `type_of_licences` tinyint(1) NOT NULL DEFAULT '1' COMMENT '1-securities,2-insurance,3-RIA',
  `state_id` int(8) NOT NULL,
  `waive_home_state_fee` tinyint(1) NOT NULL DEFAULT '0',
  `product_category` tinyint(1) NOT NULL DEFAULT '0',
  `active_check` tinyint(1) NOT NULL DEFAULT '0',
  `fee` varchar(20) NOT NULL,
  `received` date DEFAULT '0000-00-00',
  `terminated` date DEFAULT '0000-00-00',
  `reson` text NOT NULL,
  `status` tinyint(1) NOT NULL DEFAULT '1',
  `is_delete` tinyint(1) NOT NULL DEFAULT '0',
  `created_by` int(12) NOT NULL,
  `created_time` datetime NOT NULL,
  `created_ip` varchar(100) NOT NULL,
  `modified_by` int(12) NOT NULL,
  `modified_time` datetime NOT NULL,
  `modified_ip` varchar(100) NOT NULL,
  PRIMARY KEY (`id`)
) ENGINE=InnoDB AUTO_INCREMENT=417 DEFAULT CHARSET=latin1;

/*!40000 ALTER TABLE `ft_broker_licences_securities` DISABLE KEYS */;
INSERT INTO `ft_broker_licences_securities` VALUES ('1','1','3','1','0','0','0','','1970-01-01','1970-01-01','','1','0','21','2018-08-02 10:13:38','103.36.122.212','21','2018-08-11 18:19:18','103.36.122.212'),('2','1','3','2','0','0','0','','1970-01-01','1970-01-01','','1','0','21','2018-08-02 10:13:38','103.36.122.212','21','2018-08-11 18:19:18','103.36.122.212'),('3','1','3','3','0','0','0','','1970-01-01','1970-01-01','','1','0','21','2018-08-02 10:13:38','103.36.122.212','21','2018-08-11 18:19:18','103.36.122.212'),('4','1','3','4','0','0','0','','1970-01-01','1970-01-01','','1','0','21','2018-08-02 10:13:38','103.36.122.212','21','2018-08-11 18:19:18','103.36.122.212'),('5','1','3','5','0','0','0','','1970-01-01','1970-01-01','','1','0','21','2018-08-02 10:13:38','103.36.122.212','21','2018-08-11 18:19:18','103.36.122.212'),('6','1','3','6','0','0','0','','1970-01-01','1970-01-01','','1','0','21','2018-08-02 10:13:38','103.36.122.212','21','2018-08-11 18:19:18','103.36.122.212'),('7','1','3','7','0','0','0','','1970-01-01','1970-01-01','','1','0','21','2018-08-02 10:13:38','103.36.122.212','21','2018-08-11 18:19:18','103.36.122.212'),('8','1','3','8','0','0','0','','1970-01-01','1970-01-01','','1','0','21','2018-08-02 10:13:38','103.36.122.212','21','2018-08-11 18:19:18','103.36.122.212'),('9','1','3','9','0','0','0','','1970-01-01','1970-01-01','','1','0','21','2018-08-02 10:13:38','103.36.122.212','21','2018-08-11 18:19:18','103.36.122.212'),('10','1','3','10','0','0','0','','1970-01-01','1970-01-01','','1','0','21','2018-08-02 10:13:38','103.36.122.212','21','2018-08-11 18:19:18','103.36.122.212'),('11','1','3','11','0','0','0','','1970-01-01','1970-01-01','','1','0','21','2018-08-02 10:13:38','103.36.122.212','21','2018-08-11 18:19:18','103.36.122.212'),('12','1','3','12','0','0','0','','1970-01-01','1970-01-01','','1','0','21','2018-08-02 10:13:38','103.36.122.212','21','2018-08-11 18:19:18','103.36.122.212'),('13','1','3','13','0','0','0','','1970-01-01','1970-01-01','','1','0','21','2018-08-02 10:13:38','103.36.122.212','21','2018-08-11 18:19:18','103.36.122.212'),('14','1','3','14','0','0','0','','1970-01-01','1970-01-01','','1','0','21','2018-08-02 10:13:38','103.36.122.212','21','2018-08-11 18:19:18','103.36.122.212'),('15','1','3','15','0','0','0','','1970-01-01','1970-01-01','','1','0','21','2018-08-02 10:13:38','103.36.122.212','21','2018-08-11 18:19:18','103.36.122.212'),('16','1','3','16','0','0','0','','1970-01-01','1970-01-01','','1','0','21','2018-08-02 10:13:38','103.36.122.212','21','2018-08-11 18:19:18','103.36.122.212'),('17','1','3','17','0','0','0','','1970-01-01','1970-01-01','','1','0','21','2018-08-02 10:13:38','103.36.122.212','21','2018-08-11 18:19:18','103.36.122.212'),('18','1','3','18','0','0','0','','1970-01-01','1970-01-01','','1','0','21','2018-08-02 10:13:38','103.36.122.212','21','2018-08-11 18:19:18','103.36.122.212'),('19','1','3','19','0','0','0','','1970-01-01','1970-01-01','','1','0','21','2018-08-02 10:13:38','103.36.122.212','21','2018-08-11 18:19:18','103.36.122.212'),('20','1','3','20','0','0','0','','1970-01-01','1970-01-01','','1','0','21','2018-08-02 10:13:38','103.36.122.212','21','2018-08-11 18:19:18','103.36.122.212'),('21','1','3','21','0','0','0','','1970-01-01','1970-01-01','','1','0','21','2018-08-02 10:13:38','103.36.122.212','21','2018-08-11 18:19:18','103.36.122.212'),('22','1','3','22','0','0','0','','1970-01-01','1970-01-01','','1','0','21','2018-08-02 10:13:38','103.36.122.212','21','2018-08-11 18:19:18','103.36.122.212'),('23','1','3','23','0','0','0','','1970-01-01','1970-01-01','','1','0','21','2018-08-02 10:13:38','103.36.122.212','21','2018-08-11 18:19:18','103.36.122.212'),('24','1','3','24','0','0','0','','1970-01-01','1970-01-01','','1','0','21','2018-08-02 10:13:38','103.36.122.212','21','2018-08-11 18:19:18','103.36.122.212'),('25','1','3','25','0','0','0','','1970-01-01','1970-01-01','','1','0','21','2018-08-02 10:13:38','103.36.122.212','21','2018-08-11 18:19:18','103.36.122.212'),('26','1','3','26','0','0','0','','1970-01-01','1970-01-01','','1','0','21','2018-08-02 10:13:38','103.36.122.212','21','2018-08-11 18:19:18','103.36.122.212'),('27','1','3','27','0','0','0','','1970-01-01','1970-01-01','','1','0','21','2018-08-02 10:13:38','103.36.122.212','21','2018-08-11 18:19:18','103.36.122.212'),('28','1','3','28','0','0','0','','1970-01-01','1970-01-01','','1','0','21','2018-08-02 10:13:38','103.36.122.212','21','2018-08-11 18:19:18','103.36.122.212'),('29','1','3','29','0','0','0','','1970-01-01','1970-01-01','','1','0','21','2018-08-02 10:13:38','103.36.122.212','21','2018-08-11 18:19:18','103.36.122.212'),('30','1','3','30','0','0','0','','1970-01-01','1970-01-01','','1','0','21','2018-08-02 10:13:38','103.36.122.212','21','2018-08-11 18:19:18','103.36.122.212'),('31','1','3','31','0','0','0','','1970-01-01','1970-01-01','','1','0','21','2018-08-02 10:13:38','103.36.122.212','21','2018-08-11 18:19:18','103.36.122.212'),('32','1','3','32','0','0','0','','1970-01-01','1970-01-01','','1','0','21','2018-08-02 10:13:38','103.36.122.212','21','2018-08-11 18:19:18','103.36.122.212'),('33','1','3','33','0','0','0','','1970-01-01','1970-01-01','','1','0','21','2018-08-02 10:13:38','103.36.122.212','21','2018-08-11 18:19:18','103.36.122.212'),('34','1','3','34','0','0','0','','1970-01-01','1970-01-01','','1','0','21','2018-08-02 10:13:38','103.36.122.212','21','2018-08-11 18:19:18','103.36.122.212'),('35','1','3','35','0','0','0','','1970-01-01','1970-01-01','','1','0','21','2018-08-02 10:13:38','103.36.122.212','21','2018-08-11 18:19:18','103.36.122.212'),('36','1','3','36','0','0','0','','1970-01-01','1970-01-01','','1','0','21','2018-08-02 10:13:38','103.36.122.212','21','2018-08-11 18:19:18','103.36.122.212'),('37','1','3','37','0','0','0','','1970-01-01','1970-01-01','','1','0','21','2018-08-02 10:13:38','103.36.122.212','21','2018-08-11 18:19:18','103.36.122.212'),('38','1','3','38','0','0','0','','1970-01-01','1970-01-01','','1','0','21','2018-08-02 10:13:38','103.36.122.212','21','2018-08-11 18:19:18','103.36.122.212'),('39','1','3','39','0','0','0','','1970-01-01','1970-01-01','','1','0','21','2018-08-02 10:13:38','103.36.122.212','21','2018-08-11 18:19:18','103.36.122.212'),('40','1','3','40','0','0','0','','1970-01-01','1970-01-01','','1','0','21','2018-08-02 10:13:38','103.36.122.212','21','2018-08-11 18:19:18','103.36.122.212'),('41','1','3','41','0','0','0','','1970-01-01','1970-01-01','','1','0','21','2018-08-02 10:13:38','103.36.122.212','21','2018-08-11 18:19:18','103.36.122.212'),('42','1','3','42','0','0','0','','1970-01-01','1970-01-01','','1','0','21','2018-08-02 10:13:38','103.36.122.212','21','2018-08-11 18:19:18','103.36.122.212'),('43','1','3','43','0','0','0','','1970-01-01','1970-01-01','','1','0','21','2018-08-02 10:13:38','103.36.122.212','21','2018-08-11 18:19:18','103.36.122.212'),('44','1','3','44','0','0','0','','1970-01-01','1970-01-01','','1','0','21','2018-08-02 10:13:38','103.36.122.212','21','2018-08-11 18:19:18','103.36.122.212'),('45','1','3','45','0','0','0','','1970-01-01','1970-01-01','','1','0','21','2018-08-02 10:13:38','103.36.122.212','21','2018-08-11 18:19:18','103.36.122.212'),('46','1','3','46','0','0','0','','1970-01-01','1970-01-01','','1','0','21','2018-08-02 10:13:38','103.36.122.212','21','2018-08-11 18:19:18','103.36.122.212'),('47','1','3','47','0','0','0','','1970-01-01','1970-01-01','','1','0','21','2018-08-02 10:13:38','103.36.122.212','21','2018-08-11 18:19:18','103.36.122.212'),('48','1','3','48','0','0','0','','1970-01-01','1970-01-01','','1','0','21','2018-08-02 10:13:38','103.36.122.212','21','2018-08-11 18:19:18','103.36.122.212'),('49','1','3','49','0','0','0','','1970-01-01','1970-01-01','','1','0','21','2018-08-02 10:13:38','103.36.122.212','21','2018-08-11 18:19:18','103.36.122.212'),('50','1','3','50','0','0','0','','1970-01-01','1970-01-01','','1','0','21','2018-08-02 10:13:38','103.36.122.212','21','2018-08-11 18:19:18','103.36.122.212'),('51','1','3','51','0','0','0','','1970-01-01','1970-01-01','','1','0','21','2018-08-02 10:13:38','103.36.122.212','21','2018-08-11 18:19:18','103.36.122.212'),('52','1','3','52','0','0','0','','1970-01-01','1970-01-01','','1','0','21','2018-08-02 10:13:38','103.36.122.212','21','2018-08-11 18:19:18','103.36.122.212'),('53','2','3','1','0','0','0','','1970-01-01','1970-01-01','','1','0','21','2018-08-02 10:15:45','103.36.122.212','1','2021-06-26 23:28:22','96.55.37.191'),('54','2','3','2','0','0','0','','1970-01-01','1970-01-01','','1','0','21','2018-08-02 10:15:45','103.36.122.212','1','2021-06-26 23:28:22','96.55.37.191'),('55','2','3','3','0','0','0','','1970-01-01','1970-01-01','','1','0','21','2018-08-02 10:15:45','103.36.122.212','1','2021-06-26 23:28:22','96.55.37.191'),('56','2','3','4','0','0','0','','1970-01-01','1970-01-01','','1','0','21','2018-08-02 10:15:45','103.36.122.212','1','2021-06-26 23:28:22','96.55.37.191'),('57','2','3','5','0','0','0','','1970-01-01','1970-01-01','','1','0','21','2018-08-02 10:15:45','103.36.122.212','1','2021-06-26 23:28:22','96.55.37.191'),('58','2','3','6','0','0','0','','1970-01-01','1970-01-01','','1','0','21','2018-08-02 10:15:45','103.36.122.212','1','2021-06-26 23:28:22','96.55.37.191'),('59','2','3','7','0','0','0','','1970-01-01','1970-01-01','','1','0','21','2018-08-02 10:15:45','103.36.122.212','1','2021-06-26 23:28:22','96.55.37.191'),('60','2','3','8','0','0','0','','1970-01-01','1970-01-01','','1','0','21','2018-08-02 10:15:45','103.36.122.212','1','2021-06-26 23:28:22','96.55.37.191'),('61','2','3','9','0','0','0','','1970-01-01','1970-01-01','','1','0','21','2018-08-02 10:15:45','103.36.122.212','1','2021-06-26 23:28:22','96.55.37.191'),('62','2','3','10','0','0','0','','1970-01-01','1970-01-01','','1','0','21','2018-08-02 10:15:45','103.36.122.212','1','2021-06-26 23:28:22','96.55.37.191'),('63','2','3','11','0','0','0','','1970-01-01','1970-01-01','','1','0','21','2018-08-02 10:15:45','103.36.122.212','1','2021-06-26 23:28:22','96.55.37.191'),('64','2','3','12','0','0','0','','1970-01-01','1970-01-01','','1','0','21','2018-08-02 10:15:45','103.36.122.212','1','2021-06-26 23:28:22','96.55.37.191'),('65','2','3','13','0','0','0','','1970-01-01','1970-01-01','','1','0','21','2018-08-02 10:15:45','103.36.122.212','1','2021-06-26 23:28:22','96.55.37.191'),('66','2','3','14','0','0','0','','1970-01-01','1970-01-01','','1','0','21','2018-08-02 10:15:45','103.36.122.212','1','2021-06-26 23:28:22','96.55.37.191'),('67','2','3','15','0','0','0','','1970-01-01','1970-01-01','','1','0','21','2018-08-02 10:15:45','103.36.122.212','1','2021-06-26 23:28:22','96.55.37.191'),('68','2','3','16','0','0','0','','1970-01-01','1970-01-01','','1','0','21','2018-08-02 10:15:45','103.36.122.212','1','2021-06-26 23:28:22','96.55.37.191'),('69','2','3','17','0','0','0','','1970-01-01','1970-01-01','','1','0','21','2018-08-02 10:15:45','103.36.122.212','1','2021-06-26 23:28:22','96.55.37.191'),('70','2','3','18','0','0','0','','1970-01-01','1970-01-01','','1','0','21','2018-08-02 10:15:45','103.36.122.212','1','2021-06-26 23:28:22','96.55.37.191'),('71','2','3','19','0','0','0','','1970-01-01','1970-01-01','','1','0','21','2018-08-02 10:15:45','103.36.122.212','1','2021-06-26 23:28:22','96.55.37.191'),('72','2','3','20','0','0','0','','1970-01-01','1970-01-01','','1','0','21','2018-08-02 10:15:45','103.36.122.212','1','2021-06-26 23:28:22','96.55.37.191'),('73','2','3','21','0','0','0','','1970-01-01','1970-01-01','','1','0','21','2018-08-02 10:15:45','103.36.122.212','1','2021-06-26 23:28:22','96.55.37.191'),('74','2','3','22','0','0','0','','1970-01-01','1970-01-01','','1','0','21','2018-08-02 10:15:45','103.36.122.212','1','2021-06-26 23:28:22','96.55.37.191'),('75','2','3','23','0','0','0','','1970-01-01','1970-01-01','','1','0','21','2018-08-02 10:15:45','103.36.122.212','1','2021-06-26 23:28:22','96.55.37.191'),('76','2','3','24','0','0','0','','1970-01-01','1970-01-01','','1','0','21','2018-08-02 10:15:45','103.36.122.212','1','2021-06-26 23:28:22','96.55.37.191'),('77','2','3','25','0','0','0','','1970-01-01','1970-01-01','','1','0','21','2018-08-02 10:15:45','103.36.122.212','1','2021-06-26 23:28:22','96.55.37.191'),('78','2','3','26','0','0','0','','1970-01-01','1970-01-01','','1','0','21','2018-08-02 10:15:45','103.36.122.212','1','2021-06-26 23:28:22','96.55.37.191'),('79','2','3','27','0','0','0','','1970-01-01','1970-01-01','','1','0','21','2018-08-02 10:15:45','103.36.122.212','1','2021-06-26 23:28:22','96.55.37.191'),('80','2','3','28','0','0','0','','1970-01-01','1970-01-01','','1','0','21','2018-08-02 10:15:45','103.36.122.212','1','2021-06-26 23:28:22','96.55.37.191'),('81','2','3','29','0','0','0','','1970-01-01','1970-01-01','','1','0','21','2018-08-02 10:15:45','103.36.122.212','1','2021-06-26 23:28:22','96.55.37.191'),('82','2','3','30','0','0','0','','1970-01-01','1970-01-01','','1','0','21','2018-08-02 10:15:45','103.36.122.212','1','2021-06-26 23:28:22','96.55.37.191'),('83','2','3','31','0','0','0','','1970-01-01','1970-01-01','','1','0','21','2018-08-02 10:15:45','103.36.122.212','1','2021-06-26 23:28:22','96.55.37.191'),('84','2','3','32','0','0','0','','1970-01-01','1970-01-01','','1','0','21','2018-08-02 10:15:45','103.36.122.212','1','2021-06-26 23:28:22','96.55.37.191'),('85','2','3','33','0','0','0','','1970-01-01','1970-01-01','','1','0','21','2018-08-02 10:15:45','103.36.122.212','1','2021-06-26 23:28:22','96.55.37.191'),('86','2','3','34','0','0','0','','1970-01-01','1970-01-01','','1','0','21','2018-08-02 10:15:45','103.36.122.212','1','2021-06-26 23:28:22','96.55.37.191'),('87','2','3','35','0','0','0','','1970-01-01','1970-01-01','','1','0','21','2018-08-02 10:15:45','103.36.122.212','1','2021-06-26 23:28:22','96.55.37.191'),('88','2','3','36','0','0','0','','1970-01-01','1970-01-01','','1','0','21','2018-08-02 10:15:45','103.36.122.212','1','2021-06-26 23:28:22','96.55.37.191'),('89','2','3','37','0','0','0','','1970-01-01','1970-01-01','','1','0','21','2018-08-02 10:15:45','103.36.122.212','1','2021-06-26 23:28:22','96.55.37.191'),('90','2','3','38','0','0','0','','1970-01-01','1970-01-01','','1','0','21','2018-08-02 10:15:45','103.36.122.212','1','2021-06-26 23:28:22','96.55.37.191'),('91','2','3','39','0','0','0','','1970-01-01','1970-01-01','','1','0','21','2018-08-02 10:15:45','103.36.122.212','1','2021-06-26 23:28:22','96.55.37.191'),('92','2','3','40','0','0','0','','1970-01-01','1970-01-01','','1','0','21','2018-08-02 10:15:45','103.36.122.212','1','2021-06-26 23:28:22','96.55.37.191'),('93','2','3','41','0','0','0','','1970-01-01','1970-01-01','','1','0','21','2018-08-02 10:15:45','103.36.122.212','1','2021-06-26 23:28:22','96.55.37.191'),('94','2','3','42','0','0','0','','1970-01-01','1970-01-01','','1','0','21','2018-08-02 10:15:45','103.36.122.212','1','2021-06-26 23:28:22','96.55.37.191'),('95','2','3','43','0','0','0','','1970-01-01','1970-01-01','','1','0','21','2018-08-02 10:15:45','103.36.122.212','1','2021-06-26 23:28:22','96.55.37.191'),('96','2','3','44','0','0','0','','1970-01-01','1970-01-01','','1','0','21','2018-08-02 10:15:45','103.36.122.212','1','2021-06-26 23:28:22','96.55.37.191'),('97','2','3','45','0','0','0','','1970-01-01','1970-01-01','','1','0','21','2018-08-02 10:15:45','103.36.122.212','1','2021-06-26 23:28:22','96.55.37.191'),('98','2','3','46','0','0','0','','1970-01-01','1970-01-01','','1','0','21','2018-08-02 10:15:45','103.36.122.212','1','2021-06-26 23:28:22','96.55.37.191'),('99','2','3','47','0','0','0','','1970-01-01','1970-01-01','','1','0','21','2018-08-02 10:15:45','103.36.122.212','1','2021-06-26 23:28:22','96.55.37.191'),('100','2','3','48','0','0','0','','1970-01-01','1970-01-01','','1','0','21','2018-08-02 10:15:45','103.36.122.212','1','2021-06-26 23:28:22','96.55.37.191'),('101','2','3','49','0','0','0','','1970-01-01','1970-01-01','','1','0','21','2018-08-02 10:15:45','103.36.122.212','1','2021-06-26 23:28:22','96.55.37.191'),('102','2','3','50','0','0','0','','1970-01-01','1970-01-01','','1','0','21','2018-08-02 10:15:45','103.36.122.212','1','2021-06-26 23:28:22','96.55.37.191'),('103','2','3','51','0','0','0','','1970-01-01','1970-01-01','','1','0','21','2018-08-02 10:15:45','103.36.122.212','1','2021-06-26 23:28:22','96.55.37.191'),('104','2','3','52','0','0','0','','1970-01-01','1970-01-01','','1','0','21','2018-08-02 10:15:45','103.36.122.212','1','2021-06-26 23:28:22','96.55.37.191'),('105','3','3','1','0','0','0','','1970-01-01','1970-01-01','','1','0','21','2018-08-02 18:22:56','103.36.122.212','21','2021-07-27 12:07:34','49.34.9.103'),('106','3','3','2','0','0','0','','1970-01-01','1970-01-01','','1','0','21','2018-08-02 18:22:56','103.36.122.212','21','2021-07-27 12:07:34','49.34.9.103'),('107','3','3','3','0','0','0','','1970-01-01','1970-01-01','','1','0','21','2018-08-02 18:22:56','103.36.122.212','21','2021-07-27 12:07:34','49.34.9.103'),('108','3','3','4','0','0','0','','1970-01-01','1970-01-01','','1','0','21','2018-08-02 18:22:56','103.36.122.212','21','2021-07-27 12:07:34','49.34.9.103'),('109','3','3','5','0','0','0','','1970-01-01','1970-01-01','','1','0','21','2018-08-02 18:22:56','103.36.122.212','21','2021-07-27 12:07:34','49.34.9.103'),('110','3','3','6','0','0','0','','1970-01-01','1970-01-01','','1','0','21','2018-08-02 18:22:56','103.36.122.212','21','2021-07-27 12:07:34','49.34.9.103'),('111','3','3','7','0','0','0','','1970-01-01','1970-01-01','','1','0','21','2018-08-02 18:22:56','103.36.122.212','21','2021-07-27 12:07:34','49.34.9.103'),('112','3','3','8','0','0','0','','1970-01-01','1970-01-01','','1','0','21','2018-08-02 18:22:56','103.36.122.212','21','2021-07-27 12:07:34','49.34.9.103'),('113','3','3','9','0','0','0','','1970-01-01','1970-01-01','','1','0','21','2018-08-02 18:22:56','103.36.122.212','21','2021-07-27 12:07:34','49.34.9.103'),('114','3','3','10','0','0','0','','1970-01-01','1970-01-01','','1','0','21','2018-08-02 18:22:56','103.36.122.212','21','2021-07-27 12:07:34','49.34.9.103'),('115','3','3','11','0','0','0','','1970-01-01','1970-01-01','','1','0','21','2018-08-02 18:22:56','103.36.122.212','21','2021-07-27 12:07:34','49.34.9.103'),('116','3','3','12','0','0','0','','1970-01-01','1970-01-01','','1','0','21','2018-08-02 18:22:56','103.36.122.212','21','2021-07-27 12:07:34','49.34.9.103'),('117','3','3','13','0','0','0','','1970-01-01','1970-01-01','','1','0','21','2018-08-02 18:22:56','103.36.122.212','21','2021-07-27 12:07:34','49.34.9.103'),('118','3','3','14','0','0','0','','1970-01-01','1970-01-01','','1','0','21','2018-08-02 18:22:56','103.36.122.212','21','2021-07-27 12:07:34','49.34.9.103'),('119','3','3','15','0','0','0','','1970-01-01','1970-01-01','','1','0','21','2018-08-02 18:22:56','103.36.122.212','21','2021-07-27 12:07:34','49.34.9.103'),('120','3','3','16','0','0','0','','1970-01-01','1970-01-01','','1','0','21','2018-08-02 18:22:56','103.36.122.212','21','2021-07-27 12:07:34','49.34.9.103'),('121','3','3','17','0','0','0','','1970-01-01','1970-01-01','','1','0','21','2018-08-02 18:22:56','103.36.122.212','21','2021-07-27 12:07:34','49.34.9.103'),('122','3','3','18','0','0','0','','1970-01-01','1970-01-01','','1','0','21','2018-08-02 18:22:56','103.36.122.212','21','2021-07-27 12:07:34','49.34.9.103'),('123','3','3','19','0','0','0','','1970-01-01','1970-01-01','','1','0','21','2018-08-02 18:22:56','103.36.122.212','21','2021-07-27 12:07:34','49.34.9.103'),('124','3','3','20','0','0','0','','1970-01-01','1970-01-01','','1','0','21','2018-08-02 18:22:56','103.36.122.212','21','2021-07-27 12:07:34','49.34.9.103'),('125','3','3','21','0','0','0','','1970-01-01','1970-01-01','','1','0','21','2018-08-02 18:22:56','103.36.122.212','21','2021-07-27 12:07:34','49.34.9.103'),('126','3','3','22','0','0','0','','1970-01-01','1970-01-01','','1','0','21','2018-08-02 18:22:56','103.36.122.212','21','2021-07-27 12:07:34','49.34.9.103'),('127','3','3','23','0','0','0','','1970-01-01','1970-01-01','','1','0','21','2018-08-02 18:22:56','103.36.122.212','21','2021-07-27 12:07:34','49.34.9.103'),('128','3','3','24','0','0','0','','1970-01-01','1970-01-01','','1','0','21','2018-08-02 18:22:56','103.36.122.212','21','2021-07-27 12:07:34','49.34.9.103'),('129','3','3','25','0','0','0','','1970-01-01','1970-01-01','','1','0','21','2018-08-02 18:22:56','103.36.122.212','21','2021-07-27 12:07:34','49.34.9.103'),('130','3','3','26','0','0','0','','1970-01-01','1970-01-01','','1','0','21','2018-08-02 18:22:56','103.36.122.212','21','2021-07-27 12:07:34','49.34.9.103'),('131','3','3','27','0','0','0','','1970-01-01','1970-01-01','','1','0','21','2018-08-02 18:22:56','103.36.122.212','21','2021-07-27 12:07:34','49.34.9.103'),('132','3','3','28','0','0','0','','1970-01-01','1970-01-01','','1','0','21','2018-08-02 18:22:56','103.36.122.212','21','2021-07-27 12:07:34','49.34.9.103'),('133','3','3','29','0','0','0','','1970-01-01','1970-01-01','','1','0','21','2018-08-02 18:22:56','103.36.122.212','21','2021-07-27 12:07:34','49.34.9.103'),('134','3','3','30','0','0','0','','1970-01-01','1970-01-01','','1','0','21','2018-08-02 18:22:56','103.36.122.212','21','2021-07-27 12:07:34','49.34.9.103'),('135','3','3','31','0','0','0','','1970-01-01','1970-01-01','','1','0','21','2018-08-02 18:22:56','103.36.122.212','21','2021-07-27 12:07:34','49.34.9.103'),('136','3','3','32','0','0','0','','1970-01-01','1970-01-01','','1','0','21','2018-08-02 18:22:56','103.36.122.212','21','2021-07-27 12:07:34','49.34.9.103'),('137','3','3','33','0','0','0','','1970-01-01','1970-01-01','','1','0','21','2018-08-02 18:22:56','103.36.122.212','21','2021-07-27 12:07:34','49.34.9.103'),('138','3','3','34','0','0','0','','1970-01-01','1970-01-01','','1','0','21','2018-08-02 18:22:56','103.36.122.212','21','2021-07-27 12:07:34','49.34.9.103'),('139','3','3','35','0','0','0','','1970-01-01','1970-01-01','','1','0','21','2018-08-02 18:22:56','103.36.122.212','21','2021-07-27 12:07:34','49.34.9.103'),('140','3','3','36','0','0','0','','1970-01-01','1970-01-01','','1','0','21','2018-08-02 18:22:56','103.36.122.212','21','2021-07-27 12:07:34','49.34.9.103'),('141','3','3','37','0','0','0','','1970-01-01','1970-01-01','','1','0','21','2018-08-02 18:22:56','103.36.122.212','21','2021-07-27 12:07:34','49.34.9.103'),('142','3','3','38','0','0','0','','1970-01-01','1970-01-01','','1','0','21','2018-08-02 18:22:56','103.36.122.212','21','2021-07-27 12:07:34','49.34.9.103'),('143','3','3','39','0','0','0','','1970-01-01','1970-01-01','','1','0','21','2018-08-02 18:22:56','103.36.122.212','21','2021-07-27 12:07:34','49.34.9.103'),('144','3','3','40','0','0','0','','1970-01-01','1970-01-01','','1','0','21','2018-08-02 18:22:56','103.36.122.212','21','2021-07-27 12:07:34','49.34.9.103'),('145','3','3','41','0','0','0','','1970-01-01','1970-01-01','','1','0','21','2018-08-02 18:22:56','103.36.122.212','21','2021-07-27 12:07:34','49.34.9.103'),('146','3','3','42','0','0','0','','1970-01-01','1970-01-01','','1','0','21','2018-08-02 18:22:56','103.36.122.212','21','2021-07-27 12:07:34','49.34.9.103'),('147','3','3','43','0','0','0','','1970-01-01','1970-01-01','','1','0','21','2018-08-02 18:22:56','103.36.122.212','21','2021-07-27 12:07:34','49.34.9.103'),('148','3','3','44','0','0','0','','1970-01-01','1970-01-01','','1','0','21','2018-08-02 18:22:56','103.36.122.212','21','2021-07-27 12:07:34','49.34.9.103'),('149','3','3','45','0','0','0','','1970-01-01','1970-01-01','','1','0','21','2018-08-02 18:22:56','103.36.122.212','21','2021-07-27 12:07:34','49.34.9.103'),('150','3','3','46','0','0','0','','1970-01-01','1970-01-01','','1','0','21','2018-08-02 18:22:56','103.36.122.212','21','2021-07-27 12:07:34','49.34.9.103'),('151','3','3','47','0','0','0','','1970-01-01','1970-01-01','','1','0','21','2018-08-02 18:22:56','103.36.122.212','21','2021-07-27 12:07:34','49.34.9.103'),('152','3','3','48','0','0','0','','1970-01-01','1970-01-01','','1','0','21','2018-08-02 18:22:56','103.36.122.212','21','2021-07-27 12:07:34','49.34.9.103'),('153','3','3','49','0','0','0','','1970-01-01','1970-01-01','','1','0','21','2018-08-02 18:22:56','103.36.122.212','21','2021-07-27 12:07:34','49.34.9.103'),('154','3','3','50','0','0','0','','1970-01-01','1970-01-01','','1','0','21','2018-08-02 18:22:56','103.36.122.212','21','2021-07-27 12:07:34','49.34.9.103'),('155','3','3','51','0','0','0','','1970-01-01','1970-01-01','','1','0','21','2018-08-02 18:22:56','103.36.122.212','21','2021-07-27 12:07:34','49.34.9.103'),('156','3','3','52','0','0','0','','1970-01-01','1970-01-01','','1','0','21','2018-08-02 18:22:56','103.36.122.212','21','2021-07-27 12:07:34','49.34.9.103'),('157','4','3','1','0','0','0','','1970-01-01','1970-01-01','','1','0','21','2018-08-02 18:26:28','103.36.122.212','21','2018-11-27 04:33:16','76.176.130.44'),('158','4','3','2','0','0','0','','1970-01-01','1970-01-01','','1','0','21','2018-08-02 18:26:28','103.36.122.212','21','2018-11-27 04:33:16','76.176.130.44'),('159','4','3','3','0','0','0','','1970-01-01','1970-01-01','','1','0','21','2018-08-02 18:26:28','103.36.122.212','21','2018-11-27 04:33:16','76.176.130.44'),('160','4','3','4','0','0','0','','1970-01-01','1970-01-01','','1','0','21','2018-08-02 18:26:28','103.36.122.212','21','2018-11-27 04:33:16','76.176.130.44'),('161','4','3','5','0','0','0','','1970-01-01','1970-01-01','','1','0','21','2018-08-02 18:26:28','103.36.122.212','21','2018-11-27 04:33:16','76.176.130.44'),('162','4','3','6','0','0','0','','1970-01-01','1970-01-01','','1','0','21','2018-08-02 18:26:28','103.36.122.212','21','2018-11-27 04:33:16','76.176.130.44'),('163','4','3','7','0','0','0','','1970-01-01','1970-01-01','','1','0','21','2018-08-02 18:26:28','103.36.122.212','21','2018-11-27 04:33:16','76.176.130.44'),('164','4','3','8','0','0','0','','1970-01-01','1970-01-01','','1','0','21','2018-08-02 18:26:28','103.36.122.212','21','2018-11-27 04:33:16','76.176.130.44'),('165','4','3','9','0','0','0','','1970-01-01','1970-01-01','','1','0','21','2018-08-02 18:26:28','103.36.122.212','21','2018-11-27 04:33:16','76.176.130.44'),('166','4','3','10','0','0','0','','1970-01-01','1970-01-01','','1','0','21','2018-08-02 18:26:28','103.36.122.212','21','2018-11-27 04:33:16','76.176.130.44'),('167','4','3','11','0','0','0','','1970-01-01','1970-01-01','','1','0','21','2018-08-02 18:26:28','103.36.122.212','21','2018-11-27 04:33:16','76.176.130.44'),('168','4','3','12','0','0','0','','1970-01-01','1970-01-01','','1','0','21','2018-08-02 18:26:28','103.36.122.212','21','2018-11-27 04:33:16','76.176.130.44'),('169','4','3','13','0','0','0','','1970-01-01','1970-01-01','','1','0','21','2018-08-02 18:26:28','103.36.122.212','21','2018-11-27 04:33:16','76.176.130.44'),('170','4','3','14','0','0','0','','1970-01-01','1970-01-01','','1','0','21','2018-08-02 18:26:28','103.36.122.212','21','2018-11-27 04:33:16','76.176.130.44'),('171','4','3','15','0','0','0','','1970-01-01','1970-01-01','','1','0','21','2018-08-02 18:26:28','103.36.122.212','21','2018-11-27 04:33:16','76.176.130.44'),('172','4','3','16','0','0','0','','1970-01-01','1970-01-01','','1','0','21','2018-08-02 18:26:28','103.36.122.212','21','2018-11-27 04:33:16','76.176.130.44'),('173','4','3','17','0','0','0','','1970-01-01','1970-01-01','','1','0','21','2018-08-02 18:26:28','103.36.122.212','21','2018-11-27 04:33:16','76.176.130.44'),('174','4','3','18','0','0','0','','1970-01-01','1970-01-01','','1','0','21','2018-08-02 18:26:28','103.36.122.212','21','2018-11-27 04:33:16','76.176.130.44'),('175','4','3','19','0','0','0','','1970-01-01','1970-01-01','','1','0','21','2018-08-02 18:26:28','103.36.122.212','21','2018-11-27 04:33:16','76.176.130.44'),('176','4','3','20','0','0','0','','1970-01-01','1970-01-01','','1','0','21','2018-08-02 18:26:28','103.36.122.212','21','2018-11-27 04:33:16','76.176.130.44'),('177','4','3','21','0','0','0','','1970-01-01','1970-01-01','','1','0','21','2018-08-02 18:26:28','103.36.122.212','21','2018-11-27 04:33:16','76.176.130.44'),('178','4','3','22','0','0','0','','1970-01-01','1970-01-01','','1','0','21','2018-08-02 18:26:28','103.36.122.212','21','2018-11-27 04:33:16','76.176.130.44'),('179','4','3','23','0','0','0','','1970-01-01','1970-01-01','','1','0','21','2018-08-02 18:26:28','103.36.122.212','21','2018-11-27 04:33:16','76.176.130.44'),('180','4','3','24','0','0','0','','1970-01-01','1970-01-01','','1','0','21','2018-08-02 18:26:28','103.36.122.212','21','2018-11-27 04:33:16','76.176.130.44'),('181','4','3','25','0','0','0','','1970-01-01','1970-01-01','','1','0','21','2018-08-02 18:26:28','103.36.122.212','21','2018-11-27 04:33:16','76.176.130.44'),('182','4','3','26','0','0','0','','1970-01-01','1970-01-01','','1','0','21','2018-08-02 18:26:28','103.36.122.212','21','2018-11-27 04:33:16','76.176.130.44'),('183','4','3','27','0','0','0','','1970-01-01','1970-01-01','','1','0','21','2018-08-02 18:26:28','103.36.122.212','21','2018-11-27 04:33:16','76.176.130.44'),('184','4','3','28','0','0','0','','1970-01-01','1970-01-01','','1','0','21','2018-08-02 18:26:28','103.36.122.212','21','2018-11-27 04:33:16','76.176.130.44'),('185','4','3','29','0','0','0','','1970-01-01','1970-01-01','','1','0','21','2018-08-02 18:26:28','103.36.122.212','21','2018-11-27 04:33:16','76.176.130.44'),('186','4','3','30','0','0','0','','1970-01-01','1970-01-01','','1','0','21','2018-08-02 18:26:28','103.36.122.212','21','2018-11-27 04:33:16','76.176.130.44'),('187','4','3','31','0','0','0','','1970-01-01','1970-01-01','','1','0','21','2018-08-02 18:26:28','103.36.122.212','21','2018-11-27 04:33:16','76.176.130.44'),('188','4','3','32','0','0','0','','1970-01-01','1970-01-01','','1','0','21','2018-08-02 18:26:28','103.36.122.212','21','2018-11-27 04:33:16','76.176.130.44'),('189','4','3','33','0','0','0','','1970-01-01','1970-01-01','','1','0','21','2018-08-02 18:26:28','103.36.122.212','21','2018-11-27 04:33:16','76.176.130.44'),('190','4','3','34','0','0','0','','1970-01-01','1970-01-01','','1','0','21','2018-08-02 18:26:28','103.36.122.212','21','2018-11-27 04:33:16','76.176.130.44'),('191','4','3','35','0','0','0','','1970-01-01','1970-01-01','','1','0','21','2018-08-02 18:26:28','103.36.122.212','21','2018-11-27 04:33:16','76.176.130.44'),('192','4','3','36','0','0','0','','1970-01-01','1970-01-01','','1','0','21','2018-08-02 18:26:28','103.36.122.212','21','2018-11-27 04:33:16','76.176.130.44'),('193','4','3','37','0','0','0','','1970-01-01','1970-01-01','','1','0','21','2018-08-02 18:26:28','103.36.122.212','21','2018-11-27 04:33:16','76.176.130.44'),('194','4','3','38','0','0','0','','1970-01-01','1970-01-01','','1','0','21','2018-08-02 18:26:28','103.36.122.212','21','2018-11-27 04:33:16','76.176.130.44'),('195','4','3','39','0','0','0','','1970-01-01','1970-01-01','','1','0','21','2018-08-02 18:26:28','103.36.122.212','21','2018-11-27 04:33:16','76.176.130.44'),('196','4','3','40','0','0','0','','1970-01-01','1970-01-01','','1','0','21','2018-08-02 18:26:28','103.36.122.212','21','2018-11-27 04:33:16','76.176.130.44'),('197','4','3','41','0','0','0','','1970-01-01','1970-01-01','','1','0','21','2018-08-02 18:26:28','103.36.122.212','21','2018-11-27 04:33:16','76.176.130.44'),('198','4','3','42','0','0','0','','1970-01-01','1970-01-01','','1','0','21','2018-08-02 18:26:28','103.36.122.212','21','2018-11-27 04:33:16','76.176.130.44'),('199','4','3','43','0','0','0','','1970-01-01','1970-01-01','','1','0','21','2018-08-02 18:26:28','103.36.122.212','21','2018-11-27 04:33:16','76.176.130.44'),('200','4','3','44','0','0','0','','1970-01-01','1970-01-01','','1','0','21','2018-08-02 18:26:28','103.36.122.212','21','2018-11-27 04:33:16','76.176.130.44'),('201','4','3','45','0','0','0','','1970-01-01','1970-01-01','','1','0','21','2018-08-02 18:26:28','103.36.122.212','21','2018-11-27 04:33:16','76.176.130.44'),('202','4','3','46','0','0','0','','1970-01-01','1970-01-01','','1','0','21','2018-08-02 18:26:28','103.36.122.212','21','2018-11-27 04:33:16','76.176.130.44'),('203','4','3','47','0','0','0','','1970-01-01','1970-01-01','','1','0','21','2018-08-02 18:26:28','103.36.122.212','21','2018-11-27 04:33:16','76.176.130.44'),('204','4','3','48','0','0','0','','1970-01-01','1970-01-01','','1','0','21','2018-08-02 18:26:28','103.36.122.212','21','2018-11-27 04:33:16','76.176.130.44'),('205','4','3','49','0','0','0','','1970-01-01','1970-01-01','','1','0','21','2018-08-02 18:26:28','103.36.122.212','21','2018-11-27 04:33:16','76.176.130.44'),('206','4','3','50','0','0','0','','1970-01-01','1970-01-01','','1','0','21','2018-08-02 18:26:28','103.36.122.212','21','2018-11-27 04:33:16','76.176.130.44'),('207','4','3','51','0','0','0','','1970-01-01','1970-01-01','','1','0','21','2018-08-02 18:26:28','103.36.122.212','21','2018-11-27 04:33:16','76.176.130.44'),('208','4','3','52','0','0','0','','1970-01-01','1970-01-01','','1','0','21','2018-08-02 18:26:28','103.36.122.212','21','2018-11-27 04:33:16','76.176.130.44'),('209','5','3','1','0','0','0','','1970-01-01','1970-01-01','','1','0','1','2021-06-26 11:41:08','96.55.37.191','1','2021-07-05 12:28:39','96.55.37.191'),('210','5','3','2','0','0','0','','1970-01-01','1970-01-01','','1','0','1','2021-06-26 11:41:08','96.55.37.191','1','2021-07-05 12:28:39','96.55.37.191'),('211','5','3','3','0','0','0','','1970-01-01','1970-01-01','','1','0','1','2021-06-26 11:41:08','96.55.37.191','1','2021-07-05 12:28:39','96.55.37.191'),('212','5','3','4','0','0','0','','1970-01-01','1970-01-01','','1','0','1','2021-06-26 11:41:08','96.55.37.191','1','2021-07-05 12:28:39','96.55.37.191'),('213','5','3','5','0','0','0','','1970-01-01','1970-01-01','','1','0','1','2021-06-26 11:41:08','96.55.37.191','1','2021-07-05 12:28:39','96.55.37.191'),('214','5','3','6','0','0','0','','1970-01-01','1970-01-01','','1','0','1','2021-06-26 11:41:08','96.55.37.191','1','2021-07-05 12:28:39','96.55.37.191'),('215','5','3','7','0','0','0','','1970-01-01','1970-01-01','','1','0','1','2021-06-26 11:41:08','96.55.37.191','1','2021-07-05 12:28:39','96.55.37.191'),('216','5','3','8','0','0','0','','1970-01-01','1970-01-01','','1','0','1','2021-06-26 11:41:08','96.55.37.191','1','2021-07-05 12:28:39','96.55.37.191'),('217','5','3','9','0','0','0','','1970-01-01','1970-01-01','','1','0','1','2021-06-26 11:41:08','96.55.37.191','1','2021-07-05 12:28:39','96.55.37.191'),('218','5','3','10','0','0','0','','1970-01-01','1970-01-01','','1','0','1','2021-06-26 11:41:08','96.55.37.191','1','2021-07-05 12:28:39','96.55.37.191'),('219','5','3','11','0','0','0','','1970-01-01','1970-01-01','','1','0','1','2021-06-26 11:41:08','96.55.37.191','1','2021-07-05 12:28:39','96.55.37.191'),('220','5','3','12','0','0','0','','1970-01-01','1970-01-01','','1','0','1','2021-06-26 11:41:08','96.55.37.191','1','2021-07-05 12:28:39','96.55.37.191'),('221','5','3','13','0','0','0','','1970-01-01','1970-01-01','','1','0','1','2021-06-26 11:41:08','96.55.37.191','1','2021-07-05 12:28:39','96.55.37.191'),('222','5','3','14','0','0','0','','1970-01-01','1970-01-01','','1','0','1','2021-06-26 11:41:08','96.55.37.191','1','2021-07-05 12:28:39','96.55.37.191'),('223','5','3','15','0','0','0','','1970-01-01','1970-01-01','','1','0','1','2021-06-26 11:41:08','96.55.37.191','1','2021-07-05 12:28:39','96.55.37.191'),('224','5','3','16','0','0','0','','1970-01-01','1970-01-01','','1','0','1','2021-06-26 11:41:08','96.55.37.191','1','2021-07-05 12:28:39','96.55.37.191'),('225','5','3','17','0','0','0','','1970-01-01','1970-01-01','','1','0','1','2021-06-26 11:41:08','96.55.37.191','1','2021-07-05 12:28:39','96.55.37.191'),('226','5','3','18','0','0','0','','1970-01-01','1970-01-01','','1','0','1','2021-06-26 11:41:08','96.55.37.191','1','2021-07-05 12:28:39','96.55.37.191'),('227','5','3','19','0','0','0','','1970-01-01','1970-01-01','','1','0','1','2021-06-26 11:41:08','96.55.37.191','1','2021-07-05 12:28:39','96.55.37.191'),('228','5','3','20','0','0','0','','1970-01-01','1970-01-01','','1','0','1','2021-06-26 11:41:08','96.55.37.191','1','2021-07-05 12:28:39','96.55.37.191'),('229','5','3','21','0','0','0','','1970-01-01','1970-01-01','','1','0','1','2021-06-26 11:41:08','96.55.37.191','1','2021-07-05 12:28:39','96.55.37.191'),('230','5','3','22','0','0','0','','1970-01-01','1970-01-01','','1','0','1','2021-06-26 11:41:08','96.55.37.191','1','2021-07-05 12:28:39','96.55.37.191'),('231','5','3','23','0','0','0','','1970-01-01','1970-01-01','','1','0','1','2021-06-26 11:41:08','96.55.37.191','1','2021-07-05 12:28:39','96.55.37.191'),('232','5','3','24','0','0','0','','1970-01-01','1970-01-01','','1','0','1','2021-06-26 11:41:08','96.55.37.191','1','2021-07-05 12:28:39','96.55.37.191'),('233','5','3','25','0','0','0','','1970-01-01','1970-01-01','','1','0','1','2021-06-26 11:41:08','96.55.37.191','1','2021-07-05 12:28:39','96.55.37.191'),('234','5','3','26','0','0','0','','1970-01-01','1970-01-01','','1','0','1','2021-06-26 11:41:08','96.55.37.191','1','2021-07-05 12:28:39','96.55.37.191'),('235','5','3','27','0','0','0','','1970-01-01','1970-01-01','','1','0','1','2021-06-26 11:41:08','96.55.37.191','1','2021-07-05 12:28:39','96.55.37.191'),('236','5','3','28','0','0','0','','1970-01-01','1970-01-01','','1','0','1','2021-06-26 11:41:08','96.55.37.191','1','2021-07-05 12:28:39','96.55.37.191'),('237','5','3','29','0','0','0','','1970-01-01','1970-01-01','','1','0','1','2021-06-26 11:41:08','96.55.37.191','1','2021-07-05 12:28:39','96.55.37.191'),('238','5','3','30','0','0','0','','1970-01-01','1970-01-01','','1','0','1','2021-06-26 11:41:08','96.55.37.191','1','2021-07-05 12:28:39','96.55.37.191'),('239','5','3','31','0','0','0','','1970-01-01','1970-01-01','','1','0','1','2021-06-26 11:41:08','96.55.37.191','1','2021-07-05 12:28:39','96.55.37.191'),('240','5','3','32','0','0','0','','1970-01-01','1970-01-01','','1','0','1','2021-06-26 11:41:08','96.55.37.191','1','2021-07-05 12:28:39','96.55.37.191'),('241','5','3','33','0','0','0','','1970-01-01','1970-01-01','','1','0','1','2021-06-26 11:41:08','96.55.37.191','1','2021-07-05 12:28:39','96.55.37.191'),('242','5','3','34','0','0','0','','1970-01-01','1970-01-01','','1','0','1','2021-06-26 11:41:08','96.55.37.191','1','2021-07-05 12:28:39','96.55.37.191'),('243','5','3','35','0','0','0','','1970-01-01','1970-01-01','','1','0','1','2021-06-26 11:41:08','96.55.37.191','1','2021-07-05 12:28:39','96.55.37.191'),('244','5','3','36','0','0','0','','1970-01-01','1970-01-01','','1','0','1','2021-06-26 11:41:08','96.55.37.191','1','2021-07-05 12:28:39','96.55.37.191'),('245','5','3','37','0','0','0','','1970-01-01','1970-01-01','','1','0','1','2021-06-26 11:41:08','96.55.37.191','1','2021-07-05 12:28:39','96.55.37.191'),('246','5','3','38','0','0','0','','1970-01-01','1970-01-01','','1','0','1','2021-06-26 11:41:08','96.55.37.191','1','2021-07-05 12:28:39','96.55.37.191'),('247','5','3','39','0','0','0','','1970-01-01','1970-01-01','','1','0','1','2021-06-26 11:41:08','96.55.37.191','1','2021-07-05 12:28:39','96.55.37.191'),('248','5','3','40','0','0','0','','1970-01-01','1970-01-01','','1','0','1','2021-06-26 11:41:08','96.55.37.191','1','2021-07-05 12:28:39','96.55.37.191'),('249','5','3','41','0','0','0','','1970-01-01','1970-01-01','','1','0','1','2021-06-26 11:41:08','96.55.37.191','1','2021-07-05 12:28:39','96.55.37.191'),('250','5','3','42','0','0','0','','1970-01-01','1970-01-01','','1','0','1','2021-06-26 11:41:08','96.55.37.191','1','2021-07-05 12:28:39','96.55.37.191'),('251','5','3','43','0','0','0','','1970-01-01','1970-01-01','','1','0','1','2021-06-26 11:41:08','96.55.37.191','1','2021-07-05 12:28:39','96.55.37.191'),('252','5','3','44','0','0','0','','1970-01-01','1970-01-01','','1','0','1','2021-06-26 11:41:08','96.55.37.191','1','2021-07-05 12:28:39','96.55.37.191'),('253','5','3','45','0','0','0','','1970-01-01','1970-01-01','','1','0','1','2021-06-26 11:41:08','96.55.37.191','1','2021-07-05 12:28:39','96.55.37.191'),('254','5','3','46','0','0','0','','1970-01-01','1970-01-01','','1','0','1','2021-06-26 11:41:08','96.55.37.191','1','2021-07-05 12:28:39','96.55.37.191'),('255','5','3','47','0','0','0','','1970-01-01','1970-01-01','','1','0','1','2021-06-26 11:41:08','96.55.37.191','1','2021-07-05 12:28:39','96.55.37.191'),('256','5','3','48','0','0','0','','1970-01-01','1970-01-01','','1','0','1','2021-06-26 11:41:08','96.55.37.191','1','2021-07-05 12:28:39','96.55.37.191'),('257','5','3','49','0','0','0','','1970-01-01','1970-01-01','','1','0','1','2021-06-26 11:41:08','96.55.37.191','1','2021-07-05 12:28:39','96.55.37.191'),('258','5','3','50','0','0','0','','1970-01-01','1970-01-01','','1','0','1','2021-06-26 11:41:08','96.55.37.191','1','2021-07-05 12:28:39','96.55.37.191'),('259','5','3','51','0','0','0','','1970-01-01','1970-01-01','','1','0','1','2021-06-26 11:41:08','96.55.37.191','1','2021-07-05 12:28:39','96.55.37.191'),('260','5','3','52','0','0','0','','1970-01-01','1970-01-01','','1','0','1','2021-06-26 11:41:08','96.55.37.191','1','2021-07-05 12:28:39','96.55.37.191'),('261','6','3','1','0','0','0','','1970-01-01','1970-01-01','','1','0','1','2021-06-26 11:42:44','96.55.37.191','1','2021-07-05 12:28:52','96.55.37.191'),('262','6','3','2','0','0','0','','1970-01-01','1970-01-01','','1','0','1','2021-06-26 11:42:44','96.55.37.191','1','2021-07-05 12:28:52','96.55.37.191'),('263','6','3','3','0','0','0','','1970-01-01','1970-01-01','','1','0','1','2021-06-26 11:42:44','96.55.37.191','1','2021-07-05 12:28:52','96.55.37.191'),('264','6','3','4','0','0','0','','1970-01-01','1970-01-01','','1','0','1','2021-06-26 11:42:44','96.55.37.191','1','2021-07-05 12:28:52','96.55.37.191'),('265','6','3','5','0','0','0','','1970-01-01','1970-01-01','','1','0','1','2021-06-26 11:42:44','96.55.37.191','1','2021-07-05 12:28:52','96.55.37.191'),('266','6','3','6','0','0','0','','1970-01-01','1970-01-01','','1','0','1','2021-06-26 11:42:44','96.55.37.191','1','2021-07-05 12:28:52','96.55.37.191'),('267','6','3','7','0','0','0','','1970-01-01','1970-01-01','','1','0','1','2021-06-26 11:42:44','96.55.37.191','1','2021-07-05 12:28:52','96.55.37.191'),('268','6','3','8','0','0','0','','1970-01-01','1970-01-01','','1','0','1','2021-06-26 11:42:44','96.55.37.191','1','2021-07-05 12:28:52','96.55.37.191'),('269','6','3','9','0','0','0','','1970-01-01','1970-01-01','','1','0','1','2021-06-26 11:42:44','96.55.37.191','1','2021-07-05 12:28:52','96.55.37.191'),('270','6','3','10','0','0','0','','1970-01-01','1970-01-01','','1','0','1','2021-06-26 11:42:44','96.55.37.191','1','2021-07-05 12:28:52','96.55.37.191'),('271','6','3','11','0','0','0','','1970-01-01','1970-01-01','','1','0','1','2021-06-26 11:42:44','96.55.37.191','1','2021-07-05 12:28:52','96.55.37.191'),('272','6','3','12','0','0','0','','1970-01-01','1970-01-01','','1','0','1','2021-06-26 11:42:44','96.55.37.191','1','2021-07-05 12:28:52','96.55.37.191'),('273','6','3','13','0','0','0','','1970-01-01','1970-01-01','','1','0','1','2021-06-26 11:42:44','96.55.37.191','1','2021-07-05 12:28:52','96.55.37.191'),('274','6','3','14','0','0','0','','1970-01-01','1970-01-01','','1','0','1','2021-06-26 11:42:44','96.55.37.191','1','2021-07-05 12:28:52','96.55.37.191'),('275','6','3','15','0','0','0','','1970-01-01','1970-01-01','','1','0','1','2021-06-26 11:42:44','96.55.37.191','1','2021-07-05 12:28:52','96.55.37.191'),('276','6','3','16','0','0','0','','1970-01-01','1970-01-01','','1','0','1','2021-06-26 11:42:44','96.55.37.191','1','2021-07-05 12:28:52','96.55.37.191'),('277','6','3','17','0','0','0','','1970-01-01','1970-01-01','','1','0','1','2021-06-26 11:42:44','96.55.37.191','1','2021-07-05 12:28:52','96.55.37.191'),('278','6','3','18','0','0','0','','1970-01-01','1970-01-01','','1','0','1','2021-06-26 11:42:44','96.55.37.191','1','2021-07-05 12:28:52','96.55.37.191'),('279','6','3','19','0','0','0','','1970-01-01','1970-01-01','','1','0','1','2021-06-26 11:42:44','96.55.37.191','1','2021-07-05 12:28:52','96.55.37.191'),('280','6','3','20','0','0','0','','1970-01-01','1970-01-01','','1','0','1','2021-06-26 11:42:44','96.55.37.191','1','2021-07-05 12:28:52','96.55.37.191'),('281','6','3','21','0','0','0','','1970-01-01','1970-01-01','','1','0','1','2021-06-26 11:42:44','96.55.37.191','1','2021-07-05 12:28:52','96.55.37.191'),('282','6','3','22','0','0','0','','1970-01-01','1970-01-01','','1','0','1','2021-06-26 11:42:44','96.55.37.191','1','2021-07-05 12:28:52','96.55.37.191'),('283','6','3','23','0','0','0','','1970-01-01','1970-01-01','','1','0','1','2021-06-26 11:42:44','96.55.37.191','1','2021-07-05 12:28:52','96.55.37.191'),('284','6','3','24','0','0','0','','1970-01-01','1970-01-01','','1','0','1','2021-06-26 11:42:44','96.55.37.191','1','2021-07-05 12:28:52','96.55.37.191'),('285','6','3','25','0','0','0','','1970-01-01','1970-01-01','','1','0','1','2021-06-26 11:42:44','96.55.37.191','1','2021-07-05 12:28:52','96.55.37.191'),('286','6','3','26','0','0','0','','1970-01-01','1970-01-01','','1','0','1','2021-06-26 11:42:44','96.55.37.191','1','2021-07-05 12:28:52','96.55.37.191'),('287','6','3','27','0','0','0','','1970-01-01','1970-01-01','','1','0','1','2021-06-26 11:42:44','96.55.37.191','1','2021-07-05 12:28:52','96.55.37.191'),('288','6','3','28','0','0','0','','1970-01-01','1970-01-01','','1','0','1','2021-06-26 11:42:44','96.55.37.191','1','2021-07-05 12:28:52','96.55.37.191'),('289','6','3','29','0','0','0','','1970-01-01','1970-01-01','','1','0','1','2021-06-26 11:42:44','96.55.37.191','1','2021-07-05 12:28:52','96.55.37.191'),('290','6','3','30','0','0','0','','1970-01-01','1970-01-01','','1','0','1','2021-06-26 11:42:44','96.55.37.191','1','2021-07-05 12:28:52','96.55.37.191'),('291','6','3','31','0','0','0','','1970-01-01','1970-01-01','','1','0','1','2021-06-26 11:42:44','96.55.37.191','1','2021-07-05 12:28:52','96.55.37.191'),('292','6','3','32','0','0','0','','1970-01-01','1970-01-01','','1','0','1','2021-06-26 11:42:44','96.55.37.191','1','2021-07-05 12:28:52','96.55.37.191'),('293','6','3','33','0','0','0','','1970-01-01','1970-01-01','','1','0','1','2021-06-26 11:42:44','96.55.37.191','1','2021-07-05 12:28:52','96.55.37.191'),('294','6','3','34','0','0','0','','1970-01-01','1970-01-01','','1','0','1','2021-06-26 11:42:44','96.55.37.191','1','2021-07-05 12:28:52','96.55.37.191'),('295','6','3','35','0','0','0','','1970-01-01','1970-01-01','','1','0','1','2021-06-26 11:42:44','96.55.37.191','1','2021-07-05 12:28:52','96.55.37.191'),('296','6','3','36','0','0','0','','1970-01-01','1970-01-01','','1','0','1','2021-06-26 11:42:44','96.55.37.191','1','2021-07-05 12:28:52','96.55.37.191'),('297','6','3','37','0','0','0','','1970-01-01','1970-01-01','','1','0','1','2021-06-26 11:42:44','96.55.37.191','1','2021-07-05 12:28:52','96.55.37.191'),('298','6','3','38','0','0','0','','1970-01-01','1970-01-01','','1','0','1','2021-06-26 11:42:44','96.55.37.191','1','2021-07-05 12:28:52','96.55.37.191'),('299','6','3','39','0','0','0','','1970-01-01','1970-01-01','','1','0','1','2021-06-26 11:42:44','96.55.37.191','1','2021-07-05 12:28:52','96.55.37.191'),('300','6','3','40','0','0','0','','1970-01-01','1970-01-01','','1','0','1','2021-06-26 11:42:44','96.55.37.191','1','2021-07-05 12:28:52','96.55.37.191'),('301','6','3','41','0','0','0','','1970-01-01','1970-01-01','','1','0','1','2021-06-26 11:42:44','96.55.37.191','1','2021-07-05 12:28:52','96.55.37.191'),('302','6','3','42','0','0','0','','1970-01-01','1970-01-01','','1','0','1','2021-06-26 11:42:44','96.55.37.191','1','2021-07-05 12:28:52','96.55.37.191'),('303','6','3','43','0','0','0','','1970-01-01','1970-01-01','','1','0','1','2021-06-26 11:42:44','96.55.37.191','1','2021-07-05 12:28:52','96.55.37.191'),('304','6','3','44','0','0','0','','1970-01-01','1970-01-01','','1','0','1','2021-06-26 11:42:44','96.55.37.191','1','2021-07-05 12:28:52','96.55.37.191'),('305','6','3','45','0','0','0','','1970-01-01','1970-01-01','','1','0','1','2021-06-26 11:42:44','96.55.37.191','1','2021-07-05 12:28:52','96.55.37.191'),('306','6','3','46','0','0','0','','1970-01-01','1970-01-01','','1','0','1','2021-06-26 11:42:44','96.55.37.191','1','2021-07-05 12:28:52','96.55.37.191'),('307','6','3','47','0','0','0','','1970-01-01','1970-01-01','','1','0','1','2021-06-26 11:42:44','96.55.37.191','1','2021-07-05 12:28:52','96.55.37.191'),('308','6','3','48','0','0','0','','1970-01-01','1970-01-01','','1','0','1','2021-06-26 11:42:44','96.55.37.191','1','2021-07-05 12:28:52','96.55.37.191'),('309','6','3','49','0','0','0','','1970-01-01','1970-01-01','','1','0','1','2021-06-26 11:42:44','96.55.37.191','1','2021-07-05 12:28:52','96.55.37.191'),('310','6','3','50','0','0','0','','1970-01-01','1970-01-01','','1','0','1','2021-06-26 11:42:44','96.55.37.191','1','2021-07-05 12:28:52','96.55.37.191'),('311','6','3','51','0','0','0','','1970-01-01','1970-01-01','','1','0','1','2021-06-26 11:42:44','96.55.37.191','1','2021-07-05 12:28:52','96.55.37.191'),('312','6','3','52','0','0','0','','1970-01-01','1970-01-01','','1','0','1','2021-06-26 11:42:44','96.55.37.191','1','2021-07-05 12:28:52','96.55.37.191'),('313','7','3','1','0','0','0','','1970-01-01','1970-01-01','','1','0','1','2021-08-30 02:42:26','107.210.168.81','0','0000-00-00 00:00:00',''),('314','7','3','2','0','0','0','','1970-01-01','1970-01-01','','1','0','1','2021-08-30 02:42:26','107.210.168.81','0','0000-00-00 00:00:00',''),('315','7','3','3','0','0','0','','1970-01-01','1970-01-01','','1','0','1','2021-08-30 02:42:26','107.210.168.81','0','0000-00-00 00:00:00',''),('316','7','3','4','0','0','0','','1970-01-01','1970-01-01','','1','0','1','2021-08-30 02:42:26','107.210.168.81','0','0000-00-00 00:00:00',''),('317','7','3','5','0','0','0','','1970-01-01','1970-01-01','','1','0','1','2021-08-30 02:42:26','107.210.168.81','0','0000-00-00 00:00:00',''),('318','7','3','6','0','0','0','','1970-01-01','1970-01-01','','1','0','1','2021-08-30 02:42:26','107.210.168.81','0','0000-00-00 00:00:00',''),('319','7','3','7','0','0','0','','1970-01-01','1970-01-01','','1','0','1','2021-08-30 02:42:26','107.210.168.81','0','0000-00-00 00:00:00',''),('320','7','3','8','0','0','0','','1970-01-01','1970-01-01','','1','0','1','2021-08-30 02:42:26','107.210.168.81','0','0000-00-00 00:00:00',''),('321','7','3','9','0','0','0','','1970-01-01','1970-01-01','','1','0','1','2021-08-30 02:42:26','107.210.168.81','0','0000-00-00 00:00:00',''),('322','7','3','10','0','0','0','','1970-01-01','1970-01-01','','1','0','1','2021-08-30 02:42:26','107.210.168.81','0','0000-00-00 00:00:00',''),('323','7','3','11','0','0','0','','1970-01-01','1970-01-01','','1','0','1','2021-08-30 02:42:26','107.210.168.81','0','0000-00-00 00:00:00',''),('324','7','3','12','0','0','0','','1970-01-01','1970-01-01','','1','0','1','2021-08-30 02:42:26','107.210.168.81','0','0000-00-00 00:00:00',''),('325','7','3','13','0','0','0','','1970-01-01','1970-01-01','','1','0','1','2021-08-30 02:42:26','107.210.168.81','0','0000-00-00 00:00:00',''),('326','7','3','14','0','0','0','','1970-01-01','1970-01-01','','1','0','1','2021-08-30 02:42:26','107.210.168.81','0','0000-00-00 00:00:00',''),('327','7','3','15','0','0','0','','1970-01-01','1970-01-01','','1','0','1','2021-08-30 02:42:26','107.210.168.81','0','0000-00-00 00:00:00',''),('328','7','3','16','0','0','0','','1970-01-01','1970-01-01','','1','0','1','2021-08-30 02:42:26','107.210.168.81','0','0000-00-00 00:00:00',''),('329','7','3','17','0','0','0','','1970-01-01','1970-01-01','','1','0','1','2021-08-30 02:42:26','107.210.168.81','0','0000-00-00 00:00:00',''),('330','7','3','18','0','0','0','','1970-01-01','1970-01-01','','1','0','1','2021-08-30 02:42:26','107.210.168.81','0','0000-00-00 00:00:00',''),('331','7','3','19','0','0','0','','1970-01-01','1970-01-01','','1','0','1','2021-08-30 02:42:26','107.210.168.81','0','0000-00-00 00:00:00',''),('332','7','3','20','0','0','0','','1970-01-01','1970-01-01','','1','0','1','2021-08-30 02:42:26','107.210.168.81','0','0000-00-00 00:00:00',''),('333','7','3','21','0','0','0','','1970-01-01','1970-01-01','','1','0','1','2021-08-30 02:42:26','107.210.168.81','0','0000-00-00 00:00:00',''),('334','7','3','22','0','0','0','','1970-01-01','1970-01-01','','1','0','1','2021-08-30 02:42:26','107.210.168.81','0','0000-00-00 00:00:00',''),('335','7','3','23','0','0','0','','1970-01-01','1970-01-01','','1','0','1','2021-08-30 02:42:26','107.210.168.81','0','0000-00-00 00:00:00',''),('336','7','3','24','0','0','0','','1970-01-01','1970-01-01','','1','0','1','2021-08-30 02:42:26','107.210.168.81','0','0000-00-00 00:00:00',''),('337','7','3','25','0','0','0','','1970-01-01','1970-01-01','','1','0','1','2021-08-30 02:42:26','107.210.168.81','0','0000-00-00 00:00:00',''),('338','7','3','26','0','0','0','','1970-01-01','1970-01-01','','1','0','1','2021-08-30 02:42:26','107.210.168.81','0','0000-00-00 00:00:00',''),('339','7','3','27','0','0','0','','1970-01-01','1970-01-01','','1','0','1','2021-08-30 02:42:26','107.210.168.81','0','0000-00-00 00:00:00',''),('340','7','3','28','0','0','0','','1970-01-01','1970-01-01','','1','0','1','2021-08-30 02:42:26','107.210.168.81','0','0000-00-00 00:00:00',''),('341','7','3','29','0','0','0','','1970-01-01','1970-01-01','','1','0','1','2021-08-30 02:42:26','107.210.168.81','0','0000-00-00 00:00:00',''),('342','7','3','30','0','0','0','','1970-01-01','1970-01-01','','1','0','1','2021-08-30 02:42:26','107.210.168.81','0','0000-00-00 00:00:00',''),('343','7','3','31','0','0','0','','1970-01-01','1970-01-01','','1','0','1','2021-08-30 02:42:26','107.210.168.81','0','0000-00-00 00:00:00',''),('344','7','3','32','0','0','0','','1970-01-01','1970-01-01','','1','0','1','2021-08-30 02:42:26','107.210.168.81','0','0000-00-00 00:00:00',''),('345','7','3','33','0','0','0','','1970-01-01','1970-01-01','','1','0','1','2021-08-30 02:42:26','107.210.168.81','0','0000-00-00 00:00:00',''),('346','7','3','34','0','0','0','','1970-01-01','1970-01-01','','1','0','1','2021-08-30 02:42:26','107.210.168.81','0','0000-00-00 00:00:00',''),('347','7','3','35','0','0','0','','1970-01-01','1970-01-01','','1','0','1','2021-08-30 02:42:26','107.210.168.81','0','0000-00-00 00:00:00',''),('348','7','3','36','0','0','0','','1970-01-01','1970-01-01','','1','0','1','2021-08-30 02:42:26','107.210.168.81','0','0000-00-00 00:00:00',''),('349','7','3','37','0','0','0','','1970-01-01','1970-01-01','','1','0','1','2021-08-30 02:42:26','107.210.168.81','0','0000-00-00 00:00:00',''),('350','7','3','38','0','0','0','','1970-01-01','1970-01-01','','1','0','1','2021-08-30 02:42:26','107.210.168.81','0','0000-00-00 00:00:00',''),('351','7','3','39','0','0','0','','1970-01-01','1970-01-01','','1','0','1','2021-08-30 02:42:26','107.210.168.81','0','0000-00-00 00:00:00',''),('352','7','3','40','0','0','0','','1970-01-01','1970-01-01','','1','0','1','2021-08-30 02:42:26','107.210.168.81','0','0000-00-00 00:00:00',''),('353','7','3','41','0','0','0','','1970-01-01','1970-01-01','','1','0','1','2021-08-30 02:42:26','107.210.168.81','0','0000-00-00 00:00:00',''),('354','7','3','42','0','0','0','','1970-01-01','1970-01-01','','1','0','1','2021-08-30 02:42:26','107.210.168.81','0','0000-00-00 00:00:00',''),('355','7','3','43','0','0','0','','1970-01-01','1970-01-01','','1','0','1','2021-08-30 02:42:26','107.210.168.81','0','0000-00-00 00:00:00',''),('356','7','3','44','0','0','0','','1970-01-01','1970-01-01','','1','0','1','2021-08-30 02:42:26','107.210.168.81','0','0000-00-00 00:00:00',''),('357','7','3','45','0','0','0','','1970-01-01','1970-01-01','','1','0','1','2021-08-30 02:42:26','107.210.168.81','0','0000-00-00 00:00:00',''),('358','7','3','46','0','0','0','','1970-01-01','1970-01-01','','1','0','1','2021-08-30 02:42:26','107.210.168.81','0','0000-00-00 00:00:00',''),('359','7','3','47','0','0','0','','1970-01-01','1970-01-01','','1','0','1','2021-08-30 02:42:26','107.210.168.81','0','0000-00-00 00:00:00',''),('360','7','3','48','0','0','0','','1970-01-01','1970-01-01','','1','0','1','2021-08-30 02:42:26','107.210.168.81','0','0000-00-00 00:00:00',''),('361','7','3','49','0','0','0','','1970-01-01','1970-01-01','','1','0','1','2021-08-30 02:42:26','107.210.168.81','0','0000-00-00 00:00:00',''),('362','7','3','50','0','0','0','','1970-01-01','1970-01-01','','1','0','1','2021-08-30 02:42:26','107.210.168.81','0','0000-00-00 00:00:00',''),('363','7','3','51','0','0','0','','1970-01-01','1970-01-01','','1','0','1','2021-08-30 02:42:26','107.210.168.81','0','0000-00-00 00:00:00',''),('364','7','3','52','0','0','0','','1970-01-01','1970-01-01','','1','0','1','2021-08-30 02:42:26','107.210.168.81','0','0000-00-00 00:00:00',''),('365','0','3','1','0','0','0','','1970-01-01','1970-01-01','','1','0','1','2021-08-30 02:54:29','107.210.168.81','0','0000-00-00 00:00:00',''),('366','0','3','2','0','0','0','','1970-01-01','1970-01-01','','1','0','1','2021-08-30 02:54:29','107.210.168.81','0','0000-00-00 00:00:00',''),('367','0','3','3','0','0','0','','1970-01-01','1970-01-01','','1','0','1','2021-08-30 02:54:29','107.210.168.81','0','0000-00-00 00:00:00',''),('368','0','3','4','0','0','0','','1970-01-01','1970-01-01','','1','0','1','2021-08-30 02:54:29','107.210.168.81','0','0000-00-00 00:00:00',''),('369','0','3','5','0','0','0','','1970-01-01','1970-01-01','','1','0','1','2021-08-30 02:54:29','107.210.168.81','0','0000-00-00 00:00:00',''),('370','0','3','6','0','0','0','','1970-01-01','1970-01-01','','1','0','1','2021-08-30 02:54:29','107.210.168.81','0','0000-00-00 00:00:00',''),('371','0','3','7','0','0','0','','1970-01-01','1970-01-01','','1','0','1','2021-08-30 02:54:29','107.210.168.81','0','0000-00-00 00:00:00',''),('372','0','3','8','0','0','0','','1970-01-01','1970-01-01','','1','0','1','2021-08-30 02:54:29','107.210.168.81','0','0000-00-00 00:00:00',''),('373','0','3','9','0','0','0','','1970-01-01','1970-01-01','','1','0','1','2021-08-30 02:54:29','107.210.168.81','0','0000-00-00 00:00:00',''),('374','0','3','10','0','0','0','','1970-01-01','1970-01-01','','1','0','1','2021-08-30 02:54:29','107.210.168.81','0','0000-00-00 00:00:00',''),('375','0','3','11','0','0','0','','1970-01-01','1970-01-01','','1','0','1','2021-08-30 02:54:29','107.210.168.81','0','0000-00-00 00:00:00',''),('376','0','3','12','0','0','0','','1970-01-01','1970-01-01','','1','0','1','2021-08-30 02:54:29','107.210.168.81','0','0000-00-00 00:00:00',''),('377','0','3','13','0','0','0','','1970-01-01','1970-01-01','','1','0','1','2021-08-30 02:54:29','107.210.168.81','0','0000-00-00 00:00:00',''),('378','0','3','14','0','0','0','','1970-01-01','1970-01-01','','1','0','1','2021-08-30 02:54:29','107.210.168.81','0','0000-00-00 00:00:00',''),('379','0','3','15','0','0','0','','1970-01-01','1970-01-01','','1','0','1','2021-08-30 02:54:29','107.210.168.81','0','0000-00-00 00:00:00',''),('380','0','3','16','0','0','0','','1970-01-01','1970-01-01','','1','0','1','2021-08-30 02:54:29','107.210.168.81','0','0000-00-00 00:00:00',''),('381','0','3','17','0','0','0','','1970-01-01','1970-01-01','','1','0','1','2021-08-30 02:54:29','107.210.168.81','0','0000-00-00 00:00:00',''),('382','0','3','18','0','0','0','','1970-01-01','1970-01-01','','1','0','1','2021-08-30 02:54:29','107.210.168.81','0','0000-00-00 00:00:00',''),('383','0','3','19','0','0','0','','1970-01-01','1970-01-01','','1','0','1','2021-08-30 02:54:29','107.210.168.81','0','0000-00-00 00:00:00',''),('384','0','3','20','0','0','0','','1970-01-01','1970-01-01','','1','0','1','2021-08-30 02:54:29','107.210.168.81','0','0000-00-00 00:00:00',''),('385','0','3','21','0','0','0','','1970-01-01','1970-01-01','','1','0','1','2021-08-30 02:54:29','107.210.168.81','0','0000-00-00 00:00:00',''),('386','0','3','22','0','0','0','','1970-01-01','1970-01-01','','1','0','1','2021-08-30 02:54:29','107.210.168.81','0','0000-00-00 00:00:00',''),('387','0','3','23','0','0','0','','1970-01-01','1970-01-01','','1','0','1','2021-08-30 02:54:29','107.210.168.81','0','0000-00-00 00:00:00',''),('388','0','3','24','0','0','0','','1970-01-01','1970-01-01','','1','0','1','2021-08-30 02:54:29','107.210.168.81','0','0000-00-00 00:00:00',''),('389','0','3','25','0','0','0','','1970-01-01','1970-01-01','','1','0','1','2021-08-30 02:54:29','107.210.168.81','0','0000-00-00 00:00:00',''),('390','0','3','26','0','0','0','','1970-01-01','1970-01-01','','1','0','1','2021-08-30 02:54:29','107.210.168.81','0','0000-00-00 00:00:00',''),('391','0','3','27','0','0','0','','1970-01-01','1970-01-01','','1','0','1','2021-08-30 02:54:29','107.210.168.81','0','0000-00-00 00:00:00',''),('392','0','3','28','0','0','0','','1970-01-01','1970-01-01','','1','0','1','2021-08-30 02:54:29','107.210.168.81','0','0000-00-00 00:00:00',''),('393','0','3','29','0','0','0','','1970-01-01','1970-01-01','','1','0','1','2021-08-30 02:54:29','107.210.168.81','0','0000-00-00 00:00:00',''),('394','0','3','30','0','0','0','','1970-01-01','1970-01-01','','1','0','1','2021-08-30 02:54:29','107.210.168.81','0','0000-00-00 00:00:00',''),('395','0','3','31','0','0','0','','1970-01-01','1970-01-01','','1','0','1','2021-08-30 02:54:29','107.210.168.81','0','0000-00-00 00:00:00',''),('396','0','3','32','0','0','0','','1970-01-01','1970-01-01','','1','0','1','2021-08-30 02:54:29','107.210.168.81','0','0000-00-00 00:00:00',''),('397','0','3','33','0','0','0','','1970-01-01','1970-01-01','','1','0','1','2021-08-30 02:54:29','107.210.168.81','0','0000-00-00 00:00:00',''),('398','0','3','34','0','0','0','','1970-01-01','1970-01-01','','1','0','1','2021-08-30 02:54:29','107.210.168.81','0','0000-00-00 00:00:00',''),('399','0','3','35','0','0','0','','1970-01-01','1970-01-01','','1','0','1','2021-08-30 02:54:29','107.210.168.81','0','0000-00-00 00:00:00',''),('400','0','3','36','0','0','0','','1970-01-01','1970-01-01','','1','0','1','2021-08-30 02:54:29','107.210.168.81','0','0000-00-00 00:00:00',''),('401','0','3','37','0','0','0','','1970-01-01','1970-01-01','','1','0','1','2021-08-30 02:54:29','107.210.168.81','0','0000-00-00 00:00:00',''),('402','0','3','38','0','0','0','','1970-01-01','1970-01-01','','1','0','1','2021-08-30 02:54:29','107.210.168.81','0','0000-00-00 00:00:00',''),('403','0','3','39','0','0','0','','1970-01-01','1970-01-01','','1','0','1','2021-08-30 02:54:29','107.210.168.81','0','0000-00-00 00:00:00',''),('404','0','3','40','0','0','0','','1970-01-01','1970-01-01','','1','0','1','2021-08-30 02:54:29','107.210.168.81','0','0000-00-00 00:00:00',''),('405','0','3','41','0','0','0','','1970-01-01','1970-01-01','','1','0','1','2021-08-30 02:54:29','107.210.168.81','0','0000-00-00 00:00:00',''),('406','0','3','42','0','0','0','','1970-01-01','1970-01-01','','1','0','1','2021-08-30 02:54:29','107.210.168.81','0','0000-00-00 00:00:00',''),('407','0','3','43','0','0','0','','1970-01-01','1970-01-01','','1','0','1','2021-08-30 02:54:29','107.210.168.81','0','0000-00-00 00:00:00',''),('408','0','3','44','0','0','0','','1970-01-01','1970-01-01','','1','0','1','2021-08-30 02:54:29','107.210.168.81','0','0000-00-00 00:00:00',''),('409','0','3','45','0','0','0','','1970-01-01','1970-01-01','','1','0','1','2021-08-30 02:54:29','107.210.168.81','0','0000-00-00 00:00:00',''),('410','0','3','46','0','0','0','','1970-01-01','1970-01-01','','1','0','1','2021-08-30 02:54:29','107.210.168.81','0','0000-00-00 00:00:00',''),('411','0','3','47','0','0','0','','1970-01-01','1970-01-01','','1','0','1','2021-08-30 02:54:29','107.210.168.81','0','0000-00-00 00:00:00',''),('412','0','3','48','0','0','0','','1970-01-01','1970-01-01','','1','0','1','2021-08-30 02:54:29','107.210.168.81','0','0000-00-00 00:00:00',''),('413','0','3','49','0','0','0','','1970-01-01','1970-01-01','','1','0','1','2021-08-30 02:54:29','107.210.168.81','0','0000-00-00 00:00:00',''),('414','0','3','50','0','0','0','','1970-01-01','1970-01-01','','1','0','1','2021-08-30 02:54:29','107.210.168.81','0','0000-00-00 00:00:00',''),('415','0','3','51','0','0','0','','1970-01-01','1970-01-01','','1','0','1','2021-08-30 02:54:29','107.210.168.81','0','0000-00-00 00:00:00',''),('416','0','3','52','0','0','0','','1970-01-01','1970-01-01','','1','0','1','2021-08-30 02:54:29','107.210.168.81','0','0000-00-00 00:00:00','');
/*!40000 ALTER TABLE `ft_broker_licences_securities` ENABLE KEYS */;

DROP TABLE IF EXISTS `ft_broker_master`;
CREATE TABLE `ft_broker_master` (
  `id` int(12) NOT NULL AUTO_INCREMENT,
  `first_name` varchar(100) NOT NULL,
  `last_name` varchar(100) NOT NULL,
  `middle_name` varchar(100) NOT NULL,
  `suffix` varchar(100) NOT NULL,
  `fund` varchar(100) NOT NULL,
  `internal` varchar(100) NOT NULL,
  `ssn` int(12) NOT NULL,
  `tax_id` int(12) NOT NULL,
  `crd` varchar(100) NOT NULL,
  `active_status` int(12) NOT NULL,
  `pay_method` int(12) NOT NULL,
  `status` tinyint(1) NOT NULL DEFAULT '1',
  `is_delete` tinyint(1) NOT NULL DEFAULT '0',
  `created_by` int(12) NOT NULL,
  `created_time` datetime NOT NULL,
  `created_ip` varchar(100) NOT NULL,
  `modified_by` int(12) NOT NULL,
  `modified_time` datetime NOT NULL,
  `modified_ip` varchar(100) NOT NULL,
  `display_on_statement` varchar(100) NOT NULL,
  PRIMARY KEY (`id`)
) ENGINE=InnoDB AUTO_INCREMENT=8 DEFAULT CHARSET=latin1;

/*!40000 ALTER TABLE `ft_broker_master` DISABLE KEYS */;
INSERT INTO `ft_broker_master` VALUES ('1','Aksha','Makarani','M','','3345','','0','0','','0','0','1','0','21','2018-08-02 10:13:38','103.36.122.212','21','2018-08-11 18:19:18','103.36.122.212',''),('2','Justin','Walker','C','','000025','2542','0','0','','1','0','1','0','21','2018-08-02 10:15:45','103.36.122.212','1','2021-10-16 04:20:35','96.55.37.191',''),('3','Daniel','Sullivan','C','','C49','','0','0','','1','0','1','0','21','2018-08-02 18:22:56','103.36.122.212','1','2021-10-26 14:32:34','27.255.251.202',''),('4','Robert','Fenton','S','','1703','','0','0','','1','0','1','0','21','2018-08-02 18:26:28','103.36.122.212','1','2021-10-16 04:21:08','96.55.37.191',''),('5','Liz','Casper','','','43A','820','0','0','','1','0','1','0','1','2021-06-26 11:41:08','96.55.37.191','1','2021-10-16 04:20:52','96.55.37.191',''),('6','Dagmer','Christensen','','','55A','972','0','0','','1','0','1','0','1','2021-06-26 11:42:44','96.55.37.191','1','2021-10-16 04:19:44','96.55.37.191',''),('7','JAMES','STEVENS','','','3345','','0','0','','1','0','1','0','1','2021-08-30 02:42:26','107.210.168.81','0','0000-00-00 00:00:00','','');
/*!40000 ALTER TABLE `ft_broker_master` ENABLE KEYS */;

DROP TABLE IF EXISTS `ft_broker_notes`;
CREATE TABLE `ft_broker_notes` (
  `id` int(12) NOT NULL AUTO_INCREMENT,
  `date` datetime NOT NULL,
  `user_id` varchar(100) NOT NULL,
  `notes` varchar(100) NOT NULL,
  `status` tinyint(1) NOT NULL DEFAULT '1',
  `is_delete` tinyint(1) NOT NULL DEFAULT '0',
  `created_by` int(12) NOT NULL,
  `created_time` datetime NOT NULL,
  `created_ip` varchar(100) NOT NULL,
  `modified_by` int(12) NOT NULL,
  `modified_time` datetime NOT NULL,
  `modified_ip` varchar(100) NOT NULL,
  PRIMARY KEY (`id`)
) ENGINE=InnoDB DEFAULT CHARSET=latin1;

/*!40000 ALTER TABLE `ft_broker_notes` DISABLE KEYS */;
/*!40000 ALTER TABLE `ft_broker_notes` ENABLE KEYS */;

DROP TABLE IF EXISTS `ft_broker_payout_fixed_rates`;
CREATE TABLE `ft_broker_payout_fixed_rates` (
  `id` int(12) NOT NULL,
  `broker_id` int(12) NOT NULL,
  `category_id` int(12) NOT NULL,
  `category_rates` varchar(100) NOT NULL,
  `status` tinyint(1) NOT NULL DEFAULT '1',
  `is_delete` tinyint(1) NOT NULL DEFAULT '0',
  `created_time` datetime NOT NULL,
  `created_by` int(12) NOT NULL,
  `created_ip` varchar(100) NOT NULL,
  `modified_time` datetime NOT NULL,
  `modified_by` int(12) NOT NULL,
  `modified_ip` varchar(100) NOT NULL
) ENGINE=InnoDB DEFAULT CHARSET=latin1;

/*!40000 ALTER TABLE `ft_broker_payout_fixed_rates` DISABLE KEYS */;
INSERT INTO `ft_broker_payout_fixed_rates` VALUES ('0','1','1','','1','1','2018-08-02 10:13:38','21','103.36.122.212','0000-00-00 00:00:00','0',''),('0','1','2','','1','1','2018-08-02 10:13:38','21','103.36.122.212','0000-00-00 00:00:00','0',''),('0','1','3','','1','1','2018-08-02 10:13:38','21','103.36.122.212','0000-00-00 00:00:00','0',''),('0','1','4','','1','1','2018-08-02 10:13:38','21','103.36.122.212','0000-00-00 00:00:00','0',''),('0','1','5','','1','1','2018-08-02 10:13:38','21','103.36.122.212','0000-00-00 00:00:00','0',''),('0','1','6','','1','1','2018-08-02 10:13:38','21','103.36.122.212','0000-00-00 00:00:00','0',''),('0','1','7','','1','1','2018-08-02 10:13:38','21','103.36.122.212','0000-00-00 00:00:00','0',''),('0','1','8','','1','1','2018-08-02 10:13:38','21','103.36.122.212','0000-00-00 00:00:00','0',''),('0','1','9','','1','1','2018-08-02 10:13:38','21','103.36.122.212','0000-00-00 00:00:00','0',''),('0','1','10','','1','1','2018-08-02 10:13:38','21','103.36.122.212','0000-00-00 00:00:00','0',''),('0','1','11','','1','1','2018-08-02 10:13:38','21','103.36.122.212','0000-00-00 00:00:00','0',''),('0','1','12','','1','1','2018-08-02 10:13:38','21','103.36.122.212','0000-00-00 00:00:00','0',''),('0','1','13','','1','1','2018-08-02 10:13:38','21','103.36.122.212','0000-00-00 00:00:00','0',''),('0','1','14','','1','1','2018-08-02 10:13:38','21','103.36.122.212','0000-00-00 00:00:00','0',''),('0','1','15','','1','1','2018-08-02 10:13:38','21','103.36.122.212','0000-00-00 00:00:00','0',''),('0','2','1','100.00','1','1','2018-08-02 10:15:45','21','103.36.122.212','0000-00-00 00:00:00','0',''),('0','2','2','50.00','1','1','2018-08-02 10:15:45','21','103.36.122.212','0000-00-00 00:00:00','0',''),('0','2','3','60.00','1','1','2018-08-02 10:15:45','21','103.36.122.212','0000-00-00 00:00:00','0',''),('0','2','4','','1','1','2018-08-02 10:15:45','21','103.36.122.212','0000-00-00 00:00:00','0',''),('0','2','5','','1','1','2018-08-02 10:15:45','21','103.36.122.212','0000-00-00 00:00:00','0',''),('0','2','6','','1','1','2018-08-02 10:15:45','21','103.36.122.212','0000-00-00 00:00:00','0',''),('0','2','7','','1','1','2018-08-02 10:15:45','21','103.36.122.212','0000-00-00 00:00:00','0',''),('0','2','8','','1','1','2018-08-02 10:15:45','21','103.36.122.212','0000-00-00 00:00:00','0',''),('0','2','9','','1','1','2018-08-02 10:15:45','21','103.36.122.212','0000-00-00 00:00:00','0',''),('0','2','10','','1','1','2018-08-02 10:15:45','21','103.36.122.212','0000-00-00 00:00:00','0',''),('0','2','11','','1','1','2018-08-02 10:15:45','21','103.36.122.212','0000-00-00 00:00:00','0',''),('0','2','12','','1','1','2018-08-02 10:15:45','21','103.36.122.212','0000-00-00 00:00:00','0',''),('0','2','13','','1','1','2018-08-02 10:15:45','21','103.36.122.212','0000-00-00 00:00:00','0',''),('0','2','14','','1','1','2018-08-02 10:15:45','21','103.36.122.212','0000-00-00 00:00:00','0',''),('0','2','15','','1','1','2018-08-02 10:15:45','21','103.36.122.212','0000-00-00 00:00:00','0',''),('0','1','1','20.00','1','1','2018-08-02 10:22:55','21','103.36.122.212','0000-00-00 00:00:00','0',''),('0','1','2','30.00','1','1','2018-08-02 10:22:55','21','103.36.122.212','0000-00-00 00:00:00','0',''),('0','1','3','','1','1','2018-08-02 10:22:55','21','103.36.122.212','0000-00-00 00:00:00','0',''),('0','1','4','','1','1','2018-08-02 10:22:55','21','103.36.122.212','0000-00-00 00:00:00','0',''),('0','1','5','','1','1','2018-08-02 10:22:55','21','103.36.122.212','0000-00-00 00:00:00','0',''),('0','1','6','','1','1','2018-08-02 10:22:55','21','103.36.122.212','0000-00-00 00:00:00','0',''),('0','1','7','','1','1','2018-08-02 10:22:55','21','103.36.122.212','0000-00-00 00:00:00','0',''),('0','1','8','','1','1','2018-08-02 10:22:55','21','103.36.122.212','0000-00-00 00:00:00','0',''),('0','1','9','','1','1','2018-08-02 10:22:55','21','103.36.122.212','0000-00-00 00:00:00','0',''),('0','1','10','','1','1','2018-08-02 10:22:55','21','103.36.122.212','0000-00-00 00:00:00','0',''),('0','1','11','','1','1','2018-08-02 10:22:55','21','103.36.122.212','0000-00-00 00:00:00','0',''),('0','1','12','','1','1','2018-08-02 10:22:55','21','103.36.122.212','0000-00-00 00:00:00','0',''),('0','1','13','','1','1','2018-08-02 10:22:55','21','103.36.122.212','0000-00-00 00:00:00','0',''),('0','1','14','','1','1','2018-08-02 10:22:55','21','103.36.122.212','0000-00-00 00:00:00','0',''),('0','1','15','','1','1','2018-08-02 10:22:55','21','103.36.122.212','0000-00-00 00:00:00','0',''),('0','2','1','100.00','1','1','2018-08-02 10:25:20','21','103.36.122.212','0000-00-00 00:00:00','0',''),('0','2','2','50.00','1','1','2018-08-02 10:25:20','21','103.36.122.212','0000-00-00 00:00:00','0',''),('0','2','3','60.00','1','1','2018-08-02 10:25:20','21','103.36.122.212','0000-00-00 00:00:00','0',''),('0','2','4','','1','1','2018-08-02 10:25:20','21','103.36.122.212','0000-00-00 00:00:00','0',''),('0','2','5','','1','1','2018-08-02 10:25:20','21','103.36.122.212','0000-00-00 00:00:00','0',''),('0','2','6','','1','1','2018-08-02 10:25:20','21','103.36.122.212','0000-00-00 00:00:00','0',''),('0','2','7','','1','1','2018-08-02 10:25:20','21','103.36.122.212','0000-00-00 00:00:00','0',''),('0','2','8','','1','1','2018-08-02 10:25:20','21','103.36.122.212','0000-00-00 00:00:00','0',''),('0','2','9','','1','1','2018-08-02 10:25:20','21','103.36.122.212','0000-00-00 00:00:00','0',''),('0','2','10','','1','1','2018-08-02 10:25:20','21','103.36.122.212','0000-00-00 00:00:00','0',''),('0','2','11','','1','1','2018-08-02 10:25:20','21','103.36.122.212','0000-00-00 00:00:00','0',''),('0','2','12','','1','1','2018-08-02 10:25:20','21','103.36.122.212','0000-00-00 00:00:00','0',''),('0','2','13','','1','1','2018-08-02 10:25:20','21','103.36.122.212','0000-00-00 00:00:00','0',''),('0','2','14','','1','1','2018-08-02 10:25:20','21','103.36.122.212','0000-00-00 00:00:00','0',''),('0','2','15','','1','1','2018-08-02 10:25:20','21','103.36.122.212','0000-00-00 00:00:00','0',''),('0','1','1','20.00','1','1','2018-08-02 10:26:27','21','103.36.122.212','0000-00-00 00:00:00','0',''),('0','1','2','30.00','1','1','2018-08-02 10:26:27','21','103.36.122.212','0000-00-00 00:00:00','0',''),('0','1','3','','1','1','2018-08-02 10:26:27','21','103.36.122.212','0000-00-00 00:00:00','0',''),('0','1','4','','1','1','2018-08-02 10:26:27','21','103.36.122.212','0000-00-00 00:00:00','0',''),('0','1','5','','1','1','2018-08-02 10:26:27','21','103.36.122.212','0000-00-00 00:00:00','0',''),('0','1','6','','1','1','2018-08-02 10:26:27','21','103.36.122.212','0000-00-00 00:00:00','0',''),('0','1','7','','1','1','2018-08-02 10:26:27','21','103.36.122.212','0000-00-00 00:00:00','0',''),('0','1','8','','1','1','2018-08-02 10:26:27','21','103.36.122.212','0000-00-00 00:00:00','0',''),('0','1','9','','1','1','2018-08-02 10:26:27','21','103.36.122.212','0000-00-00 00:00:00','0',''),('0','1','10','','1','1','2018-08-02 10:26:27','21','103.36.122.212','0000-00-00 00:00:00','0',''),('0','1','11','','1','1','2018-08-02 10:26:27','21','103.36.122.212','0000-00-00 00:00:00','0',''),('0','1','12','','1','1','2018-08-02 10:26:27','21','103.36.122.212','0000-00-00 00:00:00','0',''),('0','1','13','','1','1','2018-08-02 10:26:27','21','103.36.122.212','0000-00-00 00:00:00','0',''),('0','1','14','','1','1','2018-08-02 10:26:27','21','103.36.122.212','0000-00-00 00:00:00','0',''),('0','1','15','','1','1','2018-08-02 10:26:27','21','103.36.122.212','0000-00-00 00:00:00','0',''),('0','3','1','','1','1','2018-08-02 18:22:56','21','103.36.122.212','0000-00-00 00:00:00','0',''),('0','3','2','','1','1','2018-08-02 18:22:56','21','103.36.122.212','0000-00-00 00:00:00','0',''),('0','3','3','','1','1','2018-08-02 18:22:56','21','103.36.122.212','0000-00-00 00:00:00','0',''),('0','3','4','','1','1','2018-08-02 18:22:56','21','103.36.122.212','0000-00-00 00:00:00','0',''),('0','3','5','','1','1','2018-08-02 18:22:56','21','103.36.122.212','0000-00-00 00:00:00','0',''),('0','3','6','','1','1','2018-08-02 18:22:56','21','103.36.122.212','0000-00-00 00:00:00','0',''),('0','3','7','','1','1','2018-08-02 18:22:56','21','103.36.122.212','0000-00-00 00:00:00','0',''),('0','3','8','','1','1','2018-08-02 18:22:56','21','103.36.122.212','0000-00-00 00:00:00','0',''),('0','3','9','','1','1','2018-08-02 18:22:56','21','103.36.122.212','0000-00-00 00:00:00','0',''),('0','3','10','','1','1','2018-08-02 18:22:56','21','103.36.122.212','0000-00-00 00:00:00','0',''),('0','3','11','','1','1','2018-08-02 18:22:56','21','103.36.122.212','0000-00-00 00:00:00','0',''),('0','3','12','','1','1','2018-08-02 18:22:56','21','103.36.122.212','0000-00-00 00:00:00','0',''),('0','3','13','','1','1','2018-08-02 18:22:56','21','103.36.122.212','0000-00-00 00:00:00','0',''),('0','3','14','','1','1','2018-08-02 18:22:56','21','103.36.122.212','0000-00-00 00:00:00','0',''),('0','3','15','','1','1','2018-08-02 18:22:56','21','103.36.122.212','0000-00-00 00:00:00','0',''),('0','4','1','','1','1','2018-08-02 18:26:28','21','103.36.122.212','0000-00-00 00:00:00','0',''),('0','4','2','','1','1','2018-08-02 18:26:28','21','103.36.122.212','0000-00-00 00:00:00','0',''),('0','4','3','','1','1','2018-08-02 18:26:28','21','103.36.122.212','0000-00-00 00:00:00','0',''),('0','4','4','','1','1','2018-08-02 18:26:28','21','103.36.122.212','0000-00-00 00:00:00','0',''),('0','4','5','','1','1','2018-08-02 18:26:28','21','103.36.122.212','0000-00-00 00:00:00','0',''),('0','4','6','','1','1','2018-08-02 18:26:28','21','103.36.122.212','0000-00-00 00:00:00','0',''),('0','4','7','','1','1','2018-08-02 18:26:28','21','103.36.122.212','0000-00-00 00:00:00','0',''),('0','4','8','','1','1','2018-08-02 18:26:28','21','103.36.122.212','0000-00-00 00:00:00','0',''),('0','4','9','','1','1','2018-08-02 18:26:28','21','103.36.122.212','0000-00-00 00:00:00','0',''),('0','4','10','','1','1','2018-08-02 18:26:28','21','103.36.122.212','0000-00-00 00:00:00','0',''),('0','4','11','','1','1','2018-08-02 18:26:28','21','103.36.122.212','0000-00-00 00:00:00','0',''),('0','4','12','','1','1','2018-08-02 18:26:28','21','103.36.122.212','0000-00-00 00:00:00','0',''),('0','4','13','','1','1','2018-08-02 18:26:28','21','103.36.122.212','0000-00-00 00:00:00','0',''),('0','4','14','','1','1','2018-08-02 18:26:28','21','103.36.122.212','0000-00-00 00:00:00','0',''),('0','4','15','','1','1','2018-08-02 18:26:28','21','103.36.122.212','0000-00-00 00:00:00','0',''),('0','3','1','','1','1','2018-08-02 18:37:29','21','103.36.122.212','0000-00-00 00:00:00','0',''),('0','3','2','','1','1','2018-08-02 18:37:29','21','103.36.122.212','0000-00-00 00:00:00','0',''),('0','3','3','','1','1','2018-08-02 18:37:29','21','103.36.122.212','0000-00-00 00:00:00','0',''),('0','3','4','','1','1','2018-08-02 18:37:29','21','103.36.122.212','0000-00-00 00:00:00','0',''),('0','3','5','','1','1','2018-08-02 18:37:29','21','103.36.122.212','0000-00-00 00:00:00','0',''),('0','3','6','','1','1','2018-08-02 18:37:29','21','103.36.122.212','0000-00-00 00:00:00','0',''),('0','3','7','','1','1','2018-08-02 18:37:29','21','103.36.122.212','0000-00-00 00:00:00','0',''),('0','3','8','','1','1','2018-08-02 18:37:29','21','103.36.122.212','0000-00-00 00:00:00','0',''),('0','3','9','','1','1','2018-08-02 18:37:29','21','103.36.122.212','0000-00-00 00:00:00','0',''),('0','3','10','','1','1','2018-08-02 18:37:29','21','103.36.122.212','0000-00-00 00:00:00','0',''),('0','3','11','','1','1','2018-08-02 18:37:29','21','103.36.122.212','0000-00-00 00:00:00','0',''),('0','3','12','','1','1','2018-08-02 18:37:29','21','103.36.122.212','0000-00-00 00:00:00','0',''),('0','3','13','','1','1','2018-08-02 18:37:29','21','103.36.122.212','0000-00-00 00:00:00','0',''),('0','3','14','','1','1','2018-08-02 18:37:29','21','103.36.122.212','0000-00-00 00:00:00','0',''),('0','3','15','','1','1','2018-08-02 18:37:29','21','103.36.122.212','0000-00-00 00:00:00','0',''),('0','3','1','','1','1','2018-08-02 18:39:05','21','103.36.122.212','0000-00-00 00:00:00','0',''),('0','3','2','','1','1','2018-08-02 18:39:05','21','103.36.122.212','0000-00-00 00:00:00','0',''),('0','3','3','','1','1','2018-08-02 18:39:05','21','103.36.122.212','0000-00-00 00:00:00','0',''),('0','3','4','','1','1','2018-08-02 18:39:05','21','103.36.122.212','0000-00-00 00:00:00','0',''),('0','3','5','','1','1','2018-08-02 18:39:05','21','103.36.122.212','0000-00-00 00:00:00','0',''),('0','3','6','','1','1','2018-08-02 18:39:05','21','103.36.122.212','0000-00-00 00:00:00','0',''),('0','3','7','','1','1','2018-08-02 18:39:05','21','103.36.122.212','0000-00-00 00:00:00','0',''),('0','3','8','','1','1','2018-08-02 18:39:05','21','103.36.122.212','0000-00-00 00:00:00','0',''),('0','3','9','','1','1','2018-08-02 18:39:05','21','103.36.122.212','0000-00-00 00:00:00','0',''),('0','3','10','','1','1','2018-08-02 18:39:05','21','103.36.122.212','0000-00-00 00:00:00','0',''),('0','3','11','','1','1','2018-08-02 18:39:05','21','103.36.122.212','0000-00-00 00:00:00','0',''),('0','3','12','','1','1','2018-08-02 18:39:05','21','103.36.122.212','0000-00-00 00:00:00','0',''),('0','3','13','','1','1','2018-08-02 18:39:05','21','103.36.122.212','0000-00-00 00:00:00','0',''),('0','3','14','','1','1','2018-08-02 18:39:05','21','103.36.122.212','0000-00-00 00:00:00','0',''),('0','3','15','','1','1','2018-08-02 18:39:05','21','103.36.122.212','0000-00-00 00:00:00','0',''),('0','4','1','40.00','1','1','2018-08-03 18:04:02','21','103.36.122.212','0000-00-00 00:00:00','0',''),('0','4','2','50.00','1','1','2018-08-03 18:04:02','21','103.36.122.212','0000-00-00 00:00:00','0',''),('0','4','3','','1','1','2018-08-03 18:04:02','21','103.36.122.212','0000-00-00 00:00:00','0',''),('0','4','4','','1','1','2018-08-03 18:04:02','21','103.36.122.212','0000-00-00 00:00:00','0',''),('0','4','5','','1','1','2018-08-03 18:04:02','21','103.36.122.212','0000-00-00 00:00:00','0',''),('0','4','6','','1','1','2018-08-03 18:04:02','21','103.36.122.212','0000-00-00 00:00:00','0',''),('0','4','7','','1','1','2018-08-03 18:04:02','21','103.36.122.212','0000-00-00 00:00:00','0',''),('0','4','8','','1','1','2018-08-03 18:04:02','21','103.36.122.212','0000-00-00 00:00:00','0',''),('0','4','9','','1','1','2018-08-03 18:04:02','21','103.36.122.212','0000-00-00 00:00:00','0',''),('0','4','10','','1','1','2018-08-03 18:04:02','21','103.36.122.212','0000-00-00 00:00:00','0',''),('0','4','11','','1','1','2018-08-03 18:04:02','21','103.36.122.212','0000-00-00 00:00:00','0',''),('0','4','12','','1','1','2018-08-03 18:04:02','21','103.36.122.212','0000-00-00 00:00:00','0',''),('0','4','13','','1','1','2018-08-03 18:04:02','21','103.36.122.212','0000-00-00 00:00:00','0',''),('0','4','14','','1','1','2018-08-03 18:04:02','21','103.36.122.212','0000-00-00 00:00:00','0',''),('0','4','15','','1','1','2018-08-03 18:04:02','21','103.36.122.212','0000-00-00 00:00:00','0',''),('0','1','1','20.00','1','0','2018-08-11 18:19:18','21','103.36.122.212','0000-00-00 00:00:00','0',''),('0','1','2','30.00','1','0','2018-08-11 18:19:18','21','103.36.122.212','0000-00-00 00:00:00','0',''),('0','1','3','','1','0','2018-08-11 18:19:18','21','103.36.122.212','0000-00-00 00:00:00','0',''),('0','1','4','','1','0','2018-08-11 18:19:18','21','103.36.122.212','0000-00-00 00:00:00','0',''),('0','1','5','','1','0','2018-08-11 18:19:18','21','103.36.122.212','0000-00-00 00:00:00','0',''),('0','1','6','','1','0','2018-08-11 18:19:18','21','103.36.122.212','0000-00-00 00:00:00','0',''),('0','1','7','','1','0','2018-08-11 18:19:18','21','103.36.122.212','0000-00-00 00:00:00','0',''),('0','1','8','','1','0','2018-08-11 18:19:18','21','103.36.122.212','0000-00-00 00:00:00','0',''),('0','1','9','','1','0','2018-08-11 18:19:18','21','103.36.122.212','0000-00-00 00:00:00','0',''),('0','1','10','','1','0','2018-08-11 18:19:18','21','103.36.122.212','0000-00-00 00:00:00','0',''),('0','1','11','','1','0','2018-08-11 18:19:18','21','103.36.122.212','0000-00-00 00:00:00','0',''),('0','1','12','','1','0','2018-08-11 18:19:18','21','103.36.122.212','0000-00-00 00:00:00','0',''),('0','1','13','','1','0','2018-08-11 18:19:18','21','103.36.122.212','0000-00-00 00:00:00','0',''),('0','1','14','','1','0','2018-08-11 18:19:18','21','103.36.122.212','0000-00-00 00:00:00','0',''),('0','1','15','','1','0','2018-08-11 18:19:18','21','103.36.122.212','0000-00-00 00:00:00','0',''),('0','3','1','','1','1','2018-08-11 18:20:52','21','103.36.122.212','0000-00-00 00:00:00','0',''),('0','3','2','','1','1','2018-08-11 18:20:52','21','103.36.122.212','0000-00-00 00:00:00','0',''),('0','3','3','','1','1','2018-08-11 18:20:52','21','103.36.122.212','0000-00-00 00:00:00','0',''),('0','3','4','','1','1','2018-08-11 18:20:52','21','103.36.122.212','0000-00-00 00:00:00','0',''),('0','3','5','','1','1','2018-08-11 18:20:52','21','103.36.122.212','0000-00-00 00:00:00','0',''),('0','3','6','','1','1','2018-08-11 18:20:52','21','103.36.122.212','0000-00-00 00:00:00','0',''),('0','3','7','','1','1','2018-08-11 18:20:52','21','103.36.122.212','0000-00-00 00:00:00','0',''),('0','3','8','','1','1','2018-08-11 18:20:52','21','103.36.122.212','0000-00-00 00:00:00','0',''),('0','3','9','','1','1','2018-08-11 18:20:52','21','103.36.122.212','0000-00-00 00:00:00','0',''),('0','3','10','','1','1','2018-08-11 18:20:52','21','103.36.122.212','0000-00-00 00:00:00','0',''),('0','3','11','','1','1','2018-08-11 18:20:52','21','103.36.122.212','0000-00-00 00:00:00','0',''),('0','3','12','','1','1','2018-08-11 18:20:52','21','103.36.122.212','0000-00-00 00:00:00','0',''),('0','3','13','','1','1','2018-08-11 18:20:52','21','103.36.122.212','0000-00-00 00:00:00','0',''),('0','3','14','','1','1','2018-08-11 18:20:52','21','103.36.122.212','0000-00-00 00:00:00','0',''),('0','3','15','','1','1','2018-08-11 18:20:52','21','103.36.122.212','0000-00-00 00:00:00','0',''),('0','2','1','100.00','1','1','2018-08-23 18:26:11','21','103.36.122.212','0000-00-00 00:00:00','0',''),('0','2','2','50.00','1','1','2018-08-23 18:26:11','21','103.36.122.212','0000-00-00 00:00:00','0',''),('0','2','3','60.00','1','1','2018-08-23 18:26:11','21','103.36.122.212','0000-00-00 00:00:00','0',''),('0','2','4','','1','1','2018-08-23 18:26:11','21','103.36.122.212','0000-00-00 00:00:00','0',''),('0','2','5','','1','1','2018-08-23 18:26:11','21','103.36.122.212','0000-00-00 00:00:00','0',''),('0','2','6','','1','1','2018-08-23 18:26:11','21','103.36.122.212','0000-00-00 00:00:00','0',''),('0','2','7','','1','1','2018-08-23 18:26:11','21','103.36.122.212','0000-00-00 00:00:00','0',''),('0','2','8','','1','1','2018-08-23 18:26:11','21','103.36.122.212','0000-00-00 00:00:00','0',''),('0','2','9','','1','1','2018-08-23 18:26:11','21','103.36.122.212','0000-00-00 00:00:00','0',''),('0','2','10','','1','1','2018-08-23 18:26:11','21','103.36.122.212','0000-00-00 00:00:00','0',''),('0','2','11','','1','1','2018-08-23 18:26:11','21','103.36.122.212','0000-00-00 00:00:00','0',''),('0','2','12','','1','1','2018-08-23 18:26:11','21','103.36.122.212','0000-00-00 00:00:00','0',''),('0','2','13','','1','1','2018-08-23 18:26:11','21','103.36.122.212','0000-00-00 00:00:00','0',''),('0','2','14','','1','1','2018-08-23 18:26:11','21','103.36.122.212','0000-00-00 00:00:00','0',''),('0','2','15','','1','1','2018-08-23 18:26:11','21','103.36.122.212','0000-00-00 00:00:00','0',''),('0','3','1','','1','1','2018-10-15 15:39:54','21','103.36.122.212','0000-00-00 00:00:00','0',''),('0','3','2','','1','1','2018-10-15 15:39:54','21','103.36.122.212','0000-00-00 00:00:00','0',''),('0','3','3','','1','1','2018-10-15 15:39:54','21','103.36.122.212','0000-00-00 00:00:00','0',''),('0','3','4','','1','1','2018-10-15 15:39:54','21','103.36.122.212','0000-00-00 00:00:00','0',''),('0','3','5','','1','1','2018-10-15 15:39:54','21','103.36.122.212','0000-00-00 00:00:00','0',''),('0','3','6','','1','1','2018-10-15 15:39:54','21','103.36.122.212','0000-00-00 00:00:00','0',''),('0','3','7','','1','1','2018-10-15 15:39:54','21','103.36.122.212','0000-00-00 00:00:00','0',''),('0','3','8','','1','1','2018-10-15 15:39:54','21','103.36.122.212','0000-00-00 00:00:00','0',''),('0','3','9','','1','1','2018-10-15 15:39:54','21','103.36.122.212','0000-00-00 00:00:00','0',''),('0','3','10','','1','1','2018-10-15 15:39:54','21','103.36.122.212','0000-00-00 00:00:00','0',''),('0','3','11','','1','1','2018-10-15 15:39:54','21','103.36.122.212','0000-00-00 00:00:00','0',''),('0','3','12','','1','1','2018-10-15 15:39:54','21','103.36.122.212','0000-00-00 00:00:00','0',''),('0','3','13','','1','1','2018-10-15 15:39:54','21','103.36.122.212','0000-00-00 00:00:00','0',''),('0','3','14','','1','1','2018-10-15 15:39:54','21','103.36.122.212','0000-00-00 00:00:00','0',''),('0','3','15','','1','1','2018-10-15 15:39:54','21','103.36.122.212','0000-00-00 00:00:00','0',''),('0','4','1','40.00','1','1','2018-10-23 09:33:52','21','103.36.122.212','0000-00-00 00:00:00','0',''),('0','4','2','50.00','1','1','2018-10-23 09:33:52','21','103.36.122.212','0000-00-00 00:00:00','0',''),('0','4','3','','1','1','2018-10-23 09:33:52','21','103.36.122.212','0000-00-00 00:00:00','0',''),('0','4','4','','1','1','2018-10-23 09:33:52','21','103.36.122.212','0000-00-00 00:00:00','0',''),('0','4','5','','1','1','2018-10-23 09:33:52','21','103.36.122.212','0000-00-00 00:00:00','0',''),('0','4','6','','1','1','2018-10-23 09:33:52','21','103.36.122.212','0000-00-00 00:00:00','0',''),('0','4','7','','1','1','2018-10-23 09:33:52','21','103.36.122.212','0000-00-00 00:00:00','0',''),('0','4','8','','1','1','2018-10-23 09:33:52','21','103.36.122.212','0000-00-00 00:00:00','0',''),('0','4','9','','1','1','2018-10-23 09:33:52','21','103.36.122.212','0000-00-00 00:00:00','0',''),('0','4','10','','1','1','2018-10-23 09:33:52','21','103.36.122.212','0000-00-00 00:00:00','0',''),('0','4','11','','1','1','2018-10-23 09:33:52','21','103.36.122.212','0000-00-00 00:00:00','0',''),('0','4','12','','1','1','2018-10-23 09:33:52','21','103.36.122.212','0000-00-00 00:00:00','0',''),('0','4','13','','1','1','2018-10-23 09:33:52','21','103.36.122.212','0000-00-00 00:00:00','0',''),('0','4','14','','1','1','2018-10-23 09:33:52','21','103.36.122.212','0000-00-00 00:00:00','0',''),('0','4','15','','1','1','2018-10-23 09:33:52','21','103.36.122.212','0000-00-00 00:00:00','0',''),('0','4','1','40.00','1','1','2018-10-23 09:42:13','21','76.176.130.44','0000-00-00 00:00:00','0',''),('0','4','2','50.00','1','1','2018-10-23 09:42:13','21','76.176.130.44','0000-00-00 00:00:00','0',''),('0','4','3','','1','1','2018-10-23 09:42:13','21','76.176.130.44','0000-00-00 00:00:00','0',''),('0','4','4','','1','1','2018-10-23 09:42:13','21','76.176.130.44','0000-00-00 00:00:00','0',''),('0','4','5','','1','1','2018-10-23 09:42:13','21','76.176.130.44','0000-00-00 00:00:00','0',''),('0','4','6','','1','1','2018-10-23 09:42:13','21','76.176.130.44','0000-00-00 00:00:00','0',''),('0','4','7','','1','1','2018-10-23 09:42:13','21','76.176.130.44','0000-00-00 00:00:00','0',''),('0','4','8','','1','1','2018-10-23 09:42:13','21','76.176.130.44','0000-00-00 00:00:00','0',''),('0','4','9','','1','1','2018-10-23 09:42:13','21','76.176.130.44','0000-00-00 00:00:00','0',''),('0','4','10','','1','1','2018-10-23 09:42:13','21','76.176.130.44','0000-00-00 00:00:00','0',''),('0','4','11','','1','1','2018-10-23 09:42:13','21','76.176.130.44','0000-00-00 00:00:00','0',''),('0','4','12','','1','1','2018-10-23 09:42:13','21','76.176.130.44','0000-00-00 00:00:00','0',''),('0','4','13','','1','1','2018-10-23 09:42:13','21','76.176.130.44','0000-00-00 00:00:00','0',''),('0','4','14','','1','1','2018-10-23 09:42:13','21','76.176.130.44','0000-00-00 00:00:00','0',''),('0','4','15','','1','1','2018-10-23 09:42:13','21','76.176.130.44','0000-00-00 00:00:00','0',''),('0','2','1','100.00','1','1','2018-10-23 19:23:06','21','76.176.130.44','0000-00-00 00:00:00','0',''),('0','2','2','50.00','1','1','2018-10-23 19:23:06','21','76.176.130.44','0000-00-00 00:00:00','0',''),('0','2','3','60.00','1','1','2018-10-23 19:23:06','21','76.176.130.44','0000-00-00 00:00:00','0',''),('0','2','4','','1','1','2018-10-23 19:23:06','21','76.176.130.44','0000-00-00 00:00:00','0',''),('0','2','5','','1','1','2018-10-23 19:23:06','21','76.176.130.44','0000-00-00 00:00:00','0',''),('0','2','6','','1','1','2018-10-23 19:23:06','21','76.176.130.44','0000-00-00 00:00:00','0',''),('0','2','7','','1','1','2018-10-23 19:23:06','21','76.176.130.44','0000-00-00 00:00:00','0',''),('0','2','8','','1','1','2018-10-23 19:23:06','21','76.176.130.44','0000-00-00 00:00:00','0',''),('0','2','9','','1','1','2018-10-23 19:23:06','21','76.176.130.44','0000-00-00 00:00:00','0',''),('0','2','10','','1','1','2018-10-23 19:23:06','21','76.176.130.44','0000-00-00 00:00:00','0',''),('0','2','11','','1','1','2018-10-23 19:23:06','21','76.176.130.44','0000-00-00 00:00:00','0',''),('0','2','12','','1','1','2018-10-23 19:23:06','21','76.176.130.44','0000-00-00 00:00:00','0',''),('0','2','13','','1','1','2018-10-23 19:23:06','21','76.176.130.44','0000-00-00 00:00:00','0',''),('0','2','14','','1','1','2018-10-23 19:23:06','21','76.176.130.44','0000-00-00 00:00:00','0',''),('0','2','15','','1','1','2018-10-23 19:23:06','21','76.176.130.44','0000-00-00 00:00:00','0',''),('0','2','1','100.00','1','1','2018-10-25 16:23:12','21','103.36.122.212','0000-00-00 00:00:00','0',''),('0','2','2','50.00','1','1','2018-10-25 16:23:12','21','103.36.122.212','0000-00-00 00:00:00','0',''),('0','2','3','60.00','1','1','2018-10-25 16:23:12','21','103.36.122.212','0000-00-00 00:00:00','0',''),('0','2','4','','1','1','2018-10-25 16:23:12','21','103.36.122.212','0000-00-00 00:00:00','0',''),('0','2','5','','1','1','2018-10-25 16:23:12','21','103.36.122.212','0000-00-00 00:00:00','0',''),('0','2','6','','1','1','2018-10-25 16:23:12','21','103.36.122.212','0000-00-00 00:00:00','0',''),('0','2','7','','1','1','2018-10-25 16:23:12','21','103.36.122.212','0000-00-00 00:00:00','0',''),('0','2','8','','1','1','2018-10-25 16:23:12','21','103.36.122.212','0000-00-00 00:00:00','0',''),('0','2','9','','1','1','2018-10-25 16:23:12','21','103.36.122.212','0000-00-00 00:00:00','0',''),('0','2','10','','1','1','2018-10-25 16:23:12','21','103.36.122.212','0000-00-00 00:00:00','0',''),('0','2','11','','1','1','2018-10-25 16:23:12','21','103.36.122.212','0000-00-00 00:00:00','0',''),('0','2','12','','1','1','2018-10-25 16:23:12','21','103.36.122.212','0000-00-00 00:00:00','0',''),('0','2','13','','1','1','2018-10-25 16:23:12','21','103.36.122.212','0000-00-00 00:00:00','0',''),('0','2','14','','1','1','2018-10-25 16:23:12','21','103.36.122.212','0000-00-00 00:00:00','0',''),('0','2','15','','1','1','2018-10-25 16:23:12','21','103.36.122.212','0000-00-00 00:00:00','0',''),('0','4','1','40.00','1','1','2018-10-25 16:24:23','21','103.36.122.212','0000-00-00 00:00:00','0',''),('0','4','2','50.00','1','1','2018-10-25 16:24:23','21','103.36.122.212','0000-00-00 00:00:00','0',''),('0','4','3','','1','1','2018-10-25 16:24:23','21','103.36.122.212','0000-00-00 00:00:00','0',''),('0','4','4','','1','1','2018-10-25 16:24:23','21','103.36.122.212','0000-00-00 00:00:00','0',''),('0','4','5','','1','1','2018-10-25 16:24:23','21','103.36.122.212','0000-00-00 00:00:00','0',''),('0','4','6','','1','1','2018-10-25 16:24:23','21','103.36.122.212','0000-00-00 00:00:00','0',''),('0','4','7','','1','1','2018-10-25 16:24:23','21','103.36.122.212','0000-00-00 00:00:00','0',''),('0','4','8','','1','1','2018-10-25 16:24:23','21','103.36.122.212','0000-00-00 00:00:00','0',''),('0','4','9','','1','1','2018-10-25 16:24:23','21','103.36.122.212','0000-00-00 00:00:00','0',''),('0','4','10','','1','1','2018-10-25 16:24:23','21','103.36.122.212','0000-00-00 00:00:00','0',''),('0','4','11','','1','1','2018-10-25 16:24:23','21','103.36.122.212','0000-00-00 00:00:00','0',''),('0','4','12','','1','1','2018-10-25 16:24:23','21','103.36.122.212','0000-00-00 00:00:00','0',''),('0','4','13','','1','1','2018-10-25 16:24:23','21','103.36.122.212','0000-00-00 00:00:00','0',''),('0','4','14','','1','1','2018-10-25 16:24:23','21','103.36.122.212','0000-00-00 00:00:00','0',''),('0','4','15','','1','1','2018-10-25 16:24:23','21','103.36.122.212','0000-00-00 00:00:00','0',''),('0','2','1','100.00','1','1','2018-11-01 17:24:12','21','103.36.122.212','0000-00-00 00:00:00','0',''),('0','2','2','50.00','1','1','2018-11-01 17:24:12','21','103.36.122.212','0000-00-00 00:00:00','0',''),('0','2','3','60.00','1','1','2018-11-01 17:24:12','21','103.36.122.212','0000-00-00 00:00:00','0',''),('0','2','4','','1','1','2018-11-01 17:24:12','21','103.36.122.212','0000-00-00 00:00:00','0',''),('0','2','5','','1','1','2018-11-01 17:24:12','21','103.36.122.212','0000-00-00 00:00:00','0',''),('0','2','6','','1','1','2018-11-01 17:24:12','21','103.36.122.212','0000-00-00 00:00:00','0',''),('0','2','7','','1','1','2018-11-01 17:24:12','21','103.36.122.212','0000-00-00 00:00:00','0',''),('0','2','8','','1','1','2018-11-01 17:24:12','21','103.36.122.212','0000-00-00 00:00:00','0',''),('0','2','9','','1','1','2018-11-01 17:24:12','21','103.36.122.212','0000-00-00 00:00:00','0',''),('0','2','10','','1','1','2018-11-01 17:24:12','21','103.36.122.212','0000-00-00 00:00:00','0',''),('0','2','11','','1','1','2018-11-01 17:24:12','21','103.36.122.212','0000-00-00 00:00:00','0',''),('0','2','12','','1','1','2018-11-01 17:24:12','21','103.36.122.212','0000-00-00 00:00:00','0',''),('0','2','13','','1','1','2018-11-01 17:24:12','21','103.36.122.212','0000-00-00 00:00:00','0',''),('0','2','14','','1','1','2018-11-01 17:24:12','21','103.36.122.212','0000-00-00 00:00:00','0',''),('0','2','15','','1','1','2018-11-01 17:24:12','21','103.36.122.212','0000-00-00 00:00:00','0',''),('0','2','1','100.00','1','1','2018-11-02 10:14:43','21','103.36.122.212','0000-00-00 00:00:00','0',''),('0','2','2','50.00','1','1','2018-11-02 10:14:43','21','103.36.122.212','0000-00-00 00:00:00','0',''),('0','2','3','60.00','1','1','2018-11-02 10:14:43','21','103.36.122.212','0000-00-00 00:00:00','0',''),('0','2','4','','1','1','2018-11-02 10:14:43','21','103.36.122.212','0000-00-00 00:00:00','0',''),('0','2','5','','1','1','2018-11-02 10:14:43','21','103.36.122.212','0000-00-00 00:00:00','0',''),('0','2','6','','1','1','2018-11-02 10:14:43','21','103.36.122.212','0000-00-00 00:00:00','0',''),('0','2','7','','1','1','2018-11-02 10:14:43','21','103.36.122.212','0000-00-00 00:00:00','0',''),('0','2','8','','1','1','2018-11-02 10:14:43','21','103.36.122.212','0000-00-00 00:00:00','0',''),('0','2','9','','1','1','2018-11-02 10:14:43','21','103.36.122.212','0000-00-00 00:00:00','0',''),('0','2','10','','1','1','2018-11-02 10:14:43','21','103.36.122.212','0000-00-00 00:00:00','0',''),('0','2','11','','1','1','2018-11-02 10:14:43','21','103.36.122.212','0000-00-00 00:00:00','0',''),('0','2','12','','1','1','2018-11-02 10:14:43','21','103.36.122.212','0000-00-00 00:00:00','0',''),('0','2','13','','1','1','2018-11-02 10:14:43','21','103.36.122.212','0000-00-00 00:00:00','0',''),('0','2','14','','1','1','2018-11-02 10:14:43','21','103.36.122.212','0000-00-00 00:00:00','0',''),('0','2','15','','1','1','2018-11-02 10:14:43','21','103.36.122.212','0000-00-00 00:00:00','0',''),('0','4','1','40.00','1','1','2018-11-23 16:01:37','21','103.36.122.212','0000-00-00 00:00:00','0',''),('0','4','2','50.00','1','1','2018-11-23 16:01:37','21','103.36.122.212','0000-00-00 00:00:00','0',''),('0','4','3','','1','1','2018-11-23 16:01:37','21','103.36.122.212','0000-00-00 00:00:00','0',''),('0','4','4','','1','1','2018-11-23 16:01:37','21','103.36.122.212','0000-00-00 00:00:00','0',''),('0','4','5','','1','1','2018-11-23 16:01:37','21','103.36.122.212','0000-00-00 00:00:00','0',''),('0','4','6','','1','1','2018-11-23 16:01:37','21','103.36.122.212','0000-00-00 00:00:00','0',''),('0','4','7','','1','1','2018-11-23 16:01:37','21','103.36.122.212','0000-00-00 00:00:00','0',''),('0','4','8','','1','1','2018-11-23 16:01:37','21','103.36.122.212','0000-00-00 00:00:00','0',''),('0','4','9','','1','1','2018-11-23 16:01:37','21','103.36.122.212','0000-00-00 00:00:00','0',''),('0','4','10','','1','1','2018-11-23 16:01:37','21','103.36.122.212','0000-00-00 00:00:00','0',''),('0','4','11','','1','1','2018-11-23 16:01:37','21','103.36.122.212','0000-00-00 00:00:00','0',''),('0','4','12','','1','1','2018-11-23 16:01:37','21','103.36.122.212','0000-00-00 00:00:00','0',''),('0','4','13','','1','1','2018-11-23 16:01:37','21','103.36.122.212','0000-00-00 00:00:00','0',''),('0','4','14','','1','1','2018-11-23 16:01:37','21','103.36.122.212','0000-00-00 00:00:00','0',''),('0','4','15','','1','1','2018-11-23 16:01:37','21','103.36.122.212','0000-00-00 00:00:00','0',''),('0','3','1','','1','1','2018-11-23 16:03:18','21','103.36.122.212','0000-00-00 00:00:00','0',''),('0','3','2','','1','1','2018-11-23 16:03:18','21','103.36.122.212','0000-00-00 00:00:00','0',''),('0','3','3','','1','1','2018-11-23 16:03:18','21','103.36.122.212','0000-00-00 00:00:00','0',''),('0','3','4','','1','1','2018-11-23 16:03:18','21','103.36.122.212','0000-00-00 00:00:00','0',''),('0','3','5','','1','1','2018-11-23 16:03:18','21','103.36.122.212','0000-00-00 00:00:00','0',''),('0','3','6','','1','1','2018-11-23 16:03:18','21','103.36.122.212','0000-00-00 00:00:00','0',''),('0','3','7','','1','1','2018-11-23 16:03:18','21','103.36.122.212','0000-00-00 00:00:00','0',''),('0','3','8','','1','1','2018-11-23 16:03:18','21','103.36.122.212','0000-00-00 00:00:00','0',''),('0','3','9','','1','1','2018-11-23 16:03:18','21','103.36.122.212','0000-00-00 00:00:00','0',''),('0','3','10','','1','1','2018-11-23 16:03:18','21','103.36.122.212','0000-00-00 00:00:00','0',''),('0','3','11','','1','1','2018-11-23 16:03:18','21','103.36.122.212','0000-00-00 00:00:00','0',''),('0','3','12','','1','1','2018-11-23 16:03:18','21','103.36.122.212','0000-00-00 00:00:00','0',''),('0','3','13','','1','1','2018-11-23 16:03:18','21','103.36.122.212','0000-00-00 00:00:00','0',''),('0','3','14','','1','1','2018-11-23 16:03:18','21','103.36.122.212','0000-00-00 00:00:00','0',''),('0','3','15','','1','1','2018-11-23 16:03:18','21','103.36.122.212','0000-00-00 00:00:00','0',''),('0','2','1','100.00','1','1','2018-11-23 16:04:27','21','103.36.122.212','0000-00-00 00:00:00','0',''),('0','2','2','50.00','1','1','2018-11-23 16:04:27','21','103.36.122.212','0000-00-00 00:00:00','0',''),('0','2','3','60.00','1','1','2018-11-23 16:04:27','21','103.36.122.212','0000-00-00 00:00:00','0',''),('0','2','4','','1','1','2018-11-23 16:04:27','21','103.36.122.212','0000-00-00 00:00:00','0',''),('0','2','5','','1','1','2018-11-23 16:04:27','21','103.36.122.212','0000-00-00 00:00:00','0',''),('0','2','6','','1','1','2018-11-23 16:04:27','21','103.36.122.212','0000-00-00 00:00:00','0',''),('0','2','7','','1','1','2018-11-23 16:04:27','21','103.36.122.212','0000-00-00 00:00:00','0',''),('0','2','8','','1','1','2018-11-23 16:04:27','21','103.36.122.212','0000-00-00 00:00:00','0',''),('0','2','9','','1','1','2018-11-23 16:04:27','21','103.36.122.212','0000-00-00 00:00:00','0',''),('0','2','10','','1','1','2018-11-23 16:04:27','21','103.36.122.212','0000-00-00 00:00:00','0',''),('0','2','11','','1','1','2018-11-23 16:04:27','21','103.36.122.212','0000-00-00 00:00:00','0',''),('0','2','12','','1','1','2018-11-23 16:04:27','21','103.36.122.212','0000-00-00 00:00:00','0',''),('0','2','13','','1','1','2018-11-23 16:04:27','21','103.36.122.212','0000-00-00 00:00:00','0',''),('0','2','14','','1','1','2018-11-23 16:04:27','21','103.36.122.212','0000-00-00 00:00:00','0',''),('0','2','15','','1','1','2018-11-23 16:04:27','21','103.36.122.212','0000-00-00 00:00:00','0',''),('0','4','1','40.00','1','1','2018-11-27 04:20:32','21','76.176.130.44','0000-00-00 00:00:00','0',''),('0','4','2','50.00','1','1','2018-11-27 04:20:32','21','76.176.130.44','0000-00-00 00:00:00','0',''),('0','4','3','','1','1','2018-11-27 04:20:32','21','76.176.130.44','0000-00-00 00:00:00','0',''),('0','4','4','','1','1','2018-11-27 04:20:32','21','76.176.130.44','0000-00-00 00:00:00','0',''),('0','4','5','','1','1','2018-11-27 04:20:32','21','76.176.130.44','0000-00-00 00:00:00','0',''),('0','4','6','','1','1','2018-11-27 04:20:32','21','76.176.130.44','0000-00-00 00:00:00','0',''),('0','4','7','','1','1','2018-11-27 04:20:32','21','76.176.130.44','0000-00-00 00:00:00','0',''),('0','4','8','','1','1','2018-11-27 04:20:32','21','76.176.130.44','0000-00-00 00:00:00','0',''),('0','4','9','','1','1','2018-11-27 04:20:32','21','76.176.130.44','0000-00-00 00:00:00','0',''),('0','4','10','','1','1','2018-11-27 04:20:32','21','76.176.130.44','0000-00-00 00:00:00','0',''),('0','4','11','','1','1','2018-11-27 04:20:32','21','76.176.130.44','0000-00-00 00:00:00','0',''),('0','4','12','','1','1','2018-11-27 04:20:32','21','76.176.130.44','0000-00-00 00:00:00','0',''),('0','4','13','','1','1','2018-11-27 04:20:32','21','76.176.130.44','0000-00-00 00:00:00','0',''),('0','4','14','','1','1','2018-11-27 04:20:32','21','76.176.130.44','0000-00-00 00:00:00','0',''),('0','4','15','','1','1','2018-11-27 04:20:32','21','76.176.130.44','0000-00-00 00:00:00','0',''),('0','2','1','0.00','1','1','2018-11-27 04:32:40','21','76.176.130.44','0000-00-00 00:00:00','0',''),('0','2','2','0.00','1','1','2018-11-27 04:32:40','21','76.176.130.44','0000-00-00 00:00:00','0',''),('0','2','3','0.00','1','1','2018-11-27 04:32:40','21','76.176.130.44','0000-00-00 00:00:00','0',''),('0','2','4','','1','1','2018-11-27 04:32:40','21','76.176.130.44','0000-00-00 00:00:00','0',''),('0','2','5','','1','1','2018-11-27 04:32:40','21','76.176.130.44','0000-00-00 00:00:00','0',''),('0','2','6','','1','1','2018-11-27 04:32:40','21','76.176.130.44','0000-00-00 00:00:00','0',''),('0','2','7','','1','1','2018-11-27 04:32:40','21','76.176.130.44','0000-00-00 00:00:00','0',''),('0','2','8','','1','1','2018-11-27 04:32:40','21','76.176.130.44','0000-00-00 00:00:00','0',''),('0','2','9','','1','1','2018-11-27 04:32:40','21','76.176.130.44','0000-00-00 00:00:00','0',''),('0','2','10','','1','1','2018-11-27 04:32:40','21','76.176.130.44','0000-00-00 00:00:00','0',''),('0','2','11','','1','1','2018-11-27 04:32:40','21','76.176.130.44','0000-00-00 00:00:00','0',''),('0','2','12','','1','1','2018-11-27 04:32:40','21','76.176.130.44','0000-00-00 00:00:00','0',''),('0','2','13','','1','1','2018-11-27 04:32:40','21','76.176.130.44','0000-00-00 00:00:00','0',''),('0','2','14','','1','1','2018-11-27 04:32:40','21','76.176.130.44','0000-00-00 00:00:00','0',''),('0','2','15','','1','1','2018-11-27 04:32:40','21','76.176.130.44','0000-00-00 00:00:00','0',''),('0','4','1','0.00','1','1','2018-11-27 04:33:16','21','76.176.130.44','0000-00-00 00:00:00','0',''),('0','4','2','0.00','1','1','2018-11-27 04:33:16','21','76.176.130.44','0000-00-00 00:00:00','0',''),('0','4','3','','1','1','2018-11-27 04:33:16','21','76.176.130.44','0000-00-00 00:00:00','0',''),('0','4','4','','1','1','2018-11-27 04:33:16','21','76.176.130.44','0000-00-00 00:00:00','0',''),('0','4','5','','1','1','2018-11-27 04:33:16','21','76.176.130.44','0000-00-00 00:00:00','0',''),('0','4','6','','1','1','2018-11-27 04:33:16','21','76.176.130.44','0000-00-00 00:00:00','0',''),('0','4','7','','1','1','2018-11-27 04:33:16','21','76.176.130.44','0000-00-00 00:00:00','0',''),('0','4','8','','1','1','2018-11-27 04:33:16','21','76.176.130.44','0000-00-00 00:00:00','0',''),('0','4','9','','1','1','2018-11-27 04:33:16','21','76.176.130.44','0000-00-00 00:00:00','0',''),('0','4','10','','1','1','2018-11-27 04:33:16','21','76.176.130.44','0000-00-00 00:00:00','0',''),('0','4','11','','1','1','2018-11-27 04:33:16','21','76.176.130.44','0000-00-00 00:00:00','0',''),('0','4','12','','1','1','2018-11-27 04:33:16','21','76.176.130.44','0000-00-00 00:00:00','0',''),('0','4','13','','1','1','2018-11-27 04:33:16','21','76.176.130.44','0000-00-00 00:00:00','0',''),('0','4','14','','1','1','2018-11-27 04:33:16','21','76.176.130.44','0000-00-00 00:00:00','0',''),('0','4','15','','1','1','2018-11-27 04:33:16','21','76.176.130.44','0000-00-00 00:00:00','0',''),('0','3','1','','1','1','2018-11-27 04:34:19','21','76.176.130.44','0000-00-00 00:00:00','0',''),('0','3','2','','1','1','2018-11-27 04:34:19','21','76.176.130.44','0000-00-00 00:00:00','0',''),('0','3','3','','1','1','2018-11-27 04:34:19','21','76.176.130.44','0000-00-00 00:00:00','0',''),('0','3','4','','1','1','2018-11-27 04:34:19','21','76.176.130.44','0000-00-00 00:00:00','0',''),('0','3','5','','1','1','2018-11-27 04:34:19','21','76.176.130.44','0000-00-00 00:00:00','0',''),('0','3','6','','1','1','2018-11-27 04:34:19','21','76.176.130.44','0000-00-00 00:00:00','0',''),('0','3','7','','1','1','2018-11-27 04:34:19','21','76.176.130.44','0000-00-00 00:00:00','0',''),('0','3','8','','1','1','2018-11-27 04:34:19','21','76.176.130.44','0000-00-00 00:00:00','0',''),('0','3','9','','1','1','2018-11-27 04:34:19','21','76.176.130.44','0000-00-00 00:00:00','0',''),('0','3','10','','1','1','2018-11-27 04:34:19','21','76.176.130.44','0000-00-00 00:00:00','0',''),('0','3','11','','1','1','2018-11-27 04:34:19','21','76.176.130.44','0000-00-00 00:00:00','0',''),('0','3','12','','1','1','2018-11-27 04:34:19','21','76.176.130.44','0000-00-00 00:00:00','0',''),('0','3','13','','1','1','2018-11-27 04:34:19','21','76.176.130.44','0000-00-00 00:00:00','0',''),('0','3','14','','1','1','2018-11-27 04:34:19','21','76.176.130.44','0000-00-00 00:00:00','0',''),('0','3','15','','1','1','2018-11-27 04:34:19','21','76.176.130.44','0000-00-00 00:00:00','0',''),('0','5','1','','1','1','2021-06-26 11:41:08','1','96.55.37.191','0000-00-00 00:00:00','0',''),('0','5','2','','1','1','2021-06-26 11:41:08','1','96.55.37.191','0000-00-00 00:00:00','0',''),('0','5','3','','1','1','2021-06-26 11:41:08','1','96.55.37.191','0000-00-00 00:00:00','0',''),('0','5','4','','1','1','2021-06-26 11:41:08','1','96.55.37.191','0000-00-00 00:00:00','0',''),('0','5','5','','1','1','2021-06-26 11:41:08','1','96.55.37.191','0000-00-00 00:00:00','0',''),('0','5','6','','1','1','2021-06-26 11:41:08','1','96.55.37.191','0000-00-00 00:00:00','0',''),('0','5','7','','1','1','2021-06-26 11:41:08','1','96.55.37.191','0000-00-00 00:00:00','0',''),('0','5','8','','1','1','2021-06-26 11:41:08','1','96.55.37.191','0000-00-00 00:00:00','0',''),('0','5','9','','1','1','2021-06-26 11:41:08','1','96.55.37.191','0000-00-00 00:00:00','0',''),('0','5','10','','1','1','2021-06-26 11:41:08','1','96.55.37.191','0000-00-00 00:00:00','0',''),('0','5','11','','1','1','2021-06-26 11:41:08','1','96.55.37.191','0000-00-00 00:00:00','0',''),('0','5','12','','1','1','2021-06-26 11:41:08','1','96.55.37.191','0000-00-00 00:00:00','0',''),('0','5','13','','1','1','2021-06-26 11:41:08','1','96.55.37.191','0000-00-00 00:00:00','0',''),('0','5','14','','1','1','2021-06-26 11:41:08','1','96.55.37.191','0000-00-00 00:00:00','0',''),('0','5','15','','1','1','2021-06-26 11:41:08','1','96.55.37.191','0000-00-00 00:00:00','0',''),('0','6','1','','1','1','2021-06-26 11:42:44','1','96.55.37.191','0000-00-00 00:00:00','0',''),('0','6','2','','1','1','2021-06-26 11:42:44','1','96.55.37.191','0000-00-00 00:00:00','0',''),('0','6','3','','1','1','2021-06-26 11:42:44','1','96.55.37.191','0000-00-00 00:00:00','0',''),('0','6','4','','1','1','2021-06-26 11:42:44','1','96.55.37.191','0000-00-00 00:00:00','0',''),('0','6','5','','1','1','2021-06-26 11:42:44','1','96.55.37.191','0000-00-00 00:00:00','0',''),('0','6','6','','1','1','2021-06-26 11:42:44','1','96.55.37.191','0000-00-00 00:00:00','0',''),('0','6','7','','1','1','2021-06-26 11:42:44','1','96.55.37.191','0000-00-00 00:00:00','0',''),('0','6','8','','1','1','2021-06-26 11:42:44','1','96.55.37.191','0000-00-00 00:00:00','0',''),('0','6','9','','1','1','2021-06-26 11:42:44','1','96.55.37.191','0000-00-00 00:00:00','0',''),('0','6','10','','1','1','2021-06-26 11:42:44','1','96.55.37.191','0000-00-00 00:00:00','0',''),('0','6','11','','1','1','2021-06-26 11:42:44','1','96.55.37.191','0000-00-00 00:00:00','0',''),('0','6','12','','1','1','2021-06-26 11:42:44','1','96.55.37.191','0000-00-00 00:00:00','0',''),('0','6','13','','1','1','2021-06-26 11:42:44','1','96.55.37.191','0000-00-00 00:00:00','0',''),('0','6','14','','1','1','2021-06-26 11:42:44','1','96.55.37.191','0000-00-00 00:00:00','0',''),('0','6','15','','1','1','2021-06-26 11:42:44','1','96.55.37.191','0000-00-00 00:00:00','0',''),('0','2','1','0.00','1','1','2021-06-26 12:14:42','1','96.55.37.191','0000-00-00 00:00:00','0',''),('0','2','2','0.00','1','1','2021-06-26 12:14:42','1','96.55.37.191','0000-00-00 00:00:00','0',''),('0','2','3','0.00','1','1','2021-06-26 12:14:42','1','96.55.37.191','0000-00-00 00:00:00','0',''),('0','2','4','','1','1','2021-06-26 12:14:42','1','96.55.37.191','0000-00-00 00:00:00','0',''),('0','2','5','','1','1','2021-06-26 12:14:42','1','96.55.37.191','0000-00-00 00:00:00','0',''),('0','2','6','','1','1','2021-06-26 12:14:42','1','96.55.37.191','0000-00-00 00:00:00','0',''),('0','2','7','','1','1','2021-06-26 12:14:42','1','96.55.37.191','0000-00-00 00:00:00','0',''),('0','2','8','','1','1','2021-06-26 12:14:42','1','96.55.37.191','0000-00-00 00:00:00','0',''),('0','2','9','','1','1','2021-06-26 12:14:42','1','96.55.37.191','0000-00-00 00:00:00','0',''),('0','2','10','','1','1','2021-06-26 12:14:42','1','96.55.37.191','0000-00-00 00:00:00','0',''),('0','2','11','','1','1','2021-06-26 12:14:42','1','96.55.37.191','0000-00-00 00:00:00','0',''),('0','2','12','','1','1','2021-06-26 12:14:42','1','96.55.37.191','0000-00-00 00:00:00','0',''),('0','2','13','','1','1','2021-06-26 12:14:42','1','96.55.37.191','0000-00-00 00:00:00','0',''),('0','2','14','','1','1','2021-06-26 12:14:42','1','96.55.37.191','0000-00-00 00:00:00','0',''),('0','2','15','','1','1','2021-06-26 12:14:42','1','96.55.37.191','0000-00-00 00:00:00','0',''),('0','2','1','0.00','1','1','2021-06-26 23:27:50','1','96.55.37.191','0000-00-00 00:00:00','0',''),('0','2','2','0.00','1','1','2021-06-26 23:27:50','1','96.55.37.191','0000-00-00 00:00:00','0',''),('0','2','3','0.00','1','1','2021-06-26 23:27:50','1','96.55.37.191','0000-00-00 00:00:00','0',''),('0','2','4','','1','1','2021-06-26 23:27:50','1','96.55.37.191','0000-00-00 00:00:00','0',''),('0','2','5','','1','1','2021-06-26 23:27:50','1','96.55.37.191','0000-00-00 00:00:00','0',''),('0','2','6','','1','1','2021-06-26 23:27:50','1','96.55.37.191','0000-00-00 00:00:00','0',''),('0','2','7','','1','1','2021-06-26 23:27:50','1','96.55.37.191','0000-00-00 00:00:00','0',''),('0','2','8','','1','1','2021-06-26 23:27:50','1','96.55.37.191','0000-00-00 00:00:00','0',''),('0','2','9','','1','1','2021-06-26 23:27:50','1','96.55.37.191','0000-00-00 00:00:00','0',''),('0','2','10','','1','1','2021-06-26 23:27:50','1','96.55.37.191','0000-00-00 00:00:00','0',''),('0','2','11','','1','1','2021-06-26 23:27:50','1','96.55.37.191','0000-00-00 00:00:00','0',''),('0','2','12','','1','1','2021-06-26 23:27:50','1','96.55.37.191','0000-00-00 00:00:00','0',''),('0','2','13','','1','1','2021-06-26 23:27:50','1','96.55.37.191','0000-00-00 00:00:00','0',''),('0','2','14','','1','1','2021-06-26 23:27:50','1','96.55.37.191','0000-00-00 00:00:00','0',''),('0','2','15','','1','1','2021-06-26 23:27:50','1','96.55.37.191','0000-00-00 00:00:00','0',''),('0','2','1','0.00','1','1','2021-06-26 23:28:22','1','96.55.37.191','0000-00-00 00:00:00','0',''),('0','2','2','0.00','1','1','2021-06-26 23:28:22','1','96.55.37.191','0000-00-00 00:00:00','0',''),('0','2','3','0.00','1','1','2021-06-26 23:28:22','1','96.55.37.191','0000-00-00 00:00:00','0',''),('0','2','4','','1','1','2021-06-26 23:28:22','1','96.55.37.191','0000-00-00 00:00:00','0',''),('0','2','5','','1','1','2021-06-26 23:28:22','1','96.55.37.191','0000-00-00 00:00:00','0',''),('0','2','6','','1','1','2021-06-26 23:28:22','1','96.55.37.191','0000-00-00 00:00:00','0',''),('0','2','7','','1','1','2021-06-26 23:28:22','1','96.55.37.191','0000-00-00 00:00:00','0',''),('0','2','8','','1','1','2021-06-26 23:28:22','1','96.55.37.191','0000-00-00 00:00:00','0',''),('0','2','9','','1','1','2021-06-26 23:28:22','1','96.55.37.191','0000-00-00 00:00:00','0',''),('0','2','10','','1','1','2021-06-26 23:28:22','1','96.55.37.191','0000-00-00 00:00:00','0',''),('0','2','11','','1','1','2021-06-26 23:28:22','1','96.55.37.191','0000-00-00 00:00:00','0',''),('0','2','12','','1','1','2021-06-26 23:28:22','1','96.55.37.191','0000-00-00 00:00:00','0',''),('0','2','13','','1','1','2021-06-26 23:28:22','1','96.55.37.191','0000-00-00 00:00:00','0',''),('0','2','14','','1','1','2021-06-26 23:28:22','1','96.55.37.191','0000-00-00 00:00:00','0',''),('0','2','15','','1','1','2021-06-26 23:28:22','1','96.55.37.191','0000-00-00 00:00:00','0',''),('0','6','1','','1','1','2021-06-26 23:29:27','1','96.55.37.191','0000-00-00 00:00:00','0',''),('0','6','2','','1','1','2021-06-26 23:29:27','1','96.55.37.191','0000-00-00 00:00:00','0',''),('0','6','3','','1','1','2021-06-26 23:29:27','1','96.55.37.191','0000-00-00 00:00:00','0',''),('0','6','4','','1','1','2021-06-26 23:29:27','1','96.55.37.191','0000-00-00 00:00:00','0',''),('0','6','5','','1','1','2021-06-26 23:29:27','1','96.55.37.191','0000-00-00 00:00:00','0',''),('0','6','6','','1','1','2021-06-26 23:29:27','1','96.55.37.191','0000-00-00 00:00:00','0',''),('0','6','7','','1','1','2021-06-26 23:29:27','1','96.55.37.191','0000-00-00 00:00:00','0',''),('0','6','8','','1','1','2021-06-26 23:29:27','1','96.55.37.191','0000-00-00 00:00:00','0',''),('0','6','9','','1','1','2021-06-26 23:29:27','1','96.55.37.191','0000-00-00 00:00:00','0',''),('0','6','10','','1','1','2021-06-26 23:29:27','1','96.55.37.191','0000-00-00 00:00:00','0',''),('0','6','11','','1','1','2021-06-26 23:29:27','1','96.55.37.191','0000-00-00 00:00:00','0',''),('0','6','12','','1','1','2021-06-26 23:29:27','1','96.55.37.191','0000-00-00 00:00:00','0',''),('0','6','13','','1','1','2021-06-26 23:29:27','1','96.55.37.191','0000-00-00 00:00:00','0',''),('0','6','14','','1','1','2021-06-26 23:29:27','1','96.55.37.191','0000-00-00 00:00:00','0',''),('0','6','15','','1','1','2021-06-26 23:29:27','1','96.55.37.191','0000-00-00 00:00:00','0',''),('0','5','1','','1','1','2021-07-05 12:28:39','1','96.55.37.191','0000-00-00 00:00:00','0',''),('0','5','2','','1','1','2021-07-05 12:28:39','1','96.55.37.191','0000-00-00 00:00:00','0',''),('0','5','3','','1','1','2021-07-05 12:28:39','1','96.55.37.191','0000-00-00 00:00:00','0',''),('0','5','4','','1','1','2021-07-05 12:28:39','1','96.55.37.191','0000-00-00 00:00:00','0',''),('0','5','5','','1','1','2021-07-05 12:28:39','1','96.55.37.191','0000-00-00 00:00:00','0',''),('0','5','6','','1','1','2021-07-05 12:28:39','1','96.55.37.191','0000-00-00 00:00:00','0',''),('0','5','7','','1','1','2021-07-05 12:28:39','1','96.55.37.191','0000-00-00 00:00:00','0',''),('0','5','8','','1','1','2021-07-05 12:28:39','1','96.55.37.191','0000-00-00 00:00:00','0',''),('0','5','9','','1','1','2021-07-05 12:28:39','1','96.55.37.191','0000-00-00 00:00:00','0',''),('0','5','10','','1','1','2021-07-05 12:28:39','1','96.55.37.191','0000-00-00 00:00:00','0',''),('0','5','11','','1','1','2021-07-05 12:28:39','1','96.55.37.191','0000-00-00 00:00:00','0',''),('0','5','12','','1','1','2021-07-05 12:28:39','1','96.55.37.191','0000-00-00 00:00:00','0',''),('0','5','13','','1','1','2021-07-05 12:28:39','1','96.55.37.191','0000-00-00 00:00:00','0',''),('0','5','14','','1','1','2021-07-05 12:28:39','1','96.55.37.191','0000-00-00 00:00:00','0',''),('0','5','15','','1','1','2021-07-05 12:28:39','1','96.55.37.191','0000-00-00 00:00:00','0',''),('0','6','1','','1','1','2021-07-05 12:28:52','1','96.55.37.191','0000-00-00 00:00:00','0',''),('0','6','2','','1','1','2021-07-05 12:28:52','1','96.55.37.191','0000-00-00 00:00:00','0',''),('0','6','3','','1','1','2021-07-05 12:28:52','1','96.55.37.191','0000-00-00 00:00:00','0',''),('0','6','4','','1','1','2021-07-05 12:28:52','1','96.55.37.191','0000-00-00 00:00:00','0',''),('0','6','5','','1','1','2021-07-05 12:28:52','1','96.55.37.191','0000-00-00 00:00:00','0',''),('0','6','6','','1','1','2021-07-05 12:28:52','1','96.55.37.191','0000-00-00 00:00:00','0',''),('0','6','7','','1','1','2021-07-05 12:28:52','1','96.55.37.191','0000-00-00 00:00:00','0',''),('0','6','8','','1','1','2021-07-05 12:28:52','1','96.55.37.191','0000-00-00 00:00:00','0',''),('0','6','9','','1','1','2021-07-05 12:28:52','1','96.55.37.191','0000-00-00 00:00:00','0',''),('0','6','10','','1','1','2021-07-05 12:28:52','1','96.55.37.191','0000-00-00 00:00:00','0',''),('0','6','11','','1','1','2021-07-05 12:28:52','1','96.55.37.191','0000-00-00 00:00:00','0',''),('0','6','12','','1','1','2021-07-05 12:28:52','1','96.55.37.191','0000-00-00 00:00:00','0',''),('0','6','13','','1','1','2021-07-05 12:28:52','1','96.55.37.191','0000-00-00 00:00:00','0',''),('0','6','14','','1','1','2021-07-05 12:28:52','1','96.55.37.191','0000-00-00 00:00:00','0',''),('0','6','15','','1','1','2021-07-05 12:28:52','1','96.55.37.191','0000-00-00 00:00:00','0',''),('0','3','1','','1','1','2021-07-27 12:07:34','21','49.34.9.103','0000-00-00 00:00:00','0',''),('0','3','2','','1','1','2021-07-27 12:07:34','21','49.34.9.103','0000-00-00 00:00:00','0',''),('0','3','3','','1','1','2021-07-27 12:07:34','21','49.34.9.103','0000-00-00 00:00:00','0',''),('0','3','4','','1','1','2021-07-27 12:07:34','21','49.34.9.103','0000-00-00 00:00:00','0',''),('0','3','5','','1','1','2021-07-27 12:07:34','21','49.34.9.103','0000-00-00 00:00:00','0',''),('0','3','6','','1','1','2021-07-27 12:07:34','21','49.34.9.103','0000-00-00 00:00:00','0',''),('0','3','7','','1','1','2021-07-27 12:07:34','21','49.34.9.103','0000-00-00 00:00:00','0',''),('0','3','8','','1','1','2021-07-27 12:07:34','21','49.34.9.103','0000-00-00 00:00:00','0',''),('0','3','9','','1','1','2021-07-27 12:07:34','21','49.34.9.103','0000-00-00 00:00:00','0',''),('0','3','10','','1','1','2021-07-27 12:07:34','21','49.34.9.103','0000-00-00 00:00:00','0',''),('0','3','11','','1','1','2021-07-27 12:07:34','21','49.34.9.103','0000-00-00 00:00:00','0',''),('0','3','12','','1','1','2021-07-27 12:07:34','21','49.34.9.103','0000-00-00 00:00:00','0',''),('0','3','13','','1','1','2021-07-27 12:07:34','21','49.34.9.103','0000-00-00 00:00:00','0',''),('0','3','14','','1','1','2021-07-27 12:07:34','21','49.34.9.103','0000-00-00 00:00:00','0',''),('0','3','15','','1','1','2021-07-27 12:07:34','21','49.34.9.103','0000-00-00 00:00:00','0',''),('0','7','1','','1','0','2021-08-30 02:42:26','1','107.210.168.81','0000-00-00 00:00:00','0',''),('0','7','2','','1','0','2021-08-30 02:42:26','1','107.210.168.81','0000-00-00 00:00:00','0',''),('0','7','3','','1','0','2021-08-30 02:42:26','1','107.210.168.81','0000-00-00 00:00:00','0',''),('0','7','4','','1','0','2021-08-30 02:42:26','1','107.210.168.81','0000-00-00 00:00:00','0',''),('0','7','5','','1','0','2021-08-30 02:42:26','1','107.210.168.81','0000-00-00 00:00:00','0',''),('0','7','6','','1','0','2021-08-30 02:42:26','1','107.210.168.81','0000-00-00 00:00:00','0',''),('0','7','7','','1','0','2021-08-30 02:42:26','1','107.210.168.81','0000-00-00 00:00:00','0',''),('0','7','8','','1','0','2021-08-30 02:42:26','1','107.210.168.81','0000-00-00 00:00:00','0',''),('0','7','9','','1','0','2021-08-30 02:42:26','1','107.210.168.81','0000-00-00 00:00:00','0',''),('0','7','10','','1','0','2021-08-30 02:42:26','1','107.210.168.81','0000-00-00 00:00:00','0',''),('0','7','11','','1','0','2021-08-30 02:42:26','1','107.210.168.81','0000-00-00 00:00:00','0',''),('0','7','12','','1','0','2021-08-30 02:42:26','1','107.210.168.81','0000-00-00 00:00:00','0',''),('0','7','13','','1','0','2021-08-30 02:42:26','1','107.210.168.81','0000-00-00 00:00:00','0',''),('0','7','14','','1','0','2021-08-30 02:42:26','1','107.210.168.81','0000-00-00 00:00:00','0',''),('0','7','15','','1','0','2021-08-30 02:42:26','1','107.210.168.81','0000-00-00 00:00:00','0',''),('0','7','16','','1','0','2021-08-30 02:42:26','1','107.210.168.81','0000-00-00 00:00:00','0',''),('0','7','17','','1','0','2021-08-30 02:42:26','1','107.210.168.81','0000-00-00 00:00:00','0',''),('0','7','18','','1','0','2021-08-30 02:42:26','1','107.210.168.81','0000-00-00 00:00:00','0',''),('0','7','19','','1','0','2021-08-30 02:42:26','1','107.210.168.81','0000-00-00 00:00:00','0',''),('0','7','20','','1','0','2021-08-30 02:42:26','1','107.210.168.81','0000-00-00 00:00:00','0',''),('0','0','1','','1','0','2021-08-30 02:54:29','1','107.210.168.81','0000-00-00 00:00:00','0',''),('0','0','2','','1','0','2021-08-30 02:54:29','1','107.210.168.81','0000-00-00 00:00:00','0',''),('0','0','3','','1','0','2021-08-30 02:54:29','1','107.210.168.81','0000-00-00 00:00:00','0',''),('0','0','4','','1','0','2021-08-30 02:54:29','1','107.210.168.81','0000-00-00 00:00:00','0',''),('0','0','5','','1','0','2021-08-30 02:54:29','1','107.210.168.81','0000-00-00 00:00:00','0',''),('0','0','6','','1','0','2021-08-30 02:54:29','1','107.210.168.81','0000-00-00 00:00:00','0',''),('0','0','7','','1','0','2021-08-30 02:54:29','1','107.210.168.81','0000-00-00 00:00:00','0',''),('0','0','8','','1','0','2021-08-30 02:54:29','1','107.210.168.81','0000-00-00 00:00:00','0',''),('0','0','9','','1','0','2021-08-30 02:54:29','1','107.210.168.81','0000-00-00 00:00:00','0',''),('0','0','10','','1','0','2021-08-30 02:54:29','1','107.210.168.81','0000-00-00 00:00:00','0',''),('0','0','11','','1','0','2021-08-30 02:54:29','1','107.210.168.81','0000-00-00 00:00:00','0',''),('0','0','12','','1','0','2021-08-30 02:54:29','1','107.210.168.81','0000-00-00 00:00:00','0',''),('0','0','13','','1','0','2021-08-30 02:54:29','1','107.210.168.81','0000-00-00 00:00:00','0',''),('0','0','14','','1','0','2021-08-30 02:54:29','1','107.210.168.81','0000-00-00 00:00:00','0',''),('0','0','15','','1','0','2021-08-30 02:54:29','1','107.210.168.81','0000-00-00 00:00:00','0',''),('0','0','16','','1','0','2021-08-30 02:54:29','1','107.210.168.81','0000-00-00 00:00:00','0',''),('0','0','17','','1','0','2021-08-30 02:54:29','1','107.210.168.81','0000-00-00 00:00:00','0',''),('0','0','18','','1','0','2021-08-30 02:54:29','1','107.210.168.81','0000-00-00 00:00:00','0',''),('0','0','19','','1','0','2021-08-30 02:54:29','1','107.210.168.81','0000-00-00 00:00:00','0',''),('0','0','20','','1','0','2021-08-30 02:54:29','1','107.210.168.81','0000-00-00 00:00:00','0',''),('0','3','1','','1','1','2021-10-16 04:19:18','1','96.55.37.191','0000-00-00 00:00:00','0',''),('0','3','2','','1','1','2021-10-16 04:19:18','1','96.55.37.191','0000-00-00 00:00:00','0',''),('0','3','3','','1','1','2021-10-16 04:19:18','1','96.55.37.191','0000-00-00 00:00:00','0',''),('0','3','4','','1','1','2021-10-16 04:19:18','1','96.55.37.191','0000-00-00 00:00:00','0',''),('0','3','5','','1','1','2021-10-16 04:19:18','1','96.55.37.191','0000-00-00 00:00:00','0',''),('0','3','6','','1','1','2021-10-16 04:19:18','1','96.55.37.191','0000-00-00 00:00:00','0',''),('0','3','7','','1','1','2021-10-16 04:19:18','1','96.55.37.191','0000-00-00 00:00:00','0',''),('0','3','8','','1','1','2021-10-16 04:19:18','1','96.55.37.191','0000-00-00 00:00:00','0',''),('0','3','9','','1','1','2021-10-16 04:19:18','1','96.55.37.191','0000-00-00 00:00:00','0',''),('0','3','10','','1','1','2021-10-16 04:19:18','1','96.55.37.191','0000-00-00 00:00:00','0',''),('0','3','11','','1','1','2021-10-16 04:19:18','1','96.55.37.191','0000-00-00 00:00:00','0',''),('0','3','12','','1','1','2021-10-16 04:19:18','1','96.55.37.191','0000-00-00 00:00:00','0',''),('0','3','13','','1','1','2021-10-16 04:19:18','1','96.55.37.191','0000-00-00 00:00:00','0',''),('0','3','14','','1','1','2021-10-16 04:19:18','1','96.55.37.191','0000-00-00 00:00:00','0',''),('0','3','15','','1','1','2021-10-16 04:19:18','1','96.55.37.191','0000-00-00 00:00:00','0',''),('0','6','1','','1','0','2021-10-16 04:19:44','1','96.55.37.191','0000-00-00 00:00:00','0',''),('0','6','2','','1','0','2021-10-16 04:19:44','1','96.55.37.191','0000-00-00 00:00:00','0',''),('0','6','3','','1','0','2021-10-16 04:19:44','1','96.55.37.191','0000-00-00 00:00:00','0',''),('0','6','4','','1','0','2021-10-16 04:19:44','1','96.55.37.191','0000-00-00 00:00:00','0',''),('0','6','5','','1','0','2021-10-16 04:19:44','1','96.55.37.191','0000-00-00 00:00:00','0',''),('0','6','6','','1','0','2021-10-16 04:19:44','1','96.55.37.191','0000-00-00 00:00:00','0',''),('0','6','7','','1','0','2021-10-16 04:19:44','1','96.55.37.191','0000-00-00 00:00:00','0',''),('0','6','8','','1','0','2021-10-16 04:19:44','1','96.55.37.191','0000-00-00 00:00:00','0',''),('0','6','9','','1','0','2021-10-16 04:19:44','1','96.55.37.191','0000-00-00 00:00:00','0',''),('0','6','10','','1','0','2021-10-16 04:19:44','1','96.55.37.191','0000-00-00 00:00:00','0',''),('0','6','11','','1','0','2021-10-16 04:19:44','1','96.55.37.191','0000-00-00 00:00:00','0',''),('0','6','12','','1','0','2021-10-16 04:19:44','1','96.55.37.191','0000-00-00 00:00:00','0',''),('0','6','13','','1','0','2021-10-16 04:19:44','1','96.55.37.191','0000-00-00 00:00:00','0',''),('0','6','14','','1','0','2021-10-16 04:19:44','1','96.55.37.191','0000-00-00 00:00:00','0',''),('0','6','15','','1','0','2021-10-16 04:19:44','1','96.55.37.191','0000-00-00 00:00:00','0',''),('0','2','1','0.00','1','0','2021-10-16 04:20:35','1','96.55.37.191','0000-00-00 00:00:00','0',''),('0','2','2','0.00','1','0','2021-10-16 04:20:35','1','96.55.37.191','0000-00-00 00:00:00','0',''),('0','2','3','0.00','1','0','2021-10-16 04:20:35','1','96.55.37.191','0000-00-00 00:00:00','0',''),('0','2','4','','1','0','2021-10-16 04:20:35','1','96.55.37.191','0000-00-00 00:00:00','0',''),('0','2','5','','1','0','2021-10-16 04:20:35','1','96.55.37.191','0000-00-00 00:00:00','0',''),('0','2','6','','1','0','2021-10-16 04:20:35','1','96.55.37.191','0000-00-00 00:00:00','0',''),('0','2','7','','1','0','2021-10-16 04:20:35','1','96.55.37.191','0000-00-00 00:00:00','0',''),('0','2','8','','1','0','2021-10-16 04:20:35','1','96.55.37.191','0000-00-00 00:00:00','0',''),('0','2','9','','1','0','2021-10-16 04:20:35','1','96.55.37.191','0000-00-00 00:00:00','0',''),('0','2','10','','1','0','2021-10-16 04:20:35','1','96.55.37.191','0000-00-00 00:00:00','0',''),('0','2','11','','1','0','2021-10-16 04:20:35','1','96.55.37.191','0000-00-00 00:00:00','0',''),('0','2','12','','1','0','2021-10-16 04:20:35','1','96.55.37.191','0000-00-00 00:00:00','0',''),('0','2','13','','1','0','2021-10-16 04:20:35','1','96.55.37.191','0000-00-00 00:00:00','0',''),('0','2','14','','1','0','2021-10-16 04:20:35','1','96.55.37.191','0000-00-00 00:00:00','0',''),('0','2','15','','1','0','2021-10-16 04:20:35','1','96.55.37.191','0000-00-00 00:00:00','0',''),('0','5','1','','1','0','2021-10-16 04:20:52','1','96.55.37.191','0000-00-00 00:00:00','0',''),('0','5','2','','1','0','2021-10-16 04:20:52','1','96.55.37.191','0000-00-00 00:00:00','0',''),('0','5','3','','1','0','2021-10-16 04:20:52','1','96.55.37.191','0000-00-00 00:00:00','0',''),('0','5','4','','1','0','2021-10-16 04:20:52','1','96.55.37.191','0000-00-00 00:00:00','0',''),('0','5','5','','1','0','2021-10-16 04:20:52','1','96.55.37.191','0000-00-00 00:00:00','0',''),('0','5','6','','1','0','2021-10-16 04:20:52','1','96.55.37.191','0000-00-00 00:00:00','0',''),('0','5','7','','1','0','2021-10-16 04:20:52','1','96.55.37.191','0000-00-00 00:00:00','0',''),('0','5','8','','1','0','2021-10-16 04:20:52','1','96.55.37.191','0000-00-00 00:00:00','0',''),('0','5','9','','1','0','2021-10-16 04:20:52','1','96.55.37.191','0000-00-00 00:00:00','0',''),('0','5','10','','1','0','2021-10-16 04:20:52','1','96.55.37.191','0000-00-00 00:00:00','0',''),('0','5','11','','1','0','2021-10-16 04:20:52','1','96.55.37.191','0000-00-00 00:00:00','0',''),('0','5','12','','1','0','2021-10-16 04:20:52','1','96.55.37.191','0000-00-00 00:00:00','0',''),('0','5','13','','1','0','2021-10-16 04:20:52','1','96.55.37.191','0000-00-00 00:00:00','0',''),('0','5','14','','1','0','2021-10-16 04:20:52','1','96.55.37.191','0000-00-00 00:00:00','0',''),('0','5','15','','1','0','2021-10-16 04:20:52','1','96.55.37.191','0000-00-00 00:00:00','0',''),('0','4','1','0.00','1','0','2021-10-16 04:21:08','1','96.55.37.191','0000-00-00 00:00:00','0',''),('0','4','2','0.00','1','0','2021-10-16 04:21:08','1','96.55.37.191','0000-00-00 00:00:00','0',''),('0','4','3','','1','0','2021-10-16 04:21:08','1','96.55.37.191','0000-00-00 00:00:00','0',''),('0','4','4','','1','0','2021-10-16 04:21:08','1','96.55.37.191','0000-00-00 00:00:00','0',''),('0','4','5','','1','0','2021-10-16 04:21:08','1','96.55.37.191','0000-00-00 00:00:00','0',''),('0','4','6','','1','0','2021-10-16 04:21:08','1','96.55.37.191','0000-00-00 00:00:00','0',''),('0','4','7','','1','0','2021-10-16 04:21:08','1','96.55.37.191','0000-00-00 00:00:00','0',''),('0','4','8','','1','0','2021-10-16 04:21:08','1','96.55.37.191','0000-00-00 00:00:00','0',''),('0','4','9','','1','0','2021-10-16 04:21:08','1','96.55.37.191','0000-00-00 00:00:00','0',''),('0','4','10','','1','0','2021-10-16 04:21:08','1','96.55.37.191','0000-00-00 00:00:00','0',''),('0','4','11','','1','0','2021-10-16 04:21:08','1','96.55.37.191','0000-00-00 00:00:00','0',''),('0','4','12','','1','0','2021-10-16 04:21:08','1','96.55.37.191','0000-00-00 00:00:00','0',''),('0','4','13','','1','0','2021-10-16 04:21:08','1','96.55.37.191','0000-00-00 00:00:00','0',''),('0','4','14','','1','0','2021-10-16 04:21:08','1','96.55.37.191','0000-00-00 00:00:00','0',''),('0','4','15','','1','0','2021-10-16 04:21:08','1','96.55.37.191','0000-00-00 00:00:00','0',''),('0','3','1','','1','0','2021-10-26 14:32:34','1','27.255.251.202','0000-00-00 00:00:00','0',''),('0','3','2','','1','0','2021-10-26 14:32:34','1','27.255.251.202','0000-00-00 00:00:00','0',''),('0','3','3','','1','0','2021-10-26 14:32:34','1','27.255.251.202','0000-00-00 00:00:00','0',''),('0','3','4','','1','0','2021-10-26 14:32:34','1','27.255.251.202','0000-00-00 00:00:00','0',''),('0','3','5','','1','0','2021-10-26 14:32:34','1','27.255.251.202','0000-00-00 00:00:00','0',''),('0','3','6','','1','0','2021-10-26 14:32:34','1','27.255.251.202','0000-00-00 00:00:00','0',''),('0','3','7','','1','0','2021-10-26 14:32:34','1','27.255.251.202','0000-00-00 00:00:00','0',''),('0','3','8','','1','0','2021-10-26 14:32:34','1','27.255.251.202','0000-00-00 00:00:00','0',''),('0','3','9','','1','0','2021-10-26 14:32:34','1','27.255.251.202','0000-00-00 00:00:00','0',''),('0','3','10','','1','0','2021-10-26 14:32:34','1','27.255.251.202','0000-00-00 00:00:00','0',''),('0','3','11','','1','0','2021-10-26 14:32:34','1','27.255.251.202','0000-00-00 00:00:00','0',''),('0','3','12','','1','0','2021-10-26 14:32:34','1','27.255.251.202','0000-00-00 00:00:00','0',''),('0','3','13','','1','0','2021-10-26 14:32:34','1','27.255.251.202','0000-00-00 00:00:00','0',''),('0','3','14','','1','0','2021-10-26 14:32:34','1','27.255.251.202','0000-00-00 00:00:00','0',''),('0','3','15','','1','0','2021-10-26 14:32:34','1','27.255.251.202','0000-00-00 00:00:00','0','');
/*!40000 ALTER TABLE `ft_broker_payout_fixed_rates` ENABLE KEYS */;

DROP TABLE IF EXISTS `ft_broker_payout_grid`;
CREATE TABLE `ft_broker_payout_grid` (
  `id` int(11) NOT NULL AUTO_INCREMENT,
  `broker_id` int(8) NOT NULL,
  `sliding_rates` int(12) NOT NULL,
  `from` varchar(100) NOT NULL,
  `to` varchar(100) NOT NULL,
  `per` varchar(3) NOT NULL,
  `status` tinyint(1) NOT NULL DEFAULT '1',
  `is_delete` tinyint(1) NOT NULL DEFAULT '0',
  `created_by` int(12) NOT NULL,
  `created_time` datetime NOT NULL,
  `created_ip` varchar(100) NOT NULL,
  `modified_by` int(12) NOT NULL,
  `modified_time` datetime NOT NULL,
  `modified_ip` varchar(100) NOT NULL,
  PRIMARY KEY (`id`)
) ENGINE=InnoDB AUTO_INCREMENT=143 DEFAULT CHARSET=latin1;

/*!40000 ALTER TABLE `ft_broker_payout_grid` DISABLE KEYS */;
INSERT INTO `ft_broker_payout_grid` VALUES ('1','1','0','111','1','111','1','1','21','2018-08-02 10:13:38','103.36.122.212','0','0000-00-00 00:00:00',''),('2','1','0','33','33','33','1','1','21','2018-08-02 10:13:38','103.36.122.212','0','0000-00-00 00:00:00',''),('3','1','0','44','44','44','1','1','21','2018-08-02 10:13:38','103.36.122.212','0','0000-00-00 00:00:00',''),('4','1','0','55','66','77','1','1','21','2018-08-02 10:13:38','103.36.122.212','0','0000-00-00 00:00:00',''),('5','2','0','0','4500','50','1','1','21','2018-08-02 10:15:45','103.36.122.212','0','0000-00-00 00:00:00',''),('6','2','0','4500','7500','70','1','1','21','2018-08-02 10:15:45','103.36.122.212','0','0000-00-00 00:00:00',''),('7','2','0','7500','9500','100','1','1','21','2018-08-02 10:15:45','103.36.122.212','0','0000-00-00 00:00:00',''),('8','1','0','0','4500','50','1','1','21','2018-08-02 10:22:55','103.36.122.212','0','0000-00-00 00:00:00',''),('9','1','0','4500','9000','80','1','1','21','2018-08-02 10:22:55','103.36.122.212','0','0000-00-00 00:00:00',''),('10','2','0','0','4500','50','1','1','21','2018-08-02 10:25:20','103.36.122.212','0','0000-00-00 00:00:00',''),('11','2','0','4500','7500','70','1','1','21','2018-08-02 10:25:20','103.36.122.212','0','0000-00-00 00:00:00',''),('12','2','0','7500','9500','100','1','1','21','2018-08-02 10:25:20','103.36.122.212','0','0000-00-00 00:00:00',''),('13','1','0','0','4500','50','1','1','21','2018-08-02 10:26:27','103.36.122.212','0','0000-00-00 00:00:00',''),('14','1','0','4500','9000','80','1','1','21','2018-08-02 10:26:27','103.36.122.212','0','0000-00-00 00:00:00',''),('15','3','0','0','3500','40','1','1','21','2018-08-02 18:22:56','103.36.122.212','0','0000-00-00 00:00:00',''),('16','3','0','3500','5500','55','1','1','21','2018-08-02 18:22:56','103.36.122.212','0','0000-00-00 00:00:00',''),('17','3','0','5500','7500','75','1','1','21','2018-08-02 18:22:56','103.36.122.212','0','0000-00-00 00:00:00',''),('18','3','0','7500','9000','100','1','1','21','2018-08-02 18:22:56','103.36.122.212','0','0000-00-00 00:00:00',''),('19','4','0','0','3500','40','1','1','21','2018-08-02 18:26:28','103.36.122.212','0','0000-00-00 00:00:00',''),('20','4','0','3500','5500','55','1','1','21','2018-08-02 18:26:28','103.36.122.212','0','0000-00-00 00:00:00',''),('21','4','0','5500','7500','75','1','1','21','2018-08-02 18:26:28','103.36.122.212','0','0000-00-00 00:00:00',''),('22','4','0','7500','9000','100','1','1','21','2018-08-02 18:26:28','103.36.122.212','0','0000-00-00 00:00:00',''),('23','3','0','0','3500','40','1','1','21','2018-08-02 18:37:29','103.36.122.212','0','0000-00-00 00:00:00',''),('24','3','0','3500','5500','55','1','1','21','2018-08-02 18:37:29','103.36.122.212','0','0000-00-00 00:00:00',''),('25','3','0','5500','7500','75','1','1','21','2018-08-02 18:37:29','103.36.122.212','0','0000-00-00 00:00:00',''),('26','3','0','7500','9000','100','1','1','21','2018-08-02 18:37:29','103.36.122.212','0','0000-00-00 00:00:00',''),('27','3','0','0','3500','40','1','1','21','2018-08-02 18:39:05','103.36.122.212','0','0000-00-00 00:00:00',''),('28','3','0','3500','5500','55','1','1','21','2018-08-02 18:39:05','103.36.122.212','0','0000-00-00 00:00:00',''),('29','3','0','5500','7500','75','1','1','21','2018-08-02 18:39:05','103.36.122.212','0','0000-00-00 00:00:00',''),('30','3','0','7500','9000','100','1','1','21','2018-08-02 18:39:05','103.36.122.212','0','0000-00-00 00:00:00',''),('31','4','0','0','3500','40','1','1','21','2018-08-03 18:04:02','103.36.122.212','0','0000-00-00 00:00:00',''),('32','4','0','3500','5500','55','1','1','21','2018-08-03 18:04:02','103.36.122.212','0','0000-00-00 00:00:00',''),('33','4','0','5500','7500','75','1','1','21','2018-08-03 18:04:02','103.36.122.212','0','0000-00-00 00:00:00',''),('34','4','0','7500','9000','100','1','1','21','2018-08-03 18:04:02','103.36.122.212','0','0000-00-00 00:00:00',''),('35','1','0','0','4500','50','1','0','21','2018-08-11 18:19:18','103.36.122.212','0','0000-00-00 00:00:00',''),('36','1','0','4500','9000','80','1','0','21','2018-08-11 18:19:18','103.36.122.212','0','0000-00-00 00:00:00',''),('37','3','0','0','3500','40','1','1','21','2018-08-11 18:20:52','103.36.122.212','0','0000-00-00 00:00:00',''),('38','3','0','3500','5500','55','1','1','21','2018-08-11 18:20:52','103.36.122.212','0','0000-00-00 00:00:00',''),('39','3','0','5500','7500','75','1','1','21','2018-08-11 18:20:52','103.36.122.212','0','0000-00-00 00:00:00',''),('40','3','0','7500','9000','100','1','1','21','2018-08-11 18:20:52','103.36.122.212','0','0000-00-00 00:00:00',''),('41','2','0','0','4500','50','1','1','21','2018-08-23 18:26:11','103.36.122.212','0','0000-00-00 00:00:00',''),('42','2','0','4500','7500','70','1','1','21','2018-08-23 18:26:11','103.36.122.212','0','0000-00-00 00:00:00',''),('43','2','0','7500','9500','100','1','1','21','2018-08-23 18:26:11','103.36.122.212','0','0000-00-00 00:00:00',''),('44','3','0','0','3500','40','1','1','21','2018-10-15 15:39:54','103.36.122.212','0','0000-00-00 00:00:00',''),('45','3','0','3500','5500','55','1','1','21','2018-10-15 15:39:54','103.36.122.212','0','0000-00-00 00:00:00',''),('46','3','0','5500','7500','75','1','1','21','2018-10-15 15:39:54','103.36.122.212','0','0000-00-00 00:00:00',''),('47','3','0','7500','9000','100','1','1','21','2018-10-15 15:39:54','103.36.122.212','0','0000-00-00 00:00:00',''),('48','4','0','0','3500','40','1','1','21','2018-10-23 09:33:52','103.36.122.212','0','0000-00-00 00:00:00',''),('49','4','0','5500','7500','75','1','1','21','2018-10-23 09:33:52','103.36.122.212','0','0000-00-00 00:00:00',''),('50','4','0','0','3500','40','1','1','21','2018-10-23 09:42:13','76.176.130.44','0','0000-00-00 00:00:00',''),('51','4','0','3501','7500','75','1','1','21','2018-10-23 09:42:13','76.176.130.44','0','0000-00-00 00:00:00',''),('52','4','0','7501','9999999','80','1','1','21','2018-10-23 09:42:13','76.176.130.44','0','0000-00-00 00:00:00',''),('53','2','0','0','4500','50','1','1','21','2018-10-23 19:23:06','76.176.130.44','0','0000-00-00 00:00:00',''),('54','2','0','4500','7500','70','1','1','21','2018-10-23 19:23:06','76.176.130.44','0','0000-00-00 00:00:00',''),('55','2','0','7500','9500','100','1','1','21','2018-10-23 19:23:06','76.176.130.44','0','0000-00-00 00:00:00',''),('56','2','0','0','4500','50','1','1','21','2018-10-25 16:23:12','103.36.122.212','0','0000-00-00 00:00:00',''),('57','2','0','4500','7500','70','1','1','21','2018-10-25 16:23:12','103.36.122.212','0','0000-00-00 00:00:00',''),('58','2','0','7500','9500','100','1','1','21','2018-10-25 16:23:12','103.36.122.212','0','0000-00-00 00:00:00',''),('59','4','0','0','3500','40','1','1','21','2018-10-25 16:24:23','103.36.122.212','0','0000-00-00 00:00:00',''),('60','4','0','3501','7500','75','1','1','21','2018-10-25 16:24:23','103.36.122.212','0','0000-00-00 00:00:00',''),('61','4','0','7501','9999999','80','1','1','21','2018-10-25 16:24:23','103.36.122.212','0','0000-00-00 00:00:00',''),('62','2','0','0','4500','50','1','1','21','2018-11-01 17:24:12','103.36.122.212','0','0000-00-00 00:00:00',''),('63','2','0','4500','7500','70','1','1','21','2018-11-01 17:24:12','103.36.122.212','0','0000-00-00 00:00:00',''),('64','2','0','7500','9500','100','1','1','21','2018-11-01 17:24:12','103.36.122.212','0','0000-00-00 00:00:00',''),('65','2','0','0','4500','50','1','1','21','2018-11-02 10:14:43','103.36.122.212','0','0000-00-00 00:00:00',''),('66','2','0','4500','7500','70','1','1','21','2018-11-02 10:14:43','103.36.122.212','0','0000-00-00 00:00:00',''),('67','2','0','7500','9500','100','1','1','21','2018-11-02 10:14:43','103.36.122.212','0','0000-00-00 00:00:00',''),('68','4','0','0','1000','40','1','1','21','2018-11-23 16:01:37','103.36.122.212','0','0000-00-00 00:00:00',''),('69','4','0','1000','3000','70','1','1','21','2018-11-23 16:01:37','103.36.122.212','0','0000-00-00 00:00:00',''),('70','4','0','3000','50000','80','1','1','21','2018-11-23 16:01:37','103.36.122.212','0','0000-00-00 00:00:00',''),('71','3','0','0','1000','40','1','1','21','2018-11-23 16:03:18','103.36.122.212','0','0000-00-00 00:00:00',''),('72','3','0','1000','2000','70','1','1','21','2018-11-23 16:03:18','103.36.122.212','0','0000-00-00 00:00:00',''),('73','3','0','2000','3000','80','1','1','21','2018-11-23 16:03:18','103.36.122.212','0','0000-00-00 00:00:00',''),('74','2','0','0','4500','50','1','1','21','2018-11-23 16:04:27','103.36.122.212','0','0000-00-00 00:00:00',''),('75','2','0','4500','7500','70','1','1','21','2018-11-23 16:04:27','103.36.122.212','0','0000-00-00 00:00:00',''),('76','4','0','0','10000','40','1','1','21','2018-11-27 04:20:32','76.176.130.44','0','0000-00-00 00:00:00',''),('77','4','0','10001','20000','70','1','1','21','2018-11-27 04:20:32','76.176.130.44','0','0000-00-00 00:00:00',''),('78','4','0','20001','50000','80','1','1','21','2018-11-27 04:20:32','76.176.130.44','0','0000-00-00 00:00:00',''),('79','2','0','0','4500','50','1','1','21','2018-11-27 04:32:40','76.176.130.44','0','0000-00-00 00:00:00',''),('80','2','0','4500','7500','70','1','1','21','2018-11-27 04:32:40','76.176.130.44','0','0000-00-00 00:00:00',''),('81','4','0','0','10000','40','1','1','21','2018-11-27 04:33:16','76.176.130.44','0','0000-00-00 00:00:00',''),('82','4','0','10001','20000','70','1','1','21','2018-11-27 04:33:16','76.176.130.44','0','0000-00-00 00:00:00',''),('83','4','0','20001','50000','80','1','1','21','2018-11-27 04:33:16','76.176.130.44','0','0000-00-00 00:00:00',''),('84','3','0','0','1000','40','1','1','21','2018-11-27 04:34:19','76.176.130.44','0','0000-00-00 00:00:00',''),('85','3','0','1000','2000','70','1','1','21','2018-11-27 04:34:19','76.176.130.44','0','0000-00-00 00:00:00',''),('86','3','0','2000','3000','80','1','1','21','2018-11-27 04:34:19','76.176.130.44','0','0000-00-00 00:00:00',''),('87','5','0','0','3500','40','1','1','1','2021-06-26 11:41:08','96.55.37.191','0','0000-00-00 00:00:00',''),('88','5','0','3500','5500','55','1','1','1','2021-06-26 11:41:08','96.55.37.191','0','0000-00-00 00:00:00',''),('89','5','0','5500','7500','75','1','1','1','2021-06-26 11:41:08','96.55.37.191','0','0000-00-00 00:00:00',''),('90','5','0','7500','9000','100','1','1','1','2021-06-26 11:41:08','96.55.37.191','0','0000-00-00 00:00:00',''),('91','6','0','0','3500','40','1','1','1','2021-06-26 11:42:44','96.55.37.191','0','0000-00-00 00:00:00',''),('92','6','0','3500','5500','55','1','1','1','2021-06-26 11:42:44','96.55.37.191','0','0000-00-00 00:00:00',''),('93','6','0','5500','7500','75','1','1','1','2021-06-26 11:42:44','96.55.37.191','0','0000-00-00 00:00:00',''),('94','6','0','7500','9000','100','1','1','1','2021-06-26 11:42:44','96.55.37.191','0','0000-00-00 00:00:00',''),('95','2','0','0','4500','50','1','1','1','2021-06-26 12:14:42','96.55.37.191','0','0000-00-00 00:00:00',''),('96','2','0','4500','7500','70','1','1','1','2021-06-26 12:14:42','96.55.37.191','0','0000-00-00 00:00:00',''),('97','2','0','0','4500','50','1','1','1','2021-06-26 23:27:50','96.55.37.191','0','0000-00-00 00:00:00',''),('98','2','0','4500','7500','70','1','1','1','2021-06-26 23:27:50','96.55.37.191','0','0000-00-00 00:00:00',''),('99','2','0','0','4500','50','1','1','1','2021-06-26 23:28:22','96.55.37.191','0','0000-00-00 00:00:00',''),('100','2','0','4500','7500','70','1','1','1','2021-06-26 23:28:22','96.55.37.191','0','0000-00-00 00:00:00',''),('101','6','0','0','3500','40','1','1','1','2021-06-26 23:29:27','96.55.37.191','0','0000-00-00 00:00:00',''),('102','6','0','3500','5500','55','1','1','1','2021-06-26 23:29:27','96.55.37.191','0','0000-00-00 00:00:00',''),('103','6','0','5500','7500','75','1','1','1','2021-06-26 23:29:27','96.55.37.191','0','0000-00-00 00:00:00',''),('104','6','0','7500','9000','100','1','1','1','2021-06-26 23:29:27','96.55.37.191','0','0000-00-00 00:00:00',''),('105','5','0','0','3500','40','1','1','1','2021-07-05 12:28:39','96.55.37.191','0','0000-00-00 00:00:00',''),('106','5','0','3500','5500','55','1','1','1','2021-07-05 12:28:39','96.55.37.191','0','0000-00-00 00:00:00',''),('107','5','0','5500','7500','75','1','1','1','2021-07-05 12:28:39','96.55.37.191','0','0000-00-00 00:00:00',''),('108','5','0','7500','9000','100','1','1','1','2021-07-05 12:28:39','96.55.37.191','0','0000-00-00 00:00:00',''),('109','6','0','0','3500','40','1','1','1','2021-07-05 12:28:52','96.55.37.191','0','0000-00-00 00:00:00',''),('110','6','0','3500','5500','55','1','1','1','2021-07-05 12:28:52','96.55.37.191','0','0000-00-00 00:00:00',''),('111','6','0','5500','7500','75','1','1','1','2021-07-05 12:28:52','96.55.37.191','0','0000-00-00 00:00:00',''),('112','6','0','7500','9000','100','1','1','1','2021-07-05 12:28:52','96.55.37.191','0','0000-00-00 00:00:00',''),('113','3','0','0','1000','40','1','1','21','2021-07-27 12:07:34','49.34.9.103','0','0000-00-00 00:00:00',''),('114','3','0','1000','2000','70','1','1','21','2021-07-27 12:07:34','49.34.9.103','0','0000-00-00 00:00:00',''),('115','3','0','2000','3000','80','1','1','21','2021-07-27 12:07:34','49.34.9.103','0','0000-00-00 00:00:00',''),('116','7','0','0','3500','40','1','0','1','2021-08-30 02:42:26','107.210.168.81','0','0000-00-00 00:00:00',''),('117','7','0','350011111','5500','55','1','0','1','2021-08-30 02:42:26','107.210.168.81','0','0000-00-00 00:00:00',''),('118','7','0','5500','7500','75','1','0','1','2021-08-30 02:42:26','107.210.168.81','0','0000-00-00 00:00:00',''),('119','7','0','7500','9000','100','1','0','1','2021-08-30 02:42:26','107.210.168.81','0','0000-00-00 00:00:00',''),('120','0','0','0','3500','40','1','0','1','2021-08-30 02:54:29','107.210.168.81','0','0000-00-00 00:00:00',''),('121','0','0','350011111','5500','55','1','0','1','2021-08-30 02:54:29','107.210.168.81','0','0000-00-00 00:00:00',''),('122','0','0','5500','7500','75','1','0','1','2021-08-30 02:54:29','107.210.168.81','0','0000-00-00 00:00:00',''),('123','0','0','7500','9000','100','1','0','1','2021-08-30 02:54:29','107.210.168.81','0','0000-00-00 00:00:00',''),('124','3','0','0','1000','40','1','1','1','2021-10-16 04:19:18','96.55.37.191','0','0000-00-00 00:00:00',''),('125','3','0','1000','2000','70','1','1','1','2021-10-16 04:19:18','96.55.37.191','0','0000-00-00 00:00:00',''),('126','3','0','2000','3000','80','1','1','1','2021-10-16 04:19:18','96.55.37.191','0','0000-00-00 00:00:00',''),('127','6','0','0','3500','40','1','0','1','2021-10-16 04:19:44','96.55.37.191','0','0000-00-00 00:00:00',''),('128','6','0','3500','5500','55','1','0','1','2021-10-16 04:19:44','96.55.37.191','0','0000-00-00 00:00:00',''),('129','6','0','5500','7500','75','1','0','1','2021-10-16 04:19:44','96.55.37.191','0','0000-00-00 00:00:00',''),('130','6','0','7500','9000','100','1','0','1','2021-10-16 04:19:44','96.55.37.191','0','0000-00-00 00:00:00',''),('131','2','0','0','4500','50','1','0','1','2021-10-16 04:20:35','96.55.37.191','0','0000-00-00 00:00:00',''),('132','2','0','4500','7500','70','1','0','1','2021-10-16 04:20:35','96.55.37.191','0','0000-00-00 00:00:00',''),('133','5','0','0','3500','40','1','0','1','2021-10-16 04:20:52','96.55.37.191','0','0000-00-00 00:00:00',''),('134','5','0','3500','5500','55','1','0','1','2021-10-16 04:20:52','96.55.37.191','0','0000-00-00 00:00:00',''),('135','5','0','5500','7500','75','1','0','1','2021-10-16 04:20:52','96.55.37.191','0','0000-00-00 00:00:00',''),('136','5','0','7500','9000','100','1','0','1','2021-10-16 04:20:52','96.55.37.191','0','0000-00-00 00:00:00',''),('137','4','0','0','10000','40','1','0','1','2021-10-16 04:21:08','96.55.37.191','0','0000-00-00 00:00:00',''),('138','4','0','10001','20000','70','1','0','1','2021-10-16 04:21:08','96.55.37.191','0','0000-00-00 00:00:00',''),('139','4','0','20001','50000','80','1','0','1','2021-10-16 04:21:08','96.55.37.191','0','0000-00-00 00:00:00',''),('140','3','0','0','1000','40','1','0','1','2021-10-26 14:32:34','27.255.251.202','0','0000-00-00 00:00:00',''),('141','3','0','1000','2000','70','1','0','1','2021-10-26 14:32:34','27.255.251.202','0','0000-00-00 00:00:00',''),('142','3','0','2000','3000','80','1','0','1','2021-10-26 14:32:34','27.255.251.202','0','0000-00-00 00:00:00','');
/*!40000 ALTER TABLE `ft_broker_payout_grid` ENABLE KEYS */;

DROP TABLE IF EXISTS `ft_broker_payout_master`;
CREATE TABLE `ft_broker_payout_master` (
  `id` int(11) NOT NULL AUTO_INCREMENT,
  `broker_id` int(8) NOT NULL,
  `payout_schedule_id` int(12) NOT NULL,
  `payout_schedule_name` varchar(100) NOT NULL,
  `description` varchar(50) NOT NULL,
  `transaction_type_general` tinyint(1) NOT NULL,
  `product_category1` tinyint(1) NOT NULL DEFAULT '0',
  `product_category2` tinyint(1) NOT NULL DEFAULT '0',
  `product_category3` tinyint(1) NOT NULL DEFAULT '0',
  `product_category4` tinyint(1) NOT NULL DEFAULT '0',
  `basis` tinyint(1) NOT NULL DEFAULT '0',
  `cumulative` tinyint(1) NOT NULL DEFAULT '0',
  `year` tinyint(1) NOT NULL DEFAULT '0',
  `calculation_detail` tinyint(1) NOT NULL DEFAULT '0',
  `clearing_charge_deducted_from` tinyint(1) NOT NULL DEFAULT '0',
  `reset` date NOT NULL,
  `description_type` varchar(8) NOT NULL,
  `team_member` varchar(100) NOT NULL,
  `minimum_trade_gross` varchar(100) NOT NULL,
  `minimum_12B1_gross` varchar(100) NOT NULL,
  `start` date NOT NULL,
  `until` date NOT NULL,
  `apply_to` tinyint(1) NOT NULL,
  `product_2` tinyint(1) NOT NULL DEFAULT '0',
  `product_3` tinyint(1) NOT NULL DEFAULT '0',
  `product_4` tinyint(1) NOT NULL DEFAULT '0',
  `product_5` tinyint(1) NOT NULL DEFAULT '0',
  `calculate_on` tinyint(1) NOT NULL DEFAULT '0',
  `deduct` tinyint(1) NOT NULL DEFAULT '0',
  `hold_commissions` varchar(100) NOT NULL,
  `hold_commission_until` date NOT NULL,
  `hold_commission_after` date NOT NULL,
  `firm_does_not_participate_in_commission_loss` tinyint(1) NOT NULL DEFAULT '0',
  `summarize_payroll_adjustments` varchar(100) NOT NULL,
  `summarize_12B1_from_autoposting` varchar(100) NOT NULL,
  `payroll_draw` decimal(8,2) NOT NULL DEFAULT '0.00',
  `salary` decimal(8,2) NOT NULL DEFAULT '0.00',
  `status` tinyint(1) NOT NULL DEFAULT '1',
  `is_delete` tinyint(1) NOT NULL DEFAULT '0',
  `created_by` int(12) NOT NULL,
  `created_time` datetime NOT NULL,
  `created_ip` varchar(100) NOT NULL,
  `modified_by` int(12) NOT NULL,
  `modified_time` datetime NOT NULL,
  `modified_ip` varchar(100) NOT NULL,
  PRIMARY KEY (`id`)
) ENGINE=InnoDB AUTO_INCREMENT=9 DEFAULT CHARSET=latin1;

/*!40000 ALTER TABLE `ft_broker_payout_master` DISABLE KEYS */;
INSERT INTO `ft_broker_payout_master` VALUES ('1','1','3','Schedule3','','1','0','0','0','0','1','1','1','1','1','2018-08-02','','','','','0000-00-00','0000-00-00','1','0','0','0','0','1','0','','0000-00-00','0000-00-00','0','','','0.00','0.00','1','0','21','2018-08-02 10:13:38','103.36.122.212','21','2018-08-11 18:19:18','103.36.122.212'),('2','2','1','Schedule1','','1','0','0','0','0','1','1','2','2','1','2018-05-09','pragna','1,3','154','156','0000-00-00','0000-00-00','0','0','0','0','0','1','0','','0000-00-00','0000-00-00','0','','','0.00','0.00','1','0','21','2018-08-02 10:15:45','103.36.122.212','1','2021-10-16 04:20:35','96.55.37.191'),('3','3','1','Schedule1','','1','0','0','0','0','1','1','2','1','1','2018-05-09','pragna','1','154','156','0000-00-00','0000-00-00','0','0','0','0','0','0','0','','0000-00-00','0000-00-00','0','','','0.00','0.00','1','0','21','2018-08-02 18:22:56','103.36.122.212','1','2021-10-26 14:32:34','27.255.251.202'),('4','4','1','Schedule1','','1','0','0','0','0','2','1','2','1','1','2018-05-09','pragna','1','154','156','0000-00-00','0000-00-00','0','0','0','0','0','1','0','','0000-00-00','0000-00-00','0','','','0.00','0.00','1','0','21','2018-08-02 18:26:28','103.36.122.212','1','2021-10-16 04:21:08','96.55.37.191'),('5','5','1','Schedule1','','1','0','0','0','0','2','1','2','1','1','2018-05-09','pragna','1','154','156','0000-00-00','0000-00-00','0','0','0','0','0','0','0','','0000-00-00','0000-00-00','0','','','0.00','0.00','1','0','1','2021-06-26 11:41:08','96.55.37.191','1','2021-10-16 04:20:52','96.55.37.191'),('6','6','1','Schedule1','','1','0','0','0','0','2','1','2','1','1','2018-05-09','pragna','1','154','156','0000-00-00','0000-00-00','0','0','0','0','0','0','0','','0000-00-00','0000-00-00','0','','','0.00','0.00','1','0','1','2021-06-26 11:42:44','96.55.37.191','1','2021-10-16 04:19:44','96.55.37.191'),('7','7','1','Schedule1','','1','0','0','0','0','2','1','2','1','0','2018-05-09','pragna','1','154','156','0000-00-00','0000-00-00','0','0','0','0','0','0','0','','0000-00-00','0000-00-00','0','','','0.00','0.00','1','0','1','2021-08-30 02:42:26','107.210.168.81','0','0000-00-00 00:00:00',''),('8','0','1','Schedule1','','1','0','0','0','0','2','1','2','1','0','2018-05-09','pragna','1','154','156','0000-00-00','0000-00-00','0','0','0','0','0','0','0','','0000-00-00','0000-00-00','0','','','0.00','0.00','1','0','1','2021-08-30 02:54:29','107.210.168.81','0','0000-00-00 00:00:00','');
/*!40000 ALTER TABLE `ft_broker_payout_master` ENABLE KEYS */;

DROP TABLE IF EXISTS `ft_broker_payout_override`;
CREATE TABLE `ft_broker_payout_override` (
  `id` int(11) NOT NULL AUTO_INCREMENT,
  `broker_id` int(8) NOT NULL,
  `rap` varchar(10) NOT NULL,
  `from` varchar(100) NOT NULL,
  `to` varchar(100) NOT NULL,
  `product_category` int(12) NOT NULL,
  `per` varchar(3) NOT NULL,
  `status` tinyint(1) NOT NULL DEFAULT '1',
  `is_delete` tinyint(1) NOT NULL DEFAULT '0',
  `created_by` int(12) NOT NULL,
  `created_time` datetime NOT NULL,
  `created_ip` varchar(100) NOT NULL,
  `modified_by` int(12) NOT NULL,
  `modified_time` datetime NOT NULL,
  `modified_ip` varchar(100) NOT NULL,
  PRIMARY KEY (`id`)
) ENGINE=InnoDB AUTO_INCREMENT=36 DEFAULT CHARSET=latin1;

/*!40000 ALTER TABLE `ft_broker_payout_override` DISABLE KEYS */;
INSERT INTO `ft_broker_payout_override` VALUES ('1','1','2','2018-08-02','2018-08-05','1','100','1','1','21','2018-08-02 10:22:55','103.36.122.212','0','0000-00-00 00:00:00',''),('2','1','2','2018-08-01','2018-08-10','2','50','1','1','21','2018-08-02 10:22:55','103.36.122.212','0','0000-00-00 00:00:00',''),('3','2','1','2018-08-02','2018-08-10','2','100','1','1','21','2018-08-02 10:25:20','103.36.122.212','0','0000-00-00 00:00:00',''),('4','2','1','2018-08-01','2018-08-05','1','50','1','1','21','2018-08-02 10:25:20','103.36.122.212','0','0000-00-00 00:00:00',''),('5','1','2','2018-08-02','2018-08-05','1','100','1','1','21','2018-08-02 10:26:27','103.36.122.212','0','0000-00-00 00:00:00',''),('6','1','2','2018-08-01','2018-08-10','2','50','1','1','21','2018-08-02 10:26:27','103.36.122.212','0','0000-00-00 00:00:00',''),('7','1','2','2018-08-02','2018-08-05','1','100','1','0','21','2018-08-11 18:19:18','103.36.122.212','0','0000-00-00 00:00:00',''),('8','1','2','2018-08-01','2018-08-10','2','50','1','0','21','2018-08-11 18:19:18','103.36.122.212','0','0000-00-00 00:00:00',''),('9','1','3','2018-08-11','2018-08-31','1','100','1','0','21','2018-08-11 18:19:18','103.36.122.212','0','0000-00-00 00:00:00',''),('10','3','2','2018-08-11','2018-08-31','0','40','1','1','21','2018-08-11 18:20:52','103.36.122.212','0','0000-00-00 00:00:00',''),('11','3','1','2018-08-11','2018-08-31','2','20','1','1','21','2018-08-11 18:20:52','103.36.122.212','0','0000-00-00 00:00:00',''),('12','2','1','2018-08-02','2018-08-10','2','100','1','1','21','2018-08-23 18:26:11','103.36.122.212','0','0000-00-00 00:00:00',''),('13','2','1','2018-08-01','2018-08-05','1','50','1','1','21','2018-08-23 18:26:11','103.36.122.212','0','0000-00-00 00:00:00',''),('14','3','2','2018-08-11','2018-08-31','0','40','1','1','21','2018-10-15 15:39:54','103.36.122.212','0','0000-00-00 00:00:00',''),('15','3','1','2018-08-11','2018-08-31','2','20','1','1','21','2018-10-15 15:39:54','103.36.122.212','0','0000-00-00 00:00:00',''),('16','2','1','2018-08-02','2018-12-31','0','1','1','1','21','2018-10-23 19:23:06','76.176.130.44','0','0000-00-00 00:00:00',''),('17','2','1','2018-08-02','2018-12-31','0','1','1','1','21','2018-10-25 16:23:12','103.36.122.212','0','0000-00-00 00:00:00',''),('18','2','1','2018-08-02','2018-12-31','0','1','1','1','21','2018-11-01 17:24:12','103.36.122.212','0','0000-00-00 00:00:00',''),('19','2','1','2018-08-02','2018-12-31','0','1','1','1','21','2018-11-02 10:14:43','103.36.122.212','0','0000-00-00 00:00:00',''),('20','3','2','2018-08-11','2018-08-31','0','40','1','1','21','2018-11-23 16:03:18','103.36.122.212','0','0000-00-00 00:00:00',''),('21','3','1','2018-08-11','2018-08-31','2','20','1','1','21','2018-11-23 16:03:18','103.36.122.212','0','0000-00-00 00:00:00',''),('22','2','1','2018-08-02','2018-12-31','0','1','1','1','21','2018-11-23 16:04:27','103.36.122.212','0','0000-00-00 00:00:00',''),('23','2','1','2018-08-02','2018-12-31','0','1','1','1','21','2018-11-27 04:32:40','76.176.130.44','0','0000-00-00 00:00:00',''),('24','3','2','2018-08-11','2018-08-31','0','40','1','1','21','2018-11-27 04:34:19','76.176.130.44','0','0000-00-00 00:00:00',''),('25','3','1','2018-08-11','2018-08-31','2','20','1','1','21','2018-11-27 04:34:19','76.176.130.44','0','0000-00-00 00:00:00',''),('26','2','1','2018-08-02','2018-12-31','0','1','1','1','1','2021-06-26 12:14:42','96.55.37.191','0','0000-00-00 00:00:00',''),('27','2','1','2018-08-02','2018-12-31','0','1','1','1','1','2021-06-26 23:27:50','96.55.37.191','0','0000-00-00 00:00:00',''),('28','2','1','2018-08-02','2018-12-31','0','1','1','1','1','2021-06-26 23:28:22','96.55.37.191','0','0000-00-00 00:00:00',''),('29','3','2','2018-08-11','2018-08-31','0','40','1','1','21','2021-07-27 12:07:34','49.34.9.103','0','0000-00-00 00:00:00',''),('30','3','1','2018-08-11','2018-08-31','2','20','1','1','21','2021-07-27 12:07:34','49.34.9.103','0','0000-00-00 00:00:00',''),('31','3','2','2018-08-11','2018-08-31','0','40','1','1','1','2021-10-16 04:19:18','96.55.37.191','0','0000-00-00 00:00:00',''),('32','3','1','2018-08-11','2018-08-31','2','20','1','1','1','2021-10-16 04:19:18','96.55.37.191','0','0000-00-00 00:00:00',''),('33','2','1','2018-08-02','2018-12-31','0','1','1','0','1','2021-10-16 04:20:35','96.55.37.191','0','0000-00-00 00:00:00',''),('34','3','2','2018-08-11','2018-08-31','0','40','1','0','1','2021-10-26 14:32:34','27.255.251.202','0','0000-00-00 00:00:00',''),('35','3','1','2018-08-11','2018-08-31','2','20','1','0','1','2021-10-26 14:32:34','27.255.251.202','0','0000-00-00 00:00:00','');
/*!40000 ALTER TABLE `ft_broker_payout_override` ENABLE KEYS */;

DROP TABLE IF EXISTS `ft_broker_payout_schedule`;
CREATE TABLE `ft_broker_payout_schedule` (
  `id` int(12) NOT NULL AUTO_INCREMENT,
  `payout_schedule_name` varchar(100) NOT NULL,
  `transaction_type_general` tinyint(1) NOT NULL DEFAULT '1',
  `product_category` tinyint(1) NOT NULL DEFAULT '0',
  `basis` tinyint(1) NOT NULL DEFAULT '0',
  `cumulative` tinyint(1) NOT NULL DEFAULT '0',
  `year` tinyint(1) NOT NULL DEFAULT '0',
  `calculation_detail` tinyint(1) NOT NULL DEFAULT '0',
  `clearing_charge_deducted_from` tinyint(1) NOT NULL DEFAULT '0',
  `reset` date NOT NULL,
  `description_type` varchar(100) NOT NULL,
  `team_member` varchar(100) NOT NULL,
  `minimum_trade_gross` varchar(100) NOT NULL,
  `minimum_12B1_gross` varchar(100) NOT NULL,
  `is_default` tinyint(1) NOT NULL DEFAULT '0',
  `status` tinyint(1) NOT NULL DEFAULT '1',
  `is_delete` tinyint(1) NOT NULL DEFAULT '0',
  `created_by` int(12) NOT NULL,
  `created_time` datetime NOT NULL,
  `created_ip` varchar(100) NOT NULL,
  `modified_by` int(12) NOT NULL,
  `modified_time` datetime NOT NULL,
  `modified_ip` varchar(100) NOT NULL,
  PRIMARY KEY (`id`)
) ENGINE=InnoDB AUTO_INCREMENT=4 DEFAULT CHARSET=latin1;

/*!40000 ALTER TABLE `ft_broker_payout_schedule` DISABLE KEYS */;
INSERT INTO `ft_broker_payout_schedule` VALUES ('1','Schedule1','1','0','2','1','2','1','0','2018-05-09','pragna','1','154','156','1','1','0','3','2018-05-09 17:01:42','192.168.30.30','1','2021-08-19 09:50:39','107.210.168.81'),('2','Schedule2','1','0','1','1','1','1','0','2018-08-02','harshi','1','','','0','1','0','3','2018-05-09 17:10:03','192.168.30.30','21','2018-08-02 10:19:41','103.36.122.212'),('3','Schedule3','1','0','1','1','1','1','0','2018-08-02','','','','','0','1','0','3','2018-05-21 10:45:45','192.168.30.20','21','2018-08-02 10:20:28','103.36.122.212');
/*!40000 ALTER TABLE `ft_broker_payout_schedule` ENABLE KEYS */;

DROP TABLE IF EXISTS `ft_broker_payout_schedule_grid`;
CREATE TABLE `ft_broker_payout_schedule_grid` (
  `id` int(12) NOT NULL AUTO_INCREMENT,
  `payout_schedule_id` int(12) NOT NULL,
  `sliding_rates` int(12) NOT NULL,
  `from` varchar(100) NOT NULL,
  `to` varchar(100) NOT NULL,
  `per` varchar(100) NOT NULL,
  `status` tinyint(1) NOT NULL DEFAULT '1',
  `is_delete` tinyint(1) NOT NULL DEFAULT '0',
  `created_by` int(12) NOT NULL,
  `created_time` datetime NOT NULL,
  `created_ip` varchar(100) NOT NULL,
  `modified_by` int(12) NOT NULL,
  `modified_time` datetime NOT NULL,
  `modified_ip` varchar(100) NOT NULL,
  PRIMARY KEY (`id`)
) ENGINE=InnoDB AUTO_INCREMENT=173 DEFAULT CHARSET=latin1;

/*!40000 ALTER TABLE `ft_broker_payout_schedule_grid` DISABLE KEYS */;
INSERT INTO `ft_broker_payout_schedule_grid` VALUES ('1','1','0','111','111','111','1','1','3','2018-02-16 14:38:26','192.168.30.20','0','0000-00-00 00:00:00',''),('2','1','0','333','333','333','1','1','3','2018-02-16 14:38:26','192.168.30.20','0','0000-00-00 00:00:00',''),('3','1','0','222','222','222','1','1','3','2018-02-16 14:38:26','192.168.30.20','0','0000-00-00 00:00:00',''),('4','1','0','111','111','111','1','1','3','2018-02-16 15:35:35','192.168.30.20','0','0000-00-00 00:00:00',''),('5','1','0','333','333','333','1','1','3','2018-02-16 15:35:35','192.168.30.20','0','0000-00-00 00:00:00',''),('6','1','0','222','222','222','1','1','3','2018-02-16 15:35:35','192.168.30.20','0','0000-00-00 00:00:00',''),('7','1','0','111','111','111','1','1','3','2018-02-16 15:46:30','192.168.30.20','0','0000-00-00 00:00:00',''),('8','1','0','333','333','333','1','1','3','2018-02-16 15:46:30','192.168.30.20','0','0000-00-00 00:00:00',''),('9','1','0','222','222','222','1','1','3','2018-02-16 15:46:30','192.168.30.20','0','0000-00-00 00:00:00',''),('10','1','0','111','111','111','1','1','3','2018-02-16 15:46:57','192.168.30.20','0','0000-00-00 00:00:00',''),('11','1','0','333','333','333','1','1','3','2018-02-16 15:46:57','192.168.30.20','0','0000-00-00 00:00:00',''),('12','1','0','222','222','222','1','1','3','2018-02-16 15:46:57','192.168.30.20','0','0000-00-00 00:00:00',''),('13','1','0','111','111','111','1','1','3','2018-02-16 16:01:05','192.168.30.20','0','0000-00-00 00:00:00',''),('14','1','0','333','333','333','1','1','3','2018-02-16 16:01:05','192.168.30.20','0','0000-00-00 00:00:00',''),('15','1','0','222','222','222','1','1','3','2018-02-16 16:01:05','192.168.30.20','0','0000-00-00 00:00:00',''),('16','1','0','111','111','111','1','1','3','2018-02-16 16:01:38','192.168.30.20','0','0000-00-00 00:00:00',''),('17','1','0','333','333','333','1','1','3','2018-02-16 16:01:38','192.168.30.20','0','0000-00-00 00:00:00',''),('18','1','0','222','222','222','1','1','3','2018-02-16 16:01:38','192.168.30.20','0','0000-00-00 00:00:00',''),('19','1','0','111','111','111','1','1','3','2018-02-16 16:02:14','192.168.30.20','0','0000-00-00 00:00:00',''),('20','1','0','333','333','333','1','1','3','2018-02-16 16:02:14','192.168.30.20','0','0000-00-00 00:00:00',''),('21','1','0','222','222','222','1','1','3','2018-02-16 16:02:14','192.168.30.20','0','0000-00-00 00:00:00',''),('22','1','0','111','111','111','1','1','3','2018-02-16 16:07:45','192.168.30.20','0','0000-00-00 00:00:00',''),('23','1','0','333','333','333','1','1','3','2018-02-16 16:07:45','192.168.30.20','0','0000-00-00 00:00:00',''),('24','1','0','222','222','222','1','1','3','2018-02-16 16:07:45','192.168.30.20','0','0000-00-00 00:00:00',''),('25','1','0','111','111','111','1','1','3','2018-02-16 16:09:27','192.168.30.20','0','0000-00-00 00:00:00',''),('26','1','0','333','333','333','1','1','3','2018-02-16 16:09:27','192.168.30.20','0','0000-00-00 00:00:00',''),('27','1','0','222','222','222','1','1','3','2018-02-16 16:09:27','192.168.30.20','0','0000-00-00 00:00:00',''),('28','1','0','111','111','111','1','1','3','2018-02-16 16:11:39','192.168.30.20','0','0000-00-00 00:00:00',''),('29','1','0','333','333','333','1','1','3','2018-02-16 16:11:39','192.168.30.20','0','0000-00-00 00:00:00',''),('30','1','0','222','222','222','1','1','3','2018-02-16 16:11:39','192.168.30.20','0','0000-00-00 00:00:00',''),('31','1','0','111','111','111','1','1','3','2018-02-16 16:12:22','192.168.30.20','0','0000-00-00 00:00:00',''),('32','1','0','333','333','333','1','1','3','2018-02-16 16:12:22','192.168.30.20','0','0000-00-00 00:00:00',''),('33','1','0','222','222','222','1','1','3','2018-02-16 16:12:22','192.168.30.20','0','0000-00-00 00:00:00',''),('34','1','0','111','111','111','1','1','3','2018-02-16 16:13:03','192.168.30.20','0','0000-00-00 00:00:00',''),('35','1','0','333','333','333','1','1','3','2018-02-16 16:13:03','192.168.30.20','0','0000-00-00 00:00:00',''),('36','1','0','222','222','222','1','1','3','2018-02-16 16:13:03','192.168.30.20','0','0000-00-00 00:00:00',''),('37','1','0','334','555','77','1','1','3','2018-02-16 16:13:03','192.168.30.20','0','0000-00-00 00:00:00',''),('38','1','0','444','666','77','1','1','3','2018-02-16 16:13:03','192.168.30.20','0','0000-00-00 00:00:00',''),('39','1','0','111','111','111','1','1','3','2018-02-16 16:16:26','192.168.30.20','0','0000-00-00 00:00:00',''),('40','1','0','222','222','222','1','1','3','2018-02-16 16:16:26','192.168.30.20','0','0000-00-00 00:00:00',''),('41','1','0','333','33','33','1','1','3','2018-02-16 16:16:26','192.168.30.20','0','0000-00-00 00:00:00',''),('42','1','0','555','555','55','1','1','3','2018-02-16 16:16:26','192.168.30.20','0','0000-00-00 00:00:00',''),('43','1','0','111','1','111','1','1','3','2018-02-16 16:17:43','192.168.30.20','0','0000-00-00 00:00:00',''),('44','1','0','2','222','222','1','1','3','2018-02-16 16:17:43','192.168.30.20','0','0000-00-00 00:00:00',''),('45','1','0','333','33','33','1','1','3','2018-02-16 16:17:43','192.168.30.20','0','0000-00-00 00:00:00',''),('46','1','0','555','555','55','1','1','3','2018-02-16 16:17:43','192.168.30.20','0','0000-00-00 00:00:00',''),('47','1','0','111','1','111','1','1','3','2018-02-16 16:21:33','192.168.30.20','0','0000-00-00 00:00:00',''),('48','1','0','2','222','222','1','1','3','2018-02-16 16:21:33','192.168.30.20','0','0000-00-00 00:00:00',''),('49','1','0','333','33','33','1','1','3','2018-02-16 16:21:33','192.168.30.20','0','0000-00-00 00:00:00',''),('50','1','0','555','555','55','1','1','3','2018-02-16 16:21:33','192.168.30.20','0','0000-00-00 00:00:00',''),('51','2','0','111','222','333','1','1','3','2018-02-16 16:24:01','192.168.30.20','0','0000-00-00 00:00:00',''),('52','2','0','999','11','1212','1','1','3','2018-02-16 16:24:01','192.168.30.20','0','0000-00-00 00:00:00',''),('53','2','0','666','77','88','1','1','3','2018-02-16 16:24:01','192.168.30.20','0','0000-00-00 00:00:00',''),('54','2','0','111','222','333','1','1','3','2018-02-16 16:24:12','192.168.30.20','0','0000-00-00 00:00:00',''),('55','2','0','999','11','1212','1','1','3','2018-02-16 16:24:12','192.168.30.20','0','0000-00-00 00:00:00',''),('56','2','0','666','77','88','1','1','3','2018-02-16 16:24:12','192.168.30.20','0','0000-00-00 00:00:00',''),('57','2','0','111','222','333','1','1','3','2018-02-16 16:24:32','192.168.30.20','0','0000-00-00 00:00:00',''),('58','2','0','666','77','88','1','1','3','2018-02-16 16:24:32','192.168.30.20','0','0000-00-00 00:00:00',''),('59','2','0','456','546','456','1','1','3','2018-02-16 16:24:32','192.168.30.20','0','0000-00-00 00:00:00',''),('60','2','0','678','678','678','1','1','3','2018-02-16 16:24:32','192.168.30.20','0','0000-00-00 00:00:00',''),('61','3','0','1112','234','345','1','1','3','2018-02-16 16:25:40','192.168.30.20','0','0000-00-00 00:00:00',''),('62','3','0','767','456','546','1','1','3','2018-02-16 16:25:40','192.168.30.20','0','0000-00-00 00:00:00',''),('63','3','0','678','678','678','1','1','3','2018-02-16 16:25:40','192.168.30.20','0','0000-00-00 00:00:00',''),('64','1','0','111','1','111','1','1','3','2018-02-16 16:26:02','192.168.30.20','0','0000-00-00 00:00:00',''),('65','1','0','2','222','222','1','1','3','2018-02-16 16:26:02','192.168.30.20','0','0000-00-00 00:00:00',''),('66','1','0','333','33','33','1','1','3','2018-02-16 16:26:02','192.168.30.20','0','0000-00-00 00:00:00',''),('67','1','0','555','555','55','1','1','3','2018-02-16 16:26:02','192.168.30.20','0','0000-00-00 00:00:00',''),('68','3','0','1112','234','345','1','1','3','2018-02-16 16:27:59','192.168.30.20','0','0000-00-00 00:00:00',''),('69','3','0','767','456','546','1','1','3','2018-02-16 16:27:59','192.168.30.20','0','0000-00-00 00:00:00',''),('70','3','0','678','678','678','1','1','3','2018-02-16 16:27:59','192.168.30.20','0','0000-00-00 00:00:00',''),('71','3','0','1112','234','345','1','1','3','2018-02-16 16:28:19','192.168.30.20','0','0000-00-00 00:00:00',''),('72','3','0','767','456','546','1','1','3','2018-02-16 16:28:19','192.168.30.20','0','0000-00-00 00:00:00',''),('73','3','0','678','678','678','1','1','3','2018-02-16 16:28:19','192.168.30.20','0','0000-00-00 00:00:00',''),('74','3','0','1112','234','345','1','1','3','2018-02-16 16:39:40','192.168.30.20','0','0000-00-00 00:00:00',''),('75','3','0','767','456','546','1','1','3','2018-02-16 16:39:40','192.168.30.20','0','0000-00-00 00:00:00',''),('76','3','0','678','678','678','1','1','3','2018-02-16 16:39:40','192.168.30.20','0','0000-00-00 00:00:00',''),('77','3','0','1112','234','345','1','1','3','2018-02-16 16:44:19','192.168.30.20','0','0000-00-00 00:00:00',''),('78','3','0','767','456','546','1','1','3','2018-02-16 16:44:19','192.168.30.20','0','0000-00-00 00:00:00',''),('79','3','0','678','678','678','1','1','3','2018-02-16 16:44:19','192.168.30.20','0','0000-00-00 00:00:00',''),('80','3','0','1112','234','345','1','1','3','2018-02-16 16:52:05','192.168.30.20','0','0000-00-00 00:00:00',''),('81','3','0','767','456','546','1','1','3','2018-02-16 16:52:05','192.168.30.20','0','0000-00-00 00:00:00',''),('82','3','0','678','678','678','1','1','3','2018-02-16 16:52:05','192.168.30.20','0','0000-00-00 00:00:00',''),('83','3','0','1112','234','345','1','1','3','2018-02-16 16:54:16','192.168.30.20','0','0000-00-00 00:00:00',''),('84','3','0','767','456','546','1','1','3','2018-02-16 16:54:16','192.168.30.20','0','0000-00-00 00:00:00',''),('85','3','0','678','678','678','1','1','3','2018-02-16 16:54:16','192.168.30.20','0','0000-00-00 00:00:00',''),('86','3','0','56','56','56','1','1','3','2018-02-16 16:55:19','192.168.30.20','0','0000-00-00 00:00:00',''),('87','3','0','65','65','56','1','1','3','2018-02-16 16:55:19','192.168.30.20','0','0000-00-00 00:00:00',''),('88','3','0','56','56','56','1','1','3','2018-02-16 17:11:29','192.168.30.20','0','0000-00-00 00:00:00',''),('89','3','0','65','65','56','1','1','3','2018-02-16 17:11:29','192.168.30.20','0','0000-00-00 00:00:00',''),('90','3','0','56','56','56','1','1','3','2018-02-16 17:13:39','192.168.30.20','0','0000-00-00 00:00:00',''),('91','3','0','65','65','56','1','1','3','2018-02-16 17:13:39','192.168.30.20','0','0000-00-00 00:00:00',''),('92','3','0','34565','464','564','1','1','3','2018-02-16 17:14:25','192.168.30.20','0','0000-00-00 00:00:00',''),('93','3','0','4564','4564','5464','1','1','3','2018-02-16 17:14:25','192.168.30.20','0','0000-00-00 00:00:00',''),('94','3','0','4564','494','4564','1','1','3','2018-02-16 17:14:25','192.168.30.20','0','0000-00-00 00:00:00',''),('95','3','0','54645','546456','4654','1','1','3','2018-02-16 17:14:47','192.168.30.20','0','0000-00-00 00:00:00',''),('96','3','0','4654','46546','465','1','1','3','2018-02-16 17:14:47','192.168.30.20','0','0000-00-00 00:00:00',''),('97','1','0','111','1','111','1','1','3','2018-02-16 17:44:20','192.168.30.20','0','0000-00-00 00:00:00',''),('98','1','0','2','222','222','1','1','3','2018-02-16 17:44:20','192.168.30.20','0','0000-00-00 00:00:00',''),('99','1','0','333','33','33','1','1','3','2018-02-16 17:44:20','192.168.30.20','0','0000-00-00 00:00:00',''),('100','1','0','555','555','55','1','1','3','2018-02-16 17:44:20','192.168.30.20','0','0000-00-00 00:00:00',''),('101','1','0','123','123','123','1','1','3','2018-02-16 17:44:20','192.168.30.20','0','0000-00-00 00:00:00',''),('102','1','0','324','234','324','1','1','3','2018-02-16 17:44:20','192.168.30.20','0','0000-00-00 00:00:00',''),('103','1','0','111','1','111','1','1','3','2018-02-16 17:46:29','192.168.30.20','0','0000-00-00 00:00:00',''),('104','1','0','2','222','222','1','1','3','2018-02-16 17:46:29','192.168.30.20','0','0000-00-00 00:00:00',''),('105','1','0','333','33','33','1','1','3','2018-02-16 17:46:29','192.168.30.20','0','0000-00-00 00:00:00',''),('106','1','0','555','555','55','1','1','3','2018-02-16 17:46:29','192.168.30.20','0','0000-00-00 00:00:00',''),('107','1','0','123','123','123','1','1','3','2018-02-16 17:46:29','192.168.30.20','0','0000-00-00 00:00:00',''),('108','1','0','324','234','324','1','1','3','2018-02-16 17:46:29','192.168.30.20','0','0000-00-00 00:00:00',''),('109','1','0','111','1','111','1','1','3','2018-02-16 17:47:00','192.168.30.20','0','0000-00-00 00:00:00',''),('110','1','0','2','222','222','1','1','3','2018-02-16 17:47:00','192.168.30.20','0','0000-00-00 00:00:00',''),('111','1','0','333','33','33','1','1','3','2018-02-16 17:47:00','192.168.30.20','0','0000-00-00 00:00:00',''),('112','1','0','1223','123213','123123','1','1','3','2018-02-16 17:47:00','192.168.30.20','0','0000-00-00 00:00:00',''),('113','1','0','123213','123232','12312323','1','1','3','2018-02-16 17:47:00','192.168.30.20','0','0000-00-00 00:00:00',''),('114','1','0','111','1','111','1','1','3','2018-02-16 17:47:11','192.168.30.20','0','0000-00-00 00:00:00',''),('115','1','0','2','222','222','1','1','3','2018-02-16 17:47:11','192.168.30.20','0','0000-00-00 00:00:00',''),('116','1','0','333','33','33','1','1','3','2018-02-16 17:47:11','192.168.30.20','0','0000-00-00 00:00:00',''),('117','1','0','1223','123213','123123','1','1','3','2018-02-16 17:47:11','192.168.30.20','0','0000-00-00 00:00:00',''),('118','1','0','123213','123232','12312323','1','1','3','2018-02-16 17:47:11','192.168.30.20','0','0000-00-00 00:00:00',''),('119','1','0','111','1','111','1','1','3','2018-02-16 17:47:29','192.168.30.20','0','0000-00-00 00:00:00',''),('120','1','0','2','222','222','1','1','3','2018-02-16 17:47:29','192.168.30.20','0','0000-00-00 00:00:00',''),('121','1','0','333','33','33','1','1','3','2018-02-16 17:47:29','192.168.30.20','0','0000-00-00 00:00:00',''),('122','1','0','1223','123213','123123','1','1','3','2018-02-16 17:47:29','192.168.30.20','0','0000-00-00 00:00:00',''),('123','1','0','123213','123232','12312323','1','1','3','2018-02-16 17:47:29','192.168.30.20','0','0000-00-00 00:00:00',''),('124','1','0','23432','234324','234324','1','1','3','2018-02-16 17:47:29','192.168.30.20','0','0000-00-00 00:00:00',''),('125','4','0','234','234','234','1','1','3','2018-02-16 18:23:44','103.91.220.58','0','0000-00-00 00:00:00',''),('126','4','0','123','123','123','1','1','3','2018-02-16 18:23:44','103.91.220.58','0','0000-00-00 00:00:00',''),('127','4','0','234','34234','234324','1','1','3','2018-02-16 18:23:44','103.91.220.58','0','0000-00-00 00:00:00',''),('128','1','0','111','1','111','1','1','3','2018-02-16 18:25:12','103.91.220.58','0','0000-00-00 00:00:00',''),('129','1','0','2','222','222','1','1','3','2018-02-16 18:25:12','103.91.220.58','0','0000-00-00 00:00:00',''),('130','1','0','333','33','33','1','1','3','2018-02-16 18:25:12','103.91.220.58','0','0000-00-00 00:00:00',''),('131','1','0','23432','234324','234324','1','1','3','2018-02-16 18:25:12','103.91.220.58','0','0000-00-00 00:00:00',''),('132','1','0','111','1','111','1','1','3','2018-02-16 18:25:24','103.91.220.58','0','0000-00-00 00:00:00',''),('133','1','0','2','222','222','1','1','3','2018-02-16 18:25:24','103.91.220.58','0','0000-00-00 00:00:00',''),('134','1','0','333','33','33','1','1','3','2018-02-16 18:25:24','103.91.220.58','0','0000-00-00 00:00:00',''),('135','1','0','23432','234324','234324','1','1','3','2018-02-16 18:25:24','103.91.220.58','0','0000-00-00 00:00:00',''),('136','4','0','234','234','234','1','1','3','2018-02-16 18:25:36','103.91.220.58','0','0000-00-00 00:00:00',''),('137','4','0','123','123','123','1','1','3','2018-02-16 18:25:36','103.91.220.58','0','0000-00-00 00:00:00',''),('138','4','0','234','34234','234324','1','1','3','2018-02-16 18:25:36','103.91.220.58','0','0000-00-00 00:00:00',''),('139','4','0','234','234','234','1','0','3','2018-02-16 18:25:55','103.91.220.58','0','0000-00-00 00:00:00',''),('140','4','0','234','34234','234324','1','0','3','2018-02-16 18:25:55','103.91.220.58','0','0000-00-00 00:00:00',''),('141','4','0','234','324','234','1','0','3','2018-02-16 18:25:55','103.91.220.58','0','0000-00-00 00:00:00',''),('142','4','0','234','234','2343424','1','0','3','2018-02-16 18:25:55','103.91.220.58','0','0000-00-00 00:00:00',''),('143','1','0','111','1','111','1','1','3','2018-02-16 18:33:19','103.91.220.58','0','0000-00-00 00:00:00',''),('144','1','0','2','222','222','1','1','3','2018-02-16 18:33:19','103.91.220.58','0','0000-00-00 00:00:00',''),('145','1','0','33','33','33','1','1','3','2018-02-16 18:33:19','103.91.220.58','0','0000-00-00 00:00:00',''),('146','1','0','44','44','44','1','1','3','2018-02-16 18:33:19','103.91.220.58','0','0000-00-00 00:00:00',''),('147','1','0','111','1','111','1','1','3','2018-02-16 18:33:29','103.91.220.58','0','0000-00-00 00:00:00',''),('148','1','0','2','222','222','1','1','3','2018-02-16 18:33:29','103.91.220.58','0','0000-00-00 00:00:00',''),('149','1','0','33','33','33','1','1','3','2018-02-16 18:33:29','103.91.220.58','0','0000-00-00 00:00:00',''),('150','1','0','44','44','44','1','1','3','2018-02-16 18:33:29','103.91.220.58','0','0000-00-00 00:00:00',''),('151','1','0','111','1','111','1','1','3','2018-02-16 18:37:36','103.91.220.58','0','0000-00-00 00:00:00',''),('152','1','0','33','33','33','1','1','3','2018-02-16 18:37:36','103.91.220.58','0','0000-00-00 00:00:00',''),('153','1','0','44','44','44','1','1','3','2018-02-16 18:37:36','103.91.220.58','0','0000-00-00 00:00:00',''),('154','1','0','55','66','77','1','1','3','2018-02-16 18:37:36','103.91.220.58','0','0000-00-00 00:00:00',''),('155','2','0','111','222','333','1','1','21','2018-05-08 20:33:53','76.176.130.44','0','0000-00-00 00:00:00',''),('156','2','0','666','77','88','1','1','21','2018-05-08 20:33:53','76.176.130.44','0','0000-00-00 00:00:00',''),('157','2','0','456','546','456','1','1','21','2018-05-08 20:33:53','76.176.130.44','0','0000-00-00 00:00:00',''),('158','2','0','678','678','678','1','1','21','2018-05-08 20:33:53','76.176.130.44','0','0000-00-00 00:00:00',''),('159','1','0','0','3500','40','1','1','21','2018-08-02 10:16:44','103.36.122.212','0','0000-00-00 00:00:00',''),('160','1','0','3500','5500','55','1','1','21','2018-08-02 10:16:44','103.36.122.212','0','0000-00-00 00:00:00',''),('161','1','0','5500','7500','75','1','1','21','2018-08-02 10:16:44','103.36.122.212','0','0000-00-00 00:00:00',''),('162','1','0','7500','9000','100','1','1','21','2018-08-02 10:16:44','103.36.122.212','0','0000-00-00 00:00:00',''),('163','2','0','0','2500','30','1','0','21','2018-08-02 10:19:41','103.36.122.212','0','0000-00-00 00:00:00',''),('164','2','0','3500','4500','45','1','0','21','2018-08-02 10:19:41','103.36.122.212','0','0000-00-00 00:00:00',''),('165','2','0','5500','7000','70','1','0','21','2018-08-02 10:19:41','103.36.122.212','0','0000-00-00 00:00:00',''),('166','2','0','7500','9500','90','1','0','21','2018-08-02 10:19:41','103.36.122.212','0','0000-00-00 00:00:00',''),('167','3','0','0','4500','50','1','0','21','2018-08-02 10:20:28','103.36.122.212','0','0000-00-00 00:00:00',''),('168','3','0','4500','9000','80','1','0','21','2018-08-02 10:20:28','103.36.122.212','0','0000-00-00 00:00:00',''),('169','1','0','0','3500','40','1','0','1','2021-08-19 09:50:39','107.210.168.81','0','0000-00-00 00:00:00',''),('170','1','0','350011111','5500','55','1','0','1','2021-08-19 09:50:39','107.210.168.81','0','0000-00-00 00:00:00',''),('171','1','0','5500','7500','75','1','0','1','2021-08-19 09:50:39','107.210.168.81','0','0000-00-00 00:00:00',''),('172','1','0','7500','9000','100','1','0','1','2021-08-19 09:50:39','107.210.168.81','0','0000-00-00 00:00:00','');
/*!40000 ALTER TABLE `ft_broker_payout_schedule_grid` ENABLE KEYS */;

DROP TABLE IF EXISTS `ft_broker_payout_spilit`;
CREATE TABLE `ft_broker_payout_spilit` (
  `id` int(11) NOT NULL AUTO_INCREMENT,
  `rap` varchar(3) NOT NULL,
  `rate` varchar(3) NOT NULL,
  `start` date NOT NULL,
  `until` date NOT NULL,
  `broker_id` int(8) NOT NULL,
  `status` tinyint(1) NOT NULL DEFAULT '1',
  `is_delete` tinyint(1) NOT NULL DEFAULT '0',
  `created_by` int(12) NOT NULL,
  `created_time` datetime NOT NULL,
  `created_ip` varchar(100) NOT NULL,
  `modified_by` int(12) NOT NULL,
  `modified_time` datetime NOT NULL,
  `modified_ip` varchar(100) NOT NULL,
  PRIMARY KEY (`id`)
) ENGINE=InnoDB AUTO_INCREMENT=24 DEFAULT CHARSET=latin1;

/*!40000 ALTER TABLE `ft_broker_payout_spilit` DISABLE KEYS */;
INSERT INTO `ft_broker_payout_spilit` VALUES ('1','2','20','2018-08-02','2018-08-10','1','1','1','21','2018-08-02 10:22:55','103.36.122.212','0','0000-00-00 00:00:00',''),('2','1','30','2018-08-02','2018-08-10','2','1','1','21','2018-08-02 10:25:20','103.36.122.212','0','0000-00-00 00:00:00',''),('3','2','20','2018-08-02','2018-08-10','1','1','1','21','2018-08-02 10:26:27','103.36.122.212','0','0000-00-00 00:00:00',''),('4','2','20','2018-08-02','2018-08-31','1','1','0','21','2018-08-11 18:19:18','103.36.122.212','0','0000-00-00 00:00:00',''),('5','4','40','2018-08-11','2018-08-31','1','1','0','21','2018-08-11 18:19:18','103.36.122.212','0','0000-00-00 00:00:00',''),('6','4','70','2018-08-11','2018-08-31','3','1','1','21','2018-08-11 18:20:52','103.36.122.212','0','0000-00-00 00:00:00',''),('7','1','30','2018-08-02','2018-08-10','2','1','1','21','2018-08-23 18:26:11','103.36.122.212','0','0000-00-00 00:00:00',''),('8','4','70','2018-08-11','2018-08-31','3','1','1','21','2018-10-15 15:39:54','103.36.122.212','0','0000-00-00 00:00:00',''),('9','1','30','2018-08-02','2018-08-10','2','1','1','21','2018-10-23 19:23:06','76.176.130.44','0','0000-00-00 00:00:00',''),('10','1','30','2018-08-02','2018-08-10','2','1','1','21','2018-10-25 16:23:12','103.36.122.212','0','0000-00-00 00:00:00',''),('11','1','30','2018-08-02','2018-08-10','2','1','1','21','2018-11-01 17:24:12','103.36.122.212','0','0000-00-00 00:00:00',''),('12','1','30','2018-08-02','2018-08-10','2','1','1','21','2018-11-02 10:14:43','103.36.122.212','0','0000-00-00 00:00:00',''),('13','4','70','2018-08-11','2018-08-31','3','1','1','21','2018-11-23 16:03:18','103.36.122.212','0','0000-00-00 00:00:00',''),('14','1','30','2018-08-02','2018-08-10','2','1','1','21','2018-11-23 16:04:27','103.36.122.212','0','0000-00-00 00:00:00',''),('15','1','30','2018-08-02','2018-08-10','2','1','1','21','2018-11-27 04:32:40','76.176.130.44','0','0000-00-00 00:00:00',''),('16','4','70','2018-08-11','2018-08-31','3','1','1','21','2018-11-27 04:34:19','76.176.130.44','0','0000-00-00 00:00:00',''),('17','1','30','2018-08-02','2018-08-10','2','1','1','1','2021-06-26 12:14:42','96.55.37.191','0','0000-00-00 00:00:00',''),('18','1','30','2018-08-02','2018-08-10','2','1','1','1','2021-06-26 23:27:50','96.55.37.191','0','0000-00-00 00:00:00',''),('19','1','30','2018-08-02','2018-08-10','2','1','1','1','2021-06-26 23:28:22','96.55.37.191','0','0000-00-00 00:00:00',''),('20','4','70','2018-08-11','2018-08-31','3','1','1','21','2021-07-27 12:07:34','49.34.9.103','0','0000-00-00 00:00:00',''),('21','4','70','2018-08-11','2018-08-31','3','1','1','1','2021-10-16 04:19:18','96.55.37.191','0','0000-00-00 00:00:00',''),('22','1','30','2018-08-02','2018-08-10','2','1','0','1','2021-10-16 04:20:35','96.55.37.191','0','0000-00-00 00:00:00',''),('23','4','70','2018-08-11','2018-08-31','3','1','0','1','2021-10-26 14:32:34','27.255.251.202','0','0000-00-00 00:00:00','');
/*!40000 ALTER TABLE `ft_broker_payout_spilit` ENABLE KEYS */;

DROP TABLE IF EXISTS `ft_broker_register_master`;
CREATE TABLE `ft_broker_register_master` (
  `id` int(11) NOT NULL AUTO_INCREMENT,
  `broker_id` varchar(11) NOT NULL,
  `license_id` varchar(11) NOT NULL,
  `license_name` varchar(20) NOT NULL,
  `approval_date` date NOT NULL,
  `expiration_date` date NOT NULL,
  `reason` varchar(100) NOT NULL,
  `status` tinyint(1) NOT NULL DEFAULT '1',
  `is_delete` tinyint(1) NOT NULL DEFAULT '0',
  `created_by` int(12) NOT NULL,
  `created_time` datetime NOT NULL,
  `created_ip` varchar(100) NOT NULL,
  `modified_by` int(12) NOT NULL,
  `modified_time` datetime NOT NULL,
  `modified_ip` varchar(100) NOT NULL,
  PRIMARY KEY (`id`)
) ENGINE=InnoDB AUTO_INCREMENT=345 DEFAULT CHARSET=latin1;

/*!40000 ALTER TABLE `ft_broker_register_master` DISABLE KEYS */;
INSERT INTO `ft_broker_register_master` VALUES ('1','1','1','Series 1','1970-01-01','1970-01-01','','1','0','21','2018-08-02 10:13:38','103.36.122.212','21','2018-08-11 18:19:18','103.36.122.212'),('2','1','2','Series 2','1970-01-01','1970-01-01','','1','0','21','2018-08-02 10:13:38','103.36.122.212','21','2018-08-11 18:19:18','103.36.122.212'),('3','1','3','Series 4','1970-01-01','1970-01-01','','1','0','21','2018-08-02 10:13:38','103.36.122.212','21','2018-08-11 18:19:18','103.36.122.212'),('4','1','4','Series 5','1970-01-01','1970-01-01','','1','0','21','2018-08-02 10:13:38','103.36.122.212','21','2018-08-11 18:19:18','103.36.122.212'),('5','1','5','Series 6','1970-01-01','1970-01-01','','1','0','21','2018-08-02 10:13:38','103.36.122.212','21','2018-08-11 18:19:18','103.36.122.212'),('6','1','6','Series 7','1970-01-01','1970-01-01','','1','0','21','2018-08-02 10:13:38','103.36.122.212','21','2018-08-11 18:19:18','103.36.122.212'),('7','1','7','Series 9','1970-01-01','1970-01-01','','1','0','21','2018-08-02 10:13:38','103.36.122.212','21','2018-08-11 18:19:18','103.36.122.212'),('8','1','8','Series 10','1970-01-01','1970-01-01','','1','0','21','2018-08-02 10:13:38','103.36.122.212','21','2018-08-11 18:19:18','103.36.122.212'),('9','1','9','Series 11','1970-01-01','1970-01-01','','1','0','21','2018-08-02 10:13:38','103.36.122.212','21','2018-08-11 18:19:18','103.36.122.212'),('10','1','10','Series 14','1970-01-01','1970-01-01','','1','0','21','2018-08-02 10:13:38','103.36.122.212','21','2018-08-11 18:19:18','103.36.122.212'),('11','1','11','Series 15','1970-01-01','1970-01-01','','1','0','21','2018-08-02 10:13:38','103.36.122.212','21','2018-08-11 18:19:18','103.36.122.212'),('12','1','12','Series 16','1970-01-01','1970-01-01','','1','0','21','2018-08-02 10:13:38','103.36.122.212','21','2018-08-11 18:19:18','103.36.122.212'),('13','1','13','Series 17','1970-01-01','1970-01-01','','1','0','21','2018-08-02 10:13:38','103.36.122.212','21','2018-08-11 18:19:18','103.36.122.212'),('14','1','14','Series 22','1970-01-01','1970-01-01','','1','0','21','2018-08-02 10:13:38','103.36.122.212','21','2018-08-11 18:19:18','103.36.122.212'),('15','1','15','Series 23','1970-01-01','1970-01-01','','1','0','21','2018-08-02 10:13:38','103.36.122.212','21','2018-08-11 18:19:18','103.36.122.212'),('16','1','16','Series 24','1970-01-01','1970-01-01','','1','0','21','2018-08-02 10:13:38','103.36.122.212','21','2018-08-11 18:19:18','103.36.122.212'),('17','1','17','Series 26','1970-01-01','1970-01-01','','1','0','21','2018-08-02 10:13:38','103.36.122.212','21','2018-08-11 18:19:18','103.36.122.212'),('18','1','18','Series 27','1970-01-01','1970-01-01','','1','0','21','2018-08-02 10:13:38','103.36.122.212','21','2018-08-11 18:19:18','103.36.122.212'),('19','1','19','Series 28','1970-01-01','1970-01-01','','1','0','21','2018-08-02 10:13:38','103.36.122.212','21','2018-08-11 18:19:18','103.36.122.212'),('20','1','20','Series 30','1970-01-01','1970-01-01','','1','0','21','2018-08-02 10:13:38','103.36.122.212','21','2018-08-11 18:19:18','103.36.122.212'),('21','1','21','Series 31','1970-01-01','1970-01-01','','1','0','21','2018-08-02 10:13:38','103.36.122.212','21','2018-08-11 18:19:18','103.36.122.212'),('22','1','22','Series 32','1970-01-01','1970-01-01','','1','0','21','2018-08-02 10:13:38','103.36.122.212','21','2018-08-11 18:19:18','103.36.122.212'),('23','1','23','Series 33','1970-01-01','1970-01-01','','1','0','21','2018-08-02 10:13:38','103.36.122.212','21','2018-08-11 18:19:18','103.36.122.212'),('24','1','24','Series 37','1970-01-01','1970-01-01','','1','0','21','2018-08-02 10:13:38','103.36.122.212','21','2018-08-11 18:19:18','103.36.122.212'),('25','1','25','Series 38','1970-01-01','1970-01-01','','1','0','21','2018-08-02 10:13:38','103.36.122.212','21','2018-08-11 18:19:18','103.36.122.212'),('26','1','26','Series 39','1970-01-01','1970-01-01','','1','0','21','2018-08-02 10:13:38','103.36.122.212','21','2018-08-11 18:19:18','103.36.122.212'),('27','1','27','Series 42','1970-01-01','1970-01-01','','1','0','21','2018-08-02 10:13:38','103.36.122.212','21','2018-08-11 18:19:18','103.36.122.212'),('28','1','28','Series 51','1970-01-01','1970-01-01','','1','0','21','2018-08-02 10:13:38','103.36.122.212','21','2018-08-11 18:19:18','103.36.122.212'),('29','1','29','Series 52','1970-01-01','1970-01-01','','1','0','21','2018-08-02 10:13:38','103.36.122.212','21','2018-08-11 18:19:18','103.36.122.212'),('30','1','30','Series 53','1970-01-01','1970-01-01','','1','0','21','2018-08-02 10:13:38','103.36.122.212','21','2018-08-11 18:19:18','103.36.122.212'),('31','1','31','Series 55','1970-01-01','1970-01-01','','1','0','21','2018-08-02 10:13:38','103.36.122.212','21','2018-08-11 18:19:18','103.36.122.212'),('32','1','32','Series 62','1970-01-01','1970-01-01','','1','0','21','2018-08-02 10:13:38','103.36.122.212','21','2018-08-11 18:19:18','103.36.122.212'),('33','1','33','Series 63','1970-01-01','1970-01-01','','1','0','21','2018-08-02 10:13:38','103.36.122.212','21','2018-08-11 18:19:18','103.36.122.212'),('34','1','34','Series 64','1970-01-01','1970-01-01','','1','0','21','2018-08-02 10:13:38','103.36.122.212','21','2018-08-11 18:19:18','103.36.122.212'),('35','1','35','Series 65','1970-01-01','1970-01-01','','1','0','21','2018-08-02 10:13:38','103.36.122.212','21','2018-08-11 18:19:18','103.36.122.212'),('36','1','36','Series 66','1970-01-01','1970-01-01','','1','0','21','2018-08-02 10:13:38','103.36.122.212','21','2018-08-11 18:19:18','103.36.122.212'),('37','1','37','Series 72','1970-01-01','1970-01-01','','1','0','21','2018-08-02 10:13:38','103.36.122.212','21','2018-08-11 18:19:18','103.36.122.212'),('38','1','38','Series 82','1970-01-01','1970-01-01','','1','0','21','2018-08-02 10:13:38','103.36.122.212','21','2018-08-11 18:19:18','103.36.122.212'),('39','1','39','Series 86','1970-01-01','1970-01-01','','1','0','21','2018-08-02 10:13:38','103.36.122.212','21','2018-08-11 18:19:18','103.36.122.212'),('40','1','40','Series 87','1970-01-01','1970-01-01','','1','0','21','2018-08-02 10:13:38','103.36.122.212','21','2018-08-11 18:19:18','103.36.122.212'),('41','1','41','Variable Annuities','1970-01-01','1970-01-01','','1','0','21','2018-08-02 10:13:38','103.36.122.212','21','2018-08-11 18:19:18','103.36.122.212'),('42','1','42','Variable Life','1970-01-01','1970-01-01','','1','0','21','2018-08-02 10:13:38','103.36.122.212','21','2018-08-11 18:19:18','103.36.122.212'),('43','1','43','Life Insurance','1970-01-01','1970-01-01','','1','0','21','2018-08-02 10:13:38','103.36.122.212','21','2018-08-11 18:19:18','103.36.122.212'),('44','2','1','Series 1','1970-01-01','1970-01-01','','1','0','21','2018-08-02 10:15:45','103.36.122.212','1','2021-10-16 04:20:35','96.55.37.191'),('45','2','2','Series 2','1970-01-01','1970-01-01','','1','0','21','2018-08-02 10:15:45','103.36.122.212','1','2021-10-16 04:20:35','96.55.37.191'),('46','2','3','Series 4','1970-01-01','1970-01-01','','1','0','21','2018-08-02 10:15:45','103.36.122.212','1','2021-10-16 04:20:35','96.55.37.191'),('47','2','4','Series 5','1970-01-01','1970-01-01','','1','0','21','2018-08-02 10:15:45','103.36.122.212','1','2021-10-16 04:20:35','96.55.37.191'),('48','2','5','Series 6','1970-01-01','1970-01-01','','1','0','21','2018-08-02 10:15:45','103.36.122.212','1','2021-10-16 04:20:35','96.55.37.191'),('49','2','6','Series 7','1970-01-01','1970-01-01','','1','0','21','2018-08-02 10:15:45','103.36.122.212','1','2021-10-16 04:20:35','96.55.37.191'),('50','2','7','Series 9','1970-01-01','1970-01-01','','1','0','21','2018-08-02 10:15:45','103.36.122.212','1','2021-10-16 04:20:35','96.55.37.191'),('51','2','8','Series 10','1970-01-01','1970-01-01','','1','0','21','2018-08-02 10:15:45','103.36.122.212','1','2021-10-16 04:20:35','96.55.37.191'),('52','2','9','Series 11','1970-01-01','1970-01-01','','1','0','21','2018-08-02 10:15:45','103.36.122.212','1','2021-10-16 04:20:35','96.55.37.191'),('53','2','10','Series 14','1970-01-01','1970-01-01','','1','0','21','2018-08-02 10:15:45','103.36.122.212','1','2021-10-16 04:20:35','96.55.37.191'),('54','2','11','Series 15','1970-01-01','1970-01-01','','1','0','21','2018-08-02 10:15:45','103.36.122.212','1','2021-10-16 04:20:35','96.55.37.191'),('55','2','12','Series 16','1970-01-01','1970-01-01','','1','0','21','2018-08-02 10:15:45','103.36.122.212','1','2021-10-16 04:20:35','96.55.37.191'),('56','2','13','Series 17','1970-01-01','1970-01-01','','1','0','21','2018-08-02 10:15:45','103.36.122.212','1','2021-10-16 04:20:35','96.55.37.191'),('57','2','14','Series 22','1970-01-01','1970-01-01','','1','0','21','2018-08-02 10:15:45','103.36.122.212','1','2021-10-16 04:20:35','96.55.37.191'),('58','2','15','Series 23','1970-01-01','1970-01-01','','1','0','21','2018-08-02 10:15:45','103.36.122.212','1','2021-10-16 04:20:35','96.55.37.191'),('59','2','16','Series 24','1970-01-01','1970-01-01','','1','0','21','2018-08-02 10:15:45','103.36.122.212','1','2021-10-16 04:20:35','96.55.37.191'),('60','2','17','Series 26','1970-01-01','1970-01-01','','1','0','21','2018-08-02 10:15:45','103.36.122.212','1','2021-10-16 04:20:35','96.55.37.191'),('61','2','18','Series 27','1970-01-01','1970-01-01','','1','0','21','2018-08-02 10:15:45','103.36.122.212','1','2021-10-16 04:20:35','96.55.37.191'),('62','2','19','Series 28','1970-01-01','1970-01-01','','1','0','21','2018-08-02 10:15:45','103.36.122.212','1','2021-10-16 04:20:35','96.55.37.191'),('63','2','20','Series 30','1970-01-01','1970-01-01','','1','0','21','2018-08-02 10:15:45','103.36.122.212','1','2021-10-16 04:20:35','96.55.37.191'),('64','2','21','Series 31','1970-01-01','1970-01-01','','1','0','21','2018-08-02 10:15:45','103.36.122.212','1','2021-10-16 04:20:35','96.55.37.191'),('65','2','22','Series 32','1970-01-01','1970-01-01','','1','0','21','2018-08-02 10:15:45','103.36.122.212','1','2021-10-16 04:20:35','96.55.37.191'),('66','2','23','Series 33','1970-01-01','1970-01-01','','1','0','21','2018-08-02 10:15:45','103.36.122.212','1','2021-10-16 04:20:35','96.55.37.191'),('67','2','24','Series 37','1970-01-01','1970-01-01','','1','0','21','2018-08-02 10:15:45','103.36.122.212','1','2021-10-16 04:20:35','96.55.37.191'),('68','2','25','Series 38','1970-01-01','1970-01-01','','1','0','21','2018-08-02 10:15:45','103.36.122.212','1','2021-10-16 04:20:35','96.55.37.191'),('69','2','26','Series 39','1970-01-01','1970-01-01','','1','0','21','2018-08-02 10:15:45','103.36.122.212','1','2021-10-16 04:20:35','96.55.37.191'),('70','2','27','Series 42','1970-01-01','1970-01-01','','1','0','21','2018-08-02 10:15:45','103.36.122.212','1','2021-10-16 04:20:35','96.55.37.191'),('71','2','28','Series 51','1970-01-01','1970-01-01','','1','0','21','2018-08-02 10:15:45','103.36.122.212','1','2021-10-16 04:20:35','96.55.37.191'),('72','2','29','Series 52','1970-01-01','1970-01-01','','1','0','21','2018-08-02 10:15:45','103.36.122.212','1','2021-10-16 04:20:35','96.55.37.191'),('73','2','30','Series 53','1970-01-01','1970-01-01','','1','0','21','2018-08-02 10:15:45','103.36.122.212','1','2021-10-16 04:20:35','96.55.37.191'),('74','2','31','Series 55','1970-01-01','1970-01-01','','1','0','21','2018-08-02 10:15:45','103.36.122.212','1','2021-10-16 04:20:35','96.55.37.191'),('75','2','32','Series 62','1970-01-01','1970-01-01','','1','0','21','2018-08-02 10:15:45','103.36.122.212','1','2021-10-16 04:20:35','96.55.37.191'),('76','2','33','Series 63','1970-01-01','1970-01-01','','1','0','21','2018-08-02 10:15:45','103.36.122.212','1','2021-10-16 04:20:35','96.55.37.191'),('77','2','34','Series 64','1970-01-01','1970-01-01','','1','0','21','2018-08-02 10:15:45','103.36.122.212','1','2021-10-16 04:20:35','96.55.37.191'),('78','2','35','Series 65','1970-01-01','1970-01-01','','1','0','21','2018-08-02 10:15:45','103.36.122.212','1','2021-10-16 04:20:35','96.55.37.191'),('79','2','36','Series 66','1970-01-01','1970-01-01','','1','0','21','2018-08-02 10:15:45','103.36.122.212','1','2021-10-16 04:20:35','96.55.37.191'),('80','2','37','Series 72','1970-01-01','1970-01-01','','1','0','21','2018-08-02 10:15:45','103.36.122.212','1','2021-10-16 04:20:35','96.55.37.191'),('81','2','38','Series 82','1970-01-01','1970-01-01','','1','0','21','2018-08-02 10:15:45','103.36.122.212','1','2021-10-16 04:20:35','96.55.37.191'),('82','2','39','Series 86','1970-01-01','1970-01-01','','1','0','21','2018-08-02 10:15:45','103.36.122.212','1','2021-10-16 04:20:35','96.55.37.191'),('83','2','40','Series 87','1970-01-01','1970-01-01','','1','0','21','2018-08-02 10:15:45','103.36.122.212','1','2021-10-16 04:20:35','96.55.37.191'),('84','2','41','Variable Annuities','1970-01-01','1970-01-01','','1','0','21','2018-08-02 10:15:45','103.36.122.212','1','2021-10-16 04:20:35','96.55.37.191'),('85','2','42','Variable Life','1970-01-01','1970-01-01','','1','0','21','2018-08-02 10:15:45','103.36.122.212','1','2021-10-16 04:20:35','96.55.37.191'),('86','2','43','Life Insurance','1970-01-01','1970-01-01','','1','0','21','2018-08-02 10:15:45','103.36.122.212','1','2021-10-16 04:20:35','96.55.37.191'),('87','3','1','Series 1','1970-01-01','1970-01-01','','1','0','21','2018-08-02 18:22:56','103.36.122.212','1','2021-10-26 14:32:34','27.255.251.202'),('88','3','2','Series 2','1970-01-01','1970-01-01','','1','0','21','2018-08-02 18:22:56','103.36.122.212','1','2021-10-26 14:32:34','27.255.251.202'),('89','3','3','Series 4','1970-01-01','1970-01-01','','1','0','21','2018-08-02 18:22:56','103.36.122.212','1','2021-10-26 14:32:34','27.255.251.202'),('90','3','4','Series 5','1970-01-01','1970-01-01','','1','0','21','2018-08-02 18:22:56','103.36.122.212','1','2021-10-26 14:32:34','27.255.251.202'),('91','3','5','Series 6','1970-01-01','1970-01-01','','1','0','21','2018-08-02 18:22:56','103.36.122.212','1','2021-10-26 14:32:34','27.255.251.202'),('92','3','6','Series 7','1970-01-01','1970-01-01','','1','0','21','2018-08-02 18:22:56','103.36.122.212','1','2021-10-26 14:32:34','27.255.251.202'),('93','3','7','Series 9','1970-01-01','1970-01-01','','1','0','21','2018-08-02 18:22:56','103.36.122.212','1','2021-10-26 14:32:34','27.255.251.202'),('94','3','8','Series 10','1970-01-01','1970-01-01','','1','0','21','2018-08-02 18:22:56','103.36.122.212','1','2021-10-26 14:32:34','27.255.251.202'),('95','3','9','Series 11','1970-01-01','1970-01-01','','1','0','21','2018-08-02 18:22:56','103.36.122.212','1','2021-10-26 14:32:34','27.255.251.202'),('96','3','10','Series 14','1970-01-01','1970-01-01','','1','0','21','2018-08-02 18:22:56','103.36.122.212','1','2021-10-26 14:32:34','27.255.251.202'),('97','3','11','Series 15','1970-01-01','1970-01-01','','1','0','21','2018-08-02 18:22:56','103.36.122.212','1','2021-10-26 14:32:34','27.255.251.202'),('98','3','12','Series 16','1970-01-01','1970-01-01','','1','0','21','2018-08-02 18:22:56','103.36.122.212','1','2021-10-26 14:32:34','27.255.251.202'),('99','3','13','Series 17','1970-01-01','1970-01-01','','1','0','21','2018-08-02 18:22:56','103.36.122.212','1','2021-10-26 14:32:34','27.255.251.202'),('100','3','14','Series 22','1970-01-01','1970-01-01','','1','0','21','2018-08-02 18:22:56','103.36.122.212','1','2021-10-26 14:32:34','27.255.251.202'),('101','3','15','Series 23','1970-01-01','1970-01-01','','1','0','21','2018-08-02 18:22:56','103.36.122.212','1','2021-10-26 14:32:34','27.255.251.202'),('102','3','16','Series 24','1970-01-01','1970-01-01','','1','0','21','2018-08-02 18:22:56','103.36.122.212','1','2021-10-26 14:32:34','27.255.251.202'),('103','3','17','Series 26','1970-01-01','1970-01-01','','1','0','21','2018-08-02 18:22:56','103.36.122.212','1','2021-10-26 14:32:34','27.255.251.202'),('104','3','18','Series 27','1970-01-01','1970-01-01','','1','0','21','2018-08-02 18:22:56','103.36.122.212','1','2021-10-26 14:32:34','27.255.251.202'),('105','3','19','Series 28','1970-01-01','1970-01-01','','1','0','21','2018-08-02 18:22:56','103.36.122.212','1','2021-10-26 14:32:34','27.255.251.202'),('106','3','20','Series 30','1970-01-01','1970-01-01','','1','0','21','2018-08-02 18:22:56','103.36.122.212','1','2021-10-26 14:32:34','27.255.251.202'),('107','3','21','Series 31','1970-01-01','1970-01-01','','1','0','21','2018-08-02 18:22:56','103.36.122.212','1','2021-10-26 14:32:34','27.255.251.202'),('108','3','22','Series 32','1970-01-01','1970-01-01','','1','0','21','2018-08-02 18:22:56','103.36.122.212','1','2021-10-26 14:32:34','27.255.251.202'),('109','3','23','Series 33','1970-01-01','1970-01-01','','1','0','21','2018-08-02 18:22:56','103.36.122.212','1','2021-10-26 14:32:34','27.255.251.202'),('110','3','24','Series 37','1970-01-01','1970-01-01','','1','0','21','2018-08-02 18:22:56','103.36.122.212','1','2021-10-26 14:32:34','27.255.251.202'),('111','3','25','Series 38','1970-01-01','1970-01-01','','1','0','21','2018-08-02 18:22:56','103.36.122.212','1','2021-10-26 14:32:34','27.255.251.202'),('112','3','26','Series 39','1970-01-01','1970-01-01','','1','0','21','2018-08-02 18:22:56','103.36.122.212','1','2021-10-26 14:32:34','27.255.251.202'),('113','3','27','Series 42','1970-01-01','1970-01-01','','1','0','21','2018-08-02 18:22:56','103.36.122.212','1','2021-10-26 14:32:34','27.255.251.202'),('114','3','28','Series 51','1970-01-01','1970-01-01','','1','0','21','2018-08-02 18:22:56','103.36.122.212','1','2021-10-26 14:32:34','27.255.251.202'),('115','3','29','Series 52','1970-01-01','1970-01-01','','1','0','21','2018-08-02 18:22:56','103.36.122.212','1','2021-10-26 14:32:34','27.255.251.202'),('116','3','30','Series 53','1970-01-01','1970-01-01','','1','0','21','2018-08-02 18:22:56','103.36.122.212','1','2021-10-26 14:32:34','27.255.251.202'),('117','3','31','Series 55','1970-01-01','1970-01-01','','1','0','21','2018-08-02 18:22:56','103.36.122.212','1','2021-10-26 14:32:34','27.255.251.202'),('118','3','32','Series 62','1970-01-01','1970-01-01','','1','0','21','2018-08-02 18:22:56','103.36.122.212','1','2021-10-26 14:32:34','27.255.251.202'),('119','3','33','Series 63','1970-01-01','1970-01-01','','1','0','21','2018-08-02 18:22:56','103.36.122.212','1','2021-10-26 14:32:34','27.255.251.202'),('120','3','34','Series 64','1970-01-01','1970-01-01','','1','0','21','2018-08-02 18:22:56','103.36.122.212','1','2021-10-26 14:32:34','27.255.251.202'),('121','3','35','Series 65','1970-01-01','1970-01-01','','1','0','21','2018-08-02 18:22:56','103.36.122.212','1','2021-10-26 14:32:34','27.255.251.202'),('122','3','36','Series 66','1970-01-01','1970-01-01','','1','0','21','2018-08-02 18:22:56','103.36.122.212','1','2021-10-26 14:32:34','27.255.251.202'),('123','3','37','Series 72','1970-01-01','1970-01-01','','1','0','21','2018-08-02 18:22:56','103.36.122.212','1','2021-10-26 14:32:34','27.255.251.202'),('124','3','38','Series 82','1970-01-01','1970-01-01','','1','0','21','2018-08-02 18:22:56','103.36.122.212','1','2021-10-26 14:32:34','27.255.251.202'),('125','3','39','Series 86','1970-01-01','1970-01-01','','1','0','21','2018-08-02 18:22:56','103.36.122.212','1','2021-10-26 14:32:34','27.255.251.202'),('126','3','40','Series 87','1970-01-01','1970-01-01','','1','0','21','2018-08-02 18:22:56','103.36.122.212','1','2021-10-26 14:32:34','27.255.251.202'),('127','3','41','Variable Annuities','1970-01-01','1970-01-01','','1','0','21','2018-08-02 18:22:56','103.36.122.212','1','2021-10-26 14:32:34','27.255.251.202'),('128','3','42','Variable Life','1970-01-01','1970-01-01','','1','0','21','2018-08-02 18:22:56','103.36.122.212','1','2021-10-26 14:32:34','27.255.251.202'),('129','3','43','Life Insurance','1970-01-01','1970-01-01','','1','0','21','2018-08-02 18:22:56','103.36.122.212','1','2021-10-26 14:32:34','27.255.251.202'),('130','4','1','Series 1','1970-01-01','1970-01-01','','1','0','21','2018-08-02 18:26:28','103.36.122.212','1','2021-10-16 04:21:08','96.55.37.191'),('131','4','2','Series 2','1970-01-01','1970-01-01','','1','0','21','2018-08-02 18:26:28','103.36.122.212','1','2021-10-16 04:21:08','96.55.37.191'),('132','4','3','Series 4','1970-01-01','1970-01-01','','1','0','21','2018-08-02 18:26:28','103.36.122.212','1','2021-10-16 04:21:08','96.55.37.191'),('133','4','4','Series 5','1970-01-01','1970-01-01','','1','0','21','2018-08-02 18:26:28','103.36.122.212','1','2021-10-16 04:21:08','96.55.37.191'),('134','4','5','Series 6','1970-01-01','1970-01-01','','1','0','21','2018-08-02 18:26:28','103.36.122.212','1','2021-10-16 04:21:08','96.55.37.191'),('135','4','6','Series 7','1970-01-01','1970-01-01','','1','0','21','2018-08-02 18:26:28','103.36.122.212','1','2021-10-16 04:21:08','96.55.37.191'),('136','4','7','Series 9','1970-01-01','1970-01-01','','1','0','21','2018-08-02 18:26:28','103.36.122.212','1','2021-10-16 04:21:08','96.55.37.191'),('137','4','8','Series 10','1970-01-01','1970-01-01','','1','0','21','2018-08-02 18:26:28','103.36.122.212','1','2021-10-16 04:21:08','96.55.37.191'),('138','4','9','Series 11','1970-01-01','1970-01-01','','1','0','21','2018-08-02 18:26:28','103.36.122.212','1','2021-10-16 04:21:08','96.55.37.191'),('139','4','10','Series 14','1970-01-01','1970-01-01','','1','0','21','2018-08-02 18:26:28','103.36.122.212','1','2021-10-16 04:21:08','96.55.37.191'),('140','4','11','Series 15','1970-01-01','1970-01-01','','1','0','21','2018-08-02 18:26:28','103.36.122.212','1','2021-10-16 04:21:08','96.55.37.191'),('141','4','12','Series 16','1970-01-01','1970-01-01','','1','0','21','2018-08-02 18:26:28','103.36.122.212','1','2021-10-16 04:21:08','96.55.37.191'),('142','4','13','Series 17','1970-01-01','1970-01-01','','1','0','21','2018-08-02 18:26:28','103.36.122.212','1','2021-10-16 04:21:08','96.55.37.191'),('143','4','14','Series 22','1970-01-01','1970-01-01','','1','0','21','2018-08-02 18:26:28','103.36.122.212','1','2021-10-16 04:21:08','96.55.37.191'),('144','4','15','Series 23','1970-01-01','1970-01-01','','1','0','21','2018-08-02 18:26:28','103.36.122.212','1','2021-10-16 04:21:08','96.55.37.191'),('145','4','16','Series 24','1970-01-01','1970-01-01','','1','0','21','2018-08-02 18:26:28','103.36.122.212','1','2021-10-16 04:21:08','96.55.37.191'),('146','4','17','Series 26','1970-01-01','1970-01-01','','1','0','21','2018-08-02 18:26:28','103.36.122.212','1','2021-10-16 04:21:08','96.55.37.191'),('147','4','18','Series 27','1970-01-01','1970-01-01','','1','0','21','2018-08-02 18:26:28','103.36.122.212','1','2021-10-16 04:21:08','96.55.37.191'),('148','4','19','Series 28','1970-01-01','1970-01-01','','1','0','21','2018-08-02 18:26:28','103.36.122.212','1','2021-10-16 04:21:08','96.55.37.191'),('149','4','20','Series 30','1970-01-01','1970-01-01','','1','0','21','2018-08-02 18:26:28','103.36.122.212','1','2021-10-16 04:21:08','96.55.37.191'),('150','4','21','Series 31','1970-01-01','1970-01-01','','1','0','21','2018-08-02 18:26:28','103.36.122.212','1','2021-10-16 04:21:08','96.55.37.191'),('151','4','22','Series 32','1970-01-01','1970-01-01','','1','0','21','2018-08-02 18:26:28','103.36.122.212','1','2021-10-16 04:21:08','96.55.37.191'),('152','4','23','Series 33','1970-01-01','1970-01-01','','1','0','21','2018-08-02 18:26:28','103.36.122.212','1','2021-10-16 04:21:08','96.55.37.191'),('153','4','24','Series 37','1970-01-01','1970-01-01','','1','0','21','2018-08-02 18:26:28','103.36.122.212','1','2021-10-16 04:21:08','96.55.37.191'),('154','4','25','Series 38','1970-01-01','1970-01-01','','1','0','21','2018-08-02 18:26:28','103.36.122.212','1','2021-10-16 04:21:08','96.55.37.191'),('155','4','26','Series 39','1970-01-01','1970-01-01','','1','0','21','2018-08-02 18:26:28','103.36.122.212','1','2021-10-16 04:21:08','96.55.37.191'),('156','4','27','Series 42','1970-01-01','1970-01-01','','1','0','21','2018-08-02 18:26:28','103.36.122.212','1','2021-10-16 04:21:08','96.55.37.191'),('157','4','28','Series 51','1970-01-01','1970-01-01','','1','0','21','2018-08-02 18:26:28','103.36.122.212','1','2021-10-16 04:21:08','96.55.37.191'),('158','4','29','Series 52','1970-01-01','1970-01-01','','1','0','21','2018-08-02 18:26:28','103.36.122.212','1','2021-10-16 04:21:08','96.55.37.191'),('159','4','30','Series 53','1970-01-01','1970-01-01','','1','0','21','2018-08-02 18:26:28','103.36.122.212','1','2021-10-16 04:21:08','96.55.37.191'),('160','4','31','Series 55','1970-01-01','1970-01-01','','1','0','21','2018-08-02 18:26:28','103.36.122.212','1','2021-10-16 04:21:08','96.55.37.191'),('161','4','32','Series 62','1970-01-01','1970-01-01','','1','0','21','2018-08-02 18:26:28','103.36.122.212','1','2021-10-16 04:21:08','96.55.37.191'),('162','4','33','Series 63','1970-01-01','1970-01-01','','1','0','21','2018-08-02 18:26:28','103.36.122.212','1','2021-10-16 04:21:08','96.55.37.191'),('163','4','34','Series 64','1970-01-01','1970-01-01','','1','0','21','2018-08-02 18:26:28','103.36.122.212','1','2021-10-16 04:21:08','96.55.37.191'),('164','4','35','Series 65','1970-01-01','1970-01-01','','1','0','21','2018-08-02 18:26:28','103.36.122.212','1','2021-10-16 04:21:08','96.55.37.191'),('165','4','36','Series 66','1970-01-01','1970-01-01','','1','0','21','2018-08-02 18:26:28','103.36.122.212','1','2021-10-16 04:21:08','96.55.37.191'),('166','4','37','Series 72','1970-01-01','1970-01-01','','1','0','21','2018-08-02 18:26:28','103.36.122.212','1','2021-10-16 04:21:08','96.55.37.191'),('167','4','38','Series 82','1970-01-01','1970-01-01','','1','0','21','2018-08-02 18:26:28','103.36.122.212','1','2021-10-16 04:21:08','96.55.37.191'),('168','4','39','Series 86','1970-01-01','1970-01-01','','1','0','21','2018-08-02 18:26:28','103.36.122.212','1','2021-10-16 04:21:08','96.55.37.191'),('169','4','40','Series 87','1970-01-01','1970-01-01','','1','0','21','2018-08-02 18:26:28','103.36.122.212','1','2021-10-16 04:21:08','96.55.37.191'),('170','4','41','Variable Annuities','1970-01-01','1970-01-01','','1','0','21','2018-08-02 18:26:28','103.36.122.212','1','2021-10-16 04:21:08','96.55.37.191'),('171','4','42','Variable Life','1970-01-01','1970-01-01','','1','0','21','2018-08-02 18:26:28','103.36.122.212','1','2021-10-16 04:21:08','96.55.37.191'),('172','4','43','Life Insurance','1970-01-01','1970-01-01','','1','0','21','2018-08-02 18:26:28','103.36.122.212','1','2021-10-16 04:21:08','96.55.37.191'),('173','5','1','Series 1','1970-01-01','1970-01-01','','1','0','1','2021-06-26 11:41:08','96.55.37.191','1','2021-10-16 04:20:52','96.55.37.191'),('174','5','2','Series 2','1970-01-01','1970-01-01','','1','0','1','2021-06-26 11:41:08','96.55.37.191','1','2021-10-16 04:20:52','96.55.37.191'),('175','5','3','Series 4','1970-01-01','1970-01-01','','1','0','1','2021-06-26 11:41:08','96.55.37.191','1','2021-10-16 04:20:52','96.55.37.191'),('176','5','4','Series 5','1970-01-01','1970-01-01','','1','0','1','2021-06-26 11:41:08','96.55.37.191','1','2021-10-16 04:20:52','96.55.37.191'),('177','5','5','Series 6','1970-01-01','1970-01-01','','1','0','1','2021-06-26 11:41:08','96.55.37.191','1','2021-10-16 04:20:52','96.55.37.191'),('178','5','6','Series 7','1970-01-01','1970-01-01','','1','0','1','2021-06-26 11:41:08','96.55.37.191','1','2021-10-16 04:20:52','96.55.37.191'),('179','5','7','Series 9','1970-01-01','1970-01-01','','1','0','1','2021-06-26 11:41:08','96.55.37.191','1','2021-10-16 04:20:52','96.55.37.191'),('180','5','8','Series 10','1970-01-01','1970-01-01','','1','0','1','2021-06-26 11:41:08','96.55.37.191','1','2021-10-16 04:20:52','96.55.37.191'),('181','5','9','Series 11','1970-01-01','1970-01-01','','1','0','1','2021-06-26 11:41:08','96.55.37.191','1','2021-10-16 04:20:52','96.55.37.191'),('182','5','10','Series 14','1970-01-01','1970-01-01','','1','0','1','2021-06-26 11:41:08','96.55.37.191','1','2021-10-16 04:20:52','96.55.37.191'),('183','5','11','Series 15','1970-01-01','1970-01-01','','1','0','1','2021-06-26 11:41:08','96.55.37.191','1','2021-10-16 04:20:52','96.55.37.191'),('184','5','12','Series 16','1970-01-01','1970-01-01','','1','0','1','2021-06-26 11:41:08','96.55.37.191','1','2021-10-16 04:20:52','96.55.37.191'),('185','5','13','Series 17','1970-01-01','1970-01-01','','1','0','1','2021-06-26 11:41:08','96.55.37.191','1','2021-10-16 04:20:52','96.55.37.191'),('186','5','14','Series 22','1970-01-01','1970-01-01','','1','0','1','2021-06-26 11:41:08','96.55.37.191','1','2021-10-16 04:20:52','96.55.37.191'),('187','5','15','Series 23','1970-01-01','1970-01-01','','1','0','1','2021-06-26 11:41:08','96.55.37.191','1','2021-10-16 04:20:52','96.55.37.191'),('188','5','16','Series 24','1970-01-01','1970-01-01','','1','0','1','2021-06-26 11:41:08','96.55.37.191','1','2021-10-16 04:20:52','96.55.37.191'),('189','5','17','Series 26','1970-01-01','1970-01-01','','1','0','1','2021-06-26 11:41:08','96.55.37.191','1','2021-10-16 04:20:52','96.55.37.191'),('190','5','18','Series 27','1970-01-01','1970-01-01','','1','0','1','2021-06-26 11:41:08','96.55.37.191','1','2021-10-16 04:20:52','96.55.37.191'),('191','5','19','Series 28','1970-01-01','1970-01-01','','1','0','1','2021-06-26 11:41:08','96.55.37.191','1','2021-10-16 04:20:52','96.55.37.191'),('192','5','20','Series 30','1970-01-01','1970-01-01','','1','0','1','2021-06-26 11:41:08','96.55.37.191','1','2021-10-16 04:20:52','96.55.37.191'),('193','5','21','Series 31','1970-01-01','1970-01-01','','1','0','1','2021-06-26 11:41:08','96.55.37.191','1','2021-10-16 04:20:52','96.55.37.191'),('194','5','22','Series 32','1970-01-01','1970-01-01','','1','0','1','2021-06-26 11:41:08','96.55.37.191','1','2021-10-16 04:20:52','96.55.37.191'),('195','5','23','Series 33','1970-01-01','1970-01-01','','1','0','1','2021-06-26 11:41:08','96.55.37.191','1','2021-10-16 04:20:52','96.55.37.191'),('196','5','24','Series 37','1970-01-01','1970-01-01','','1','0','1','2021-06-26 11:41:08','96.55.37.191','1','2021-10-16 04:20:52','96.55.37.191'),('197','5','25','Series 38','1970-01-01','1970-01-01','','1','0','1','2021-06-26 11:41:08','96.55.37.191','1','2021-10-16 04:20:52','96.55.37.191'),('198','5','26','Series 39','1970-01-01','1970-01-01','','1','0','1','2021-06-26 11:41:08','96.55.37.191','1','2021-10-16 04:20:52','96.55.37.191'),('199','5','27','Series 42','1970-01-01','1970-01-01','','1','0','1','2021-06-26 11:41:08','96.55.37.191','1','2021-10-16 04:20:52','96.55.37.191'),('200','5','28','Series 51','1970-01-01','1970-01-01','','1','0','1','2021-06-26 11:41:08','96.55.37.191','1','2021-10-16 04:20:52','96.55.37.191'),('201','5','29','Series 52','1970-01-01','1970-01-01','','1','0','1','2021-06-26 11:41:08','96.55.37.191','1','2021-10-16 04:20:52','96.55.37.191'),('202','5','30','Series 53','1970-01-01','1970-01-01','','1','0','1','2021-06-26 11:41:08','96.55.37.191','1','2021-10-16 04:20:52','96.55.37.191'),('203','5','31','Series 55','1970-01-01','1970-01-01','','1','0','1','2021-06-26 11:41:08','96.55.37.191','1','2021-10-16 04:20:52','96.55.37.191'),('204','5','32','Series 62','1970-01-01','1970-01-01','','1','0','1','2021-06-26 11:41:08','96.55.37.191','1','2021-10-16 04:20:52','96.55.37.191'),('205','5','33','Series 63','1970-01-01','1970-01-01','','1','0','1','2021-06-26 11:41:08','96.55.37.191','1','2021-10-16 04:20:52','96.55.37.191'),('206','5','34','Series 64','1970-01-01','1970-01-01','','1','0','1','2021-06-26 11:41:08','96.55.37.191','1','2021-10-16 04:20:52','96.55.37.191'),('207','5','35','Series 65','1970-01-01','1970-01-01','','1','0','1','2021-06-26 11:41:08','96.55.37.191','1','2021-10-16 04:20:52','96.55.37.191'),('208','5','36','Series 66','1970-01-01','1970-01-01','','1','0','1','2021-06-26 11:41:08','96.55.37.191','1','2021-10-16 04:20:52','96.55.37.191'),('209','5','37','Series 72','1970-01-01','1970-01-01','','1','0','1','2021-06-26 11:41:08','96.55.37.191','1','2021-10-16 04:20:52','96.55.37.191'),('210','5','38','Series 82','1970-01-01','1970-01-01','','1','0','1','2021-06-26 11:41:08','96.55.37.191','1','2021-10-16 04:20:52','96.55.37.191'),('211','5','39','Series 86','1970-01-01','1970-01-01','','1','0','1','2021-06-26 11:41:08','96.55.37.191','1','2021-10-16 04:20:52','96.55.37.191'),('212','5','40','Series 87','1970-01-01','1970-01-01','','1','0','1','2021-06-26 11:41:08','96.55.37.191','1','2021-10-16 04:20:52','96.55.37.191'),('213','5','41','Variable Annuities','1970-01-01','1970-01-01','','1','0','1','2021-06-26 11:41:08','96.55.37.191','1','2021-10-16 04:20:52','96.55.37.191'),('214','5','42','Variable Life','1970-01-01','1970-01-01','','1','0','1','2021-06-26 11:41:08','96.55.37.191','1','2021-10-16 04:20:52','96.55.37.191'),('215','5','43','Life Insurance','1970-01-01','1970-01-01','','1','0','1','2021-06-26 11:41:08','96.55.37.191','1','2021-10-16 04:20:52','96.55.37.191'),('216','6','1','Series 1','1970-01-01','1970-01-01','','1','0','1','2021-06-26 11:42:44','96.55.37.191','1','2021-10-16 04:19:44','96.55.37.191'),('217','6','2','Series 2','1970-01-01','1970-01-01','','1','0','1','2021-06-26 11:42:44','96.55.37.191','1','2021-10-16 04:19:44','96.55.37.191'),('218','6','3','Series 4','1970-01-01','1970-01-01','','1','0','1','2021-06-26 11:42:44','96.55.37.191','1','2021-10-16 04:19:44','96.55.37.191'),('219','6','4','Series 5','1970-01-01','1970-01-01','','1','0','1','2021-06-26 11:42:44','96.55.37.191','1','2021-10-16 04:19:44','96.55.37.191'),('220','6','5','Series 6','1970-01-01','1970-01-01','','1','0','1','2021-06-26 11:42:44','96.55.37.191','1','2021-10-16 04:19:44','96.55.37.191'),('221','6','6','Series 7','1970-01-01','1970-01-01','','1','0','1','2021-06-26 11:42:44','96.55.37.191','1','2021-10-16 04:19:44','96.55.37.191'),('222','6','7','Series 9','1970-01-01','1970-01-01','','1','0','1','2021-06-26 11:42:44','96.55.37.191','1','2021-10-16 04:19:44','96.55.37.191'),('223','6','8','Series 10','1970-01-01','1970-01-01','','1','0','1','2021-06-26 11:42:44','96.55.37.191','1','2021-10-16 04:19:44','96.55.37.191'),('224','6','9','Series 11','1970-01-01','1970-01-01','','1','0','1','2021-06-26 11:42:44','96.55.37.191','1','2021-10-16 04:19:44','96.55.37.191'),('225','6','10','Series 14','1970-01-01','1970-01-01','','1','0','1','2021-06-26 11:42:44','96.55.37.191','1','2021-10-16 04:19:44','96.55.37.191'),('226','6','11','Series 15','1970-01-01','1970-01-01','','1','0','1','2021-06-26 11:42:44','96.55.37.191','1','2021-10-16 04:19:44','96.55.37.191'),('227','6','12','Series 16','1970-01-01','1970-01-01','','1','0','1','2021-06-26 11:42:44','96.55.37.191','1','2021-10-16 04:19:44','96.55.37.191'),('228','6','13','Series 17','1970-01-01','1970-01-01','','1','0','1','2021-06-26 11:42:44','96.55.37.191','1','2021-10-16 04:19:44','96.55.37.191'),('229','6','14','Series 22','1970-01-01','1970-01-01','','1','0','1','2021-06-26 11:42:44','96.55.37.191','1','2021-10-16 04:19:44','96.55.37.191'),('230','6','15','Series 23','1970-01-01','1970-01-01','','1','0','1','2021-06-26 11:42:44','96.55.37.191','1','2021-10-16 04:19:44','96.55.37.191'),('231','6','16','Series 24','1970-01-01','1970-01-01','','1','0','1','2021-06-26 11:42:44','96.55.37.191','1','2021-10-16 04:19:44','96.55.37.191'),('232','6','17','Series 26','1970-01-01','1970-01-01','','1','0','1','2021-06-26 11:42:44','96.55.37.191','1','2021-10-16 04:19:44','96.55.37.191'),('233','6','18','Series 27','1970-01-01','1970-01-01','','1','0','1','2021-06-26 11:42:44','96.55.37.191','1','2021-10-16 04:19:44','96.55.37.191'),('234','6','19','Series 28','1970-01-01','1970-01-01','','1','0','1','2021-06-26 11:42:44','96.55.37.191','1','2021-10-16 04:19:44','96.55.37.191'),('235','6','20','Series 30','1970-01-01','1970-01-01','','1','0','1','2021-06-26 11:42:44','96.55.37.191','1','2021-10-16 04:19:44','96.55.37.191'),('236','6','21','Series 31','1970-01-01','1970-01-01','','1','0','1','2021-06-26 11:42:44','96.55.37.191','1','2021-10-16 04:19:44','96.55.37.191'),('237','6','22','Series 32','1970-01-01','1970-01-01','','1','0','1','2021-06-26 11:42:44','96.55.37.191','1','2021-10-16 04:19:44','96.55.37.191'),('238','6','23','Series 33','1970-01-01','1970-01-01','','1','0','1','2021-06-26 11:42:44','96.55.37.191','1','2021-10-16 04:19:44','96.55.37.191'),('239','6','24','Series 37','1970-01-01','1970-01-01','','1','0','1','2021-06-26 11:42:44','96.55.37.191','1','2021-10-16 04:19:44','96.55.37.191'),('240','6','25','Series 38','1970-01-01','1970-01-01','','1','0','1','2021-06-26 11:42:44','96.55.37.191','1','2021-10-16 04:19:44','96.55.37.191'),('241','6','26','Series 39','1970-01-01','1970-01-01','','1','0','1','2021-06-26 11:42:44','96.55.37.191','1','2021-10-16 04:19:44','96.55.37.191'),('242','6','27','Series 42','1970-01-01','1970-01-01','','1','0','1','2021-06-26 11:42:44','96.55.37.191','1','2021-10-16 04:19:44','96.55.37.191'),('243','6','28','Series 51','1970-01-01','1970-01-01','','1','0','1','2021-06-26 11:42:44','96.55.37.191','1','2021-10-16 04:19:44','96.55.37.191'),('244','6','29','Series 52','1970-01-01','1970-01-01','','1','0','1','2021-06-26 11:42:44','96.55.37.191','1','2021-10-16 04:19:44','96.55.37.191'),('245','6','30','Series 53','1970-01-01','1970-01-01','','1','0','1','2021-06-26 11:42:44','96.55.37.191','1','2021-10-16 04:19:44','96.55.37.191'),('246','6','31','Series 55','1970-01-01','1970-01-01','','1','0','1','2021-06-26 11:42:44','96.55.37.191','1','2021-10-16 04:19:44','96.55.37.191'),('247','6','32','Series 62','1970-01-01','1970-01-01','','1','0','1','2021-06-26 11:42:44','96.55.37.191','1','2021-10-16 04:19:44','96.55.37.191'),('248','6','33','Series 63','1970-01-01','1970-01-01','','1','0','1','2021-06-26 11:42:44','96.55.37.191','1','2021-10-16 04:19:44','96.55.37.191'),('249','6','34','Series 64','1970-01-01','1970-01-01','','1','0','1','2021-06-26 11:42:44','96.55.37.191','1','2021-10-16 04:19:44','96.55.37.191'),('250','6','35','Series 65','1970-01-01','1970-01-01','','1','0','1','2021-06-26 11:42:44','96.55.37.191','1','2021-10-16 04:19:44','96.55.37.191'),('251','6','36','Series 66','1970-01-01','1970-01-01','','1','0','1','2021-06-26 11:42:44','96.55.37.191','1','2021-10-16 04:19:44','96.55.37.191'),('252','6','37','Series 72','1970-01-01','1970-01-01','','1','0','1','2021-06-26 11:42:44','96.55.37.191','1','2021-10-16 04:19:44','96.55.37.191'),('253','6','38','Series 82','1970-01-01','1970-01-01','','1','0','1','2021-06-26 11:42:44','96.55.37.191','1','2021-10-16 04:19:44','96.55.37.191'),('254','6','39','Series 86','1970-01-01','1970-01-01','','1','0','1','2021-06-26 11:42:44','96.55.37.191','1','2021-10-16 04:19:44','96.55.37.191'),('255','6','40','Series 87','1970-01-01','1970-01-01','','1','0','1','2021-06-26 11:42:44','96.55.37.191','1','2021-10-16 04:19:44','96.55.37.191'),('256','6','41','Variable Annuities','1970-01-01','1970-01-01','','1','0','1','2021-06-26 11:42:44','96.55.37.191','1','2021-10-16 04:19:44','96.55.37.191'),('257','6','42','Variable Life','1970-01-01','1970-01-01','','1','0','1','2021-06-26 11:42:44','96.55.37.191','1','2021-10-16 04:19:44','96.55.37.191'),('258','6','43','Life Insurance','1970-01-01','1970-01-01','','1','0','1','2021-06-26 11:42:44','96.55.37.191','1','2021-10-16 04:19:44','96.55.37.191'),('259','7','1','Series 1','1970-01-01','1970-01-01','','1','0','1','2021-08-30 02:42:26','107.210.168.81','0','0000-00-00 00:00:00',''),('260','7','2','Series 2','1970-01-01','1970-01-01','','1','0','1','2021-08-30 02:42:26','107.210.168.81','0','0000-00-00 00:00:00',''),('261','7','3','Series 4','1970-01-01','1970-01-01','','1','0','1','2021-08-30 02:42:26','107.210.168.81','0','0000-00-00 00:00:00',''),('262','7','4','Series 5','1970-01-01','1970-01-01','','1','0','1','2021-08-30 02:42:26','107.210.168.81','0','0000-00-00 00:00:00',''),('263','7','5','Series 6','1970-01-01','1970-01-01','','1','0','1','2021-08-30 02:42:26','107.210.168.81','0','0000-00-00 00:00:00',''),('264','7','6','Series 7','1970-01-01','1970-01-01','','1','0','1','2021-08-30 02:42:26','107.210.168.81','0','0000-00-00 00:00:00',''),('265','7','7','Series 9','1970-01-01','1970-01-01','','1','0','1','2021-08-30 02:42:26','107.210.168.81','0','0000-00-00 00:00:00',''),('266','7','8','Series 10','1970-01-01','1970-01-01','','1','0','1','2021-08-30 02:42:26','107.210.168.81','0','0000-00-00 00:00:00',''),('267','7','9','Series 11','1970-01-01','1970-01-01','','1','0','1','2021-08-30 02:42:26','107.210.168.81','0','0000-00-00 00:00:00',''),('268','7','10','Series 14','1970-01-01','1970-01-01','','1','0','1','2021-08-30 02:42:26','107.210.168.81','0','0000-00-00 00:00:00',''),('269','7','11','Series 15','1970-01-01','1970-01-01','','1','0','1','2021-08-30 02:42:26','107.210.168.81','0','0000-00-00 00:00:00',''),('270','7','12','Series 16','1970-01-01','1970-01-01','','1','0','1','2021-08-30 02:42:26','107.210.168.81','0','0000-00-00 00:00:00',''),('271','7','13','Series 17','1970-01-01','1970-01-01','','1','0','1','2021-08-30 02:42:26','107.210.168.81','0','0000-00-00 00:00:00',''),('272','7','14','Series 22','1970-01-01','1970-01-01','','1','0','1','2021-08-30 02:42:26','107.210.168.81','0','0000-00-00 00:00:00',''),('273','7','15','Series 23','1970-01-01','1970-01-01','','1','0','1','2021-08-30 02:42:26','107.210.168.81','0','0000-00-00 00:00:00',''),('274','7','16','Series 24','1970-01-01','1970-01-01','','1','0','1','2021-08-30 02:42:26','107.210.168.81','0','0000-00-00 00:00:00',''),('275','7','17','Series 26','1970-01-01','1970-01-01','','1','0','1','2021-08-30 02:42:26','107.210.168.81','0','0000-00-00 00:00:00',''),('276','7','18','Series 27','1970-01-01','1970-01-01','','1','0','1','2021-08-30 02:42:26','107.210.168.81','0','0000-00-00 00:00:00',''),('277','7','19','Series 28','1970-01-01','1970-01-01','','1','0','1','2021-08-30 02:42:26','107.210.168.81','0','0000-00-00 00:00:00',''),('278','7','20','Series 30','1970-01-01','1970-01-01','','1','0','1','2021-08-30 02:42:26','107.210.168.81','0','0000-00-00 00:00:00',''),('279','7','21','Series 31','1970-01-01','1970-01-01','','1','0','1','2021-08-30 02:42:26','107.210.168.81','0','0000-00-00 00:00:00',''),('280','7','22','Series 32','1970-01-01','1970-01-01','','1','0','1','2021-08-30 02:42:26','107.210.168.81','0','0000-00-00 00:00:00',''),('281','7','23','Series 33','1970-01-01','1970-01-01','','1','0','1','2021-08-30 02:42:26','107.210.168.81','0','0000-00-00 00:00:00',''),('282','7','24','Series 37','1970-01-01','1970-01-01','','1','0','1','2021-08-30 02:42:26','107.210.168.81','0','0000-00-00 00:00:00',''),('283','7','25','Series 38','1970-01-01','1970-01-01','','1','0','1','2021-08-30 02:42:26','107.210.168.81','0','0000-00-00 00:00:00',''),('284','7','26','Series 39','1970-01-01','1970-01-01','','1','0','1','2021-08-30 02:42:26','107.210.168.81','0','0000-00-00 00:00:00',''),('285','7','27','Series 42','1970-01-01','1970-01-01','','1','0','1','2021-08-30 02:42:26','107.210.168.81','0','0000-00-00 00:00:00',''),('286','7','28','Series 51','1970-01-01','1970-01-01','','1','0','1','2021-08-30 02:42:26','107.210.168.81','0','0000-00-00 00:00:00',''),('287','7','29','Series 52','1970-01-01','1970-01-01','','1','0','1','2021-08-30 02:42:26','107.210.168.81','0','0000-00-00 00:00:00',''),('288','7','30','Series 53','1970-01-01','1970-01-01','','1','0','1','2021-08-30 02:42:26','107.210.168.81','0','0000-00-00 00:00:00',''),('289','7','31','Series 55','1970-01-01','1970-01-01','','1','0','1','2021-08-30 02:42:26','107.210.168.81','0','0000-00-00 00:00:00',''),('290','7','32','Series 62','1970-01-01','1970-01-01','','1','0','1','2021-08-30 02:42:26','107.210.168.81','0','0000-00-00 00:00:00',''),('291','7','33','Series 63','1970-01-01','1970-01-01','','1','0','1','2021-08-30 02:42:26','107.210.168.81','0','0000-00-00 00:00:00',''),('292','7','34','Series 64','1970-01-01','1970-01-01','','1','0','1','2021-08-30 02:42:26','107.210.168.81','0','0000-00-00 00:00:00',''),('293','7','35','Series 65','1970-01-01','1970-01-01','','1','0','1','2021-08-30 02:42:26','107.210.168.81','0','0000-00-00 00:00:00',''),('294','7','36','Series 66','1970-01-01','1970-01-01','','1','0','1','2021-08-30 02:42:26','107.210.168.81','0','0000-00-00 00:00:00',''),('295','7','37','Series 72','1970-01-01','1970-01-01','','1','0','1','2021-08-30 02:42:26','107.210.168.81','0','0000-00-00 00:00:00',''),('296','7','38','Series 82','1970-01-01','1970-01-01','','1','0','1','2021-08-30 02:42:26','107.210.168.81','0','0000-00-00 00:00:00',''),('297','7','39','Series 86','1970-01-01','1970-01-01','','1','0','1','2021-08-30 02:42:26','107.210.168.81','0','0000-00-00 00:00:00',''),('298','7','40','Series 87','1970-01-01','1970-01-01','','1','0','1','2021-08-30 02:42:26','107.210.168.81','0','0000-00-00 00:00:00',''),('299','7','41','Variable Annuities','1970-01-01','1970-01-01','','1','0','1','2021-08-30 02:42:26','107.210.168.81','0','0000-00-00 00:00:00',''),('300','7','42','Variable Life','1970-01-01','1970-01-01','','1','0','1','2021-08-30 02:42:26','107.210.168.81','0','0000-00-00 00:00:00',''),('301','7','43','Life Insurance','1970-01-01','1970-01-01','','1','0','1','2021-08-30 02:42:26','107.210.168.81','0','0000-00-00 00:00:00',''),('302','0','1','Series 1','1970-01-01','1970-01-01','','1','0','1','2021-08-30 02:54:29','107.210.168.81','0','0000-00-00 00:00:00',''),('303','0','2','Series 2','1970-01-01','1970-01-01','','1','0','1','2021-08-30 02:54:29','107.210.168.81','0','0000-00-00 00:00:00',''),('304','0','3','Series 4','1970-01-01','1970-01-01','','1','0','1','2021-08-30 02:54:29','107.210.168.81','0','0000-00-00 00:00:00',''),('305','0','4','Series 5','1970-01-01','1970-01-01','','1','0','1','2021-08-30 02:54:29','107.210.168.81','0','0000-00-00 00:00:00',''),('306','0','5','Series 6','1970-01-01','1970-01-01','','1','0','1','2021-08-30 02:54:29','107.210.168.81','0','0000-00-00 00:00:00',''),('307','0','6','Series 7','1970-01-01','1970-01-01','','1','0','1','2021-08-30 02:54:29','107.210.168.81','0','0000-00-00 00:00:00',''),('308','0','7','Series 9','1970-01-01','1970-01-01','','1','0','1','2021-08-30 02:54:29','107.210.168.81','0','0000-00-00 00:00:00',''),('309','0','8','Series 10','1970-01-01','1970-01-01','','1','0','1','2021-08-30 02:54:29','107.210.168.81','0','0000-00-00 00:00:00',''),('310','0','9','Series 11','1970-01-01','1970-01-01','','1','0','1','2021-08-30 02:54:29','107.210.168.81','0','0000-00-00 00:00:00',''),('311','0','10','Series 14','1970-01-01','1970-01-01','','1','0','1','2021-08-30 02:54:29','107.210.168.81','0','0000-00-00 00:00:00',''),('312','0','11','Series 15','1970-01-01','1970-01-01','','1','0','1','2021-08-30 02:54:29','107.210.168.81','0','0000-00-00 00:00:00',''),('313','0','12','Series 16','1970-01-01','1970-01-01','','1','0','1','2021-08-30 02:54:29','107.210.168.81','0','0000-00-00 00:00:00',''),('314','0','13','Series 17','1970-01-01','1970-01-01','','1','0','1','2021-08-30 02:54:29','107.210.168.81','0','0000-00-00 00:00:00',''),('315','0','14','Series 22','1970-01-01','1970-01-01','','1','0','1','2021-08-30 02:54:29','107.210.168.81','0','0000-00-00 00:00:00',''),('316','0','15','Series 23','1970-01-01','1970-01-01','','1','0','1','2021-08-30 02:54:29','107.210.168.81','0','0000-00-00 00:00:00',''),('317','0','16','Series 24','1970-01-01','1970-01-01','','1','0','1','2021-08-30 02:54:29','107.210.168.81','0','0000-00-00 00:00:00',''),('318','0','17','Series 26','1970-01-01','1970-01-01','','1','0','1','2021-08-30 02:54:29','107.210.168.81','0','0000-00-00 00:00:00',''),('319','0','18','Series 27','1970-01-01','1970-01-01','','1','0','1','2021-08-30 02:54:29','107.210.168.81','0','0000-00-00 00:00:00',''),('320','0','19','Series 28','1970-01-01','1970-01-01','','1','0','1','2021-08-30 02:54:29','107.210.168.81','0','0000-00-00 00:00:00',''),('321','0','20','Series 30','1970-01-01','1970-01-01','','1','0','1','2021-08-30 02:54:29','107.210.168.81','0','0000-00-00 00:00:00',''),('322','0','21','Series 31','1970-01-01','1970-01-01','','1','0','1','2021-08-30 02:54:29','107.210.168.81','0','0000-00-00 00:00:00',''),('323','0','22','Series 32','1970-01-01','1970-01-01','','1','0','1','2021-08-30 02:54:29','107.210.168.81','0','0000-00-00 00:00:00',''),('324','0','23','Series 33','1970-01-01','1970-01-01','','1','0','1','2021-08-30 02:54:29','107.210.168.81','0','0000-00-00 00:00:00',''),('325','0','24','Series 37','1970-01-01','1970-01-01','','1','0','1','2021-08-30 02:54:29','107.210.168.81','0','0000-00-00 00:00:00',''),('326','0','25','Series 38','1970-01-01','1970-01-01','','1','0','1','2021-08-30 02:54:29','107.210.168.81','0','0000-00-00 00:00:00',''),('327','0','26','Series 39','1970-01-01','1970-01-01','','1','0','1','2021-08-30 02:54:29','107.210.168.81','0','0000-00-00 00:00:00',''),('328','0','27','Series 42','1970-01-01','1970-01-01','','1','0','1','2021-08-30 02:54:29','107.210.168.81','0','0000-00-00 00:00:00',''),('329','0','28','Series 51','1970-01-01','1970-01-01','','1','0','1','2021-08-30 02:54:29','107.210.168.81','0','0000-00-00 00:00:00',''),('330','0','29','Series 52','1970-01-01','1970-01-01','','1','0','1','2021-08-30 02:54:29','107.210.168.81','0','0000-00-00 00:00:00',''),('331','0','30','Series 53','1970-01-01','1970-01-01','','1','0','1','2021-08-30 02:54:29','107.210.168.81','0','0000-00-00 00:00:00',''),('332','0','31','Series 55','1970-01-01','1970-01-01','','1','0','1','2021-08-30 02:54:29','107.210.168.81','0','0000-00-00 00:00:00',''),('333','0','32','Series 62','1970-01-01','1970-01-01','','1','0','1','2021-08-30 02:54:29','107.210.168.81','0','0000-00-00 00:00:00',''),('334','0','33','Series 63','1970-01-01','1970-01-01','','1','0','1','2021-08-30 02:54:29','107.210.168.81','0','0000-00-00 00:00:00',''),('335','0','34','Series 64','1970-01-01','1970-01-01','','1','0','1','2021-08-30 02:54:29','107.210.168.81','0','0000-00-00 00:00:00',''),('336','0','35','Series 65','1970-01-01','1970-01-01','','1','0','1','2021-08-30 02:54:29','107.210.168.81','0','0000-00-00 00:00:00',''),('337','0','36','Series 66','1970-01-01','1970-01-01','','1','0','1','2021-08-30 02:54:29','107.210.168.81','0','0000-00-00 00:00:00',''),('338','0','37','Series 72','1970-01-01','1970-01-01','','1','0','1','2021-08-30 02:54:29','107.210.168.81','0','0000-00-00 00:00:00',''),('339','0','38','Series 82','1970-01-01','1970-01-01','','1','0','1','2021-08-30 02:54:29','107.210.168.81','0','0000-00-00 00:00:00',''),('340','0','39','Series 86','1970-01-01','1970-01-01','','1','0','1','2021-08-30 02:54:29','107.210.168.81','0','0000-00-00 00:00:00',''),('341','0','40','Series 87','1970-01-01','1970-01-01','','1','0','1','2021-08-30 02:54:29','107.210.168.81','0','0000-00-00 00:00:00',''),('342','0','41','Variable Annuities','1970-01-01','1970-01-01','','1','0','1','2021-08-30 02:54:29','107.210.168.81','0','0000-00-00 00:00:00',''),('343','0','42','Variable Life','1970-01-01','1970-01-01','','1','0','1','2021-08-30 02:54:29','107.210.168.81','0','0000-00-00 00:00:00',''),('344','0','43','Life Insurance','1970-01-01','1970-01-01','','1','0','1','2021-08-30 02:54:29','107.210.168.81','0','0000-00-00 00:00:00','');
/*!40000 ALTER TABLE `ft_broker_register_master` ENABLE KEYS */;

DROP TABLE IF EXISTS `ft_broker_req_doc_master`;
CREATE TABLE `ft_broker_req_doc_master` (
  `id` int(11) NOT NULL AUTO_INCREMENT,
  `broker_id` int(11) NOT NULL,
  `received` tinyint(1) NOT NULL DEFAULT '0',
  `description` varchar(255) NOT NULL,
  `date` date NOT NULL,
  `required` tinyint(1) NOT NULL DEFAULT '0',
  `status` tinyint(1) NOT NULL DEFAULT '1',
  `is_delete` tinyint(1) NOT NULL DEFAULT '0',
  `created_by` int(12) NOT NULL,
  `created_time` datetime NOT NULL,
  `created_ip` varchar(100) NOT NULL,
  `modified_by` int(12) NOT NULL,
  `modified_time` datetime NOT NULL,
  `modified_ip` varchar(100) NOT NULL,
  PRIMARY KEY (`id`)
) ENGINE=InnoDB DEFAULT CHARSET=latin1;

/*!40000 ALTER TABLE `ft_broker_req_doc_master` DISABLE KEYS */;
/*!40000 ALTER TABLE `ft_broker_req_doc_master` ENABLE KEYS */;

DROP TABLE IF EXISTS `ft_charge_detail`;
CREATE TABLE `ft_charge_detail` (
  `charge_detail_id` int(10) NOT NULL AUTO_INCREMENT,
  `charge_type_id` int(5) DEFAULT NULL,
  `charge_name_id` int(5) DEFAULT NULL,
  `account_type` tinyint(1) DEFAULT NULL COMMENT '1=>Non-Managed Accounts, 2=>Managed Accounts',
  `account_process` tinyint(1) DEFAULT NULL COMMENT '1=>Clearin, 2=> Execution',
  PRIMARY KEY (`charge_detail_id`)
) ENGINE=InnoDB AUTO_INCREMENT=47 DEFAULT CHARSET=latin1;

/*!40000 ALTER TABLE `ft_charge_detail` DISABLE KEYS */;
INSERT INTO `ft_charge_detail` VALUES ('1','1','1','1','1'),('2','1','1','1','2'),('3','1','1','2','1'),('4','1','1','2','2'),('5','1','2','1','1'),('6','1','2','2','1'),('7','2','3','1','1'),('8','2','3','1','2'),('9','2','3','2','1'),('10','2','3','2','2'),('11','2','4','1','1'),('12','2','4','1','2'),('13','2','4','2','1'),('14','2','4','2','2'),('15','3','5','1','1'),('16','3','5','1','2'),('17','3','5','2','1'),('18','3','5','2','2'),('19','3','2','1','1'),('20','3','2','2','1'),('21','3','6','1','1'),('22','3','6','2','1'),('23','3','7','1','1'),('24','3','7','2','1'),('25','3','8','1','1'),('26','3','8','2','1'),('27','3','9','1','1'),('28','3','9','2','1'),('29','3','10','1','1'),('30','3','10','2','1'),('31','3','11','1','1'),('32','3','11','2','1'),('33','3','12','1','1'),('34','3','12','2','1'),('35','4','13','1','1'),('36','4','13','2','1'),('37','4','14','1','1'),('38','4','14','2','1'),('39','4','15','1','1'),('40','4','15','2','1'),('41','4','16','1','1'),('42','4','16','2','1'),('43','4','17','1','1'),('44','4','17','2','1'),('45','4','18','1','1'),('46','4','18','2','1');
/*!40000 ALTER TABLE `ft_charge_detail` ENABLE KEYS */;

DROP TABLE IF EXISTS `ft_charge_name_master`;
CREATE TABLE `ft_charge_name_master` (
  `charge_name_id` int(5) NOT NULL AUTO_INCREMENT,
  `charge_name` varchar(50) DEFAULT NULL,
  PRIMARY KEY (`charge_name_id`)
) ENGINE=InnoDB AUTO_INCREMENT=19 DEFAULT CHARSET=latin1;

/*!40000 ALTER TABLE `ft_charge_name_master` DISABLE KEYS */;
INSERT INTO `ft_charge_name_master` VALUES ('1','Listed'),('2','OTC'),('3','Up to $1 Premium'),('4','$1 Premium & Greater'),('5','Listed Corporate'),('6','Goverment Securities'),('7','CMOs'),('8','Money Market/CDs'),('9','Mortgage Backed Securities'),('10','Municipal Bonds'),('11','UITs'),('12','Zero Coupon Bonds'),('13','Buys/Sells'),('14','Systematics/Exchanges'),('15','PIPs/SWPs'),('16','Transaction Surcharge'),('17','Postage/Transaction'),('18','Cancels/Rebills');
/*!40000 ALTER TABLE `ft_charge_name_master` ENABLE KEYS */;

DROP TABLE IF EXISTS `ft_charge_type_master`;
CREATE TABLE `ft_charge_type_master` (
  `charge_type_id` int(4) NOT NULL AUTO_INCREMENT,
  `charge_type` varchar(50) DEFAULT NULL,
  PRIMARY KEY (`charge_type_id`)
) ENGINE=InnoDB AUTO_INCREMENT=5 DEFAULT CHARSET=latin1;

/*!40000 ALTER TABLE `ft_charge_type_master` DISABLE KEYS */;
INSERT INTO `ft_charge_type_master` VALUES ('1','Equities'),('2','Options'),('3','Fixed Income'),('4','Mutual Funds');
/*!40000 ALTER TABLE `ft_charge_type_master` ENABLE KEYS */;

DROP TABLE IF EXISTS `ft_charge_value`;
CREATE TABLE `ft_charge_value` (
  `charge_value_id` int(10) NOT NULL,
  `charge_detail_id` int(10) DEFAULT NULL,
  `broker_id` int(10) DEFAULT NULL,
  `value` float(8,2) DEFAULT NULL,
  `none_check` tinyint(1) NOT NULL DEFAULT '0',
  `status` tinyint(1) NOT NULL DEFAULT '1',
  `is_delete` tinyint(1) NOT NULL DEFAULT '0',
  `created_by` int(12) NOT NULL,
  `created_time` datetime NOT NULL,
  `created_ip` varchar(100) NOT NULL,
  `modified_by` int(12) NOT NULL,
  `modified_time` datetime NOT NULL,
  `modified_ip` varchar(100) NOT NULL
) ENGINE=InnoDB DEFAULT CHARSET=latin1;

/*!40000 ALTER TABLE `ft_charge_value` DISABLE KEYS */;
INSERT INTO `ft_charge_value` VALUES ('0','1','1','0.00','0','1','0','21','2018-08-02 10:13:38','103.36.122.212','21','2018-08-11 18:19:18','103.36.122.212'),('0','2','1','0.00','0','1','0','21','2018-08-02 10:13:38','103.36.122.212','21','2018-08-11 18:19:18','103.36.122.212'),('0','3','1','0.00','0','1','0','21','2018-08-02 10:13:38','103.36.122.212','21','2018-08-11 18:19:18','103.36.122.212'),('0','4','1','0.00','0','1','0','21','2018-08-02 10:13:38','103.36.122.212','21','2018-08-11 18:19:18','103.36.122.212'),('0','5','1','0.00','0','1','0','21','2018-08-02 10:13:38','103.36.122.212','21','2018-08-11 18:19:18','103.36.122.212'),('0','6','1','0.00','0','1','0','21','2018-08-02 10:13:38','103.36.122.212','21','2018-08-11 18:19:18','103.36.122.212'),('0','7','1','0.00','0','1','0','21','2018-08-02 10:13:38','103.36.122.212','21','2018-08-11 18:19:18','103.36.122.212'),('0','8','1','0.00','0','1','0','21','2018-08-02 10:13:38','103.36.122.212','21','2018-08-11 18:19:18','103.36.122.212'),('0','9','1','0.00','0','1','0','21','2018-08-02 10:13:38','103.36.122.212','21','2018-08-11 18:19:18','103.36.122.212'),('0','10','1','0.00','0','1','0','21','2018-08-02 10:13:38','103.36.122.212','21','2018-08-11 18:19:18','103.36.122.212'),('0','11','1','0.00','0','1','0','21','2018-08-02 10:13:38','103.36.122.212','21','2018-08-11 18:19:18','103.36.122.212'),('0','12','1','0.00','0','1','0','21','2018-08-02 10:13:38','103.36.122.212','21','2018-08-11 18:19:18','103.36.122.212'),('0','13','1','0.00','0','1','0','21','2018-08-02 10:13:38','103.36.122.212','21','2018-08-11 18:19:18','103.36.122.212'),('0','14','1','0.00','0','1','0','21','2018-08-02 10:13:38','103.36.122.212','21','2018-08-11 18:19:18','103.36.122.212'),('0','19','1','0.00','0','1','0','21','2018-08-02 10:13:38','103.36.122.212','21','2018-08-11 18:19:18','103.36.122.212'),('0','20','1','0.00','0','1','0','21','2018-08-02 10:13:38','103.36.122.212','21','2018-08-11 18:19:18','103.36.122.212'),('0','15','1','0.00','0','1','0','21','2018-08-02 10:13:38','103.36.122.212','21','2018-08-11 18:19:18','103.36.122.212'),('0','16','1','0.00','0','1','0','21','2018-08-02 10:13:38','103.36.122.212','21','2018-08-11 18:19:18','103.36.122.212'),('0','17','1','0.00','0','1','0','21','2018-08-02 10:13:38','103.36.122.212','21','2018-08-11 18:19:18','103.36.122.212'),('0','18','1','0.00','0','1','0','21','2018-08-02 10:13:38','103.36.122.212','21','2018-08-11 18:19:18','103.36.122.212'),('0','21','1','0.00','0','1','0','21','2018-08-02 10:13:38','103.36.122.212','21','2018-08-11 18:19:18','103.36.122.212'),('0','22','1','0.00','0','1','0','21','2018-08-02 10:13:38','103.36.122.212','21','2018-08-11 18:19:18','103.36.122.212'),('0','23','1','0.00','0','1','0','21','2018-08-02 10:13:38','103.36.122.212','21','2018-08-11 18:19:18','103.36.122.212'),('0','24','1','0.00','0','1','0','21','2018-08-02 10:13:38','103.36.122.212','21','2018-08-11 18:19:18','103.36.122.212'),('0','25','1','0.00','0','1','0','21','2018-08-02 10:13:38','103.36.122.212','21','2018-08-11 18:19:18','103.36.122.212'),('0','26','1','0.00','0','1','0','21','2018-08-02 10:13:38','103.36.122.212','21','2018-08-11 18:19:18','103.36.122.212'),('0','27','1','0.00','0','1','0','21','2018-08-02 10:13:38','103.36.122.212','21','2018-08-11 18:19:18','103.36.122.212'),('0','28','1','0.00','0','1','0','21','2018-08-02 10:13:38','103.36.122.212','21','2018-08-11 18:19:18','103.36.122.212'),('0','29','1','0.00','0','1','0','21','2018-08-02 10:13:38','103.36.122.212','21','2018-08-11 18:19:18','103.36.122.212'),('0','30','1','0.00','0','1','0','21','2018-08-02 10:13:38','103.36.122.212','21','2018-08-11 18:19:18','103.36.122.212'),('0','31','1','0.00','0','1','0','21','2018-08-02 10:13:38','103.36.122.212','21','2018-08-11 18:19:18','103.36.122.212'),('0','32','1','0.00','0','1','0','21','2018-08-02 10:13:38','103.36.122.212','21','2018-08-11 18:19:18','103.36.122.212'),('0','33','1','0.00','0','1','0','21','2018-08-02 10:13:38','103.36.122.212','21','2018-08-11 18:19:18','103.36.122.212'),('0','34','1','0.00','0','1','0','21','2018-08-02 10:13:38','103.36.122.212','21','2018-08-11 18:19:18','103.36.122.212'),('0','35','1','0.00','0','1','0','21','2018-08-02 10:13:38','103.36.122.212','21','2018-08-11 18:19:18','103.36.122.212'),('0','36','1','0.00','0','1','0','21','2018-08-02 10:13:38','103.36.122.212','21','2018-08-11 18:19:18','103.36.122.212'),('0','37','1','0.00','0','1','0','21','2018-08-02 10:13:38','103.36.122.212','21','2018-08-11 18:19:18','103.36.122.212'),('0','38','1','0.00','0','1','0','21','2018-08-02 10:13:38','103.36.122.212','21','2018-08-11 18:19:18','103.36.122.212'),('0','39','1','0.00','0','1','0','21','2018-08-02 10:13:38','103.36.122.212','21','2018-08-11 18:19:18','103.36.122.212'),('0','40','1','0.00','0','1','0','21','2018-08-02 10:13:38','103.36.122.212','21','2018-08-11 18:19:18','103.36.122.212'),('0','41','1','0.00','0','1','0','21','2018-08-02 10:13:38','103.36.122.212','21','2018-08-11 18:19:18','103.36.122.212'),('0','42','1','0.00','0','1','0','21','2018-08-02 10:13:38','103.36.122.212','21','2018-08-11 18:19:18','103.36.122.212'),('0','43','1','0.00','0','1','0','21','2018-08-02 10:13:38','103.36.122.212','21','2018-08-11 18:19:18','103.36.122.212'),('0','44','1','0.00','0','1','0','21','2018-08-02 10:13:38','103.36.122.212','21','2018-08-11 18:19:18','103.36.122.212'),('0','1','2','0.00','0','1','0','21','2018-08-02 10:15:45','103.36.122.212','1','2021-10-16 04:20:35','96.55.37.191'),('0','2','2','0.00','0','1','0','21','2018-08-02 10:15:45','103.36.122.212','1','2021-10-16 04:20:35','96.55.37.191'),('0','3','2','0.00','0','1','0','21','2018-08-02 10:15:45','103.36.122.212','1','2021-10-16 04:20:35','96.55.37.191'),('0','4','2','0.00','0','1','0','21','2018-08-02 10:15:45','103.36.122.212','1','2021-10-16 04:20:35','96.55.37.191'),('0','5','2','0.00','0','1','0','21','2018-08-02 10:15:45','103.36.122.212','1','2021-10-16 04:20:35','96.55.37.191'),('0','6','2','0.00','0','1','0','21','2018-08-02 10:15:45','103.36.122.212','1','2021-10-16 04:20:35','96.55.37.191'),('0','7','2','0.00','0','1','0','21','2018-08-02 10:15:45','103.36.122.212','1','2021-10-16 04:20:35','96.55.37.191'),('0','8','2','0.00','0','1','0','21','2018-08-02 10:15:45','103.36.122.212','1','2021-10-16 04:20:35','96.55.37.191'),('0','9','2','0.00','0','1','0','21','2018-08-02 10:15:45','103.36.122.212','1','2021-10-16 04:20:35','96.55.37.191'),('0','10','2','0.00','0','1','0','21','2018-08-02 10:15:45','103.36.122.212','1','2021-10-16 04:20:35','96.55.37.191'),('0','11','2','0.00','0','1','0','21','2018-08-02 10:15:45','103.36.122.212','1','2021-10-16 04:20:35','96.55.37.191'),('0','12','2','0.00','0','1','0','21','2018-08-02 10:15:45','103.36.122.212','1','2021-10-16 04:20:35','96.55.37.191'),('0','13','2','0.00','0','1','0','21','2018-08-02 10:15:45','103.36.122.212','1','2021-10-16 04:20:35','96.55.37.191'),('0','14','2','0.00','0','1','0','21','2018-08-02 10:15:45','103.36.122.212','1','2021-10-16 04:20:35','96.55.37.191'),('0','19','2','0.00','0','1','0','21','2018-08-02 10:15:45','103.36.122.212','1','2021-10-16 04:20:35','96.55.37.191'),('0','20','2','0.00','0','1','0','21','2018-08-02 10:15:45','103.36.122.212','1','2021-10-16 04:20:35','96.55.37.191'),('0','15','2','0.00','0','1','0','21','2018-08-02 10:15:45','103.36.122.212','1','2021-10-16 04:20:35','96.55.37.191'),('0','16','2','0.00','0','1','0','21','2018-08-02 10:15:45','103.36.122.212','1','2021-10-16 04:20:35','96.55.37.191'),('0','17','2','0.00','0','1','0','21','2018-08-02 10:15:45','103.36.122.212','1','2021-10-16 04:20:35','96.55.37.191'),('0','18','2','0.00','0','1','0','21','2018-08-02 10:15:45','103.36.122.212','1','2021-10-16 04:20:35','96.55.37.191'),('0','21','2','0.00','0','1','0','21','2018-08-02 10:15:45','103.36.122.212','1','2021-10-16 04:20:35','96.55.37.191'),('0','22','2','0.00','0','1','0','21','2018-08-02 10:15:45','103.36.122.212','1','2021-10-16 04:20:35','96.55.37.191'),('0','23','2','0.00','0','1','0','21','2018-08-02 10:15:45','103.36.122.212','1','2021-10-16 04:20:35','96.55.37.191'),('0','24','2','0.00','0','1','0','21','2018-08-02 10:15:45','103.36.122.212','1','2021-10-16 04:20:35','96.55.37.191'),('0','25','2','0.00','0','1','0','21','2018-08-02 10:15:45','103.36.122.212','1','2021-10-16 04:20:35','96.55.37.191'),('0','26','2','0.00','0','1','0','21','2018-08-02 10:15:45','103.36.122.212','1','2021-10-16 04:20:35','96.55.37.191'),('0','27','2','0.00','0','1','0','21','2018-08-02 10:15:45','103.36.122.212','1','2021-10-16 04:20:35','96.55.37.191'),('0','28','2','0.00','0','1','0','21','2018-08-02 10:15:45','103.36.122.212','1','2021-10-16 04:20:35','96.55.37.191'),('0','29','2','0.00','0','1','0','21','2018-08-02 10:15:45','103.36.122.212','1','2021-10-16 04:20:35','96.55.37.191'),('0','30','2','0.00','0','1','0','21','2018-08-02 10:15:45','103.36.122.212','1','2021-10-16 04:20:35','96.55.37.191'),('0','31','2','0.00','0','1','0','21','2018-08-02 10:15:45','103.36.122.212','1','2021-10-16 04:20:35','96.55.37.191'),('0','32','2','0.00','0','1','0','21','2018-08-02 10:15:45','103.36.122.212','1','2021-10-16 04:20:35','96.55.37.191'),('0','33','2','0.00','0','1','0','21','2018-08-02 10:15:45','103.36.122.212','1','2021-10-16 04:20:35','96.55.37.191'),('0','34','2','0.00','0','1','0','21','2018-08-02 10:15:45','103.36.122.212','1','2021-10-16 04:20:35','96.55.37.191'),('0','35','2','0.00','0','1','0','21','2018-08-02 10:15:45','103.36.122.212','1','2021-10-16 04:20:35','96.55.37.191'),('0','36','2','0.00','0','1','0','21','2018-08-02 10:15:45','103.36.122.212','1','2021-10-16 04:20:35','96.55.37.191'),('0','37','2','0.00','0','1','0','21','2018-08-02 10:15:45','103.36.122.212','1','2021-10-16 04:20:35','96.55.37.191'),('0','38','2','0.00','0','1','0','21','2018-08-02 10:15:45','103.36.122.212','1','2021-10-16 04:20:35','96.55.37.191'),('0','39','2','0.00','0','1','0','21','2018-08-02 10:15:45','103.36.122.212','1','2021-10-16 04:20:35','96.55.37.191'),('0','40','2','0.00','0','1','0','21','2018-08-02 10:15:45','103.36.122.212','1','2021-10-16 04:20:35','96.55.37.191'),('0','41','2','0.00','0','1','0','21','2018-08-02 10:15:45','103.36.122.212','1','2021-10-16 04:20:35','96.55.37.191'),('0','42','2','0.00','0','1','0','21','2018-08-02 10:15:45','103.36.122.212','1','2021-10-16 04:20:35','96.55.37.191'),('0','43','2','0.00','0','1','0','21','2018-08-02 10:15:45','103.36.122.212','1','2021-10-16 04:20:35','96.55.37.191'),('0','44','2','0.00','0','1','0','21','2018-08-02 10:15:45','103.36.122.212','1','2021-10-16 04:20:35','96.55.37.191'),('0','1','3','0.00','0','1','0','21','2018-08-02 18:22:56','103.36.122.212','1','2021-10-26 14:32:34','27.255.251.202'),('0','2','3','0.00','0','1','0','21','2018-08-02 18:22:56','103.36.122.212','1','2021-10-26 14:32:34','27.255.251.202'),('0','3','3','0.00','0','1','0','21','2018-08-02 18:22:56','103.36.122.212','1','2021-10-26 14:32:34','27.255.251.202'),('0','4','3','0.00','0','1','0','21','2018-08-02 18:22:56','103.36.122.212','1','2021-10-26 14:32:34','27.255.251.202'),('0','5','3','0.00','0','1','0','21','2018-08-02 18:22:56','103.36.122.212','1','2021-10-26 14:32:34','27.255.251.202'),('0','6','3','0.00','0','1','0','21','2018-08-02 18:22:56','103.36.122.212','1','2021-10-26 14:32:34','27.255.251.202'),('0','7','3','0.00','0','1','0','21','2018-08-02 18:22:56','103.36.122.212','1','2021-10-26 14:32:34','27.255.251.202'),('0','8','3','0.00','0','1','0','21','2018-08-02 18:22:56','103.36.122.212','1','2021-10-26 14:32:34','27.255.251.202'),('0','9','3','0.00','0','1','0','21','2018-08-02 18:22:56','103.36.122.212','1','2021-10-26 14:32:34','27.255.251.202'),('0','10','3','0.00','0','1','0','21','2018-08-02 18:22:56','103.36.122.212','1','2021-10-26 14:32:34','27.255.251.202'),('0','11','3','0.00','0','1','0','21','2018-08-02 18:22:56','103.36.122.212','1','2021-10-26 14:32:34','27.255.251.202'),('0','12','3','0.00','0','1','0','21','2018-08-02 18:22:56','103.36.122.212','1','2021-10-26 14:32:34','27.255.251.202'),('0','13','3','0.00','0','1','0','21','2018-08-02 18:22:56','103.36.122.212','1','2021-10-26 14:32:34','27.255.251.202'),('0','14','3','0.00','0','1','0','21','2018-08-02 18:22:56','103.36.122.212','1','2021-10-26 14:32:34','27.255.251.202'),('0','19','3','0.00','0','1','0','21','2018-08-02 18:22:56','103.36.122.212','1','2021-10-26 14:32:34','27.255.251.202'),('0','20','3','0.00','0','1','0','21','2018-08-02 18:22:56','103.36.122.212','1','2021-10-26 14:32:34','27.255.251.202'),('0','15','3','0.00','0','1','0','21','2018-08-02 18:22:56','103.36.122.212','1','2021-10-26 14:32:34','27.255.251.202'),('0','16','3','0.00','0','1','0','21','2018-08-02 18:22:56','103.36.122.212','1','2021-10-26 14:32:34','27.255.251.202'),('0','17','3','0.00','0','1','0','21','2018-08-02 18:22:56','103.36.122.212','1','2021-10-26 14:32:34','27.255.251.202'),('0','18','3','0.00','0','1','0','21','2018-08-02 18:22:56','103.36.122.212','1','2021-10-26 14:32:34','27.255.251.202'),('0','21','3','0.00','0','1','0','21','2018-08-02 18:22:56','103.36.122.212','1','2021-10-26 14:32:34','27.255.251.202'),('0','22','3','0.00','0','1','0','21','2018-08-02 18:22:56','103.36.122.212','1','2021-10-26 14:32:34','27.255.251.202'),('0','23','3','0.00','0','1','0','21','2018-08-02 18:22:56','103.36.122.212','1','2021-10-26 14:32:34','27.255.251.202'),('0','24','3','0.00','0','1','0','21','2018-08-02 18:22:56','103.36.122.212','1','2021-10-26 14:32:34','27.255.251.202'),('0','25','3','0.00','0','1','0','21','2018-08-02 18:22:56','103.36.122.212','1','2021-10-26 14:32:34','27.255.251.202'),('0','26','3','0.00','0','1','0','21','2018-08-02 18:22:56','103.36.122.212','1','2021-10-26 14:32:34','27.255.251.202'),('0','27','3','0.00','0','1','0','21','2018-08-02 18:22:56','103.36.122.212','1','2021-10-26 14:32:34','27.255.251.202'),('0','28','3','0.00','0','1','0','21','2018-08-02 18:22:56','103.36.122.212','1','2021-10-26 14:32:34','27.255.251.202'),('0','29','3','0.00','0','1','0','21','2018-08-02 18:22:56','103.36.122.212','1','2021-10-26 14:32:34','27.255.251.202'),('0','30','3','0.00','0','1','0','21','2018-08-02 18:22:56','103.36.122.212','1','2021-10-26 14:32:34','27.255.251.202'),('0','31','3','0.00','0','1','0','21','2018-08-02 18:22:56','103.36.122.212','1','2021-10-26 14:32:34','27.255.251.202'),('0','32','3','0.00','0','1','0','21','2018-08-02 18:22:56','103.36.122.212','1','2021-10-26 14:32:34','27.255.251.202'),('0','33','3','0.00','0','1','0','21','2018-08-02 18:22:56','103.36.122.212','1','2021-10-26 14:32:34','27.255.251.202'),('0','34','3','0.00','0','1','0','21','2018-08-02 18:22:56','103.36.122.212','1','2021-10-26 14:32:34','27.255.251.202'),('0','35','3','0.00','0','1','0','21','2018-08-02 18:22:56','103.36.122.212','1','2021-10-26 14:32:34','27.255.251.202'),('0','36','3','0.00','0','1','0','21','2018-08-02 18:22:56','103.36.122.212','1','2021-10-26 14:32:34','27.255.251.202'),('0','37','3','0.00','0','1','0','21','2018-08-02 18:22:56','103.36.122.212','1','2021-10-26 14:32:34','27.255.251.202'),('0','38','3','0.00','0','1','0','21','2018-08-02 18:22:56','103.36.122.212','1','2021-10-26 14:32:34','27.255.251.202'),('0','39','3','0.00','0','1','0','21','2018-08-02 18:22:56','103.36.122.212','1','2021-10-26 14:32:34','27.255.251.202'),('0','40','3','0.00','0','1','0','21','2018-08-02 18:22:56','103.36.122.212','1','2021-10-26 14:32:34','27.255.251.202'),('0','41','3','0.00','0','1','0','21','2018-08-02 18:22:56','103.36.122.212','1','2021-10-26 14:32:34','27.255.251.202'),('0','42','3','0.00','0','1','0','21','2018-08-02 18:22:56','103.36.122.212','1','2021-10-26 14:32:34','27.255.251.202'),('0','43','3','0.00','0','1','0','21','2018-08-02 18:22:56','103.36.122.212','1','2021-10-26 14:32:34','27.255.251.202'),('0','44','3','0.00','0','1','0','21','2018-08-02 18:22:56','103.36.122.212','1','2021-10-26 14:32:34','27.255.251.202'),('0','1','4','0.00','0','1','0','21','2018-08-02 18:26:28','103.36.122.212','1','2021-10-16 04:21:08','96.55.37.191'),('0','2','4','0.00','0','1','0','21','2018-08-02 18:26:28','103.36.122.212','1','2021-10-16 04:21:08','96.55.37.191'),('0','3','4','0.00','0','1','0','21','2018-08-02 18:26:28','103.36.122.212','1','2021-10-16 04:21:08','96.55.37.191'),('0','4','4','0.00','0','1','0','21','2018-08-02 18:26:28','103.36.122.212','1','2021-10-16 04:21:08','96.55.37.191'),('0','5','4','0.00','0','1','0','21','2018-08-02 18:26:28','103.36.122.212','1','2021-10-16 04:21:08','96.55.37.191'),('0','6','4','0.00','0','1','0','21','2018-08-02 18:26:28','103.36.122.212','1','2021-10-16 04:21:08','96.55.37.191'),('0','7','4','0.00','0','1','0','21','2018-08-02 18:26:28','103.36.122.212','1','2021-10-16 04:21:08','96.55.37.191'),('0','8','4','0.00','0','1','0','21','2018-08-02 18:26:28','103.36.122.212','1','2021-10-16 04:21:08','96.55.37.191'),('0','9','4','0.00','0','1','0','21','2018-08-02 18:26:28','103.36.122.212','1','2021-10-16 04:21:08','96.55.37.191'),('0','10','4','0.00','0','1','0','21','2018-08-02 18:26:28','103.36.122.212','1','2021-10-16 04:21:08','96.55.37.191'),('0','11','4','0.00','0','1','0','21','2018-08-02 18:26:28','103.36.122.212','1','2021-10-16 04:21:08','96.55.37.191'),('0','12','4','0.00','0','1','0','21','2018-08-02 18:26:28','103.36.122.212','1','2021-10-16 04:21:08','96.55.37.191'),('0','13','4','0.00','0','1','0','21','2018-08-02 18:26:28','103.36.122.212','1','2021-10-16 04:21:08','96.55.37.191'),('0','14','4','0.00','0','1','0','21','2018-08-02 18:26:28','103.36.122.212','1','2021-10-16 04:21:08','96.55.37.191'),('0','19','4','0.00','0','1','0','21','2018-08-02 18:26:28','103.36.122.212','1','2021-10-16 04:21:08','96.55.37.191'),('0','20','4','0.00','0','1','0','21','2018-08-02 18:26:28','103.36.122.212','1','2021-10-16 04:21:08','96.55.37.191'),('0','15','4','0.00','0','1','0','21','2018-08-02 18:26:28','103.36.122.212','1','2021-10-16 04:21:08','96.55.37.191'),('0','16','4','0.00','0','1','0','21','2018-08-02 18:26:28','103.36.122.212','1','2021-10-16 04:21:08','96.55.37.191'),('0','17','4','0.00','0','1','0','21','2018-08-02 18:26:28','103.36.122.212','1','2021-10-16 04:21:08','96.55.37.191'),('0','18','4','0.00','0','1','0','21','2018-08-02 18:26:28','103.36.122.212','1','2021-10-16 04:21:08','96.55.37.191'),('0','21','4','0.00','0','1','0','21','2018-08-02 18:26:28','103.36.122.212','1','2021-10-16 04:21:08','96.55.37.191'),('0','22','4','0.00','0','1','0','21','2018-08-02 18:26:28','103.36.122.212','1','2021-10-16 04:21:08','96.55.37.191'),('0','23','4','0.00','0','1','0','21','2018-08-02 18:26:28','103.36.122.212','1','2021-10-16 04:21:08','96.55.37.191'),('0','24','4','0.00','0','1','0','21','2018-08-02 18:26:28','103.36.122.212','1','2021-10-16 04:21:08','96.55.37.191'),('0','25','4','0.00','0','1','0','21','2018-08-02 18:26:28','103.36.122.212','1','2021-10-16 04:21:08','96.55.37.191'),('0','26','4','0.00','0','1','0','21','2018-08-02 18:26:28','103.36.122.212','1','2021-10-16 04:21:08','96.55.37.191'),('0','27','4','0.00','0','1','0','21','2018-08-02 18:26:28','103.36.122.212','1','2021-10-16 04:21:08','96.55.37.191'),('0','28','4','0.00','0','1','0','21','2018-08-02 18:26:28','103.36.122.212','1','2021-10-16 04:21:08','96.55.37.191'),('0','29','4','0.00','0','1','0','21','2018-08-02 18:26:28','103.36.122.212','1','2021-10-16 04:21:08','96.55.37.191'),('0','30','4','0.00','0','1','0','21','2018-08-02 18:26:28','103.36.122.212','1','2021-10-16 04:21:08','96.55.37.191'),('0','31','4','0.00','0','1','0','21','2018-08-02 18:26:28','103.36.122.212','1','2021-10-16 04:21:08','96.55.37.191'),('0','32','4','0.00','0','1','0','21','2018-08-02 18:26:28','103.36.122.212','1','2021-10-16 04:21:08','96.55.37.191'),('0','33','4','0.00','0','1','0','21','2018-08-02 18:26:28','103.36.122.212','1','2021-10-16 04:21:08','96.55.37.191'),('0','34','4','0.00','0','1','0','21','2018-08-02 18:26:28','103.36.122.212','1','2021-10-16 04:21:08','96.55.37.191'),('0','35','4','0.00','0','1','0','21','2018-08-02 18:26:28','103.36.122.212','1','2021-10-16 04:21:08','96.55.37.191'),('0','36','4','0.00','0','1','0','21','2018-08-02 18:26:28','103.36.122.212','1','2021-10-16 04:21:08','96.55.37.191'),('0','37','4','0.00','0','1','0','21','2018-08-02 18:26:28','103.36.122.212','1','2021-10-16 04:21:08','96.55.37.191'),('0','38','4','0.00','0','1','0','21','2018-08-02 18:26:28','103.36.122.212','1','2021-10-16 04:21:08','96.55.37.191'),('0','39','4','0.00','0','1','0','21','2018-08-02 18:26:28','103.36.122.212','1','2021-10-16 04:21:08','96.55.37.191'),('0','40','4','0.00','0','1','0','21','2018-08-02 18:26:28','103.36.122.212','1','2021-10-16 04:21:08','96.55.37.191'),('0','41','4','0.00','0','1','0','21','2018-08-02 18:26:28','103.36.122.212','1','2021-10-16 04:21:08','96.55.37.191'),('0','42','4','0.00','0','1','0','21','2018-08-02 18:26:28','103.36.122.212','1','2021-10-16 04:21:08','96.55.37.191'),('0','43','4','0.00','0','1','0','21','2018-08-02 18:26:28','103.36.122.212','1','2021-10-16 04:21:08','96.55.37.191'),('0','44','4','0.00','0','1','0','21','2018-08-02 18:26:28','103.36.122.212','1','2021-10-16 04:21:08','96.55.37.191'),('0','1','5','0.00','0','1','0','1','2021-06-26 11:41:08','96.55.37.191','1','2021-10-16 04:20:52','96.55.37.191'),('0','2','5','0.00','0','1','0','1','2021-06-26 11:41:08','96.55.37.191','1','2021-10-16 04:20:52','96.55.37.191'),('0','3','5','0.00','0','1','0','1','2021-06-26 11:41:08','96.55.37.191','1','2021-10-16 04:20:52','96.55.37.191'),('0','4','5','0.00','0','1','0','1','2021-06-26 11:41:08','96.55.37.191','1','2021-10-16 04:20:52','96.55.37.191'),('0','5','5','0.00','0','1','0','1','2021-06-26 11:41:08','96.55.37.191','1','2021-10-16 04:20:52','96.55.37.191'),('0','6','5','0.00','0','1','0','1','2021-06-26 11:41:08','96.55.37.191','1','2021-10-16 04:20:52','96.55.37.191'),('0','7','5','0.00','0','1','0','1','2021-06-26 11:41:08','96.55.37.191','1','2021-10-16 04:20:52','96.55.37.191'),('0','8','5','0.00','0','1','0','1','2021-06-26 11:41:08','96.55.37.191','1','2021-10-16 04:20:52','96.55.37.191'),('0','9','5','0.00','0','1','0','1','2021-06-26 11:41:08','96.55.37.191','1','2021-10-16 04:20:52','96.55.37.191'),('0','10','5','0.00','0','1','0','1','2021-06-26 11:41:08','96.55.37.191','1','2021-10-16 04:20:52','96.55.37.191'),('0','11','5','0.00','0','1','0','1','2021-06-26 11:41:08','96.55.37.191','1','2021-10-16 04:20:52','96.55.37.191'),('0','12','5','0.00','0','1','0','1','2021-06-26 11:41:08','96.55.37.191','1','2021-10-16 04:20:52','96.55.37.191'),('0','13','5','0.00','0','1','0','1','2021-06-26 11:41:08','96.55.37.191','1','2021-10-16 04:20:52','96.55.37.191'),('0','14','5','0.00','0','1','0','1','2021-06-26 11:41:08','96.55.37.191','1','2021-10-16 04:20:52','96.55.37.191'),('0','19','5','0.00','0','1','0','1','2021-06-26 11:41:08','96.55.37.191','1','2021-10-16 04:20:52','96.55.37.191'),('0','20','5','0.00','0','1','0','1','2021-06-26 11:41:08','96.55.37.191','1','2021-10-16 04:20:52','96.55.37.191'),('0','15','5','0.00','0','1','0','1','2021-06-26 11:41:08','96.55.37.191','1','2021-10-16 04:20:52','96.55.37.191'),('0','16','5','0.00','0','1','0','1','2021-06-26 11:41:08','96.55.37.191','1','2021-10-16 04:20:52','96.55.37.191'),('0','17','5','0.00','0','1','0','1','2021-06-26 11:41:08','96.55.37.191','1','2021-10-16 04:20:52','96.55.37.191'),('0','18','5','0.00','0','1','0','1','2021-06-26 11:41:08','96.55.37.191','1','2021-10-16 04:20:52','96.55.37.191'),('0','21','5','0.00','0','1','0','1','2021-06-26 11:41:08','96.55.37.191','1','2021-10-16 04:20:52','96.55.37.191'),('0','22','5','0.00','0','1','0','1','2021-06-26 11:41:08','96.55.37.191','1','2021-10-16 04:20:52','96.55.37.191'),('0','23','5','0.00','0','1','0','1','2021-06-26 11:41:08','96.55.37.191','1','2021-10-16 04:20:52','96.55.37.191'),('0','24','5','0.00','0','1','0','1','2021-06-26 11:41:08','96.55.37.191','1','2021-10-16 04:20:52','96.55.37.191'),('0','25','5','0.00','0','1','0','1','2021-06-26 11:41:08','96.55.37.191','1','2021-10-16 04:20:52','96.55.37.191'),('0','26','5','0.00','0','1','0','1','2021-06-26 11:41:08','96.55.37.191','1','2021-10-16 04:20:52','96.55.37.191'),('0','27','5','0.00','0','1','0','1','2021-06-26 11:41:08','96.55.37.191','1','2021-10-16 04:20:52','96.55.37.191'),('0','28','5','0.00','0','1','0','1','2021-06-26 11:41:08','96.55.37.191','1','2021-10-16 04:20:52','96.55.37.191'),('0','29','5','0.00','0','1','0','1','2021-06-26 11:41:08','96.55.37.191','1','2021-10-16 04:20:52','96.55.37.191'),('0','30','5','0.00','0','1','0','1','2021-06-26 11:41:08','96.55.37.191','1','2021-10-16 04:20:52','96.55.37.191'),('0','31','5','0.00','0','1','0','1','2021-06-26 11:41:08','96.55.37.191','1','2021-10-16 04:20:52','96.55.37.191'),('0','32','5','0.00','0','1','0','1','2021-06-26 11:41:08','96.55.37.191','1','2021-10-16 04:20:52','96.55.37.191'),('0','33','5','0.00','0','1','0','1','2021-06-26 11:41:08','96.55.37.191','1','2021-10-16 04:20:52','96.55.37.191'),('0','34','5','0.00','0','1','0','1','2021-06-26 11:41:08','96.55.37.191','1','2021-10-16 04:20:52','96.55.37.191'),('0','35','5','0.00','0','1','0','1','2021-06-26 11:41:08','96.55.37.191','1','2021-10-16 04:20:52','96.55.37.191'),('0','36','5','0.00','0','1','0','1','2021-06-26 11:41:08','96.55.37.191','1','2021-10-16 04:20:52','96.55.37.191'),('0','37','5','0.00','0','1','0','1','2021-06-26 11:41:08','96.55.37.191','1','2021-10-16 04:20:52','96.55.37.191'),('0','38','5','0.00','0','1','0','1','2021-06-26 11:41:08','96.55.37.191','1','2021-10-16 04:20:52','96.55.37.191'),('0','39','5','0.00','0','1','0','1','2021-06-26 11:41:08','96.55.37.191','1','2021-10-16 04:20:52','96.55.37.191'),('0','40','5','0.00','0','1','0','1','2021-06-26 11:41:08','96.55.37.191','1','2021-10-16 04:20:52','96.55.37.191'),('0','41','5','0.00','0','1','0','1','2021-06-26 11:41:08','96.55.37.191','1','2021-10-16 04:20:52','96.55.37.191'),('0','42','5','0.00','0','1','0','1','2021-06-26 11:41:08','96.55.37.191','1','2021-10-16 04:20:52','96.55.37.191'),('0','43','5','0.00','0','1','0','1','2021-06-26 11:41:08','96.55.37.191','1','2021-10-16 04:20:52','96.55.37.191'),('0','44','5','0.00','0','1','0','1','2021-06-26 11:41:08','96.55.37.191','1','2021-10-16 04:20:52','96.55.37.191'),('0','1','6','0.00','0','1','0','1','2021-06-26 11:42:44','96.55.37.191','1','2021-10-16 04:19:44','96.55.37.191'),('0','2','6','0.00','0','1','0','1','2021-06-26 11:42:44','96.55.37.191','1','2021-10-16 04:19:44','96.55.37.191'),('0','3','6','0.00','0','1','0','1','2021-06-26 11:42:44','96.55.37.191','1','2021-10-16 04:19:44','96.55.37.191'),('0','4','6','0.00','0','1','0','1','2021-06-26 11:42:44','96.55.37.191','1','2021-10-16 04:19:44','96.55.37.191'),('0','5','6','0.00','0','1','0','1','2021-06-26 11:42:44','96.55.37.191','1','2021-10-16 04:19:44','96.55.37.191'),('0','6','6','0.00','0','1','0','1','2021-06-26 11:42:44','96.55.37.191','1','2021-10-16 04:19:44','96.55.37.191'),('0','7','6','0.00','0','1','0','1','2021-06-26 11:42:44','96.55.37.191','1','2021-10-16 04:19:44','96.55.37.191'),('0','8','6','0.00','0','1','0','1','2021-06-26 11:42:44','96.55.37.191','1','2021-10-16 04:19:44','96.55.37.191'),('0','9','6','0.00','0','1','0','1','2021-06-26 11:42:44','96.55.37.191','1','2021-10-16 04:19:44','96.55.37.191'),('0','10','6','0.00','0','1','0','1','2021-06-26 11:42:44','96.55.37.191','1','2021-10-16 04:19:44','96.55.37.191'),('0','11','6','0.00','0','1','0','1','2021-06-26 11:42:44','96.55.37.191','1','2021-10-16 04:19:44','96.55.37.191'),('0','12','6','0.00','0','1','0','1','2021-06-26 11:42:44','96.55.37.191','1','2021-10-16 04:19:44','96.55.37.191'),('0','13','6','0.00','0','1','0','1','2021-06-26 11:42:44','96.55.37.191','1','2021-10-16 04:19:44','96.55.37.191'),('0','14','6','0.00','0','1','0','1','2021-06-26 11:42:44','96.55.37.191','1','2021-10-16 04:19:44','96.55.37.191'),('0','19','6','0.00','0','1','0','1','2021-06-26 11:42:44','96.55.37.191','1','2021-10-16 04:19:44','96.55.37.191'),('0','20','6','0.00','0','1','0','1','2021-06-26 11:42:44','96.55.37.191','1','2021-10-16 04:19:44','96.55.37.191'),('0','15','6','0.00','0','1','0','1','2021-06-26 11:42:44','96.55.37.191','1','2021-10-16 04:19:44','96.55.37.191'),('0','16','6','0.00','0','1','0','1','2021-06-26 11:42:44','96.55.37.191','1','2021-10-16 04:19:44','96.55.37.191'),('0','17','6','0.00','0','1','0','1','2021-06-26 11:42:44','96.55.37.191','1','2021-10-16 04:19:44','96.55.37.191'),('0','18','6','0.00','0','1','0','1','2021-06-26 11:42:44','96.55.37.191','1','2021-10-16 04:19:44','96.55.37.191'),('0','21','6','0.00','0','1','0','1','2021-06-26 11:42:44','96.55.37.191','1','2021-10-16 04:19:44','96.55.37.191'),('0','22','6','0.00','0','1','0','1','2021-06-26 11:42:44','96.55.37.191','1','2021-10-16 04:19:44','96.55.37.191'),('0','23','6','0.00','0','1','0','1','2021-06-26 11:42:44','96.55.37.191','1','2021-10-16 04:19:44','96.55.37.191'),('0','24','6','0.00','0','1','0','1','2021-06-26 11:42:44','96.55.37.191','1','2021-10-16 04:19:44','96.55.37.191'),('0','25','6','0.00','0','1','0','1','2021-06-26 11:42:44','96.55.37.191','1','2021-10-16 04:19:44','96.55.37.191'),('0','26','6','0.00','0','1','0','1','2021-06-26 11:42:44','96.55.37.191','1','2021-10-16 04:19:44','96.55.37.191'),('0','27','6','0.00','0','1','0','1','2021-06-26 11:42:44','96.55.37.191','1','2021-10-16 04:19:44','96.55.37.191'),('0','28','6','0.00','0','1','0','1','2021-06-26 11:42:44','96.55.37.191','1','2021-10-16 04:19:44','96.55.37.191'),('0','29','6','0.00','0','1','0','1','2021-06-26 11:42:44','96.55.37.191','1','2021-10-16 04:19:44','96.55.37.191'),('0','30','6','0.00','0','1','0','1','2021-06-26 11:42:44','96.55.37.191','1','2021-10-16 04:19:44','96.55.37.191'),('0','31','6','0.00','0','1','0','1','2021-06-26 11:42:44','96.55.37.191','1','2021-10-16 04:19:44','96.55.37.191'),('0','32','6','0.00','0','1','0','1','2021-06-26 11:42:44','96.55.37.191','1','2021-10-16 04:19:44','96.55.37.191'),('0','33','6','0.00','0','1','0','1','2021-06-26 11:42:44','96.55.37.191','1','2021-10-16 04:19:44','96.55.37.191'),('0','34','6','0.00','0','1','0','1','2021-06-26 11:42:44','96.55.37.191','1','2021-10-16 04:19:44','96.55.37.191'),('0','35','6','0.00','0','1','0','1','2021-06-26 11:42:44','96.55.37.191','1','2021-10-16 04:19:44','96.55.37.191'),('0','36','6','0.00','0','1','0','1','2021-06-26 11:42:44','96.55.37.191','1','2021-10-16 04:19:44','96.55.37.191'),('0','37','6','0.00','0','1','0','1','2021-06-26 11:42:44','96.55.37.191','1','2021-10-16 04:19:44','96.55.37.191'),('0','38','6','0.00','0','1','0','1','2021-06-26 11:42:44','96.55.37.191','1','2021-10-16 04:19:44','96.55.37.191'),('0','39','6','0.00','0','1','0','1','2021-06-26 11:42:44','96.55.37.191','1','2021-10-16 04:19:44','96.55.37.191'),('0','40','6','0.00','0','1','0','1','2021-06-26 11:42:44','96.55.37.191','1','2021-10-16 04:19:44','96.55.37.191'),('0','41','6','0.00','0','1','0','1','2021-06-26 11:42:44','96.55.37.191','1','2021-10-16 04:19:44','96.55.37.191'),('0','42','6','0.00','0','1','0','1','2021-06-26 11:42:44','96.55.37.191','1','2021-10-16 04:19:44','96.55.37.191'),('0','43','6','0.00','0','1','0','1','2021-06-26 11:42:44','96.55.37.191','1','2021-10-16 04:19:44','96.55.37.191'),('0','44','6','0.00','0','1','0','1','2021-06-26 11:42:44','96.55.37.191','1','2021-10-16 04:19:44','96.55.37.191'),('0','45','3','0.00','0','1','0','21','2021-07-27 12:07:34','49.34.9.103','1','2021-10-26 14:32:34','27.255.251.202'),('0','46','3','0.00','0','1','0','21','2021-07-27 12:07:34','49.34.9.103','1','2021-10-26 14:32:34','27.255.251.202'),('0','1','7','0.00','0','1','0','1','2021-08-30 02:42:26','107.210.168.81','0','0000-00-00 00:00:00',''),('0','2','7','0.00','0','1','0','1','2021-08-30 02:42:26','107.210.168.81','0','0000-00-00 00:00:00',''),('0','3','7','0.00','0','1','0','1','2021-08-30 02:42:26','107.210.168.81','0','0000-00-00 00:00:00',''),('0','4','7','0.00','0','1','0','1','2021-08-30 02:42:26','107.210.168.81','0','0000-00-00 00:00:00',''),('0','5','7','0.00','0','1','0','1','2021-08-30 02:42:26','107.210.168.81','0','0000-00-00 00:00:00',''),('0','6','7','0.00','0','1','0','1','2021-08-30 02:42:26','107.210.168.81','0','0000-00-00 00:00:00',''),('0','7','7','0.00','0','1','0','1','2021-08-30 02:42:26','107.210.168.81','0','0000-00-00 00:00:00',''),('0','8','7','0.00','0','1','0','1','2021-08-30 02:42:26','107.210.168.81','0','0000-00-00 00:00:00',''),('0','9','7','0.00','0','1','0','1','2021-08-30 02:42:26','107.210.168.81','0','0000-00-00 00:00:00',''),('0','10','7','0.00','0','1','0','1','2021-08-30 02:42:26','107.210.168.81','0','0000-00-00 00:00:00',''),('0','11','7','0.00','0','1','0','1','2021-08-30 02:42:26','107.210.168.81','0','0000-00-00 00:00:00',''),('0','12','7','0.00','0','1','0','1','2021-08-30 02:42:26','107.210.168.81','0','0000-00-00 00:00:00',''),('0','13','7','0.00','0','1','0','1','2021-08-30 02:42:26','107.210.168.81','0','0000-00-00 00:00:00',''),('0','14','7','0.00','0','1','0','1','2021-08-30 02:42:26','107.210.168.81','0','0000-00-00 00:00:00',''),('0','19','7','0.00','0','1','0','1','2021-08-30 02:42:26','107.210.168.81','0','0000-00-00 00:00:00',''),('0','20','7','0.00','0','1','0','1','2021-08-30 02:42:26','107.210.168.81','0','0000-00-00 00:00:00',''),('0','15','7','0.00','0','1','0','1','2021-08-30 02:42:26','107.210.168.81','0','0000-00-00 00:00:00',''),('0','16','7','0.00','0','1','0','1','2021-08-30 02:42:26','107.210.168.81','0','0000-00-00 00:00:00',''),('0','17','7','0.00','0','1','0','1','2021-08-30 02:42:26','107.210.168.81','0','0000-00-00 00:00:00',''),('0','18','7','0.00','0','1','0','1','2021-08-30 02:42:26','107.210.168.81','0','0000-00-00 00:00:00',''),('0','21','7','0.00','0','1','0','1','2021-08-30 02:42:26','107.210.168.81','0','0000-00-00 00:00:00',''),('0','22','7','0.00','0','1','0','1','2021-08-30 02:42:26','107.210.168.81','0','0000-00-00 00:00:00',''),('0','23','7','0.00','0','1','0','1','2021-08-30 02:42:26','107.210.168.81','0','0000-00-00 00:00:00',''),('0','24','7','0.00','0','1','0','1','2021-08-30 02:42:26','107.210.168.81','0','0000-00-00 00:00:00',''),('0','25','7','0.00','0','1','0','1','2021-08-30 02:42:26','107.210.168.81','0','0000-00-00 00:00:00',''),('0','26','7','0.00','0','1','0','1','2021-08-30 02:42:26','107.210.168.81','0','0000-00-00 00:00:00',''),('0','27','7','0.00','0','1','0','1','2021-08-30 02:42:26','107.210.168.81','0','0000-00-00 00:00:00',''),('0','28','7','0.00','0','1','0','1','2021-08-30 02:42:26','107.210.168.81','0','0000-00-00 00:00:00',''),('0','29','7','0.00','0','1','0','1','2021-08-30 02:42:26','107.210.168.81','0','0000-00-00 00:00:00',''),('0','30','7','0.00','0','1','0','1','2021-08-30 02:42:26','107.210.168.81','0','0000-00-00 00:00:00',''),('0','31','7','0.00','0','1','0','1','2021-08-30 02:42:26','107.210.168.81','0','0000-00-00 00:00:00',''),('0','32','7','0.00','0','1','0','1','2021-08-30 02:42:26','107.210.168.81','0','0000-00-00 00:00:00',''),('0','33','7','0.00','0','1','0','1','2021-08-30 02:42:26','107.210.168.81','0','0000-00-00 00:00:00',''),('0','34','7','0.00','0','1','0','1','2021-08-30 02:42:26','107.210.168.81','0','0000-00-00 00:00:00',''),('0','35','7','0.00','0','1','0','1','2021-08-30 02:42:26','107.210.168.81','0','0000-00-00 00:00:00',''),('0','36','7','0.00','0','1','0','1','2021-08-30 02:42:26','107.210.168.81','0','0000-00-00 00:00:00',''),('0','37','7','0.00','0','1','0','1','2021-08-30 02:42:26','107.210.168.81','0','0000-00-00 00:00:00',''),('0','38','7','0.00','0','1','0','1','2021-08-30 02:42:26','107.210.168.81','0','0000-00-00 00:00:00',''),('0','39','7','0.00','0','1','0','1','2021-08-30 02:42:26','107.210.168.81','0','0000-00-00 00:00:00',''),('0','40','7','0.00','0','1','0','1','2021-08-30 02:42:26','107.210.168.81','0','0000-00-00 00:00:00',''),('0','41','7','0.00','0','1','0','1','2021-08-30 02:42:26','107.210.168.81','0','0000-00-00 00:00:00',''),('0','42','7','0.00','0','1','0','1','2021-08-30 02:42:26','107.210.168.81','0','0000-00-00 00:00:00',''),('0','43','7','0.00','0','1','0','1','2021-08-30 02:42:26','107.210.168.81','0','0000-00-00 00:00:00',''),('0','44','7','0.00','0','1','0','1','2021-08-30 02:42:26','107.210.168.81','0','0000-00-00 00:00:00',''),('0','45','7','0.00','0','1','0','1','2021-08-30 02:42:26','107.210.168.81','0','0000-00-00 00:00:00',''),('0','46','7','0.00','0','1','0','1','2021-08-30 02:42:26','107.210.168.81','0','0000-00-00 00:00:00',''),('0','45','6','0.00','0','1','0','1','2021-10-16 04:19:44','96.55.37.191','0','0000-00-00 00:00:00',''),('0','46','6','0.00','0','1','0','1','2021-10-16 04:19:44','96.55.37.191','0','0000-00-00 00:00:00',''),('0','45','2','0.00','0','1','0','1','2021-10-16 04:20:35','96.55.37.191','0','0000-00-00 00:00:00',''),('0','46','2','0.00','0','1','0','1','2021-10-16 04:20:35','96.55.37.191','0','0000-00-00 00:00:00',''),('0','45','5','0.00','0','1','0','1','2021-10-16 04:20:52','96.55.37.191','0','0000-00-00 00:00:00',''),('0','46','5','0.00','0','1','0','1','2021-10-16 04:20:52','96.55.37.191','0','0000-00-00 00:00:00',''),('0','45','4','0.00','0','1','0','1','2021-10-16 04:21:08','96.55.37.191','0','0000-00-00 00:00:00',''),('0','46','4','0.00','0','1','0','1','2021-10-16 04:21:08','96.55.37.191','0','0000-00-00 00:00:00','');
/*!40000 ALTER TABLE `ft_charge_value` ENABLE KEYS */;

DROP TABLE IF EXISTS `ft_client_account`;
CREATE TABLE `ft_client_account` (
  `id` int(12) NOT NULL AUTO_INCREMENT,
  `joint_name` varchar(50) NOT NULL,
  `ssn` varchar(30) NOT NULL,
  `dob` date NOT NULL,
  `income` varchar(20) NOT NULL,
  `occupation` varchar(50) NOT NULL,
  `position` varchar(30) NOT NULL,
  `securities` tinyint(1) NOT NULL DEFAULT '0',
  `employer` varchar(20) NOT NULL,
  `employer_add` varchar(50) NOT NULL,
  `status` tinyint(1) NOT NULL DEFAULT '1',
  `is_delete` tinyint(1) NOT NULL DEFAULT '0',
  `created_by` int(12) NOT NULL,
  `created_time` datetime NOT NULL,
  `created_ip` varchar(100) NOT NULL,
  `modified_by` int(12) NOT NULL,
  `modified_time` datetime NOT NULL,
  `modified_ip` varchar(100) NOT NULL,
  PRIMARY KEY (`id`)
) ENGINE=InnoDB AUTO_INCREMENT=2 DEFAULT CHARSET=latin1;

/*!40000 ALTER TABLE `ft_client_account` DISABLE KEYS */;
INSERT INTO `ft_client_account` VALUES ('1','joint 1','defdf','0000-00-00','dfdf','dfdf','dfdf','1','fdfd','dfdf','1','0','2','2018-01-03 18:27:30','103.36.122.212','1','2021-07-24 08:54:26','107.210.168.81');
/*!40000 ALTER TABLE `ft_client_account` ENABLE KEYS */;

DROP TABLE IF EXISTS `ft_client_account_no`;
CREATE TABLE `ft_client_account_no` (
  `id` int(12) NOT NULL AUTO_INCREMENT,
  `client_id` int(12) NOT NULL,
  `account_no` varchar(100) NOT NULL,
  `sponsor_company` varchar(100) NOT NULL,
  `status` tinyint(1) NOT NULL DEFAULT '1',
  `is_delete` tinyint(1) NOT NULL DEFAULT '0',
  `created_by` int(12) NOT NULL,
  `created_time` datetime NOT NULL,
  `created_ip` varchar(100) NOT NULL,
  `modified_by` int(12) NOT NULL,
  `modified_time` datetime NOT NULL,
  `modified_ip` varchar(100) NOT NULL,
  PRIMARY KEY (`id`)
) ENGINE=InnoDB AUTO_INCREMENT=140 DEFAULT CHARSET=latin1;

/*!40000 ALTER TABLE `ft_client_account_no` DISABLE KEYS */;
INSERT INTO `ft_client_account_no` VALUES ('7','1','00150247194','','1','1','0','0000-00-00 00:00:00','','0','0000-00-00 00:00:00',''),('8','2','00150247581','','1','0','0','0000-00-00 00:00:00','','0','0000-00-00 00:00:00',''),('10','5','00150247184','','1','0','0','0000-00-00 00:00:00','','0','0000-00-00 00:00:00',''),('12','7','00150247337','','1','1','0','0000-00-00 00:00:00','','0','0000-00-00 00:00:00',''),('14','2','00150247581','','1','0','0','0000-00-00 00:00:00','','0','0000-00-00 00:00:00',''),('15','3','00150247590','','1','1','0','0000-00-00 00:00:00','','0','0000-00-00 00:00:00',''),('17','7','00150247582','','1','1','0','0000-00-00 00:00:00','','0','0000-00-00 00:00:00',''),('21','3','00150247590','','1','1','0','0000-00-00 00:00:00','','0','0000-00-00 00:00:00',''),('23','6','00150247582','','1','1','0','0000-00-00 00:00:00','','0','0000-00-00 00:00:00',''),('28','6','00150247184','','1','1','0','0000-00-00 00:00:00','','0','0000-00-00 00:00:00',''),('31','8','00000011111         ','','1','1','21','2018-07-12 18:28:43','103.36.122.212','0','0000-00-00 00:00:00',''),('34','11','78978978978         ','','1','0','21','2018-07-13 05:16:40','76.176.130.44','0','0000-00-00 00:00:00',''),('35','12','15615615615         ','','1','0','21','2018-07-13 05:16:40','76.176.130.44','0','0000-00-00 00:00:00',''),('36','13','12312312311         ','','1','0','21','2018-07-13 05:16:40','76.176.130.44','0','0000-00-00 00:00:00',''),('37','14','45645645645         ','','1','0','21','2018-07-13 05:16:40','76.176.130.44','0','0000-00-00 00:00:00',''),('38','15','78978978978         ','','1','0','21','2018-07-13 05:16:40','76.176.130.44','0','0000-00-00 00:00:00',''),('39','16','15615615615         ','','1','0','21','2018-07-13 05:16:40','76.176.130.44','0','0000-00-00 00:00:00',''),('40','17','12312312311         ','','1','0','21','2018-07-13 05:16:40','76.176.130.44','0','0000-00-00 00:00:00',''),('43','20','15615615615         ','','1','0','21','2018-07-13 05:16:40','76.176.130.44','0','0000-00-00 00:00:00',''),('44','21','12312312311         ','','1','0','21','2018-07-13 05:16:40','76.176.130.44','0','0000-00-00 00:00:00',''),('45','22','45645645645         ','','1','0','21','2018-07-13 05:16:40','76.176.130.44','0','0000-00-00 00:00:00',''),('47','24','15615615615         ','','1','0','21','2018-07-13 05:16:40','76.176.130.44','0','0000-00-00 00:00:00',''),('48','25','12312312311         ','','1','0','21','2018-07-13 05:16:40','76.176.130.44','0','0000-00-00 00:00:00',''),('49','26','45645645645         ','','1','0','21','2018-07-13 05:16:40','76.176.130.44','0','0000-00-00 00:00:00',''),('50','27','78978978978         ','','1','0','21','2018-07-13 05:16:40','76.176.130.44','0','0000-00-00 00:00:00',''),('51','28','15615615615         ','','1','0','21','2018-07-13 05:16:40','76.176.130.44','0','0000-00-00 00:00:00',''),('52','29','12312312311         ','','1','0','21','2018-07-13 05:16:40','76.176.130.44','0','0000-00-00 00:00:00',''),('53','30','45645645645         ','','1','0','21','2018-07-13 05:16:40','76.176.130.44','0','0000-00-00 00:00:00',''),('54','31','78978978978         ','','1','0','21','2018-07-13 05:16:40','76.176.130.44','0','0000-00-00 00:00:00',''),('55','32','15615615615         ','','1','0','21','2018-07-13 05:16:40','76.176.130.44','0','0000-00-00 00:00:00',''),('58','33','00150247590         ','1','1','0','21','2018-07-24 02:34:42','98.173.59.168','0','0000-00-00 00:00:00',''),('59','34','00150247184         ','1','1','0','21','2018-07-24 02:35:46','98.173.59.168','0','0000-00-00 00:00:00',''),('60','35','00150247582         ','1','1','0','21','2018-07-24 02:36:25','98.173.59.168','0','0000-00-00 00:00:00',''),('62','36','00150247337         ','1','1','0','21','2018-07-24 02:36:51','98.173.59.168','0','0000-00-00 00:00:00',''),('63','1','12312312311         ','','1','1','3','2018-07-30 17:06:11','103.36.122.212','0','0000-00-00 00:00:00',''),('67','5','12312312311         ','','1','0','3','2018-07-30 17:06:11','103.36.122.212','0','0000-00-00 00:00:00',''),('70','8','15615615615         ','','1','1','3','2018-07-30 17:06:11','103.36.122.212','0','0000-00-00 00:00:00',''),('71','9','12312312311         ','','1','1','3','2018-07-30 17:06:11','103.36.122.212','0','0000-00-00 00:00:00',''),('72','10','45645645645         ','','1','0','3','2018-07-30 17:06:11','103.36.122.212','0','0000-00-00 00:00:00',''),('73','11','78978978978         ','','1','0','3','2018-07-30 17:06:11','103.36.122.212','0','0000-00-00 00:00:00',''),('74','12','15615615615         ','','1','0','3','2018-07-30 17:06:11','103.36.122.212','0','0000-00-00 00:00:00',''),('75','13','12312312311         ','','1','0','3','2018-07-30 17:06:11','103.36.122.212','0','0000-00-00 00:00:00',''),('76','14','45645645645         ','','1','0','3','2018-07-30 17:06:11','103.36.122.212','0','0000-00-00 00:00:00',''),('77','15','78978978978         ','','1','0','3','2018-07-30 17:06:11','103.36.122.212','0','0000-00-00 00:00:00',''),('78','16','15615615615         ','','1','0','3','2018-07-30 17:06:11','103.36.122.212','0','0000-00-00 00:00:00',''),('79','17','12312312311         ','','1','0','3','2018-07-30 17:06:11','103.36.122.212','0','0000-00-00 00:00:00',''),('80','18','45645645645         ','','1','0','3','2018-07-30 17:06:11','103.36.122.212','0','0000-00-00 00:00:00',''),('81','19','78978978978         ','','1','0','3','2018-07-30 17:06:11','103.36.122.212','0','0000-00-00 00:00:00',''),('82','20','15615615615         ','','1','0','3','2018-07-30 17:06:11','103.36.122.212','0','0000-00-00 00:00:00',''),('83','21','12312312311         ','','1','0','3','2018-07-30 17:06:11','103.36.122.212','0','0000-00-00 00:00:00',''),('84','22','45645645645         ','','1','0','3','2018-07-30 17:06:11','103.36.122.212','0','0000-00-00 00:00:00',''),('85','23','78978978978         ','','1','0','3','2018-07-30 17:06:11','103.36.122.212','0','0000-00-00 00:00:00',''),('86','24','15615615615         ','','1','0','3','2018-07-30 17:06:11','103.36.122.212','0','0000-00-00 00:00:00',''),('87','4','00150247194','1','1','1','0','0000-00-00 00:00:00','','0','0000-00-00 00:00:00',''),('88','10','00150247581','1','1','0','0','0000-00-00 00:00:00','','0','0000-00-00 00:00:00',''),('89','19','00150247590','1','1','0','0','0000-00-00 00:00:00','','0','0000-00-00 00:00:00',''),('91','23','00150247582','1','1','0','0','0000-00-00 00:00:00','','0','0000-00-00 00:00:00',''),('92','18','00150247337','1','1','0','0','0000-00-00 00:00:00','','0','0000-00-00 00:00:00',''),('93','26','55555555555         ','','1','0','21','2018-08-02 09:28:19','103.36.122.212','0','0000-00-00 00:00:00',''),('94','27','44444444444         ','','1','0','21','2018-08-02 09:28:19','103.36.122.212','0','0000-00-00 00:00:00',''),('99','4','00123456789         ','','1','1','1','2020-11-06 21:46:13','107.210.168.81','0','0000-00-00 00:00:00',''),('108','9','130388022','169','1','1','1','2021-06-26 13:05:09','96.55.37.191','0','0000-00-00 00:00:00',''),('111','6','00087128668','80','1','1','1','2021-06-30 06:25:46','96.55.37.191','0','0000-00-00 00:00:00',''),('112','6','00087128354','23','1','1','1','2021-06-30 06:25:46','96.55.37.191','0','0000-00-00 00:00:00',''),('113','6','00087128742','23','1','1','1','2021-06-30 06:25:46','96.55.37.191','0','0000-00-00 00:00:00',''),('114','7','01598745','2','1','1','1','2021-06-30 10:26:22','49.156.122.196','0','0000-00-00 00:00:00',''),('115','7','23154866','1','1','1','1','2021-06-30 10:26:22','49.156.122.196','0','0000-00-00 00:00:00',''),('116','9','00087128668','80','1','0','1','2021-06-30 10:35:42','96.55.37.191','0','0000-00-00 00:00:00',''),('117','9','00087128576','18','1','0','1','2021-06-30 10:35:42','96.55.37.191','0','0000-00-00 00:00:00',''),('118','9','00087128666','80','1','0','1','2021-06-30 10:35:42','96.55.37.191','0','0000-00-00 00:00:00',''),('119','8','00087128668','18','1','1','1','2021-06-30 10:38:06','96.55.37.191','0','0000-00-00 00:00:00',''),('120','8','00087128222','4','1','1','1','2021-06-30 10:38:06','96.55.37.191','0','0000-00-00 00:00:00',''),('121','8','   00017839292','23','1','1','1','2021-06-30 10:38:06','96.55.37.191','0','0000-00-00 00:00:00',''),('122','8','00048494933','18','1','1','1','2021-06-30 10:38:06','96.55.37.191','0','0000-00-00 00:00:00',''),('123','4','000871285677','23','1','0','1','2021-06-30 10:41:33','96.55.37.191','0','0000-00-00 00:00:00',''),('124','4','00087123458','23','1','0','1','2021-06-30 10:41:33','96.55.37.191','0','0000-00-00 00:00:00',''),('125','4','00087128458','23','1','0','1','2021-06-30 10:41:33','96.55.37.191','0','0000-00-00 00:00:00',''),('126','4','000871234566','23','1','0','1','2021-06-30 10:41:33','96.55.37.191','0','0000-00-00 00:00:00',''),('127','4','00087128668','23','1','0','1','2021-06-30 10:41:33','96.55.37.191','0','0000-00-00 00:00:00',''),('128','7','00087128112','65','1','1','1','2021-07-01 10:45:42','96.55.37.191','0','0000-00-00 00:00:00',''),('129','7','123','3','1','1','1','2021-07-22 23:27:02','107.210.168.81','0','0000-00-00 00:00:00',''),('130','7','31231','217','1','1','1','2021-07-22 23:27:02','107.210.168.81','0','0000-00-00 00:00:00',''),('131','8','sf423g3t','1','1','0','1','2021-07-30 15:48:10','107.210.168.81','0','0000-00-00 00:00:00',''),('132','6','23423423423423','','1','0','1','2021-09-22 13:15:27','49.156.67.144','0','0000-00-00 00:00:00',''),('133','2','00150247581213213213213','','1','0','1','2021-09-22 13:18:39','49.156.67.144','0','0000-00-00 00:00:00',''),('134','1','332432424234234','','1','1','1','2021-09-22 13:21:40','49.156.67.144','0','0000-00-00 00:00:00',''),('135','2','99999999','1','1','0','1','2021-10-07 15:40:57','49.156.67.217','0','0000-00-00 00:00:00',''),('136','2','10101010','1','1','0','1','2021-10-07 15:42:40','49.156.67.217','0','0000-00-00 00:00:00',''),('137','7','1','1','1','1','1','2021-10-11 23:54:08','107.210.168.81','0','0000-00-00 00:00:00',''),('138','7','3','3','1','1','1','2021-10-11 23:54:08','107.210.168.81','0','0000-00-00 00:00:00',''),('139','7','2','2','1','1','1','2021-10-11 23:54:08','107.210.168.81','0','0000-00-00 00:00:00','');
/*!40000 ALTER TABLE `ft_client_account_no` ENABLE KEYS */;

DROP TABLE IF EXISTS `ft_client_attach`;
CREATE TABLE `ft_client_attach` (
  `id` int(12) NOT NULL AUTO_INCREMENT,
  `date` datetime NOT NULL,
  `user_id` varchar(100) NOT NULL,
  `attach` varchar(100) NOT NULL,
  `file_name` varchar(50) NOT NULL,
  `status` tinyint(1) NOT NULL DEFAULT '1',
  `is_delete` tinyint(1) NOT NULL DEFAULT '0',
  `created_by` int(12) NOT NULL,
  `created_time` datetime NOT NULL,
  `created_ip` varchar(100) NOT NULL,
  `modified_by` int(12) NOT NULL,
  `modified_time` datetime NOT NULL,
  `modified_ip` varchar(100) NOT NULL,
  PRIMARY KEY (`id`)
) ENGINE=InnoDB DEFAULT CHARSET=latin1;

/*!40000 ALTER TABLE `ft_client_attach` DISABLE KEYS */;
/*!40000 ALTER TABLE `ft_client_attach` ENABLE KEYS */;

DROP TABLE IF EXISTS `ft_client_employment`;
CREATE TABLE `ft_client_employment` (
  `id` int(12) NOT NULL AUTO_INCREMENT,
  `client_id` int(12) NOT NULL,
  `occupation` varchar(100) NOT NULL,
  `employer` varchar(100) NOT NULL,
  `address` varchar(100) NOT NULL,
  `position` varchar(100) NOT NULL,
  `telephone` varchar(100) NOT NULL,
  `security_related_firm` tinyint(1) NOT NULL DEFAULT '0',
  `finra_affiliation` tinyint(1) NOT NULL DEFAULT '0',
  `spouse_name` varchar(100) NOT NULL,
  `spouse_ssn` varchar(100) NOT NULL,
  `dependents` varchar(100) NOT NULL,
  `salutation` varchar(100) NOT NULL,
  `options` tinyint(1) NOT NULL DEFAULT '0',
  `other` varchar(100) NOT NULL,
  `number` varchar(100) NOT NULL,
  `expiration` datetime NOT NULL,
  `state` varchar(100) NOT NULL,
  `date_verified` datetime NOT NULL,
  `status` tinyint(1) NOT NULL DEFAULT '1',
  `is_delete` tinyint(1) NOT NULL DEFAULT '0',
  `created_by` int(12) NOT NULL,
  `created_time` datetime NOT NULL,
  `created_ip` varchar(100) NOT NULL,
  `modified_by` int(12) NOT NULL,
  `modified_time` datetime NOT NULL,
  `modified_ip` varchar(100) NOT NULL,
  PRIMARY KEY (`id`)
) ENGINE=InnoDB AUTO_INCREMENT=44 DEFAULT CHARSET=latin1;

/*!40000 ALTER TABLE `ft_client_employment` DISABLE KEYS */;
INSERT INTO `ft_client_employment` VALUES ('1','1','','','','','','0','0','','','','','0','','','1970-01-01 00:00:00','','1970-01-01 00:00:00','1','0','21','2018-05-30 16:34:50','103.36.122.212','1','2021-10-07 12:52:52','96.55.37.191'),('2','0','','','','','','0','0','','','','','0','','','1970-01-01 00:00:00','','1970-01-01 00:00:00','1','0','21','2018-07-24 02:34:31','98.173.59.168','0','0000-00-00 00:00:00',''),('3','33','','','','','','0','0','','','','','0','','','1970-01-01 00:00:00','','1970-01-01 00:00:00','1','0','21','2018-07-24 02:34:42','98.173.59.168','0','0000-00-00 00:00:00',''),('4','34','','','','','','0','0','','','','','0','','','1970-01-01 00:00:00','','1970-01-01 00:00:00','1','0','21','2018-07-24 02:35:46','98.173.59.168','0','0000-00-00 00:00:00',''),('5','35','','','','','','0','0','','','','','0','','','1970-01-01 00:00:00','','1970-01-01 00:00:00','1','0','21','2018-07-24 02:36:25','98.173.59.168','0','0000-00-00 00:00:00',''),('6','0','','','','','','0','0','','','','','0','','','1970-01-01 00:00:00','','1970-01-01 00:00:00','1','0','21','2018-07-24 02:36:45','98.173.59.168','0','0000-00-00 00:00:00',''),('7','36','','','','','','0','0','','','','','0','','','1970-01-01 00:00:00','','1970-01-01 00:00:00','1','0','21','2018-07-24 02:36:51','98.173.59.168','0','0000-00-00 00:00:00',''),('8','0','','','','','','0','0','','','','','0','','','1970-01-01 00:00:00','','1970-01-01 00:00:00','1','0','21','2018-08-02 09:27:16','103.36.122.212','0','0000-00-00 00:00:00',''),('9','25','','','','','','0','0','','','','','0','','','1970-01-01 00:00:00','','1970-01-01 00:00:00','1','0','21','2018-08-02 09:27:33','103.36.122.212','0','0000-00-00 00:00:00',''),('10','0','','','','','','0','0','','','','','0','','','1970-01-01 00:00:00','','1970-01-01 00:00:00','1','0','21','2018-08-02 10:28:06','103.36.122.212','0','0000-00-00 00:00:00',''),('11','1','','','','','','0','0','','','','','0','','','1970-01-01 00:00:00','','1970-01-01 00:00:00','1','0','21','2018-08-02 10:28:21','103.36.122.212','1','2021-10-07 12:52:52','96.55.37.191'),('12','0','','','','','','0','0','','','','','0','','','1970-01-01 00:00:00','','1970-01-01 00:00:00','1','0','21','2018-08-02 10:31:31','103.36.122.212','0','0000-00-00 00:00:00',''),('13','2','','','','','','0','0','','','','','0','','','1970-01-01 00:00:00','','1970-01-01 00:00:00','1','0','21','2018-08-02 10:32:01','103.36.122.212','1','2021-06-26 23:53:05','96.55.37.191'),('14','6','','','','','','0','0','','','','','0','','','1970-01-01 00:00:00','','1970-01-01 00:00:00','1','0','1','2021-06-24 11:01:32','96.55.37.191','1','2021-07-01 12:08:50','125.62.116.175'),('15','7','','','','','','0','0','','','','','0','','332322','1970-02-06 00:00:00','','1970-01-21 00:00:00','1','0','1','2021-06-26 11:44:51','96.55.37.191','1','2021-10-22 04:45:39','172.218.133.220'),('16','8','','','','','','0','0','','','','','0','','','1970-01-01 00:00:00','','1970-01-01 00:00:00','1','0','1','2021-06-26 11:45:49','96.55.37.191','1','2021-07-30 15:48:10','107.210.168.81'),('17','9','','','','','','0','0','','','','','0','','','1970-01-01 00:00:00','','1970-01-01 00:00:00','1','0','1','2021-06-26 11:50:54','96.55.37.191','1','2021-06-30 10:35:42','96.55.37.191'),('18','0','','','','','','0','0','','','','','0','','','1970-01-01 00:00:00','','1970-01-01 00:00:00','1','0','1','2021-06-26 12:23:10','96.55.37.191','0','0000-00-00 00:00:00',''),('19','0','','','','','','0','0','','','','','0','','','1970-01-01 00:00:00','','1970-01-01 00:00:00','1','0','1','2021-06-26 12:23:18','96.55.37.191','0','0000-00-00 00:00:00',''),('20','0','','','','','','0','0','','','','','0','','','1970-01-01 00:00:00','','1970-01-01 00:00:00','1','0','1','2021-06-26 12:24:13','96.55.37.191','0','0000-00-00 00:00:00',''),('21','0','','','','','','0','0','','','','','0','','','1970-01-01 00:00:00','','1970-01-01 00:00:00','1','0','1','2021-06-26 12:24:32','96.55.37.191','0','0000-00-00 00:00:00',''),('22','10','','','','','','0','0','','','','','0','','','1970-01-01 00:00:00','','1970-01-01 00:00:00','1','0','1','2021-06-26 12:25:36','96.55.37.191','1','2021-06-26 13:10:50','96.55.37.191'),('23','0','','','','','','0','0','','','','','0','','','1970-01-01 00:00:00','','1970-01-01 00:00:00','1','0','1','2021-07-24 08:54:37','107.210.168.81','0','0000-00-00 00:00:00',''),('24','0','','','','','','0','0','','','','','0','','','1970-01-01 00:00:00','','1970-01-01 00:00:00','1','0','21','2021-07-30 15:41:24','157.32.108.35','0','0000-00-00 00:00:00',''),('25','0','','','','','','0','0','','','','','0','','','1970-01-01 00:00:00','','1970-01-01 00:00:00','1','0','21','2021-07-30 15:41:32','157.32.108.35','0','0000-00-00 00:00:00',''),('26','0','','','','','','0','0','','','','','0','','','1970-01-01 00:00:00','','1970-01-01 00:00:00','1','0','21','2021-07-30 15:47:00','157.32.108.35','0','0000-00-00 00:00:00',''),('27','0','','','','','','0','0','','','','','0','','','1970-01-01 00:00:00','','1970-01-01 00:00:00','1','0','1','2021-08-04 22:59:26','107.210.168.81','0','0000-00-00 00:00:00',''),('28','0','','','','','','0','0','','','','','0','','','1970-01-01 00:00:00','','1970-01-01 00:00:00','1','0','1','2021-08-04 23:00:44','107.210.168.81','0','0000-00-00 00:00:00',''),('29','0','','','','','','0','0','','','','','0','','','1970-01-01 00:00:00','','1970-01-01 00:00:00','1','0','1','2021-09-29 23:01:44','107.210.168.81','0','0000-00-00 00:00:00',''),('30','0','','','','','','0','0','','','','','0','','','1970-01-01 00:00:00','','1970-01-01 00:00:00','1','0','1','2021-09-29 23:02:03','107.210.168.81','0','0000-00-00 00:00:00',''),('31','11','','','','','','0','0','','','','','0','','','1970-01-01 00:00:00','','1970-01-01 00:00:00','1','0','1','2021-10-06 11:04:37','49.156.120.217','0','0000-00-00 00:00:00',''),('32','0','','','','','','0','0','','','','','0','','','1970-01-01 00:00:00','','1970-01-01 00:00:00','1','0','1','2021-10-06 11:08:05','49.156.120.217','0','0000-00-00 00:00:00',''),('33','13','','','','','','0','0','','','','','0','','','1970-01-01 00:00:00','','1970-01-01 00:00:00','1','0','1','2021-10-06 11:08:17','49.156.120.217','0','0000-00-00 00:00:00',''),('34','14','','','','','','0','0','','','','','0','','','1970-01-01 00:00:00','','1970-01-01 00:00:00','1','0','1','2021-10-06 14:08:41','49.156.67.255','0','0000-00-00 00:00:00',''),('35','15','','','','','','0','0','','','','','0','','','1970-01-01 00:00:00','','1970-01-01 00:00:00','1','0','1','2021-10-07 13:46:14','96.55.37.191','0','0000-00-00 00:00:00',''),('36','16','','','','','','0','0','','','','','0','','','1970-01-01 00:00:00','','1970-01-01 00:00:00','1','0','1','2021-10-07 13:47:13','96.55.37.191','0','0000-00-00 00:00:00',''),('37','0','','','','','','0','0','','','','','0','','','1970-01-01 00:00:00','','1970-01-01 00:00:00','1','0','1','2021-10-14 13:03:07','124.253.5.2','0','0000-00-00 00:00:00',''),('38','0','','','','','','0','0','','','','','0','','','1970-01-01 00:00:00','','1970-01-01 00:00:00','1','0','1','2021-10-14 13:12:24','124.253.5.2','0','0000-00-00 00:00:00',''),('39','0','','','','','','0','0','','','','','0','','','1970-01-01 00:00:00','','1970-01-01 00:00:00','1','0','1','2021-10-14 13:12:29','124.253.5.2','0','0000-00-00 00:00:00',''),('40','0','','','','','','0','0','','','','','0','','','1970-01-01 00:00:00','','1970-01-01 00:00:00','1','0','1','2021-10-14 13:12:37','124.253.5.2','0','0000-00-00 00:00:00',''),('41','0','','','','','','0','0','','','','','0','','','1970-01-01 00:00:00','','1970-01-01 00:00:00','1','0','1','2021-10-14 13:12:44','124.253.5.2','0','0000-00-00 00:00:00',''),('42','0','','','','','','0','0','','','','','0','','','1970-01-01 00:00:00','','1970-01-01 00:00:00','1','0','1','2021-10-14 13:18:11','124.253.5.2','0','0000-00-00 00:00:00',''),('43','0','','','','','','0','0','','','','','0','','','1970-01-01 00:00:00','','1970-01-01 00:00:00','1','0','1','2021-10-14 13:18:15','124.253.5.2','0','0000-00-00 00:00:00','');
/*!40000 ALTER TABLE `ft_client_employment` ENABLE KEYS */;

DROP TABLE IF EXISTS `ft_client_history`;
CREATE TABLE `ft_client_history` (
  `id` int(12) NOT NULL AUTO_INCREMENT,
  `client_id` int(12) NOT NULL,
  `field` varchar(100) NOT NULL,
  `old_value` varchar(100) NOT NULL,
  `new_value` varchar(100) NOT NULL,
  `status` tinyint(1) NOT NULL DEFAULT '1',
  `is_delete` tinyint(1) NOT NULL DEFAULT '0',
  `created_by` int(12) NOT NULL,
  `created_time` datetime NOT NULL,
  `created_ip` varchar(100) NOT NULL,
  `modified_by` int(12) NOT NULL,
  `modified_time` datetime NOT NULL,
  `modified_ip` varchar(100) NOT NULL,
  PRIMARY KEY (`id`)
) ENGINE=InnoDB AUTO_INCREMENT=48 DEFAULT CHARSET=latin1;

/*!40000 ALTER TABLE `ft_client_history` DISABLE KEYS */;
INSERT INTO `ft_client_history` VALUES ('1','6','account_no','','088386368','1','0','1','2021-06-26 12:06:15','96.55.37.191','0','0000-00-00 00:00:00',''),('2','7','account_no','','0914474345','1','0','1','2021-06-26 12:26:49','96.55.37.191','0','0000-00-00 00:00:00',''),('3','7','account_no','','091447435','1','0','1','2021-06-26 12:26:49','96.55.37.191','0','0000-00-00 00:00:00',''),('4','6','account_no','','088386363','1','0','1','2021-06-26 13:03:29','96.55.37.191','0','0000-00-00 00:00:00',''),('5','9','account_no','','130388022','1','0','1','2021-06-26 13:05:09','96.55.37.191','0','0000-00-00 00:00:00',''),('6','10','account_no','','130387840','1','0','1','2021-06-26 13:09:36','96.55.37.191','0','0000-00-00 00:00:00',''),('7','7','account_no','','123456789','1','0','1','2021-06-29 10:44:11','96.55.37.191','0','0000-00-00 00:00:00',''),('8','6','account_no','','00087128668','1','0','1','2021-06-30 06:25:46','96.55.37.191','0','0000-00-00 00:00:00',''),('9','6','account_no','','00087128354','1','0','1','2021-06-30 06:25:46','96.55.37.191','0','0000-00-00 00:00:00',''),('10','6','account_no','','00087128742','1','0','1','2021-06-30 06:25:46','96.55.37.191','0','0000-00-00 00:00:00',''),('11','7','account_no','','01598745','1','0','1','2021-06-30 10:26:22','49.156.122.196','0','0000-00-00 00:00:00',''),('12','7','account_no','','23154866','1','0','1','2021-06-30 10:26:22','49.156.122.196','0','0000-00-00 00:00:00',''),('13','9','account_no','','00087128668','1','0','1','2021-06-30 10:35:42','96.55.37.191','0','0000-00-00 00:00:00',''),('14','9','account_no','','00087128576','1','0','1','2021-06-30 10:35:42','96.55.37.191','0','0000-00-00 00:00:00',''),('15','9','account_no','','00087128666','1','0','1','2021-06-30 10:35:42','96.55.37.191','0','0000-00-00 00:00:00',''),('16','8','account_no','00000011111         ','00087128668','1','0','1','2021-06-30 10:38:06','96.55.37.191','0','0000-00-00 00:00:00',''),('17','8','account_no','00000011111         ','00087128222','1','0','1','2021-06-30 10:38:06','96.55.37.191','0','0000-00-00 00:00:00',''),('18','8','account_no','00000011111         ','   00017839292','1','0','1','2021-06-30 10:38:06','96.55.37.191','0','0000-00-00 00:00:00',''),('19','8','account_no','00000011111         ','00048494933','1','0','1','2021-06-30 10:38:06','96.55.37.191','0','0000-00-00 00:00:00',''),('20','4','account_no','','000871285677','1','0','1','2021-06-30 10:41:33','96.55.37.191','0','0000-00-00 00:00:00',''),('21','4','account_no','','00087123458','1','0','1','2021-06-30 10:41:33','96.55.37.191','0','0000-00-00 00:00:00',''),('22','4','account_no','','00087128458','1','0','1','2021-06-30 10:41:33','96.55.37.191','0','0000-00-00 00:00:00',''),('23','4','account_no','','000871234566','1','0','1','2021-06-30 10:41:33','96.55.37.191','0','0000-00-00 00:00:00',''),('24','4','account_no','','00087128668','1','0','1','2021-06-30 10:41:33','96.55.37.191','0','0000-00-00 00:00:00',''),('25','7','account_no','','00087128112','1','0','1','2021-07-01 10:45:42','96.55.37.191','0','0000-00-00 00:00:00',''),('26','7','account_no','','123','1','0','1','2021-07-22 23:27:02','107.210.168.81','0','0000-00-00 00:00:00',''),('27','7','account_no','','31231','1','0','1','2021-07-22 23:27:02','107.210.168.81','0','0000-00-00 00:00:00',''),('28','8','account_no','','sf423g3t','1','0','1','2021-07-30 15:48:10','107.210.168.81','0','0000-00-00 00:00:00',''),('29','7','naf_date','1970-01-22 00:00:00','1970-01-01 00:00:00','0','0','1','2021-10-08 01:16:28','107.210.168.81','1','2021-10-08 01:16:28','107.210.168.81'),('30','7','first_name','Brian1','Brian 222','0','0','1','2021-10-11 23:37:30','107.210.168.81','1','2021-10-11 23:37:30','107.210.168.81'),('31','7','account_no','','1','1','0','1','2021-10-11 23:54:08','107.210.168.81','0','0000-00-00 00:00:00',''),('32','7','account_no','','3','1','0','1','2021-10-11 23:54:08','107.210.168.81','0','0000-00-00 00:00:00',''),('33','7','account_no','','2','1','0','1','2021-10-11 23:54:08','107.210.168.81','0','0000-00-00 00:00:00',''),('34','7','first_name','Brian 222','Brian','0','0','1','2021-10-16 04:13:27','96.55.37.191','1','2021-10-16 04:13:27','96.55.37.191'),('35','7','naf_date','1970-01-01 00:00:00','2019-07-24 00:00:00','0','0','1','2021-10-16 04:14:24','96.55.37.191','1','2021-10-16 04:14:24','96.55.37.191'),('36','7','broker_name','6','2','0','0','1','2021-10-16 04:14:24','96.55.37.191','1','2021-10-16 04:14:24','96.55.37.191'),('37','3','first_name','MARK','Mark','0','0','1','2021-10-16 04:16:15','96.55.37.191','1','2021-10-16 04:16:15','96.55.37.191'),('38','3','last_name','JOHNSON','Johnson','0','0','1','2021-10-16 04:16:15','96.55.37.191','1','2021-10-16 04:16:15','96.55.37.191'),('39','3','mi','DAVID','David','0','0','1','2021-10-16 04:16:15','96.55.37.191','1','2021-10-16 04:16:15','96.55.37.191'),('40','3','client_file_number','67546','27398393903F','0','0','1','2021-10-16 04:16:15','96.55.37.191','1','2021-10-16 04:16:15','96.55.37.191'),('41','3','client_ssn','777889999','777-88-9999','0','0','1','2021-10-16 04:16:15','96.55.37.191','1','2021-10-16 04:16:15','96.55.37.191'),('42','3','split_rate','0','10','0','0','1','2021-10-16 04:16:15','96.55.37.191','1','2021-10-16 04:16:15','96.55.37.191'),('43','3','naf_date','1970-01-01 00:00:00','2010-08-26 00:00:00','0','0','1','2021-10-16 04:16:15','96.55.37.191','1','2021-10-16 04:16:15','96.55.37.191'),('44','3','broker_name','1','2','0','0','1','2021-10-16 04:16:15','96.55.37.191','1','2021-10-16 04:16:15','96.55.37.191'),('45','3','reviewed_at','','0000-00-00 00:00:00','0','0','1','2021-10-16 04:16:15','96.55.37.191','1','2021-10-16 04:16:15','96.55.37.191'),('46','3','reviewed_by','','1','0','0','1','2021-10-16 04:16:15','96.55.37.191','1','2021-10-16 04:16:15','96.55.37.191'),('47','3','is_reviewed','','0','0','0','1','2021-10-16 04:16:15','96.55.37.191','1','2021-10-16 04:16:15','96.55.37.191');
/*!40000 ALTER TABLE `ft_client_history` ENABLE KEYS */;

DROP TABLE IF EXISTS `ft_client_master`;
CREATE TABLE `ft_client_master` (
  `id` int(12) NOT NULL AUTO_INCREMENT,
  `file_id` int(12) NOT NULL,
  `first_name` varchar(100) NOT NULL,
  `mi` varchar(100) NOT NULL,
  `last_name` varchar(100) NOT NULL,
  `do_not_contact` tinyint(1) NOT NULL DEFAULT '0',
  `active` tinyint(1) NOT NULL DEFAULT '0',
  `ofac_check` varchar(100) NOT NULL,
  `fincen_check` varchar(100) NOT NULL,
  `long_name` varchar(100) NOT NULL,
  `client_file_number` varchar(100) NOT NULL,
  `clearing_account` varchar(100) NOT NULL,
  `client_ssn` varchar(100) NOT NULL,
  `house_hold` varchar(100) NOT NULL,
  `split_broker` varchar(100) NOT NULL,
  `split_rate` decimal(10,0) NOT NULL DEFAULT '0',
  `address1` varchar(100) NOT NULL,
  `address2` varchar(100) NOT NULL,
  `city` varchar(100) NOT NULL,
  `state` varchar(100) NOT NULL,
  `zip_code` varchar(100) NOT NULL,
  `citizenship` varchar(100) NOT NULL,
  `birth_date` datetime NOT NULL,
  `age` int(12) NOT NULL,
  `date_established` datetime NOT NULL,
  `open_date` datetime NOT NULL,
  `naf_date` datetime NOT NULL,
  `last_contacted` datetime NOT NULL,
  `account_type` int(12) NOT NULL,
  `broker_name` varchar(100) NOT NULL,
  `broker_old_name` int(11) NOT NULL DEFAULT '0',
  `ressign_date` date NOT NULL,
  `telephone` varchar(100) NOT NULL,
  `contact_status` int(12) NOT NULL,
  `status` tinyint(1) NOT NULL DEFAULT '1',
  `is_delete` tinyint(1) NOT NULL DEFAULT '0',
  `created_by` int(12) NOT NULL,
  `created_ip` varchar(100) NOT NULL,
  `created_time` datetime NOT NULL,
  `modified_by` int(12) NOT NULL,
  `modified_ip` varchar(100) NOT NULL,
  `modified_time` datetime NOT NULL,
  `reviewed_at` datetime DEFAULT NULL,
  `reviewed_by` varchar(20) DEFAULT NULL,
  `is_reviewed` tinyint(4) DEFAULT NULL,
  PRIMARY KEY (`id`)
) ENGINE=InnoDB AUTO_INCREMENT=17 DEFAULT CHARSET=latin1;

/*!40000 ALTER TABLE `ft_client_master` DISABLE KEYS */;
INSERT INTO `ft_client_master` VALUES ('1','0','Kevin','John','Anderson','0','0','','','','321231','','778465830','','','0','1616 WILSIRE DRIVE','','NEWTON','16','68332-7878','','1970-01-01 00:00:00','0','2018-08-02 00:00:00','1970-01-01 00:00:00','1970-01-01 00:00:00','1970-01-01 00:00:00','1','2','0','0000-00-00','6044009874','0','1','0','21','103.36.122.212','2018-08-02 10:28:21','1','96.55.37.191','2021-10-07 12:52:52','2021-07-01 10:17:28','1','1'),('2','0','John','','Taylor','0','0','','','','321654','','7783394567','','','0','1313 STELLER LANE','','WAMEGO','16','66679 1165','','1970-01-01 00:00:00','0','2018-08-02 00:00:00','1970-01-01 00:00:00','1970-01-01 00:00:00','1970-01-01 00:00:00','1','1','0','0000-00-00','6045569785','0','1','0','21','103.36.122.212','2018-08-02 10:32:01','1','96.55.37.191','2021-06-26 23:53:05',NULL,NULL,NULL),('3','28','Mark','David','Johnson','0','0','','','','27398393903F','','777-88-9999','','','10','5165 W 10TH STREET','','SALINA','16','67401-4455','','1970-01-01 00:00:00','0','0000-00-00 00:00:00','2019-07-24 00:00:00','2010-08-26 00:00:00','2018-08-13 00:00:00','1','2','0','0000-00-00','6139003457','0','1','0','1','107.210.168.81','2020-11-06 21:46:13','1','96.55.37.191','2021-10-16 04:16:15','0000-00-00 00:00:00','1','0'),('4','28','SHARON','TERRY','ALLEN','0','0','','','','2345622','LSR010678','777884592','','','0','1946 SCOON RD','','GENEVA','32','14456-9124','','1970-01-01 00:00:00','0','0000-00-00 00:00:00','2006-11-10 00:00:00','1970-01-01 00:00:00','2018-08-13 00:00:00','1','6','0','0000-00-00','','0','1','0','1','107.210.168.81','2020-11-06 21:46:13','1','96.55.37.191','2021-06-30 10:41:33',NULL,NULL,NULL),('5','28','ROGER','Dave','WEIN','0','0','','','ROGER WEIN','200320','','777889999','','','0','5165 W 10TH STREET','','SALINA','16','67401','','1970-01-01 00:00:00','0','0000-00-00 00:00:00','2009-10-21 00:00:00','1970-01-01 00:00:00','2018-08-13 00:00:00','1','4','0','0000-00-00','7789134450','0','1','0','1','107.210.168.81','2020-11-06 21:46:13','1','96.55.37.191','2021-06-29 12:41:17',NULL,NULL,NULL),('6','0','James','Ryan','Russel','0','1','','','','125656','LSR010796','77894758IN','','','0','4 LaCrosse Ave','','Batavia','32','14020','','1950-01-04 00:00:00','71','2021-06-24 00:00:00','2016-12-13 00:00:00','1970-01-01 00:00:00','2020-06-02 00:00:00','1','5','0','0000-00-00','5852027025','0','1','0','1','96.55.37.191','2021-06-24 11:01:32','1','125.62.116.175','2021-07-01 12:08:50','2021-07-01 12:08:46','1','1'),('7','0','Brian','Terry','Allen','0','0','','','','20199112FB','LSR010876','778-99-0654','','','0','4665 Preemption Rd','','ROCK STREAM','32','14878-9653','','1970-01-08 00:00:00','51','2021-06-26 00:00:00','2007-03-02 00:00:00','2019-07-24 00:00:00','2020-02-19 00:00:00','1','2','0','0000-00-00','7785344123','0','1','0','1','96.55.37.191','2021-06-26 11:44:51','1','172.218.133.220','2021-10-22 04:45:39','2021-06-30 19:25:38','1','1'),('8','0','Jeffrey','Timothy','Allen','0','0','','','','409597','','4567873456','','','0','1946 SCOON RD','','GENEVA','32','14456-9124','','1970-02-25 00:00:00','51','2021-06-26 00:00:00','2016-12-04 00:00:00','1970-01-01 00:00:00','1970-01-01 00:00:00','1','6','0','0000-00-00','','0','1','0','1','96.55.37.191','2021-06-26 11:45:49','1','96.55.37.191','2021-07-01 22:47:50','2021-07-01 10:17:47','1','1'),('9','0','TERRIE','Lin','SAUTER','0','1','','','','873883','LSR010373','77834059','','','0','2110 ROUTE 230','','DUNDEE','32','14837','','1956-09-02 00:00:00','64','2021-06-26 00:00:00','2017-10-12 00:00:00','1970-01-01 00:00:00','1970-01-01 00:00:00','1','5','0','0000-00-00','3152445146','0','1','0','1','96.55.37.191','2021-06-26 11:50:54','1','96.55.37.191','2021-06-30 10:35:42',NULL,NULL,NULL),('10','0','ROXANNE','Mia','ALLEN','0','0','','','','112345','','7783129902','','','0','4665 PREEMPTION RD','','ROCK STREAM','32','14878-9653','','1970-01-01 00:00:00','0','2021-06-26 00:00:00','2006-12-14 00:00:00','1970-01-01 00:00:00','1970-01-01 00:00:00','1','6','0','0000-00-00','','0','1','0','1','96.55.37.191','2021-06-26 12:25:36','1','96.55.37.191','2021-06-26 13:10:50',NULL,NULL,NULL),('11','0','test','23423','client','0','0','','','','234234234234','','','','','0','','','','','','','1970-01-01 00:00:00','0','2021-10-06 00:00:00','1970-01-01 00:00:00','1970-01-01 00:00:00','1970-01-01 00:00:00','0','1','0','0000-00-00','','0','1','1','1','49.156.120.217','2021-10-06 11:04:37','0','','0000-00-00 00:00:00','0000-00-00 00:00:00','1','0'),('12','0','test','','demo','0','0','','','','34343434','','','','','0','','','','','','','1970-01-01 00:00:00','0','2021-10-06 00:00:00','1970-01-01 00:00:00','1970-01-01 00:00:00','1970-01-01 00:00:00','0','1','0','0000-00-00','','0','1','1','1','49.156.120.217','2021-10-06 11:06:43','0','','0000-00-00 00:00:00','0000-00-00 00:00:00','1','0'),('13','0','test1','','demo1','0','0','','','','343434341','','','','','0','','','','','','','1970-01-01 00:00:00','0','2021-10-06 00:00:00','1970-01-01 00:00:00','1970-01-01 00:00:00','1970-01-01 00:00:00','0','1','0','0000-00-00','','0','1','1','1','49.156.120.217','2021-10-06 11:08:17','0','','0000-00-00 00:00:00','0000-00-00 00:00:00','1','0'),('14','0','Developer','','client','0','0','','','','43434343','','','','','0','','','','','','','1970-01-01 00:00:00','0','2021-10-06 00:00:00','1970-01-01 00:00:00','1970-01-01 00:00:00','1970-01-01 00:00:00','1','1','0','0000-00-00','','0','1','0','1','49.156.67.255','2021-10-06 14:08:41','0','','0000-00-00 00:00:00','0000-00-00 00:00:00','1','0'),('15','0','Peter','','Williams','0','0','','','','27398393903','','','','','0','','','','','','','1970-01-01 00:00:00','0','2021-10-07 00:00:00','1970-01-01 00:00:00','1970-01-01 00:00:00','1970-01-01 00:00:00','0','1','0','0000-00-00','','0','1','0','1','96.55.37.191','2021-10-07 13:46:14','0','','0000-00-00 00:00:00','0000-00-00 00:00:00','1','0'),('16','0','Tracy','Lee','Williams','0','0','','','','FA4547593','','','','','0','','','','','','','1970-01-01 00:00:00','0','2021-10-07 00:00:00','1970-01-01 00:00:00','1970-01-01 00:00:00','1970-01-01 00:00:00','1','2','0','0000-00-00','','0','1','0','1','96.55.37.191','2021-10-07 13:47:13','0','','0000-00-00 00:00:00','0000-00-00 00:00:00','1','0');
/*!40000 ALTER TABLE `ft_client_master` ENABLE KEYS */;

DROP TABLE IF EXISTS `ft_client_notes`;
CREATE TABLE `ft_client_notes` (
  `id` int(12) NOT NULL AUTO_INCREMENT,
  `date` datetime NOT NULL,
  `user_id` varchar(100) NOT NULL,
  `notes` varchar(100) NOT NULL,
  `status` tinyint(1) NOT NULL DEFAULT '1',
  `is_delete` tinyint(1) NOT NULL DEFAULT '0',
  `created_by` int(12) NOT NULL,
  `created_time` datetime NOT NULL,
  `created_ip` varchar(100) NOT NULL,
  `modified_by` int(12) NOT NULL,
  `modified_time` datetime NOT NULL,
  `modified_ip` varchar(100) NOT NULL,
  PRIMARY KEY (`id`)
) ENGINE=InnoDB DEFAULT CHARSET=latin1;

/*!40000 ALTER TABLE `ft_client_notes` DISABLE KEYS */;
/*!40000 ALTER TABLE `ft_client_notes` ENABLE KEYS */;

DROP TABLE IF EXISTS `ft_client_objectives`;
CREATE TABLE `ft_client_objectives` (
  `id` int(12) NOT NULL AUTO_INCREMENT,
  `client_id` int(12) NOT NULL,
  `objectives` int(12) NOT NULL,
  `status` tinyint(1) NOT NULL DEFAULT '1',
  `is_delete` tinyint(1) NOT NULL DEFAULT '0',
  `created_by` int(12) NOT NULL,
  `created_time` datetime NOT NULL,
  `created_ip` varchar(100) NOT NULL,
  `modified_by` int(12) NOT NULL,
  `modified_time` datetime NOT NULL,
  `modified_ip` varchar(100) NOT NULL,
  PRIMARY KEY (`id`)
) ENGINE=InnoDB AUTO_INCREMENT=12 DEFAULT CHARSET=latin1;

/*!40000 ALTER TABLE `ft_client_objectives` DISABLE KEYS */;
INSERT INTO `ft_client_objectives` VALUES ('1','7','1','1','1','1','2021-06-30 10:41:41','49.156.122.196','0','0000-00-00 00:00:00',''),('2','7','2','1','1','1','2021-07-24 08:19:44','107.210.168.81','0','0000-00-00 00:00:00',''),('3','7','4','1','1','1','2021-07-24 08:19:49','107.210.168.81','0','0000-00-00 00:00:00',''),('4','7','1','1','1','1','2021-07-24 08:19:52','107.210.168.81','0','0000-00-00 00:00:00',''),('5','8','1','1','0','1','2021-07-29 00:46:08','107.210.168.81','0','0000-00-00 00:00:00',''),('6','8','4','1','0','1','2021-07-29 00:46:12','107.210.168.81','0','0000-00-00 00:00:00',''),('7','7','1','1','1','1','2021-10-14 11:56:46','223.130.31.48','0','0000-00-00 00:00:00',''),('8','7','1','1','1','1','2021-10-22 04:45:08','172.218.133.220','0','0000-00-00 00:00:00',''),('9','7','4','1','1','1','2021-10-22 04:45:10','172.218.133.220','0','0000-00-00 00:00:00',''),('10','7','3','1','1','1','2021-10-22 04:45:15','107.210.168.81','0','0000-00-00 00:00:00',''),('11','7','1','1','0','1','2021-10-26 10:54:50','223.130.31.72','0','0000-00-00 00:00:00','');
/*!40000 ALTER TABLE `ft_client_objectives` ENABLE KEYS */;

DROP TABLE IF EXISTS `ft_client_suitability`;
CREATE TABLE `ft_client_suitability` (
  `id` int(12) NOT NULL AUTO_INCREMENT,
  `client_id` int(12) NOT NULL,
  `income` int(12) NOT NULL,
  `goal_horizon` int(12) NOT NULL,
  `net_worth` int(12) NOT NULL,
  `risk_tolerance` int(12) NOT NULL,
  `annual_expenses` int(12) NOT NULL,
  `liquidity_needs` int(12) NOT NULL,
  `liquid_net_worth` int(12) NOT NULL,
  `special_expenses` int(12) NOT NULL,
  `per_of_portfolio` int(12) NOT NULL,
  `time_frame_for_special_exp` int(12) NOT NULL,
  `account_use` int(12) NOT NULL,
  `signed_by` varchar(100) NOT NULL,
  `sign_date` datetime NOT NULL,
  `tax_bracket` varchar(100) NOT NULL,
  `tax_id` int(12) NOT NULL,
  `status` tinyint(1) NOT NULL DEFAULT '1',
  `is_delete` tinyint(1) NOT NULL DEFAULT '0',
  `created_by` int(12) NOT NULL,
  `created_time` datetime NOT NULL,
  `created_ip` varchar(100) NOT NULL,
  `modified_by` int(12) NOT NULL,
  `modified_time` datetime NOT NULL,
  `modified_ip` varchar(100) NOT NULL,
  PRIMARY KEY (`id`)
) ENGINE=InnoDB AUTO_INCREMENT=44 DEFAULT CHARSET=latin1;

/*!40000 ALTER TABLE `ft_client_suitability` DISABLE KEYS */;
INSERT INTO `ft_client_suitability` VALUES ('1','1','0','0','0','0','0','0','0','0','0','0','0','','1970-01-01 00:00:00','','0','1','0','21','2018-05-30 16:34:50','103.36.122.212','1','2021-10-07 12:52:52','96.55.37.191'),('2','0','0','0','0','0','0','0','0','0','0','0','0','','1970-01-01 00:00:00','','0','1','0','21','2018-07-24 02:34:31','98.173.59.168','0','0000-00-00 00:00:00',''),('3','33','0','0','0','0','0','0','0','0','0','0','0','','1970-01-01 00:00:00','','0','1','0','21','2018-07-24 02:34:42','98.173.59.168','0','0000-00-00 00:00:00',''),('4','34','0','0','0','0','0','0','0','0','0','0','0','','1970-01-01 00:00:00','','0','1','0','21','2018-07-24 02:35:46','98.173.59.168','0','0000-00-00 00:00:00',''),('5','35','0','0','0','0','0','0','0','0','0','0','0','','1970-01-01 00:00:00','','0','1','0','21','2018-07-24 02:36:25','98.173.59.168','0','0000-00-00 00:00:00',''),('6','0','0','0','0','0','0','0','0','0','0','0','0','','1970-01-01 00:00:00','','0','1','0','21','2018-07-24 02:36:45','98.173.59.168','0','0000-00-00 00:00:00',''),('7','36','0','0','0','0','0','0','0','0','0','0','0','','1970-01-01 00:00:00','','0','1','0','21','2018-07-24 02:36:51','98.173.59.168','0','0000-00-00 00:00:00',''),('8','0','0','0','0','0','0','0','0','0','0','0','0','','1970-01-01 00:00:00','','0','1','0','21','2018-08-02 09:27:16','103.36.122.212','0','0000-00-00 00:00:00',''),('9','25','0','0','0','0','0','0','0','0','0','0','0','','1970-01-01 00:00:00','','0','1','0','21','2018-08-02 09:27:33','103.36.122.212','0','0000-00-00 00:00:00',''),('10','0','0','0','0','0','0','0','0','0','0','0','0','','1970-01-01 00:00:00','','0','1','0','21','2018-08-02 10:28:06','103.36.122.212','0','0000-00-00 00:00:00',''),('11','1','0','0','0','0','0','0','0','0','0','0','0','','1970-01-01 00:00:00','','0','1','0','21','2018-08-02 10:28:21','103.36.122.212','1','2021-10-07 12:52:52','96.55.37.191'),('12','0','0','0','0','0','0','0','0','0','0','0','0','','1970-01-01 00:00:00','','0','1','0','21','2018-08-02 10:31:31','103.36.122.212','0','0000-00-00 00:00:00',''),('13','2','0','0','0','0','0','0','0','0','0','0','0','','1970-01-01 00:00:00','','0','1','0','21','2018-08-02 10:32:01','103.36.122.212','1','2021-06-26 23:53:05','96.55.37.191'),('14','6','0','0','0','0','0','0','0','0','0','0','0','','1970-01-01 00:00:00','','0','1','0','1','2021-06-24 11:01:32','96.55.37.191','1','2021-07-01 12:08:50','125.62.116.175'),('15','7','1','1','1','0','0','0','0','0','0','0','0','','1970-01-01 00:00:00','','0','1','0','1','2021-06-26 11:44:51','96.55.37.191','1','2021-10-22 04:45:39','172.218.133.220'),('16','8','0','0','0','0','0','0','0','0','0','0','0','','1970-01-01 00:00:00','','0','1','0','1','2021-06-26 11:45:49','96.55.37.191','1','2021-07-30 15:48:10','107.210.168.81'),('17','9','0','0','0','0','0','0','0','0','0','0','0','','1970-01-01 00:00:00','','0','1','0','1','2021-06-26 11:50:54','96.55.37.191','1','2021-06-30 10:35:42','96.55.37.191'),('18','0','0','0','0','0','0','0','0','0','0','0','0','','1970-01-01 00:00:00','','0','1','0','1','2021-06-26 12:23:10','96.55.37.191','0','0000-00-00 00:00:00',''),('19','0','0','0','0','0','0','0','0','0','0','0','0','','1970-01-01 00:00:00','','0','1','0','1','2021-06-26 12:23:18','96.55.37.191','0','0000-00-00 00:00:00',''),('20','0','0','0','0','0','0','0','0','0','0','0','0','','1970-01-01 00:00:00','','0','1','0','1','2021-06-26 12:24:13','96.55.37.191','0','0000-00-00 00:00:00',''),('21','0','0','0','0','0','0','0','0','0','0','0','0','','1970-01-01 00:00:00','','0','1','0','1','2021-06-26 12:24:32','96.55.37.191','0','0000-00-00 00:00:00',''),('22','10','0','0','0','0','0','0','0','0','0','0','0','','1970-01-01 00:00:00','','0','1','0','1','2021-06-26 12:25:36','96.55.37.191','1','2021-06-26 13:10:50','96.55.37.191'),('23','0','0','0','0','0','0','0','0','0','0','0','0','','1970-01-01 00:00:00','','0','1','0','1','2021-07-24 08:54:37','107.210.168.81','0','0000-00-00 00:00:00',''),('24','0','0','0','0','0','0','0','0','0','0','0','0','','1970-01-01 00:00:00','','0','1','0','21','2021-07-30 15:41:24','157.32.108.35','0','0000-00-00 00:00:00',''),('25','0','0','0','0','0','0','0','0','0','0','0','0','','1970-01-01 00:00:00','','0','1','0','21','2021-07-30 15:41:32','157.32.108.35','0','0000-00-00 00:00:00',''),('26','0','0','0','0','0','0','0','0','0','0','0','0','','1970-01-01 00:00:00','','0','1','0','21','2021-07-30 15:47:00','157.32.108.35','0','0000-00-00 00:00:00',''),('27','0','0','0','0','0','0','0','0','0','0','0','0','','1970-01-01 00:00:00','','0','1','0','1','2021-08-04 22:59:26','107.210.168.81','0','0000-00-00 00:00:00',''),('28','0','0','0','0','0','0','0','0','0','0','0','0','','1970-01-01 00:00:00','','0','1','0','1','2021-08-04 23:00:44','107.210.168.81','0','0000-00-00 00:00:00',''),('29','0','0','0','0','0','0','0','0','0','0','0','0','','1970-01-01 00:00:00','','0','1','0','1','2021-09-29 23:01:44','107.210.168.81','0','0000-00-00 00:00:00',''),('30','0','0','0','0','0','0','0','0','0','0','0','0','','1970-01-01 00:00:00','','0','1','0','1','2021-09-29 23:02:03','107.210.168.81','0','0000-00-00 00:00:00',''),('31','11','0','0','0','0','0','0','0','0','0','0','0','','1970-01-01 00:00:00','','0','1','0','1','2021-10-06 11:04:37','49.156.120.217','0','0000-00-00 00:00:00',''),('32','0','0','0','0','0','0','0','0','0','0','0','0','','1970-01-01 00:00:00','','0','1','0','1','2021-10-06 11:08:05','49.156.120.217','0','0000-00-00 00:00:00',''),('33','13','0','0','0','0','0','0','0','0','0','0','0','','1970-01-01 00:00:00','','0','1','0','1','2021-10-06 11:08:17','49.156.120.217','0','0000-00-00 00:00:00',''),('34','14','0','0','0','0','0','0','0','0','0','0','0','','1970-01-01 00:00:00','','0','1','0','1','2021-10-06 14:08:41','49.156.67.255','0','0000-00-00 00:00:00',''),('35','15','0','0','0','0','0','0','0','0','0','0','0','','1970-01-01 00:00:00','','0','1','0','1','2021-10-07 13:46:14','96.55.37.191','0','0000-00-00 00:00:00',''),('36','16','0','0','0','0','0','0','0','0','0','0','0','','1970-01-01 00:00:00','','0','1','0','1','2021-10-07 13:47:13','96.55.37.191','0','0000-00-00 00:00:00',''),('37','0','0','0','0','0','0','0','0','0','0','0','0','','1970-01-01 00:00:00','','0','1','0','1','2021-10-14 13:03:07','124.253.5.2','0','0000-00-00 00:00:00',''),('38','0','0','0','0','0','0','0','0','0','0','0','0','','1970-01-01 00:00:00','','0','1','0','1','2021-10-14 13:12:24','124.253.5.2','0','0000-00-00 00:00:00',''),('39','0','0','0','0','0','0','0','0','0','0','0','0','','1970-01-01 00:00:00','','0','1','0','1','2021-10-14 13:12:29','124.253.5.2','0','0000-00-00 00:00:00',''),('40','0','0','0','0','0','0','0','0','0','0','0','0','','1970-01-01 00:00:00','','0','1','0','1','2021-10-14 13:12:37','124.253.5.2','0','0000-00-00 00:00:00',''),('41','0','0','0','0','0','0','0','0','0','0','0','0','','1970-01-01 00:00:00','','0','1','0','1','2021-10-14 13:12:44','124.253.5.2','0','0000-00-00 00:00:00',''),('42','0','0','0','0','0','0','0','0','0','0','0','0','','1970-01-01 00:00:00','','0','1','0','1','2021-10-14 13:18:11','124.253.5.2','0','0000-00-00 00:00:00',''),('43','0','0','0','0','0','0','0','0','0','0','0','0','','1970-01-01 00:00:00','','0','1','0','1','2021-10-14 13:18:15','124.253.5.2','0','0000-00-00 00:00:00','');
/*!40000 ALTER TABLE `ft_client_suitability` ENABLE KEYS */;

DROP TABLE IF EXISTS `ft_company_master`;
CREATE TABLE `ft_company_master` (
  `id` int(11) NOT NULL AUTO_INCREMENT,
  `company_name` varchar(50) NOT NULL,
  `company_type` varchar(50) NOT NULL,
  `manager_name` varchar(50) NOT NULL,
  `address1` varchar(50) NOT NULL,
  `address2` varchar(50) NOT NULL,
  `business_city` varchar(50) NOT NULL,
  `state_general` varchar(10) NOT NULL,
  `zip` varchar(10) NOT NULL,
  `mail_address1` varchar(50) NOT NULL,
  `mail_address2` varchar(50) NOT NULL,
  `m_city` varchar(30) NOT NULL,
  `m_state` varchar(10) NOT NULL,
  `m_zip` varchar(10) NOT NULL,
  `telephone` varchar(12) NOT NULL,
  `facsimile` varchar(30) NOT NULL,
  `e_date` date NOT NULL,
  `i_date` date NOT NULL,
  `payout_level` varchar(10) NOT NULL,
  `clearing_charge_calculation` varchar(10) NOT NULL,
  `sliding_scale_commision` varchar(10) NOT NULL,
  `product_category` varchar(10) NOT NULL,
  `p_rate` varchar(10) NOT NULL,
  `threshold1` varchar(20) NOT NULL,
  `l1_rate` varchar(5) NOT NULL,
  `threshold2` varchar(20) NOT NULL,
  `l2_rate` varchar(5) NOT NULL,
  `threshold3` varchar(20) NOT NULL,
  `l3_rate` varchar(5) NOT NULL,
  `threshold4` varchar(20) NOT NULL,
  `l4_rate` varchar(5) NOT NULL,
  `threshold5` varchar(20) NOT NULL,
  `l5_rate` varchar(5) NOT NULL,
  `threshold6` varchar(20) NOT NULL,
  `l6_rate` varchar(5) NOT NULL,
  `state` varchar(100) NOT NULL,
  `forign` tinyint(1) NOT NULL,
  `status` tinyint(1) NOT NULL DEFAULT '1',
  `is_delete` tinyint(1) NOT NULL DEFAULT '0',
  `created_by` int(12) NOT NULL,
  `created_time` datetime NOT NULL,
  `created_ip` varchar(100) NOT NULL,
  `modified_by` int(12) NOT NULL,
  `modified_time` datetime NOT NULL,
  `modified_ip` varchar(100) NOT NULL,
  PRIMARY KEY (`id`)
) ENGINE=InnoDB AUTO_INCREMENT=3 DEFAULT CHARSET=latin1;

/*!40000 ALTER TABLE `ft_company_master` DISABLE KEYS */;
INSERT INTO `ft_company_master` VALUES ('1','Financial Planning Group of America','Broker/Dealer','1','560 North Coast Highway 101','Suite 10','Encinitas','5','92024','','','','','','760-634-1037','','2018-02-02','2018-02-20','','','','','','','','','','','','','','','','','','','0','1','0','18','2018-02-02 22:17:16','76.176.130.44','3','2018-03-01 18:29:52','103.36.122.212'),('2','Financial Planning Group of IIPL','test','2','asdasd','','newyork','1','34543','','','','','','','','1970-01-01','1970-01-01','','','','','','','','','','','','','','','','','','','0','1','0','21','2018-08-02 18:34:02','103.36.122.212','0','0000-00-00 00:00:00','');
/*!40000 ALTER TABLE `ft_company_master` ENABLE KEYS */;

DROP TABLE IF EXISTS `ft_date_interfaces`;
CREATE TABLE `ft_date_interfaces` (
  `id` int(12) NOT NULL AUTO_INCREMENT,
  `user_id` int(12) NOT NULL,
  `dim_id` int(12) NOT NULL,
  `user_name` varchar(100) NOT NULL,
  `password` varchar(100) NOT NULL,
  `exclude_non_comm_trade_activity` tinyint(1) NOT NULL DEFAULT '0',
  `add_client` tinyint(1) NOT NULL DEFAULT '0',
  `update_client` tinyint(1) NOT NULL DEFAULT '0',
  `local_folder` varchar(100) NOT NULL,
  `is_authorized_person` tinyint(1) NOT NULL DEFAULT '0',
  `status` tinyint(1) NOT NULL DEFAULT '1',
  `is_delete` tinyint(1) NOT NULL DEFAULT '0',
  `created_by` int(12) NOT NULL,
  `created_time` datetime NOT NULL,
  `created_ip` varchar(100) NOT NULL,
  `modified_by` int(12) NOT NULL,
  `modified_time` datetime NOT NULL,
  `modified_ip` varchar(100) NOT NULL,
  PRIMARY KEY (`id`)
) ENGINE=InnoDB AUTO_INCREMENT=9 DEFAULT CHARSET=latin1;

/*!40000 ALTER TABLE `ft_date_interfaces` DISABLE KEYS */;
INSERT INTO `ft_date_interfaces` VALUES ('1','21','1','test username','bG5Td3IwQTZVbHJvTHVOK2F5M1BTUT09','0','0','0','','1','1','0','21','2018-02-06 19:39:12','76.176.130.44','21','2018-02-06 20:58:11','76.176.130.44'),('2','21','2','test username Fanmail','alcvWkFtNDliSXBQMzdZcTZIOXVOUT09','0','1','0','','1','1','0','21','2018-02-06 19:39:30','76.176.130.44','21','2018-02-06 20:58:18','76.176.130.44'),('3','21','3','dazluserid','aW0yMEVWQzVpVTNrUGpaZFRDM2p4QT09','1','1','0','','1','1','0','21','2018-02-06 20:56:31','76.176.130.44','21','2018-02-06 20:58:30','76.176.130.44'),('4','21','4','dazlcommid','VFpTOEFJLzFOTHBDUys5QysvWDBzQT09','0','0','1','','1','1','0','21','2018-02-06 20:56:55','76.176.130.44','21','2018-02-06 20:58:40','76.176.130.44'),('5','21','5','','d41d8cd98f00b204e9800998ecf8427e','1','0','0','','0','1','0','21','2018-02-06 20:57:42','76.176.130.44','0','0000-00-00 00:00:00',''),('6','21','6','','d41d8cd98f00b204e9800998ecf8427e','0','1','0','','0','1','0','21','2018-02-06 20:57:49','76.176.130.44','0','0000-00-00 00:00:00',''),('7','21','7','','d41d8cd98f00b204e9800998ecf8427e','0','0','1','','0','1','0','21','2018-02-06 20:57:55','76.176.130.44','0','0000-00-00 00:00:00',''),('8','21','8','','d41d8cd98f00b204e9800998ecf8427e','1','1','1','','0','1','0','21','2018-02-06 20:58:04','76.176.130.44','0','0000-00-00 00:00:00','');
/*!40000 ALTER TABLE `ft_date_interfaces` ENABLE KEYS */;

DROP TABLE IF EXISTS `ft_date_interfaces_master`;
CREATE TABLE `ft_date_interfaces_master` (
  `id` int(12) NOT NULL AUTO_INCREMENT,
  `type` varchar(100) NOT NULL,
  `status` tinyint(1) NOT NULL DEFAULT '1',
  `is_delete` tinyint(1) NOT NULL DEFAULT '0',
  `created_by` int(12) NOT NULL,
  `created_time` datetime NOT NULL,
  `created_ip` varchar(100) NOT NULL,
  `modified_by` int(12) NOT NULL,
  `modified_time` datetime NOT NULL,
  `modified_ip` varchar(100) NOT NULL,
  PRIMARY KEY (`id`)
) ENGINE=InnoDB DEFAULT CHARSET=latin1;

/*!40000 ALTER TABLE `ft_date_interfaces_master` DISABLE KEYS */;
/*!40000 ALTER TABLE `ft_date_interfaces_master` ENABLE KEYS */;

DROP TABLE IF EXISTS `ft_fincen_check_data_detail`;
CREATE TABLE `ft_fincen_check_data_detail` (
  `id` int(12) NOT NULL AUTO_INCREMENT,
  `fincen_scan_id` int(12) NOT NULL,
  `fincen_tracking_no` int(12) NOT NULL,
  `fincen_firstname` varchar(100) NOT NULL,
  `fincen_miname` varchar(100) NOT NULL,
  `fincen_lastname` varchar(100) NOT NULL,
  `fincen_address` varchar(100) NOT NULL,
  `fincen_country` varchar(100) NOT NULL,
  `fincen_phone` varchar(100) NOT NULL,
  `fincen_number` varchar(100) NOT NULL,
  `fincen_number_type` varchar(100) NOT NULL,
  `fincen_dob` date NOT NULL,
  `client_id` int(12) NOT NULL,
  `status` tinyint(1) NOT NULL DEFAULT '1',
  `is_delete` tinyint(1) NOT NULL DEFAULT '0',
  `created_by` int(12) NOT NULL,
  `created_time` datetime NOT NULL,
  `created_ip` varchar(100) NOT NULL,
  `modified_by` int(12) NOT NULL,
  `modified_time` datetime NOT NULL,
  `modified_ip` varchar(100) NOT NULL,
  PRIMARY KEY (`id`)
) ENGINE=InnoDB AUTO_INCREMENT=61 DEFAULT CHARSET=latin1;

/*!40000 ALTER TABLE `ft_fincen_check_data_detail` DISABLE KEYS */;
INSERT INTO `ft_fincen_check_data_detail` VALUES ('1','3','273844','Amir','Hachem','Al Katranji','No 21 Longsheng Lane Qiaozhong Street','CN','','','','1966-06-24','3','1','0','3','2018-01-24 20:00:19','103.36.122.212','0','0000-00-00 00:00:00',''),('2','3','273844','Amir','Hachem','Al Katranji','Grand Hills Ground Floor Al Khansa Street','LB','','','','1966-06-24','3','1','0','3','2018-01-24 20:00:19','103.36.122.212','0','0000-00-00 00:00:00',''),('3','3','273844','Amir','Hachem','Al Katranji','Khansa Jnah','LB','','','','1966-06-24','3','1','0','3','2018-01-24 20:00:19','103.36.122.212','0','0000-00-00 00:00:00',''),('4','3','273844','Amir','Hachem','Al Katranji','','SY','','','','1966-06-24','3','1','0','3','2018-01-24 20:00:19','103.36.122.212','0','0000-00-00 00:00:00',''),('5','3','273844','Amir','Hachem','Al Katranji','','SY','','','','1966-06-24','3','1','0','3','2018-01-24 20:00:19','103.36.122.212','0','0000-00-00 00:00:00',''),('6','3','273844','Amir','Hachem','Al Katranji','No 21 Longsheng Lane Qiaozhong Street','CN','','','','1966-06-24','3','1','0','3','2018-01-24 20:00:19','103.36.122.212','0','0000-00-00 00:00:00',''),('7','3','273844','Amir','Hachem','Al Katranji','Grand Hills Ground Floor Al Khansa Street','LB','','','','1966-06-24','3','1','0','3','2018-01-24 20:00:19','103.36.122.212','0','0000-00-00 00:00:00',''),('8','3','273844','Amir','Hachem','Al Katranji','Khansa Jnah','LB','','','','1966-06-24','3','1','0','3','2018-01-24 20:00:19','103.36.122.212','0','0000-00-00 00:00:00',''),('9','3','273844','Amir','Hachem','Al Katranji','','SY','','','','1966-06-24','3','1','0','3','2018-01-24 20:00:19','103.36.122.212','0','0000-00-00 00:00:00',''),('10','3','273844','Amir','Hachem','Al Katranji','','SY','','','','1966-06-24','3','1','0','3','2018-01-24 20:00:19','103.36.122.212','0','0000-00-00 00:00:00',''),('11','3','273844','Amir','Hachem','Al Katranji','No 21 Longsheng Lane Qiaozhong Street','CN','','','','1966-06-24','3','1','0','3','2018-01-24 20:00:19','103.36.122.212','0','0000-00-00 00:00:00',''),('12','3','273844','Amir','Hachem','Al Katranji','Grand Hills Ground Floor Al Khansa Street','LB','','','','1966-06-24','3','1','0','3','2018-01-24 20:00:19','103.36.122.212','0','0000-00-00 00:00:00',''),('13','3','273844','Amir','Hachem','Al Katranji','Khansa Jnah','LB','','','','1966-06-24','3','1','0','3','2018-01-24 20:00:19','103.36.122.212','0','0000-00-00 00:00:00',''),('14','3','273844','Amir','Hachem','Al Katranji','','SY','','','','1966-06-24','3','1','0','3','2018-01-24 20:00:19','103.36.122.212','0','0000-00-00 00:00:00',''),('15','3','273844','Amir','Hachem','Al Katranji','','SY','','','','1966-06-24','3','1','0','3','2018-01-24 20:00:19','103.36.122.212','0','0000-00-00 00:00:00',''),('16','3','273844','Amir','Hachem','Al Katranji','No 21 Longsheng Lane Qiaozhong Street','CN','','','','1966-06-24','3','1','0','3','2018-01-24 20:00:19','103.36.122.212','0','0000-00-00 00:00:00',''),('17','3','273844','Amir','Hachem','Al Katranji','Grand Hills Ground Floor Al Khansa Street','LB','','','','1966-06-24','3','1','0','3','2018-01-24 20:00:19','103.36.122.212','0','0000-00-00 00:00:00',''),('18','3','273844','Amir','Hachem','Al Katranji','Khansa Jnah','LB','','','','1966-06-24','3','1','0','3','2018-01-24 20:00:19','103.36.122.212','0','0000-00-00 00:00:00',''),('19','3','273844','Amir','Hachem','Al Katranji','','SY','','','','1966-06-24','3','1','0','3','2018-01-24 20:00:19','103.36.122.212','0','0000-00-00 00:00:00',''),('20','3','273844','Amir','Hachem','Al Katranji','','SY','','','','1966-06-24','3','1','0','3','2018-01-24 20:00:19','103.36.122.212','0','0000-00-00 00:00:00',''),('21','4','273844','Amir','Hachem','Al Katranji','No 21 Longsheng Lane Qiaozhong Street','CN','','','','1966-06-24','3','1','0','3','2018-02-05 19:01:17','103.36.122.212','0','0000-00-00 00:00:00',''),('22','4','273844','Amir','Hachem','Al Katranji','Grand Hills Ground Floor Al Khansa Street','LB','','','','1966-06-24','3','1','0','3','2018-02-05 19:01:17','103.36.122.212','0','0000-00-00 00:00:00',''),('23','4','273844','Amir','Hachem','Al Katranji','Khansa Jnah','LB','','','','1966-06-24','3','1','0','3','2018-02-05 19:01:17','103.36.122.212','0','0000-00-00 00:00:00',''),('24','4','273844','Amir','Hachem','Al Katranji','','SY','','','','1966-06-24','3','1','0','3','2018-02-05 19:01:17','103.36.122.212','0','0000-00-00 00:00:00',''),('25','4','273844','Amir','Hachem','Al Katranji','','SY','','','','1966-06-24','3','1','0','3','2018-02-05 19:01:17','103.36.122.212','0','0000-00-00 00:00:00',''),('26','4','273844','Amir','Hachem','Al Katranji','No 21 Longsheng Lane Qiaozhong Street','CN','','','','1966-06-24','3','1','0','3','2018-02-05 19:01:17','103.36.122.212','0','0000-00-00 00:00:00',''),('27','4','273844','Amir','Hachem','Al Katranji','Grand Hills Ground Floor Al Khansa Street','LB','','','','1966-06-24','3','1','0','3','2018-02-05 19:01:17','103.36.122.212','0','0000-00-00 00:00:00',''),('28','4','273844','Amir','Hachem','Al Katranji','Khansa Jnah','LB','','','','1966-06-24','3','1','0','3','2018-02-05 19:01:17','103.36.122.212','0','0000-00-00 00:00:00',''),('29','4','273844','Amir','Hachem','Al Katranji','','SY','','','','1966-06-24','3','1','0','3','2018-02-05 19:01:17','103.36.122.212','0','0000-00-00 00:00:00',''),('30','4','273844','Amir','Hachem','Al Katranji','','SY','','','','1966-06-24','3','1','0','3','2018-02-05 19:01:17','103.36.122.212','0','0000-00-00 00:00:00',''),('31','4','273844','Amir','Hachem','Al Katranji','No 21 Longsheng Lane Qiaozhong Street','CN','','','','1966-06-24','3','1','0','3','2018-02-05 19:01:17','103.36.122.212','0','0000-00-00 00:00:00',''),('32','4','273844','Amir','Hachem','Al Katranji','Grand Hills Ground Floor Al Khansa Street','LB','','','','1966-06-24','3','1','0','3','2018-02-05 19:01:17','103.36.122.212','0','0000-00-00 00:00:00',''),('33','4','273844','Amir','Hachem','Al Katranji','Khansa Jnah','LB','','','','1966-06-24','3','1','0','3','2018-02-05 19:01:17','103.36.122.212','0','0000-00-00 00:00:00',''),('34','4','273844','Amir','Hachem','Al Katranji','','SY','','','','1966-06-24','3','1','0','3','2018-02-05 19:01:17','103.36.122.212','0','0000-00-00 00:00:00',''),('35','4','273844','Amir','Hachem','Al Katranji','','SY','','','','1966-06-24','3','1','0','3','2018-02-05 19:01:17','103.36.122.212','0','0000-00-00 00:00:00',''),('36','4','273844','Amir','Hachem','Al Katranji','No 21 Longsheng Lane Qiaozhong Street','CN','','','','1966-06-24','3','1','0','3','2018-02-05 19:01:17','103.36.122.212','0','0000-00-00 00:00:00',''),('37','4','273844','Amir','Hachem','Al Katranji','Grand Hills Ground Floor Al Khansa Street','LB','','','','1966-06-24','3','1','0','3','2018-02-05 19:01:17','103.36.122.212','0','0000-00-00 00:00:00',''),('38','4','273844','Amir','Hachem','Al Katranji','Khansa Jnah','LB','','','','1966-06-24','3','1','0','3','2018-02-05 19:01:17','103.36.122.212','0','0000-00-00 00:00:00',''),('39','4','273844','Amir','Hachem','Al Katranji','','SY','','','','1966-06-24','3','1','0','3','2018-02-05 19:01:17','103.36.122.212','0','0000-00-00 00:00:00',''),('40','4','273844','Amir','Hachem','Al Katranji','','SY','','','','1966-06-24','3','1','0','3','2018-02-05 19:01:17','103.36.122.212','0','0000-00-00 00:00:00',''),('41','5','273844','Amir','Hachem','Al Katranji','No 21 Longsheng Lane Qiaozhong Street','CN','','','','1966-06-24','3','1','0','3','2018-03-01 18:32:39','103.36.122.212','0','0000-00-00 00:00:00',''),('42','5','273844','Amir','Hachem','Al Katranji','Grand Hills Ground Floor Al Khansa Street','LB','','','','1966-06-24','3','1','0','3','2018-03-01 18:32:39','103.36.122.212','0','0000-00-00 00:00:00',''),('43','5','273844','Amir','Hachem','Al Katranji','Khansa Jnah','LB','','','','1966-06-24','3','1','0','3','2018-03-01 18:32:39','103.36.122.212','0','0000-00-00 00:00:00',''),('44','5','273844','Amir','Hachem','Al Katranji','','SY','','','','1966-06-24','3','1','0','3','2018-03-01 18:32:39','103.36.122.212','0','0000-00-00 00:00:00',''),('45','5','273844','Amir','Hachem','Al Katranji','','SY','','','','1966-06-24','3','1','0','3','2018-03-01 18:32:39','103.36.122.212','0','0000-00-00 00:00:00',''),('46','5','273844','Amir','Hachem','Al Katranji','No 21 Longsheng Lane Qiaozhong Street','CN','','','','1966-06-24','3','1','0','3','2018-03-01 18:32:39','103.36.122.212','0','0000-00-00 00:00:00',''),('47','5','273844','Amir','Hachem','Al Katranji','Grand Hills Ground Floor Al Khansa Street','LB','','','','1966-06-24','3','1','0','3','2018-03-01 18:32:39','103.36.122.212','0','0000-00-00 00:00:00',''),('48','5','273844','Amir','Hachem','Al Katranji','Khansa Jnah','LB','','','','1966-06-24','3','1','0','3','2018-03-01 18:32:39','103.36.122.212','0','0000-00-00 00:00:00',''),('49','5','273844','Amir','Hachem','Al Katranji','','SY','','','','1966-06-24','3','1','0','3','2018-03-01 18:32:39','103.36.122.212','0','0000-00-00 00:00:00',''),('50','5','273844','Amir','Hachem','Al Katranji','','SY','','','','1966-06-24','3','1','0','3','2018-03-01 18:32:39','103.36.122.212','0','0000-00-00 00:00:00',''),('51','5','273844','Amir','Hachem','Al Katranji','No 21 Longsheng Lane Qiaozhong Street','CN','','','','1966-06-24','3','1','0','3','2018-03-01 18:32:39','103.36.122.212','0','0000-00-00 00:00:00',''),('52','5','273844','Amir','Hachem','Al Katranji','Grand Hills Ground Floor Al Khansa Street','LB','','','','1966-06-24','3','1','0','3','2018-03-01 18:32:39','103.36.122.212','0','0000-00-00 00:00:00',''),('53','5','273844','Amir','Hachem','Al Katranji','Khansa Jnah','LB','','','','1966-06-24','3','1','0','3','2018-03-01 18:32:39','103.36.122.212','0','0000-00-00 00:00:00',''),('54','5','273844','Amir','Hachem','Al Katranji','','SY','','','','1966-06-24','3','1','0','3','2018-03-01 18:32:39','103.36.122.212','0','0000-00-00 00:00:00',''),('55','5','273844','Amir','Hachem','Al Katranji','','SY','','','','1966-06-24','3','1','0','3','2018-03-01 18:32:39','103.36.122.212','0','0000-00-00 00:00:00',''),('56','5','273844','Amir','Hachem','Al Katranji','No 21 Longsheng Lane Qiaozhong Street','CN','','','','1966-06-24','3','1','0','3','2018-03-01 18:32:39','103.36.122.212','0','0000-00-00 00:00:00',''),('57','5','273844','Amir','Hachem','Al Katranji','Grand Hills Ground Floor Al Khansa Street','LB','','','','1966-06-24','3','1','0','3','2018-03-01 18:32:39','103.36.122.212','0','0000-00-00 00:00:00',''),('58','5','273844','Amir','Hachem','Al Katranji','Khansa Jnah','LB','','','','1966-06-24','3','1','0','3','2018-03-01 18:32:39','103.36.122.212','0','0000-00-00 00:00:00',''),('59','5','273844','Amir','Hachem','Al Katranji','','SY','','','','1966-06-24','3','1','0','3','2018-03-01 18:32:39','103.36.122.212','0','0000-00-00 00:00:00',''),('60','5','273844','Amir','Hachem','Al Katranji','','SY','','','','1966-06-24','3','1','0','3','2018-03-01 18:32:39','103.36.122.212','0','0000-00-00 00:00:00','');
/*!40000 ALTER TABLE `ft_fincen_check_data_detail` ENABLE KEYS */;

DROP TABLE IF EXISTS `ft_fincen_check_data_master`;
CREATE TABLE `ft_fincen_check_data_master` (
  `id` int(12) NOT NULL AUTO_INCREMENT,
  `total_scan` varchar(100) NOT NULL,
  `total_match` varchar(100) NOT NULL,
  `status` tinyint(1) NOT NULL DEFAULT '1',
  `is_delete` tinyint(1) NOT NULL DEFAULT '0',
  `created_by` int(12) NOT NULL,
  `created_time` datetime NOT NULL,
  `created_ip` varchar(100) NOT NULL,
  `modified_by` int(12) NOT NULL,
  `modified_time` datetime NOT NULL,
  `modified_ip` varchar(100) NOT NULL,
  PRIMARY KEY (`id`)
) ENGINE=InnoDB AUTO_INCREMENT=6 DEFAULT CHARSET=latin1;

/*!40000 ALTER TABLE `ft_fincen_check_data_master` DISABLE KEYS */;
INSERT INTO `ft_fincen_check_data_master` VALUES ('3','284','21','1','0','3','2018-01-24 20:00:19','103.36.122.212','0','0000-00-00 00:00:00',''),('4','284','21','1','0','3','2018-02-05 19:01:17','103.36.122.212','0','0000-00-00 00:00:00',''),('5','284','21','1','0','3','2018-03-01 18:32:39','103.36.122.212','0','0000-00-00 00:00:00','');
/*!40000 ALTER TABLE `ft_fincen_check_data_master` ENABLE KEYS */;

DROP TABLE IF EXISTS `ft_horizon_master`;
CREATE TABLE `ft_horizon_master` (
  `id` int(11) NOT NULL AUTO_INCREMENT,
  `option` varchar(100) NOT NULL,
  `u_id` int(8) NOT NULL,
  `status` tinyint(1) NOT NULL DEFAULT '1',
  `is_delete` tinyint(1) NOT NULL DEFAULT '0',
  `created_by` int(12) NOT NULL,
  `created_time` datetime NOT NULL,
  `created_ip` varchar(100) NOT NULL,
  `modified_by` int(12) NOT NULL,
  `modified_time` datetime NOT NULL,
  `modified_ip` varchar(100) NOT NULL,
  PRIMARY KEY (`id`)
) ENGINE=InnoDB AUTO_INCREMENT=2 DEFAULT CHARSET=latin1;

/*!40000 ALTER TABLE `ft_horizon_master` DISABLE KEYS */;
INSERT INTO `ft_horizon_master` VALUES ('1','100-200','0','1','0','1','2021-07-24 08:42:31','107.210.168.81','0','0000-00-00 00:00:00','');
/*!40000 ALTER TABLE `ft_horizon_master` ENABLE KEYS */;

DROP TABLE IF EXISTS `ft_import_current_files`;
CREATE TABLE `ft_import_current_files` (
  `id` int(12) NOT NULL AUTO_INCREMENT,
  `user_id` int(12) NOT NULL,
  `imported_date` date NOT NULL,
  `last_processed_date` date NOT NULL DEFAULT '0000-00-00',
  `file_name` varchar(100) NOT NULL,
  `file_type` varchar(100) NOT NULL,
  `source` varchar(100) NOT NULL,
  `processed` tinyint(1) NOT NULL DEFAULT '0',
  `process_completed` tinyint(1) NOT NULL DEFAULT '0',
  `is_archived` tinyint(1) NOT NULL DEFAULT '0',
  `status` tinyint(1) NOT NULL,
  `is_delete` tinyint(4) NOT NULL,
  `note` varchar(20) NOT NULL DEFAULT '',
  `created_by` int(12) NOT NULL,
  `created_time` datetime NOT NULL,
  `created_ip` varchar(100) NOT NULL,
  `modified_by` int(12) NOT NULL,
  `modified_time` datetime NOT NULL,
  `modified_ip` varchar(100) NOT NULL,
  PRIMARY KEY (`id`)
) ENGINE=InnoDB AUTO_INCREMENT=43 DEFAULT CHARSET=latin1;

/*!40000 ALTER TABLE `ft_import_current_files` DISABLE KEYS */;
INSERT INTO `ft_import_current_files` VALUES ('1','3','2018-07-30','2018-08-02','MFBBRC1.A0656.txt','DST Commission','DSTIDC','1','0','0','0','0','','3','2018-07-30 17:03:29','103.36.122.212','21','2018-08-02 10:45:10','103.36.122.212'),('2','3','2018-07-30','2018-08-02','MFBBRC1.A0657.txt','DST Commission','DSTIDC','1','1','1','0','0','','3','2018-07-30 17:03:29','103.36.122.212','21','2018-08-02 18:27:19','103.36.122.212'),('3','3','2018-07-30','2018-08-06','MFBBRC1.A0658.txt','DST Commission','DSTIDC','1','1','1','0','0','','3','2018-07-30 17:03:29','103.36.122.212','21','2018-10-18 19:42:56','76.176.130.44'),('4','3','2018-07-30','2018-08-06','MFBBRC1.A0659.txt','DST Commission','DSTIDC','1','1','0','0','0','','3','2018-07-30 17:03:29','103.36.122.212','21','2018-08-06 17:22:11','103.36.122.212'),('5','3','2018-07-30','2018-08-13','MFBBRC1.A0660.txt','DST Commission','DSTIDC','1','1','0','0','0','','3','2018-07-30 17:03:29','103.36.122.212','21','2018-08-13 05:01:04','98.173.59.168'),('6','3','2018-07-30','2018-08-13','MFBBRC1.A0661.txt','DST Commission','DSTIDC','1','1','0','0','0','','3','2018-07-30 17:03:29','103.36.122.212','21','2018-08-13 05:01:04','98.173.59.168'),('7','3','2018-07-30','2018-08-13','MFBBRC1.A0662.txt','DST Commission','DSTIDC','1','1','0','0','0','','3','2018-07-30 17:03:29','103.36.122.212','21','2018-08-13 05:01:04','98.173.59.168'),('8','3','2018-07-30','2018-08-13','MFBBRC1.A0663.txt','DST Commission','DSTIDC','1','1','0','0','0','','3','2018-07-30 17:03:29','103.36.122.212','21','2018-08-13 05:01:04','98.173.59.168'),('9','3','2018-07-30','2018-08-13','MFBBRC1.A0664.txt','DST Commission','DSTIDC','1','1','0','0','0','','3','2018-07-30 17:03:29','103.36.122.212','21','2018-08-13 05:01:04','98.173.59.168'),('10','3','2018-07-30','2018-08-13','MFBBRC1.A0665.txt','DST Commission','DSTIDC','1','1','0','0','0','','3','2018-07-30 17:03:29','103.36.122.212','21','2018-08-13 05:01:04','98.173.59.168'),('11','3','2018-07-30','2018-08-13','MFBBRC1.A0666.txt','DST Commission','DSTIDC','1','1','0','0','0','','3','2018-07-30 17:03:29','103.36.122.212','21','2018-08-13 05:01:04','98.173.59.168'),('12','3','2018-07-30','2018-08-13','MFBBRC1.A0667.txt','DST Commission','DSTIDC','1','1','0','0','0','','3','2018-07-30 17:03:29','103.36.122.212','21','2018-08-13 05:01:04','98.173.59.168'),('13','3','2018-07-30','2018-08-13','MFBBRC1.A0668.txt','DST Commission','DSTIDC','1','1','0','0','0','','3','2018-07-30 17:03:29','103.36.122.212','21','2018-08-13 05:01:04','98.173.59.168'),('14','3','2018-07-30','2018-08-13','MFBBRC1.A0669.txt','DST Commission','DSTIDC','1','1','0','0','0','','3','2018-07-30 17:03:29','103.36.122.212','21','2018-08-13 05:01:04','98.173.59.168'),('15','3','2018-07-30','2018-08-13','AMERI08.N4129.TXT','New Account Activity','DSTFANMail','1','0','0','0','0','','3','2018-07-30 17:04:12','103.36.122.212','21','2018-08-13 05:01:03','98.173.59.168'),('16','3','2018-07-30','2018-08-13','AMERI08.N4153.TXT','New Account Activity','DSTFANMail','1','0','0','0','0','','3','2018-07-30 17:04:12','103.36.122.212','21','2018-08-13 05:01:03','98.173.59.168'),('17','3','2018-07-30','2018-08-13','AMERI08.N4177.TXT','New Account Activity','DSTFANMail','1','0','0','0','0','','3','2018-07-30 17:04:12','103.36.122.212','21','2018-08-13 05:01:03','98.173.59.168'),('18','3','2018-07-30','2018-08-13','AMERI08.N4201.TXT','New Account Activity','DSTFANMail','1','0','0','0','0','','3','2018-07-30 17:04:12','103.36.122.212','21','2018-08-13 05:01:03','98.173.59.168'),('19','3','2018-07-30','2018-08-13','AMERI08.N4225.TXT','New Account Activity','DSTFANMail','1','0','0','0','0','','3','2018-07-30 17:04:12','103.36.122.212','21','2018-08-13 05:01:03','98.173.59.168'),('20','3','2018-07-30','2018-08-13','AMERI08.N4249.TXT','New Account Activity','DSTFANMail','1','0','0','0','0','','3','2018-07-30 17:04:12','103.36.122.212','21','2018-08-13 05:01:03','98.173.59.168'),('21','3','2018-07-30','2018-08-03','AMERI09.N4130.TXT','Account Master Position','DSTFANMail','1','0','0','0','0','','3','2018-07-30 17:04:12','103.36.122.212','21','2018-08-03 01:37:26','98.173.59.168'),('22','3','2018-07-30','2018-08-13','AMERI09.N4154.TXT','Account Master Position','DSTFANMail','1','0','0','0','0','','3','2018-07-30 17:04:12','103.36.122.212','21','2018-08-13 05:01:03','98.173.59.168'),('23','3','2018-07-30','2018-08-13','AMERI09.N4178.TXT','Account Master Position','DSTFANMail','1','0','0','0','0','','3','2018-07-30 17:04:12','103.36.122.212','21','2018-08-13 05:01:03','98.173.59.168'),('24','3','2018-07-30','2018-08-13','AMERI09.N4202.TXT','Account Master Position','DSTFANMail','1','0','0','0','0','','3','2018-07-30 17:04:12','103.36.122.212','21','2018-08-13 05:01:03','98.173.59.168'),('25','3','2018-07-30','2018-08-13','AMERI09.N4226.TXT','Account Master Position','DSTFANMail','1','0','0','0','0','','3','2018-07-30 17:04:12','103.36.122.212','21','2018-08-13 05:01:03','98.173.59.168'),('26','3','2018-07-30','2018-08-13','AMERI09.N4250.TXT','Account Master Position','DSTFANMail','1','0','0','0','0','','3','2018-07-30 17:04:12','103.36.122.212','21','2018-08-13 05:01:03','98.173.59.168'),('27','3','2018-07-30','2018-08-13','DFHFA09.A0029.txt','Account Master Position','DSTFANMail','1','0','0','0','0','','3','2018-07-30 17:04:12','103.36.122.212','21','2018-08-13 05:01:03','98.173.59.168'),('28','21','2018-08-02','2020-11-06','WSTVU07.N4147.TXT','Non-Financial Activity','DSTFANMail','1','1','1','0','0','','21','2018-08-02 10:35:00','103.36.122.212','1','2021-08-30 02:57:09','107.210.168.81'),('29','21','2018-08-02','2018-08-13','WSTVU07.N4171.TXT','Non-Financial Activity','DSTFANMail','1','0','0','0','0','','21','2018-08-02 10:35:00','103.36.122.212','21','2018-08-13 05:01:03','98.173.59.168'),('30','21','2018-08-02','2018-08-13','WSTVU07.N4195.TXT','Non-Financial Activity','DSTFANMail','1','0','0','0','0','','21','2018-08-02 10:35:00','103.36.122.212','21','2018-08-13 05:01:03','98.173.59.168'),('31','21','2018-08-02','2018-08-13','WSTVU07.N4219.TXT','Non-Financial Activity','DSTFANMail','1','0','0','0','0','','21','2018-08-02 10:35:00','103.36.122.212','21','2018-08-13 05:01:03','98.173.59.168'),('32','21','2018-08-02','2018-08-13','WSTVU07.N4243.TXT','Non-Financial Activity','DSTFANMail','1','0','0','0','0','','21','2018-08-02 10:35:00','103.36.122.212','21','2018-08-13 05:01:03','98.173.59.168'),('33','21','2018-08-02','2018-08-13','WSTVU07.N4267.TXT','Non-Financial Activity','DSTFANMail','1','0','0','0','0','','21','2018-08-02 10:35:00','103.36.122.212','21','2018-08-13 05:01:03','98.173.59.168'),('34','21','2018-08-02','2018-08-13','WSTVU08.N4148.TXT','New Account Activity','DSTFANMail','1','0','0','0','0','','21','2018-08-02 10:35:00','103.36.122.212','21','2018-08-13 05:01:03','98.173.59.168'),('35','21','2018-08-02','2018-08-13','WSTVU08.N4172.TXT','New Account Activity','DSTFANMail','1','0','0','0','0','','21','2018-08-02 10:35:00','103.36.122.212','21','2018-08-13 05:01:03','98.173.59.168'),('36','21','2018-08-02','2018-08-13','WSTVU08.N4196.TXT','New Account Activity','DSTFANMail','1','0','0','0','0','','21','2018-08-02 10:35:00','103.36.122.212','21','2018-08-13 05:01:03','98.173.59.168'),('37','21','2018-08-02','2018-08-13','WSTVU08.N4220.TXT','New Account Activity','DSTFANMail','1','0','0','0','0','','21','2018-08-02 10:35:00','103.36.122.212','21','2018-08-13 05:01:03','98.173.59.168'),('38','21','2018-08-02','2018-08-13','WSTVU08.N4244.TXT','New Account Activity','DSTFANMail','1','0','0','0','0','','21','2018-08-02 10:35:00','103.36.122.212','21','2018-08-13 05:01:03','98.173.59.168'),('39','21','2018-08-02','2018-08-13','WSTVU08.N4268.TXT','New Account Activity','DSTFANMail','1','0','0','0','0','','21','2018-08-02 10:35:00','103.36.122.212','21','2018-08-13 05:01:03','98.173.59.168'),('40','21','2018-08-02','2018-08-13','WSTVU07.N4627.TXT','Non-Financial Activity','DSTFANMail','1','0','0','0','0','','21','2018-08-02 10:37:22','103.36.122.212','21','2018-08-13 05:01:03','98.173.59.168'),('41','21','2018-08-02','2018-08-02','WSTVU08.N4628.TXT','New Account Activity','DSTFANMail','1','0','0','0','0','','21','2018-08-02 10:37:22','103.36.122.212','21','2018-08-02 10:40:04','103.36.122.212'),('42','21','2018-08-02','2018-08-03','WSTVU09.N4629.TXT','Account Master Position','DSTFANMail','1','0','0','0','1','','21','2018-08-02 10:37:22','103.36.122.212','21','2018-08-03 01:36:34','98.173.59.168');
/*!40000 ALTER TABLE `ft_import_current_files` ENABLE KEYS */;

DROP TABLE IF EXISTS `ft_import_file_detail_data`;
CREATE TABLE `ft_import_file_detail_data` (
  `id` int(12) NOT NULL AUTO_INCREMENT,
  `file_id` int(12) NOT NULL,
  `header_id` int(12) NOT NULL,
  `record_type1` varchar(100) NOT NULL,
  `sequence_number1` varchar(100) NOT NULL,
  `dealer_number` varchar(100) NOT NULL,
  `dealer_branch_number` varchar(100) NOT NULL,
  `cusip_number` varchar(100) NOT NULL,
  `mutual_fund_fund_code` varchar(100) NOT NULL,
  `mutual_fund_customer_account_number` varchar(100) NOT NULL,
  `account_number_code` varchar(100) NOT NULL,
  `mutual_fund_established_date` date NOT NULL,
  `last_maintenance_date` date NOT NULL,
  `line_code` varchar(100) NOT NULL,
  `alpha_code` varchar(100) NOT NULL,
  `mutual_fund_dealer_level_control_code` varchar(100) NOT NULL,
  `social_code` varchar(100) NOT NULL,
  `resident_state_country_code` varchar(100) NOT NULL,
  `social_security_number` varchar(100) NOT NULL,
  `ssn_status_code` varchar(100) NOT NULL,
  `systematic_withdrawal_plan(SWP)_account` varchar(100) NOT NULL,
  `pre_authorized_checking_amount` varchar(100) NOT NULL,
  `automated_clearing_house_account(ACH)` varchar(100) NOT NULL,
  `mutual_fund_reinvest_to_another_account` varchar(100) NOT NULL,
  `mutual_fund_capital_gains_distribution_option` varchar(100) NOT NULL,
  `mutual_fund_divident_distribution_option` varchar(100) NOT NULL,
  `check_writing_account` varchar(100) NOT NULL,
  `expedited_redemption_account` varchar(100) NOT NULL,
  `mutual_fund_sub_account` varchar(100) NOT NULL,
  `foreign_tax_rate` varchar(100) NOT NULL,
  `zip_code` varchar(100) NOT NULL,
  `zipcode_future_expansion` varchar(100) NOT NULL,
  `cumulative_discount_number` varchar(100) NOT NULL,
  `letter_of_intent(LOI)_number` varchar(100) NOT NULL,
  `timer_flag` varchar(100) NOT NULL,
  `list_bill_account` varchar(100) NOT NULL,
  `mutual_fund_monitored_VIP_account` varchar(100) NOT NULL,
  `mutual_fund_expedited_exchange_account` varchar(100) NOT NULL,
  `mutual_fund_penalty_withholding_account` varchar(100) NOT NULL,
  `certificate_issuance_code` varchar(100) NOT NULL,
  `mutual_fund_stop_transfer_flag` varchar(100) NOT NULL,
  `mutual_fund_blue_sky_exemption_flag` varchar(100) NOT NULL,
  `bank_card_issued` varchar(100) NOT NULL,
  `fiduciary_account` varchar(100) NOT NULL,
  `plan_status_code` varchar(100) NOT NULL,
  `mutual_fund_net_asset_value(NAV)_account` varchar(100) NOT NULL,
  `mailing_flag` varchar(100) NOT NULL,
  `interested_party_code` varchar(100) NOT NULL,
  `mutual_fund_share_account_phone_check_redemption_code` varchar(100) NOT NULL,
  `mutual_fund_share_account_house_account_code` varchar(100) NOT NULL,
  `record_type2` varchar(100) NOT NULL,
  `sequence_number2` varchar(100) NOT NULL,
  `mutual_fund_dividend_mail_account` varchar(100) NOT NULL,
  `mutual_fund_stop_purchase_account` varchar(100) NOT NULL,
  `stop_mail_account` varchar(100) NOT NULL,
  `mutual_fund_fractional_check` varchar(100) NOT NULL,
  `registration_line1` varchar(100) NOT NULL,
  `registration_line2` varchar(100) NOT NULL,
  `registration_line3` varchar(100) NOT NULL,
  `registration_line4` varchar(100) NOT NULL,
  `customer_date_of_birth` date NOT NULL,
  `mutual_fund_account_price_schedule_code` varchar(100) NOT NULL,
  `unused_002_1` varchar(100) NOT NULL,
  `record_type3` varchar(100) NOT NULL,
  `sequence_number3` varchar(100) NOT NULL,
  `account_registration_line5` varchar(100) NOT NULL,
  `account_registration_line6` varchar(100) NOT NULL,
  `account_registration_line7` varchar(100) NOT NULL,
  `representative_number` varchar(100) NOT NULL,
  `representative_name` varchar(100) NOT NULL,
  `position_close_out_indicator` varchar(100) NOT NULL,
  `account_type_indicator` varchar(100) NOT NULL,
  `product_identifier_code(VA only)` varchar(100) NOT NULL,
  `mutual_fund_alternative_investment_program_managers_variable_ann` varchar(100) NOT NULL,
  `record_type4` varchar(100) NOT NULL,
  `sequence_number4` int(12) NOT NULL,
  `brokerage_identification_number(BIN)` varchar(100) NOT NULL,
  `account_number_code_004` varchar(100) NOT NULL,
  `primary_investor_phone_number` varchar(100) NOT NULL,
  `secondary_investor_phone_number` varchar(100) NOT NULL,
  `NSCC_trust_company_number` varchar(100) NOT NULL,
  `NSCC_third_party_administrator_number` varchar(100) NOT NULL,
  `unused_004_1` varchar(100) NOT NULL,
  `trust_custodian_id_number` varchar(100) NOT NULL,
  `third_party_administrator_id_number` varchar(100) NOT NULL,
  `unused_004_2` varchar(100) NOT NULL,
  `status` tinyint(1) NOT NULL DEFAULT '1',
  `is_delete` tinyint(1) NOT NULL DEFAULT '0',
  `created_by` int(12) NOT NULL,
  `created_time` datetime NOT NULL,
  `created_ip` varchar(100) NOT NULL,
  `modified_by` int(12) NOT NULL,
  `modified_time` datetime NOT NULL,
  `modified_ip` varchar(100) NOT NULL,
  PRIMARY KEY (`id`)
) ENGINE=InnoDB AUTO_INCREMENT=86 DEFAULT CHARSET=latin1;

/*!40000 ALTER TABLE `ft_import_file_detail_data` DISABLE KEYS */;
INSERT INTO `ft_import_file_detail_data` VALUES ('1','41','1','NAA','001','0000199','000000299','WSTVUFEI2','WSTVU02','00033334444         ','F','2000-03-30','2018-08-02','2','          ',' ','005','015','444654123','2','0','0','0',' ','0','0','0','0','0','000','683327878','00','000000000','000000000','0','0','0','0','0','0','0','0','0','0','0','0','0','','','','NAA','002','0','0','0','0','KEVIN JOHN ANDERSON                ','1616 WILSIRE DRIVE                 ','NEWTON KS 68332 7878','','1970-01-01','','','NAA','003','                                   ','KEVIN JOHN ANDERSON                ','                                   ','     2323','     MARK DAVIS','','','','','','0','','','','','','','','','','','1','0','21','2018-08-02 10:40:04','103.36.122.212','21','2018-08-02 10:40:04','103.36.122.212'),('2','41','1','NAA','001','0000199','000000299','WSTVULMA2','WSTVU02','00033334444         ','F','2000-03-30','2018-08-02','2','          ',' ','005','015','444654123','2','0','0','0',' ','0','0','0','0','0','000','683327878','00','000000000','000000000','0','0','0','0','0','0','0','0','0','0','0','0','0','','','','NAA','002','0','0','0','0','KEVIN JOHN ANDERSON                ','1616 WILSIRE DRIVE                 ','NEWTON KS 68332 7878','','1970-01-01','','','NAA','003','                                   ','KEVIN JOHN ANDERSON                ','                                   ','     2323','     MARK DAVIS','','','','','','0','','','','','','','','','','','1','0','21','2018-08-02 10:40:04','103.36.122.212','21','2018-08-02 10:40:04','103.36.122.212'),('3','41','2','NAA','001','0007766','000002326','WSTVUEGR2','WSTVU01','00047847899         ','F','2000-03-30','2018-08-02','2','          ',' ','005','015','969678754','2','0','0','0',' ','0','0','0','0','0','000','666791165','00','000000000','000000000','0','0','0','0','0','0','0','0','0','0','0','0','0','','','','NAA','002','0','0','0','0','JOHN TAYLOR                        ','1313 STELLER LANE                  ','WAMEGO KS 66679 1165','','1970-01-01','','','NAA','003','                                   ','JOHN TAYLOR                        ','                                   ','    60160','    JUSTIN CASE','','','','','','0','','','','','','','','','','','1','0','21','2018-08-02 10:40:04','103.36.122.212','21','2018-08-02 10:40:04','103.36.122.212'),('4','42','3','AMP','001','0000001','000000001','WSTVUAAL2','WSTVU01','00123456789         ','F','2000-03-29','2018-08-03','2','          ',' ','005','015','777889999','2','0','0','0',' ','0','0','0','0','0','000','674014455','00','000000000','000000000','0','0','0','0','0','0','0','0','0','0','0','0','0','','','','AMP','002','0','0','0','0','MARK DAVID JOHNSON                 ','5565 W 10TH STREET                 ','SALINA KS 67401 4455','','1970-01-01','','','AMP','003','                                   ','DAVID JOHNSON                      ','                                   ','3345','JAMES STEVENS','','','','','','0','','','','','','','','','','','1','0','21','2018-08-03 01:36:34','98.173.59.168','21','2018-08-03 01:36:34','98.173.59.168'),('5','42','3','AMP','001','0000001','000000001','WSTVUBND2','WSTVU01','00123456789         ','F','2000-03-29','2018-08-03','2','          ',' ','005','015','777889999','2','0','0','0',' ','0','0','0','0','0','000','674014455','00','000000000','000000000','0','0','0','0','0','0','0','0','0','0','0','0','0','','','','AMP','002','0','0','0','0','MARK DAVID JOHNSON                 ','5565 W 10TH STREET                 ','SALINA KS 67401 4455','','1970-01-01','','','AMP','003','                                   ','DAVID JOHNSON                      ','                                   ','3345','JAMES STEVENS','','','','','','0','','','','','','','','','','','1','0','21','2018-08-03 01:36:34','98.173.59.168','21','2018-08-03 01:36:34','98.173.59.168'),('6','42','3','AMP','001','0000001','000000001','WSTVUDMC2','WSTVU01','00123456789         ','F','2000-03-29','2018-08-03','2','          ',' ','005','015','777889999','2','0','0','0',' ','0','0','0','0','0','000','674014455','00','000000000','000000000','0','0','0','0','0','0','0','0','0','0','0','0','0','','','','AMP','002','0','0','0','0','MARK DAVID JOHNSON                 ','5565 W 10TH STREET                 ','SALINA KS 67401 4455','','1970-01-01','','','AMP','003','                                   ','DAVID JOHNSON                      ','                                   ','3345','JAMES STEVENS','','','','','','0','','','','','','','','','','','1','0','21','2018-08-03 01:36:34','98.173.59.168','21','2018-08-03 01:36:34','98.173.59.168'),('7','42','4','AMP','001','0000025','000000055','WSTVUAAL2','WSTVU02','00112233445         ','F','2000-03-29','2018-08-03','2','          ',' ','005','015','333456677','2','0','0','0',' ','0','0','0','0','0','000','655214569','00','000000000','000000000','0','0','0','0','0','0','0','0','0','0','0','0','0','','','','AMP','002','0','0','0','0','FRANK SCOTT                        ','659 BROADWAY                       ','TOPEKA KS 65521 4569','','1970-01-01','','','AMP','003','                                   ','FRANK SCOTT                        ','                                   ','5566     ','FRANK JONES','','','','','','0','','','','','','','','','','','1','0','21','2018-08-03 01:36:34','98.173.59.168','21','2018-08-03 01:36:34','98.173.59.168'),('8','42','4','AMP','001','0000025','000000055','WSTVUBND2','WSTVU02','00112233445         ','F','2000-03-29','2018-08-03','2','          ',' ','005','015','333456677','2','0','0','0',' ','0','0','0','0','0','000','655214569','00','000000000','000000000','0','0','0','0','0','0','0','0','0','0','0','0','0','','','','AMP','002','0','0','0','0','FRANK SCOTT                        ','659 BROADWAY                       ','TOPEKA KS 65521 4569','','1970-01-01','','','AMP','003','                                   ','FRANK SCOTT                        ','                                   ','5566     ','FRANK JONES','','','','','','0','','','','','','','','','','','1','0','21','2018-08-03 01:36:34','98.173.59.168','21','2018-08-03 01:36:34','98.173.59.168'),('9','21','5','AMP','001','0305389','000000000','AMEFIMMMA','AMEF707','12312312311         ','F','2003-12-15','2018-08-03','2','          ','0','005','014','505900482','2','0','0','0',' ','0','0','0','0','0','000','524027650','00','000000000','000000000','0','0','0','0','0','0','0','0','0','0','0','0','0',' ',' ',' ','AMP','002','0','0','0','0','ROBERT SCOTT              	       3','215 MULBERY ST                    C','EDAR RAPIDS IA 524027650           ','                                   ','1970-01-01',' ','','AMP','003','                                   ','                                   ','                                   ','0000C5389','MICHAEL DOUGLAS               ',' ','    ','   ','','','0','','','','','','','','','','','1','0','21','2018-08-03 01:37:26','98.173.59.168','21','2018-08-03 01:37:26','98.173.59.168'),('10','21','5','AMP','001','0305389','000000000','AMEFIAMMA','AMEF707','45645645645         ','F','2003-12-15','2018-08-03','2','          ','0','005','014','505900482','2','0','0','0',' ','0','0','0','0','0','000','524027650','00','000000000','000000000','0','0','0','0','0','0','0','0','0','0','0','0','0',' ',' ',' ','AMP','002','0','0','0','0','APRIL ALLEN                        ','15150 MAIN ST                      ','CEDAR RAPIDS IA 524027650          ','                                   ','2018-08-03','0',' ','AMP','003','                                   ','                                   ','                                   ','0000C5389','MICHAEL DOUGLAS               ',' ','    ','','','','0','','','','','','','','','','','1','0','21','2018-08-03 01:37:26','98.173.59.168','21','2018-08-03 01:37:26','98.173.59.168'),('11','21','5','AMP','001','0305389','000000000','AMEFSCOYA','AMEF830','78978978978         ','F','2003-12-15','2018-08-03','2','          ','0','005','014','505900482','2','0','0','0',' ','0','0','0','0','0','000','524027650','00','000000000','000000000','0','0','0','0','0','0','0','0','0','0','0','0','0',' ',' ',' ','AMP','002','0','0','0','0','SELMA HYACK                        ','3215 OAK ST                        ','CEDAR RAPIDS IA 524027650          ','                                   ','2018-08-03','0',' ','AMP','003','                                   ','                                   ','                                   ','0000C5389','MICHAEL DOUGLAS               ',' ','    ',' ','','','0','','','','','','','','','','','1','0','21','2018-08-03 01:37:26','98.173.59.168','21','2018-08-03 01:37:26','98.173.59.168'),('12','21','5','AMP','001','0305389','000000000','AMEFIAMMA','AMEF707','15615615615         ','F','2004-06-16','2018-08-03','2','          ','0','010','014','475726761','2','0','0','0',' ','0','0','0','0','0','000','524025704','00','000000000','000000000','0','0','0','0','0','0','0','0','0','0','0','0','0',' ',' ',' ','AMP','002','0','0','0','0','KIMBERLY ROGERS                    ','12 CULVER RD                       ','CEDAR RAPIDS IA 524025704          ','                                   ','2018-08-03','0',' ','AMP','003','                                   ','                                   ','                                   ','0000C5389','MICHAEL DOUGLAS               ',' ','    ',' ','','','0','','','','','','','','','','','1','0','21','2018-08-03 01:37:26','98.173.59.168','21','2018-08-03 01:37:26','98.173.59.168'),('13','28','6','NFA','001','0000001','000000001','WSTVUAAL2','WSTVU01','00123456789         ','F','2000-03-29','2018-08-13','2','          ',' ','005','015','777889999','2','0','0','0',' ','0','0','0','0','0','000','674014455','00','000000000','000000000','0','0','0','0','0','0','0','0','0','0','0','0','0','','','','NFA','002','0','0','0','0','MARK DAVID JOHNSON                 ','5165 W 10TH STREET                 ','SALINA KS 67401 4455','','1970-01-01','','','NFA','003','                                   ','MARK DAVID JOHNSON                 ','                                   ','3345','     JAMES STEVEN','S','','','','','0','','','','','','','','','','','1','0','21','2018-08-13 05:01:03','98.173.59.168','21','2018-08-13 05:01:03','98.173.59.168'),('14','28','6','NFA','001','0000001','000000001','WSTVUBND2','WSTVU01','00123456789         ','F','2000-03-29','2018-08-13','2','          ',' ','005','015','777889999','2','0','0','0',' ','0','0','0','0','0','000','674014455','00','000000000','000000000','0','0','0','0','0','0','0','0','0','0','0','0','0','','','','NFA','002','0','0','0','0','MARK DAVID JOHNSON                 ','5165 W 10TH STREET                 ','SALINA KS 67401 4455','','1970-01-01','','','NFA','003','                                   ','MARK DAVID JOHNSON                 ','                                   ','3345','     JAMES STEVEN','S','','','','','0','','','','','','','','','','','1','0','21','2018-08-13 05:01:03','98.173.59.168','21','2018-08-13 05:01:03','98.173.59.168'),('15','28','6','NFA','001','0000001','000000001','WSTVUDMC2','WSTVU01','00123456789         ','F','2000-03-29','2018-08-13','2','          ',' ','005','015','777889999','2','0','0','0',' ','0','0','0','0','0','000','674014455','00','000000000','000000000','0','0','0','0','0','0','0','0','0','0','0','0','0','','','','NFA','002','0','0','0','0','MARK DAVID JOHNSON                 ','5165 W 10TH STREET                 ','SALINA KS 67401 4455','','1970-01-01','','','NFA','003','                                   ','MARK DAVID JOHNSON                 ','                                   ','3345','     JAMES STEVEN','S','','','','','0','','','','','','','','','','','1','0','21','2018-08-13 05:01:03','98.173.59.168','21','2018-08-13 05:01:03','98.173.59.168'),('16','29','7','NFA','001','0000001','000000001','WSTVUAAL2','WSTVU01','00123456789         ','F','2000-03-29','2018-08-13','2','          ',' ','005','015','777889999','2','0','0','0',' ','0','0','0','0','0','000','674014455','00','000000000','000000000','0','0','0','0','0','0','0','0','0','0','0','0','0','','','','NFA','002','0','0','0','0','MARK DAVID JOHNSON                 ','5165 W 10TH STREET                 ','SALINA KS 67401 4455','','1970-01-01','','','NFA','003','                                   ','MARK DAVID JOHNSON                 ','                                   ','                  3345','     JAMES STEVEN','S','','','','','0','','','','','','','','','','','1','0','21','2018-08-13 05:01:03','98.173.59.168','21','2018-08-13 05:01:03','98.173.59.168'),('17','29','7','NFA','001','0000001','000000001','WSTVUBND2','WSTVU01','00123456789         ','F','2000-03-29','2018-08-13','2','          ',' ','005','015','777889999','2','0','0','0',' ','0','0','0','0','0','000','674014455','00','000000000','000000000','0','0','0','0','0','0','0','0','0','0','0','0','0','','','','NFA','002','0','0','0','0','MARK DAVID JOHNSON                 ','5165 W 10TH STREET                 ','SALINA KS 67401 4455','','1970-01-01','','','NFA','003','                                   ','MARK DAVID JOHNSON                 ','                                   ','                  3345','     JAMES STEVEN','S','','','','','0','','','','','','','','','','','1','0','21','2018-08-13 05:01:03','98.173.59.168','21','2018-08-13 05:01:03','98.173.59.168'),('18','29','7','NFA','001','0000001','000000001','WSTVUDMC2','WSTVU01','00123456789         ','F','2000-03-29','2018-08-13','2','          ',' ','005','015','777889999','2','0','0','0',' ','0','0','0','0','0','000','674014455','00','000000000','000000000','0','0','0','0','0','0','0','0','0','0','0','0','0','','','','NFA','002','0','0','0','0','MARK DAVID JOHNSON                 ','5165 W 10TH STREET                 ','SALINA KS 67401 4455','','1970-01-01','','','NFA','003','                                   ','MARK DAVID JOHNSON                 ','                                   ','                  3345','     JAMES STEVEN','S','','','','','0','','','','','','','','','','','1','0','21','2018-08-13 05:01:03','98.173.59.168','21','2018-08-13 05:01:03','98.173.59.168'),('19','30','8','NFA','001','0000001','000000001','WSTVUAAL2','WSTVU01','00123456789         ','F','2000-03-29','2018-08-13','2','          ',' ','005','015','777889999','2','0','0','0',' ','0','0','0','0','0','000','674014455','00','000000000','000000000','0','0','0','0','0','0','0','0','0','0','0','0','0','','','','NFA','002','0','0','0','0','MARK DAVID JOHNSON                 ','5165 W 10TH STREET                 ','SALINA KS 67401 4455','','1970-01-01','','','NFA','003','                                   ','MARK DAVID JOHNSON                 ','                                   ','                  3345','     JAMES STEVEN','S','','','','','0','','','','','','','','','','','1','0','21','2018-08-13 05:01:03','98.173.59.168','21','2018-08-13 05:01:03','98.173.59.168'),('20','30','8','NFA','001','0000001','000000001','WSTVUBND2','WSTVU01','00123456789         ','F','2000-03-29','2018-08-13','2','          ',' ','005','015','777889999','2','0','0','0',' ','0','0','0','0','0','000','674014455','00','000000000','000000000','0','0','0','0','0','0','0','0','0','0','0','0','0','','','','NFA','002','0','0','0','0','MARK DAVID JOHNSON                 ','5165 W 10TH STREET                 ','SALINA KS 67401 4455','','1970-01-01','','','NFA','003','                                   ','MARK DAVID JOHNSON                 ','                                   ','                  3345','     JAMES STEVEN','S','','','','','0','','','','','','','','','','','1','0','21','2018-08-13 05:01:03','98.173.59.168','21','2018-08-13 05:01:03','98.173.59.168'),('21','30','8','NFA','001','0000001','000000001','WSTVUDMC2','WSTVU01','00123456789         ','F','2000-03-29','2018-08-13','2','          ',' ','005','015','777889999','2','0','0','0',' ','0','0','0','0','0','000','674014455','00','000000000','000000000','0','0','0','0','0','0','0','0','0','0','0','0','0','','','','NFA','002','0','0','0','0','MARK DAVID JOHNSON                 ','5165 W 10TH STREET                 ','SALINA KS 67401 4455','','1970-01-01','','','NFA','003','                                   ','MARK DAVID JOHNSON                 ','                                   ','                  3345','     JAMES STEVEN','S','','','','','0','','','','','','','','','','','1','0','21','2018-08-13 05:01:03','98.173.59.168','21','2018-08-13 05:01:03','98.173.59.168'),('22','31','9','NFA','001','0000001','000000001','WSTVUAAL2','WSTVU01','00123456789         ','F','2000-03-29','2018-08-13','2','          ',' ','005','015','777889999','2','0','0','0',' ','0','0','0','0','0','000','674014455','00','000000000','000000000','0','0','0','0','0','0','0','0','0','0','0','0','0','','','','NFA','002','0','0','0','0','MARK DAVID JOHNSON                 ','5165 W 10TH STREET                 ','SALINA KS 67401 4455','','1970-01-01','','','NFA','003','                                   ','MARK DAVID JOHNSON                 ','                                   ','                  3345','     JAMES STEVEN','S','','','','','0','','','','','','','','','','','1','0','21','2018-08-13 05:01:03','98.173.59.168','21','2018-08-13 05:01:03','98.173.59.168'),('23','31','9','NFA','001','0000001','000000001','WSTVUBND2','WSTVU01','00123456789         ','F','2000-03-29','2018-08-13','2','          ',' ','005','015','777889999','2','0','0','0',' ','0','0','0','0','0','000','674014455','00','000000000','000000000','0','0','0','0','0','0','0','0','0','0','0','0','0','','','','NFA','002','0','0','0','0','MARK DAVID JOHNSON                 ','5165 W 10TH STREET                 ','SALINA KS 67401 4455','','1970-01-01','','','NFA','003','                                   ','MARK DAVID JOHNSON                 ','                                   ','                  3345','     JAMES STEVEN','S','','','','','0','','','','','','','','','','','1','0','21','2018-08-13 05:01:03','98.173.59.168','21','2018-08-13 05:01:03','98.173.59.168'),('24','31','9','NFA','001','0000001','000000001','WSTVUDMC2','WSTVU01','00123456789         ','F','2000-03-29','2018-08-13','2','          ',' ','005','015','777889999','2','0','0','0',' ','0','0','0','0','0','000','674014455','00','000000000','000000000','0','0','0','0','0','0','0','0','0','0','0','0','0','','','','NFA','002','0','0','0','0','MARK DAVID JOHNSON                 ','5165 W 10TH STREET                 ','SALINA KS 67401 4455','','1970-01-01','','','NFA','003','                                   ','MARK DAVID JOHNSON                 ','                                   ','                  3345','     JAMES STEVEN','S','','','','','0','','','','','','','','','','','1','0','21','2018-08-13 05:01:03','98.173.59.168','21','2018-08-13 05:01:03','98.173.59.168'),('25','32','10','NFA','001','0000001','000000001','WSTVUAAL2','WSTVU01','00123456789         ','F','2000-03-29','2018-08-13','2','          ',' ','005','015','777889999','2','0','0','0',' ','0','0','0','0','0','000','674014455','00','000000000','000000000','0','0','0','0','0','0','0','0','0','0','0','0','0','','','','NFA','002','0','0','0','0','MARK DAVID JOHNSON                 ','5165 W 10TH STREET                 ','SALINA KS 67401 4455','','1970-01-01','','','NFA','003','                                   ','MARK DAVID JOHNSON                 ','                                   ','                  3345','     JAMES STEVEN','S','','','','','0','','','','','','','','','','','1','0','21','2018-08-13 05:01:03','98.173.59.168','21','2018-08-13 05:01:03','98.173.59.168'),('26','32','10','NFA','001','0000001','000000001','WSTVUBND2','WSTVU01','00123456789         ','F','2000-03-29','2018-08-13','2','          ',' ','005','015','777889999','2','0','0','0',' ','0','0','0','0','0','000','674014455','00','000000000','000000000','0','0','0','0','0','0','0','0','0','0','0','0','0','','','','NFA','002','0','0','0','0','MARK DAVID JOHNSON                 ','5165 W 10TH STREET                 ','SALINA KS 67401 4455','','1970-01-01','','','NFA','003','                                   ','MARK DAVID JOHNSON                 ','                                   ','                  3345','     JAMES STEVEN','S','','','','','0','','','','','','','','','','','1','0','21','2018-08-13 05:01:03','98.173.59.168','21','2018-08-13 05:01:03','98.173.59.168'),('27','32','10','NFA','001','0000001','000000001','WSTVUDMC2','WSTVU01','00123456789         ','F','2000-03-29','2018-08-13','2','          ',' ','005','015','777889999','2','0','0','0',' ','0','0','0','0','0','000','674014455','00','000000000','000000000','0','0','0','0','0','0','0','0','0','0','0','0','0','','','','NFA','002','0','0','0','0','MARK DAVID JOHNSON                 ','5165 W 10TH STREET                 ','SALINA KS 67401 4455','','1970-01-01','','','NFA','003','                                   ','MARK DAVID JOHNSON                 ','                                   ','                  3345','     JAMES STEVEN','S','','','','','0','','','','','','','','','','','1','0','21','2018-08-13 05:01:03','98.173.59.168','21','2018-08-13 05:01:03','98.173.59.168'),('28','33','11','NFA','001','0000001','000000001','WSTVUAAL2','WSTVU01','00123456789         ','F','2000-03-29','2018-08-13','2','          ',' ','005','015','777889999','2','0','0','0',' ','0','0','0','0','0','000','674014455','00','000000000','000000000','0','0','0','0','0','0','0','0','0','0','0','0','0','','','','NFA','002','0','0','0','0','MARK DAVID JOHNSON                 ','5165 W 10TH STREET                 ','SALINA KS 67401 4455','','1970-01-01','','','NFA','003','                                   ','MARK DAVID JOHNSON                 ','                                   ','                  3345','     JAMES STEVEN','S','','','','','0','','','','','','','','','','','1','0','21','2018-08-13 05:01:03','98.173.59.168','21','2018-08-13 05:01:03','98.173.59.168'),('29','33','11','NFA','001','0000001','000000001','WSTVUBND2','WSTVU01','00123456789         ','F','2000-03-29','2018-08-13','2','          ',' ','005','015','777889999','2','0','0','0',' ','0','0','0','0','0','000','674014455','00','000000000','000000000','0','0','0','0','0','0','0','0','0','0','0','0','0','','','','NFA','002','0','0','0','0','MARK DAVID JOHNSON                 ','5165 W 10TH STREET                 ','SALINA KS 67401 4455','','1970-01-01','','','NFA','003','                                   ','MARK DAVID JOHNSON                 ','                                   ','                  3345','     JAMES STEVEN','S','','','','','0','','','','','','','','','','','1','0','21','2018-08-13 05:01:03','98.173.59.168','21','2018-08-13 05:01:03','98.173.59.168'),('30','33','11','NFA','001','0000001','000000001','WSTVUDMC2','WSTVU01','00123456789         ','F','2000-03-29','2018-08-13','2','          ',' ','005','015','777889999','2','0','0','0',' ','0','0','0','0','0','000','674014455','00','000000000','000000000','0','0','0','0','0','0','0','0','0','0','0','0','0','','','','NFA','002','0','0','0','0','MARK DAVID JOHNSON                 ','5165 W 10TH STREET                 ','SALINA KS 67401 4455','','1970-01-01','','','NFA','003','                                   ','MARK DAVID JOHNSON                 ','                                   ','                  3345','     JAMES STEVEN','S','','','','','0','','','','','','','','','','','1','0','21','2018-08-13 05:01:03','98.173.59.168','21','2018-08-13 05:01:03','98.173.59.168'),('31','34','12','NAA','001','0000199','000000299','WSTVUFEI2','WSTVU02','00033334444         ','F','2000-03-30','2018-08-13','2','          ',' ','005','015','444654123','2','0','0','0',' ','0','0','0','0','0','000','683327878','00','000000000','000000000','0','0','0','0','0','0','0','0','0','0','0','0','0','','','','NAA','002','0','0','0','0','KEVIN JOHN ANDERSON                ','1616 WILSIRE DRIVE                 ','NEWTON KS 68332 7878','','1970-01-01','','','NAA','003','                                   ','KEVIN JOHN ANDERSON                ','                                   ','     2323','     MARK DAVIS','','','','','','0','','','','','','','','','','','1','0','21','2018-08-13 05:01:03','98.173.59.168','21','2018-08-13 05:01:03','98.173.59.168'),('32','34','12','NAA','001','0000199','000000299','WSTVULMA2','WSTVU02','00033334444         ','F','2000-03-30','2018-08-13','2','          ',' ','005','015','444654123','2','0','0','0',' ','0','0','0','0','0','000','683327878','00','000000000','000000000','0','0','0','0','0','0','0','0','0','0','0','0','0','','','','NAA','002','0','0','0','0','KEVIN JOHN ANDERSON                ','1616 WILSIRE DRIVE                 ','NEWTON KS 68332 7878','','1970-01-01','','','NAA','003','                                   ','KEVIN JOHN ANDERSON                ','                                   ','     2323','     MARK DAVIS','','','','','','0','','','','','','','','','','','1','0','21','2018-08-13 05:01:03','98.173.59.168','21','2018-08-13 05:01:03','98.173.59.168'),('33','34','13','NAA','001','0007766','000002326','WSTVUEGR2','WSTVU01','00047847899         ','F','2000-03-30','2018-08-13','2','          ',' ','005','015','969678754','2','0','0','0',' ','0','0','0','0','0','000','666791165','00','000000000','000000000','0','0','0','0','0','0','0','0','0','0','0','0','0','','','','NAA','002','0','0','0','0','JOHN TAYLOR                        ','1313 STELLER LANE                  ','WAMEGO KS 66679 1165','','1970-01-01','','','NAA','003','                                   ','JOHN TAYLOR                        ','                                   ','    60160','    JUSTIN CASE','','','','','','0','','','','','','','','','','','1','0','21','2018-08-13 05:01:03','98.173.59.168','21','2018-08-13 05:01:03','98.173.59.168'),('34','35','14','NAA','001','0000199','000000299','WSTVUFEI2','WSTVU02','00033334444         ','F','2000-03-30','2018-08-13','2','          ',' ','005','015','444654123','2','0','0','0',' ','0','0','0','0','0','000','683327878','00','000000000','000000000','0','0','0','0','0','0','0','0','0','0','0','0','0','','','','NAA','002','0','0','0','0','KEVIN JOHN ANDERSON                ','1616 WILSIRE DRIVE                 ','NEWTON KS 68332 7878','','1970-01-01','','','NAA','003','                                   ','KEVIN JOHN ANDERSON                ','                                   ','     2323','     MARK DAVIS','','','','','','0','','','','','','','','','','','1','0','21','2018-08-13 05:01:03','98.173.59.168','21','2018-08-13 05:01:03','98.173.59.168'),('35','35','14','NAA','001','0000199','000000299','WSTVULMA2','WSTVU02','00033334444         ','F','2000-03-30','2018-08-13','2','          ',' ','005','015','444654123','2','0','0','0',' ','0','0','0','0','0','000','683327878','00','000000000','000000000','0','0','0','0','0','0','0','0','0','0','0','0','0','','','','NAA','002','0','0','0','0','KEVIN JOHN ANDERSON                ','1616 WILSIRE DRIVE                 ','NEWTON KS 68332 7878','','1970-01-01','','','NAA','003','                                   ','KEVIN JOHN ANDERSON                ','                                   ','     2323','     MARK DAVIS','','','','','','0','','','','','','','','','','','1','0','21','2018-08-13 05:01:03','98.173.59.168','21','2018-08-13 05:01:03','98.173.59.168'),('36','35','15','NAA','001','0007766','000002326','WSTVUEGR2','WSTVU01','00047847899         ','F','2000-03-30','2018-08-13','2','          ',' ','005','015','969678754','2','0','0','0',' ','0','0','0','0','0','000','666791165','00','000000000','000000000','0','0','0','0','0','0','0','0','0','0','0','0','0','','','','NAA','002','0','0','0','0','JOHN TAYLOR                        ','1313 STELLER LANE                  ','WAMEGO KS 66679 1165','','1970-01-01','','','NAA','003','                                   ','JOHN TAYLOR                        ','                                   ','    60160','    JUSTIN CASE','','','','','','0','','','','','','','','','','','1','0','21','2018-08-13 05:01:03','98.173.59.168','21','2018-08-13 05:01:03','98.173.59.168'),('37','36','16','NAA','001','0000199','000000299','WSTVUFEI2','WSTVU02','00033334444         ','F','2000-03-30','2018-08-13','2','          ',' ','005','015','444654123','2','0','0','0',' ','0','0','0','0','0','000','683327878','00','000000000','000000000','0','0','0','0','0','0','0','0','0','0','0','0','0','','','','NAA','002','0','0','0','0','KEVIN JOHN ANDERSON                ','1616 WILSIRE DRIVE                 ','NEWTON KS 68332 7878','','1970-01-01','','','NAA','003','                                   ','KEVIN JOHN ANDERSON                ','                                   ','     2323','     MARK DAVIS','','','','','','0','','','','','','','','','','','1','0','21','2018-08-13 05:01:03','98.173.59.168','21','2018-08-13 05:01:03','98.173.59.168'),('38','36','16','NAA','001','0000199','000000299','WSTVULMA2','WSTVU02','00033334444         ','F','2000-03-30','2018-08-13','2','          ',' ','005','015','444654123','2','0','0','0',' ','0','0','0','0','0','000','683327878','00','000000000','000000000','0','0','0','0','0','0','0','0','0','0','0','0','0','','','','NAA','002','0','0','0','0','KEVIN JOHN ANDERSON                ','1616 WILSIRE DRIVE                 ','NEWTON KS 68332 7878','','1970-01-01','','','NAA','003','                                   ','KEVIN JOHN ANDERSON                ','                                   ','     2323','     MARK DAVIS','','','','','','0','','','','','','','','','','','1','0','21','2018-08-13 05:01:03','98.173.59.168','21','2018-08-13 05:01:03','98.173.59.168'),('39','36','17','NAA','001','0007766','000002326','WSTVUEGR2','WSTVU01','00047847899         ','F','2000-03-30','2018-08-13','2','          ',' ','005','015','969678754','2','0','0','0',' ','0','0','0','0','0','000','666791165','00','000000000','000000000','0','0','0','0','0','0','0','0','0','0','0','0','0','','','','NAA','002','0','0','0','0','JOHN TAYLOR                        ','1313 STELLER LANE                  ','WAMEGO KS 66679 1165','','1970-01-01','','','NAA','003','                                   ','JOHN TAYLOR                        ','                                   ','    60160','    JUSTIN CASE','','','','','','0','','','','','','','','','','','1','0','21','2018-08-13 05:01:03','98.173.59.168','21','2018-08-13 05:01:03','98.173.59.168'),('40','37','18','NAA','001','0000199','000000299','WSTVUFEI2','WSTVU02','00033334444         ','F','2000-03-30','2018-08-13','2','          ',' ','005','015','444654123','2','0','0','0',' ','0','0','0','0','0','000','683327878','00','000000000','000000000','0','0','0','0','0','0','0','0','0','0','0','0','0','','','','NAA','002','0','0','0','0','KEVIN JOHN ANDERSON                ','1616 WILSIRE DRIVE                 ','NEWTON KS 68332 7878','','1970-01-01','','','NAA','003','                                   ','KEVIN JOHN ANDERSON                ','                                   ','     2323','     MARK DAVIS','','','','','','0','','','','','','','','','','','1','0','21','2018-08-13 05:01:03','98.173.59.168','21','2018-08-13 05:01:03','98.173.59.168'),('41','37','18','NAA','001','0000199','000000299','WSTVULMA2','WSTVU02','00033334444         ','F','2000-03-30','2018-08-13','2','          ',' ','005','015','444654123','2','0','0','0',' ','0','0','0','0','0','000','683327878','00','000000000','000000000','0','0','0','0','0','0','0','0','0','0','0','0','0','','','','NAA','002','0','0','0','0','KEVIN JOHN ANDERSON                ','1616 WILSIRE DRIVE                 ','NEWTON KS 68332 7878','','1970-01-01','','','NAA','003','                                   ','KEVIN JOHN ANDERSON                ','                                   ','     2323','     MARK DAVIS','','','','','','0','','','','','','','','','','','1','0','21','2018-08-13 05:01:03','98.173.59.168','21','2018-08-13 05:01:03','98.173.59.168'),('42','37','19','NAA','001','0007766','000002326','WSTVUEGR2','WSTVU01','00047847899         ','F','2000-03-30','2018-08-13','2','          ',' ','005','015','969678754','2','0','0','0',' ','0','0','0','0','0','000','666791165','00','000000000','000000000','0','0','0','0','0','0','0','0','0','0','0','0','0','','','','NAA','002','0','0','0','0','JOHN TAYLOR                        ','1313 STELLER LANE                  ','WAMEGO KS 66679 1165','','1970-01-01','','','NAA','003','                                   ','JOHN TAYLOR                        ','                                   ','    60160','    JUSTIN CASE','','','','','','0','','','','','','','','','','','1','0','21','2018-08-13 05:01:03','98.173.59.168','21','2018-08-13 05:01:03','98.173.59.168'),('43','38','20','NAA','001','0000199','000000299','WSTVUFEI2','WSTVU02','00033334444         ','F','2000-03-30','2018-08-13','2','          ',' ','005','015','444654123','2','0','0','0',' ','0','0','0','0','0','000','683327878','00','000000000','000000000','0','0','0','0','0','0','0','0','0','0','0','0','0','','','','NAA','002','0','0','0','0','KEVIN JOHN ANDERSON                ','1616 WILSIRE DRIVE                 ','NEWTON KS 68332 7878','','1970-01-01','','','NAA','003','                                   ','KEVIN JOHN ANDERSON                ','                                   ','     2323','     MARK DAVIS','','','','','','0','','','','','','','','','','','1','0','21','2018-08-13 05:01:03','98.173.59.168','21','2018-08-13 05:01:03','98.173.59.168'),('44','38','20','NAA','001','0000199','000000299','WSTVULMA2','WSTVU02','00033334444         ','F','2000-03-30','2018-08-13','2','          ',' ','005','015','444654123','2','0','0','0',' ','0','0','0','0','0','000','683327878','00','000000000','000000000','0','0','0','0','0','0','0','0','0','0','0','0','0','','','','NAA','002','0','0','0','0','KEVIN JOHN ANDERSON                ','1616 WILSIRE DRIVE                 ','NEWTON KS 68332 7878','','1970-01-01','','','NAA','003','                                   ','KEVIN JOHN ANDERSON                ','                                   ','     2323','     MARK DAVIS','','','','','','0','','','','','','','','','','','1','0','21','2018-08-13 05:01:03','98.173.59.168','21','2018-08-13 05:01:03','98.173.59.168'),('45','38','21','NAA','001','0007766','000002326','WSTVUEGR2','WSTVU01','00047847899         ','F','2000-03-30','2018-08-13','2','          ',' ','005','015','969678754','2','0','0','0',' ','0','0','0','0','0','000','666791165','00','000000000','000000000','0','0','0','0','0','0','0','0','0','0','0','0','0','','','','NAA','002','0','0','0','0','JOHN TAYLOR                        ','1313 STELLER LANE                  ','WAMEGO KS 66679 1165','','1970-01-01','','','NAA','003','                                   ','JOHN TAYLOR                        ','                                   ','    60160','    JUSTIN CASE','','','','','','0','','','','','','','','','','','1','0','21','2018-08-13 05:01:03','98.173.59.168','21','2018-08-13 05:01:03','98.173.59.168'),('46','39','22','NAA','001','0000199','000000299','WSTVUFEI2','WSTVU02','00033334444         ','F','2000-03-30','2018-08-13','2','          ',' ','005','015','444654123','2','0','0','0',' ','0','0','0','0','0','000','683327878','00','000000000','000000000','0','0','0','0','0','0','0','0','0','0','0','0','0','','','','NAA','002','0','0','0','0','KEVIN JOHN ANDERSON                ','1616 WILSIRE DRIVE                 ','NEWTON KS 68332 7878','','1970-01-01','','','NAA','003','                                   ','KEVIN JOHN ANDERSON                ','                                   ','     2323','     MARK DAVIS','','','','','','0','','','','','','','','','','','1','0','21','2018-08-13 05:01:03','98.173.59.168','21','2018-08-13 05:01:03','98.173.59.168'),('47','39','22','NAA','001','0000199','000000299','WSTVULMA2','WSTVU02','00033334444         ','F','2000-03-30','2018-08-13','2','          ',' ','005','015','444654123','2','0','0','0',' ','0','0','0','0','0','000','683327878','00','000000000','000000000','0','0','0','0','0','0','0','0','0','0','0','0','0','','','','NAA','002','0','0','0','0','KEVIN JOHN ANDERSON                ','1616 WILSIRE DRIVE                 ','NEWTON KS 68332 7878','','1970-01-01','','','NAA','003','                                   ','KEVIN JOHN ANDERSON                ','                                   ','     2323','     MARK DAVIS','','','','','','0','','','','','','','','','','','1','0','21','2018-08-13 05:01:03','98.173.59.168','21','2018-08-13 05:01:03','98.173.59.168'),('48','39','23','NAA','001','0007766','000002326','WSTVUEGR2','WSTVU01','00047847899         ','F','2000-03-30','2018-08-13','2','          ',' ','005','015','969678754','2','0','0','0',' ','0','0','0','0','0','000','666791165','00','000000000','000000000','0','0','0','0','0','0','0','0','0','0','0','0','0','','','','NAA','002','0','0','0','0','JOHN TAYLOR                        ','1313 STELLER LANE                  ','WAMEGO KS 66679 1165','','1970-01-01','','','NAA','003','                                   ','JOHN TAYLOR                        ','                                   ','    60160','    JUSTIN CASE','','','','','','0','','','','','','','','','','','1','0','21','2018-08-13 05:01:03','98.173.59.168','21','2018-08-13 05:01:03','98.173.59.168'),('49','40','24','NFA','001','0000001','000000001','WSTVUAAL2','WSTVU01','00123456789         ','F','2000-03-29','2018-08-13','2','          ',' ','005','015','777889999','2','0','0','0',' ','0','0','0','0','0','000','674014455','00','000000000','000000000','0','0','0','0','0','0','0','0','0','0','0','0','0','','','','NFA','002','0','0','0','0','MARK DAVID JOHNSON                 ','5165 W 10TH STREET                 ','SALINA KS 67401 4455','','1970-01-01','','','NFA','003','                                   ','MARK DAVID JOHNSON                 ','                                   ','                  3345','     JAMES STEVEN','S','','','','','0','','','','','','','','','','','1','0','21','2018-08-13 05:01:03','98.173.59.168','21','2018-08-13 05:01:03','98.173.59.168'),('50','40','24','NFA','001','0000001','000000001','WSTVUBND2','WSTVU01','00123456789         ','F','2000-03-29','2018-08-13','2','          ',' ','005','015','777889999','2','0','0','0',' ','0','0','0','0','0','000','674014455','00','000000000','000000000','0','0','0','0','0','0','0','0','0','0','0','0','0','','','','NFA','002','0','0','0','0','MARK DAVID JOHNSON                 ','5165 W 10TH STREET                 ','SALINA KS 67401 4455','','1970-01-01','','','NFA','003','                                   ','MARK DAVID JOHNSON                 ','                                   ','                  3345','     JAMES STEVEN','S','','','','','0','','','','','','','','','','','1','0','21','2018-08-13 05:01:03','98.173.59.168','21','2018-08-13 05:01:03','98.173.59.168'),('51','40','24','NFA','001','0000001','000000001','WSTVUDMC2','WSTVU01','00123456789         ','F','2000-03-29','2018-08-13','2','          ',' ','005','015','777889999','2','0','0','0',' ','0','0','0','0','0','000','674014455','00','000000000','000000000','0','0','0','0','0','0','0','0','0','0','0','0','0','','','','NFA','002','0','0','0','0','MARK DAVID JOHNSON                 ','5165 W 10TH STREET                 ','SALINA KS 67401 4455','','1970-01-01','','','NFA','003','                                   ','MARK DAVID JOHNSON                 ','                                   ','                  3345','     JAMES STEVEN','S','','','','','0','','','','','','','','','','','1','0','21','2018-08-13 05:01:03','98.173.59.168','21','2018-08-13 05:01:03','98.173.59.168'),('52','27','25','AMP','001','0002738','200      ','416645406','0000214','00000781411         ','F','2007-04-12','2007-02-23','3','HANNEDENNH','0','015','048','397648962','2','0','0','0','0','0','0','0','0','0','000','544499592','74','001062283','000000000','0','0','0','1','0','0','0','0','0','0','0','0','0','N','Y','N','AMP','002','0','0','0','0','DENNIS H HANNEMAN                  ','RITA K HANNEMAN JTWROS             ','11774 SUNSET DR                    ','MARSHFIELD WI  54449-9592          ','1970-01-01','2','N','AMP','003','                                   ','                                   ','                                   ','PEFSC2   ','CHRISTIPHER L BELONGE         ',' ','    ','   ','  ','','0','','','','','','','','','','','1','0','21','2018-08-13 05:01:03','98.173.59.168','21','2018-08-13 05:01:03','98.173.59.168'),('53','27','25','AMP','001','0002738','200      ','416645505','0000228','00000692770         ','F','2004-11-24','2007-02-16','3','THOMAERICW','0','701','048','393700301','2','0','0','0','0','0','0','0','0','0','000','541629691','81','001010516','000000000','0','0','0','1','0','0','0','0','0','1','0','0','0','N','N','N','AMP','002','0','0','0','0','US BANK NATIONAL ASSOC C/F         ','ERIC W THOMAS IRA                  ','8181 WINDANCER DR                  ','PULASKI WI  54162-9691             ','1970-01-01','2','N','AMP','003','                                   ','                                   ','                                   ','PEFSC2   ','CHRISTIPHER L BELONGE         ',' ','    ','   ','  ','','0','','','','','','','','','','','1','0','21','2018-08-13 05:01:03','98.173.59.168','21','2018-08-13 05:01:03','98.173.59.168'),('54','26','26','AMP','001','0305389','000000000','AMEFIMMMA','AMEF707','12312312311         ','F','2003-12-15','2018-08-13','2','          ','0','005','014','505900482','2','0','0','0',' ','0','0','0','0','0','000','524027650','00','000000000','000000000','0','0','0','0','0','0','0','0','0','0','0','0','0',' ',' ',' ','AMP','002','0','0','0','0','ROBERT SCOTT              	       3','215 MULBERY ST                    C','EDAR RAPIDS IA 524027650           ','                                   ','1970-01-01',' ','','AMP','003','                                   ','                                   ','                                   ','0000C5389','MICHAEL DOUGLAS               ',' ','    ','   ','','','0','','','','','','','','','','','1','0','21','2018-08-13 05:01:03','98.173.59.168','21','2018-08-13 05:01:03','98.173.59.168'),('55','26','26','AMP','001','0305389','000000000','AMEFIAMMA','AMEF707','45645645645         ','F','2003-12-15','2018-08-13','2','          ','0','005','014','505900482','2','0','0','0',' ','0','0','0','0','0','000','524027650','00','000000000','000000000','0','0','0','0','0','0','0','0','0','0','0','0','0',' ',' ',' ','AMP','002','0','0','0','0','APRIL ALLEN                        ','15150 MAIN ST                      ','CEDAR RAPIDS IA 524027650          ','                                   ','2018-08-13','0',' ','AMP','003','                                   ','                                   ','                                   ','0000C5389','MICHAEL DOUGLAS               ',' ','    ','','','','0','','','','','','','','','','','1','0','21','2018-08-13 05:01:03','98.173.59.168','21','2018-08-13 05:01:03','98.173.59.168'),('56','26','26','AMP','001','0305389','000000000','AMEFSCOYA','AMEF830','78978978978         ','F','2003-12-15','2018-08-13','2','          ','0','005','014','505900482','2','0','0','0',' ','0','0','0','0','0','000','524027650','00','000000000','000000000','0','0','0','0','0','0','0','0','0','0','0','0','0',' ',' ',' ','AMP','002','0','0','0','0','SELMA HYACK                        ','3215 OAK ST                        ','CEDAR RAPIDS IA 524027650          ','                                   ','2018-08-13','0',' ','AMP','003','                                   ','                                   ','                                   ','0000C5389','MICHAEL DOUGLAS               ',' ','    ',' ','','','0','','','','','','','','','','','1','0','21','2018-08-13 05:01:03','98.173.59.168','21','2018-08-13 05:01:03','98.173.59.168'),('57','26','26','AMP','001','0305389','000000000','AMEFIAMMA','AMEF707','15615615615         ','F','2004-06-16','2018-08-13','2','          ','0','010','014','475726761','2','0','0','0',' ','0','0','0','0','0','000','524025704','00','000000000','000000000','0','0','0','0','0','0','0','0','0','0','0','0','0',' ',' ',' ','AMP','002','0','0','0','0','KIMBERLY ROGERS                    ','12 CULVER RD                       ','CEDAR RAPIDS IA 524025704          ','                                   ','2018-08-13','0',' ','AMP','003','                                   ','                                   ','                                   ','0000C5389','MICHAEL DOUGLAS               ',' ','    ',' ','','','0','','','','','','','','','','','1','0','21','2018-08-13 05:01:03','98.173.59.168','21','2018-08-13 05:01:03','98.173.59.168'),('58','25','27','AMP','001','0305389','000000000','AMEFIMMMA','AMEF707','12312312311         ','F','2003-12-15','2018-08-13','2','          ','0','005','014','505900482','2','0','0','0',' ','0','0','0','0','0','000','524027650','00','000000000','000000000','0','0','0','0','0','0','0','0','0','0','0','0','0',' ',' ',' ','AMP','002','0','0','0','0','ROBERT SCOTT              	       3','215 MULBERY ST                    C','EDAR RAPIDS IA 524027650           ','                                   ','1970-01-01',' ','','AMP','003','                                   ','                                   ','                                   ','0000C5389','MICHAEL DOUGLAS               ',' ','    ','   ','','','0','','','','','','','','','','','1','0','21','2018-08-13 05:01:03','98.173.59.168','21','2018-08-13 05:01:03','98.173.59.168'),('59','25','27','AMP','001','0305389','000000000','AMEFIAMMA','AMEF707','45645645645         ','F','2003-12-15','2018-08-13','2','          ','0','005','014','505900482','2','0','0','0',' ','0','0','0','0','0','000','524027650','00','000000000','000000000','0','0','0','0','0','0','0','0','0','0','0','0','0',' ',' ',' ','AMP','002','0','0','0','0','APRIL ALLEN                        ','15150 MAIN ST                      ','CEDAR RAPIDS IA 524027650          ','                                   ','2018-08-13','0',' ','AMP','003','                                   ','                                   ','                                   ','0000C5389','MICHAEL DOUGLAS               ',' ','    ','','','','0','','','','','','','','','','','1','0','21','2018-08-13 05:01:03','98.173.59.168','21','2018-08-13 05:01:03','98.173.59.168'),('60','25','27','AMP','001','0305389','000000000','AMEFSCOYA','AMEF830','78978978978         ','F','2003-12-15','2018-08-13','2','          ','0','005','014','505900482','2','0','0','0',' ','0','0','0','0','0','000','524027650','00','000000000','000000000','0','0','0','0','0','0','0','0','0','0','0','0','0',' ',' ',' ','AMP','002','0','0','0','0','SELMA HYACK                        ','3215 OAK ST                        ','CEDAR RAPIDS IA 524027650          ','                                   ','2018-08-13','0',' ','AMP','003','                                   ','                                   ','                                   ','0000C5389','MICHAEL DOUGLAS               ',' ','    ',' ','','','0','','','','','','','','','','','1','0','21','2018-08-13 05:01:03','98.173.59.168','21','2018-08-13 05:01:03','98.173.59.168'),('61','25','27','AMP','001','0305389','000000000','AMEFIAMMA','AMEF707','15615615615         ','F','2004-06-16','2018-08-13','2','          ','0','010','014','475726761','2','0','0','0',' ','0','0','0','0','0','000','524025704','00','000000000','000000000','0','0','0','0','0','0','0','0','0','0','0','0','0',' ',' ',' ','AMP','002','0','0','0','0','KIMBERLY ROGERS                    ','12 CULVER RD                       ','CEDAR RAPIDS IA 524025704          ','                                   ','2018-08-13','0',' ','AMP','003','                                   ','                                   ','                                   ','0000C5389','MICHAEL DOUGLAS               ',' ','    ',' ','','','0','','','','','','','','','','','1','0','21','2018-08-13 05:01:03','98.173.59.168','21','2018-08-13 05:01:03','98.173.59.168'),('62','24','28','AMP','001','0305389','000000000','AMEFIMMMA','AMEF707','12312312311         ','F','2003-12-15','2018-08-13','2','          ','0','005','014','505900482','2','0','0','0',' ','0','0','0','0','0','000','524027650','00','000000000','000000000','0','0','0','0','0','0','0','0','0','0','0','0','0',' ',' ',' ','AMP','002','0','0','0','0','ROBERT SCOTT              	       3','215 MULBERY ST                    C','EDAR RAPIDS IA 524027650           ','                                   ','1970-01-01',' ','','AMP','003','                                   ','                                   ','                                   ','0000C5389','MICHAEL DOUGLAS               ',' ','    ','   ','','','0','','','','','','','','','','','1','0','21','2018-08-13 05:01:03','98.173.59.168','21','2018-08-13 05:01:03','98.173.59.168'),('63','24','28','AMP','001','0305389','000000000','AMEFIAMMA','AMEF707','45645645645         ','F','2003-12-15','2018-08-13','2','          ','0','005','014','505900482','2','0','0','0',' ','0','0','0','0','0','000','524027650','00','000000000','000000000','0','0','0','0','0','0','0','0','0','0','0','0','0',' ',' ',' ','AMP','002','0','0','0','0','APRIL ALLEN                        ','15150 MAIN ST                      ','CEDAR RAPIDS IA 524027650          ','                                   ','2018-08-13','0',' ','AMP','003','                                   ','                                   ','                                   ','0000C5389','MICHAEL DOUGLAS               ',' ','    ','','','','0','','','','','','','','','','','1','0','21','2018-08-13 05:01:03','98.173.59.168','21','2018-08-13 05:01:03','98.173.59.168'),('64','24','28','AMP','001','0305389','000000000','AMEFSCOYA','AMEF830','78978978978         ','F','2003-12-15','2018-08-13','2','          ','0','005','014','505900482','2','0','0','0',' ','0','0','0','0','0','000','524027650','00','000000000','000000000','0','0','0','0','0','0','0','0','0','0','0','0','0',' ',' ',' ','AMP','002','0','0','0','0','SELMA HYACK                        ','3215 OAK ST                        ','CEDAR RAPIDS IA 524027650          ','                                   ','2018-08-13','0',' ','AMP','003','                                   ','                                   ','                                   ','0000C5389','MICHAEL DOUGLAS               ',' ','    ',' ','','','0','','','','','','','','','','','1','0','21','2018-08-13 05:01:03','98.173.59.168','21','2018-08-13 05:01:03','98.173.59.168'),('65','24','28','AMP','001','0305389','000000000','AMEFIAMMA','AMEF707','15615615615         ','F','2004-06-16','2018-08-13','2','          ','0','010','014','475726761','2','0','0','0',' ','0','0','0','0','0','000','524025704','00','000000000','000000000','0','0','0','0','0','0','0','0','0','0','0','0','0',' ',' ',' ','AMP','002','0','0','0','0','KIMBERLY ROGERS                    ','12 CULVER RD                       ','CEDAR RAPIDS IA 524025704          ','                                   ','2018-08-13','0',' ','AMP','003','                                   ','                                   ','                                   ','0000C5389','MICHAEL DOUGLAS               ',' ','    ',' ','','','0','','','','','','','','','','','1','0','21','2018-08-13 05:01:03','98.173.59.168','21','2018-08-13 05:01:03','98.173.59.168'),('66','23','29','AMP','001','0305389','000000000','AMEFIMMMA','AMEF707','12312312311         ','F','2003-12-15','2018-08-13','2','          ','0','005','014','505900482','2','0','0','0',' ','0','0','0','0','0','000','524027650','00','000000000','000000000','0','0','0','0','0','0','0','0','0','0','0','0','0',' ',' ',' ','AMP','002','0','0','0','0','ROBERT SCOTT              	       3','215 MULBERY ST                    C','EDAR RAPIDS IA 524027650           ','                                   ','1970-01-01',' ','','AMP','003','                                   ','                                   ','                                   ','0000C5389','MICHAEL DOUGLAS               ',' ','    ','   ','','','0','','','','','','','','','','','1','0','21','2018-08-13 05:01:03','98.173.59.168','21','2018-08-13 05:01:03','98.173.59.168'),('67','23','29','AMP','001','0305389','000000000','AMEFIAMMA','AMEF707','45645645645         ','F','2003-12-15','2018-08-13','2','          ','0','005','014','505900482','2','0','0','0',' ','0','0','0','0','0','000','524027650','00','000000000','000000000','0','0','0','0','0','0','0','0','0','0','0','0','0',' ',' ',' ','AMP','002','0','0','0','0','APRIL ALLEN                        ','15150 MAIN ST                      ','CEDAR RAPIDS IA 524027650          ','                                   ','2018-08-13','0',' ','AMP','003','                                   ','                                   ','                                   ','0000C5389','MICHAEL DOUGLAS               ',' ','    ','','','','0','','','','','','','','','','','1','0','21','2018-08-13 05:01:03','98.173.59.168','21','2018-08-13 05:01:03','98.173.59.168'),('68','23','29','AMP','001','0305389','000000000','AMEFSCOYA','AMEF830','78978978978         ','F','2003-12-15','2018-08-13','2','          ','0','005','014','505900482','2','0','0','0',' ','0','0','0','0','0','000','524027650','00','000000000','000000000','0','0','0','0','0','0','0','0','0','0','0','0','0',' ',' ',' ','AMP','002','0','0','0','0','SELMA HYACK                        ','3215 OAK ST                        ','CEDAR RAPIDS IA 524027650          ','                                   ','2018-08-13','0',' ','AMP','003','                                   ','                                   ','                                   ','0000C5389','MICHAEL DOUGLAS               ',' ','    ',' ','','','0','','','','','','','','','','','1','0','21','2018-08-13 05:01:03','98.173.59.168','21','2018-08-13 05:01:03','98.173.59.168'),('69','23','29','AMP','001','0305389','000000000','AMEFIAMMA','AMEF707','15615615615         ','F','2004-06-16','2018-08-13','2','          ','0','010','014','475726761','2','0','0','0',' ','0','0','0','0','0','000','524025704','00','000000000','000000000','0','0','0','0','0','0','0','0','0','0','0','0','0',' ',' ',' ','AMP','002','0','0','0','0','KIMBERLY ROGERS                    ','12 CULVER RD                       ','CEDAR RAPIDS IA 524025704          ','                                   ','2018-08-13','0',' ','AMP','003','                                   ','                                   ','                                   ','0000C5389','MICHAEL DOUGLAS               ',' ','    ',' ','','','0','','','','','','','','','','','1','0','21','2018-08-13 05:01:03','98.173.59.168','21','2018-08-13 05:01:03','98.173.59.168'),('70','22','30','AMP','001','0305389','000000000','AMEFIMMMA','AMEF707','12312312311         ','F','2003-12-15','2018-08-13','2','          ','0','005','014','505900482','2','0','0','0',' ','0','0','0','0','0','000','524027650','00','000000000','000000000','0','0','0','0','0','0','0','0','0','0','0','0','0',' ',' ',' ','AMP','002','0','0','0','0','ROBERT SCOTT              	       3','215 MULBERY ST                    C','EDAR RAPIDS IA 524027650           ','                                   ','1970-01-01',' ','','AMP','003','                                   ','                                   ','                                   ','0000C5389','MICHAEL DOUGLAS               ',' ','    ','   ','','','0','','','','','','','','','','','1','0','21','2018-08-13 05:01:03','98.173.59.168','21','2018-08-13 05:01:03','98.173.59.168'),('71','22','30','AMP','001','0305389','000000000','AMEFIAMMA','AMEF707','45645645645         ','F','2003-12-15','2018-08-13','2','          ','0','005','014','505900482','2','0','0','0',' ','0','0','0','0','0','000','524027650','00','000000000','000000000','0','0','0','0','0','0','0','0','0','0','0','0','0',' ',' ',' ','AMP','002','0','0','0','0','APRIL ALLEN                        ','15150 MAIN ST                      ','CEDAR RAPIDS IA 524027650          ','                                   ','2018-08-13','0',' ','AMP','003','                                   ','                                   ','                                   ','0000C5389','MICHAEL DOUGLAS               ',' ','    ','','','','0','','','','','','','','','','','1','0','21','2018-08-13 05:01:03','98.173.59.168','21','2018-08-13 05:01:03','98.173.59.168'),('72','22','30','AMP','001','0305389','000000000','AMEFSCOYA','AMEF830','78978978978         ','F','2003-12-15','2018-08-13','2','          ','0','005','014','505900482','2','0','0','0',' ','0','0','0','0','0','000','524027650','00','000000000','000000000','0','0','0','0','0','0','0','0','0','0','0','0','0',' ',' ',' ','AMP','002','0','0','0','0','SELMA HYACK                        ','3215 OAK ST                        ','CEDAR RAPIDS IA 524027650          ','                                   ','2018-08-13','0',' ','AMP','003','                                   ','                                   ','                                   ','0000C5389','MICHAEL DOUGLAS               ',' ','    ',' ','','','0','','','','','','','','','','','1','0','21','2018-08-13 05:01:03','98.173.59.168','21','2018-08-13 05:01:03','98.173.59.168'),('73','22','30','AMP','001','0305389','000000000','AMEFIAMMA','AMEF707','15615615615         ','F','2004-06-16','2018-08-13','2','          ','0','010','014','475726761','2','0','0','0',' ','0','0','0','0','0','000','524025704','00','000000000','000000000','0','0','0','0','0','0','0','0','0','0','0','0','0',' ',' ',' ','AMP','002','0','0','0','0','KIMBERLY ROGERS                    ','12 CULVER RD                       ','CEDAR RAPIDS IA 524025704          ','                                   ','2018-08-13','0',' ','AMP','003','                                   ','                                   ','                                   ','0000C5389','MICHAEL DOUGLAS               ',' ','    ',' ','','','0','','','','','','','','','','','1','0','21','2018-08-13 05:01:03','98.173.59.168','21','2018-08-13 05:01:03','98.173.59.168'),('74','15','31','NAA','001','0107972','000000000','AMEFIMMMA','AMEF707','55555555555         ','F','2000-11-17','2018-08-13','2','          ','0','010','002','123123123','2','0','0','0','0','0','0','0','0','0','000','852055522','00','000000000','000000000','0','0','0','0','0','0','0','0','0','0','0','0','0','','','','NAA','002','0','0','0','0','NANCY JONES                        ','150 MONSTER RD                     ','MESA AZ 852055522                  ','                                   ','2018-08-13','0','','NAA','003','                                   ','                                   ','                                   ','000009213','TERRY D BELKE','','','','','','0','','','','','','','','','','','1','0','21','2018-08-13 05:01:03','98.173.59.168','21','2018-08-13 05:01:03','98.173.59.168'),('75','15','31','NAA','001','0107972','000000000','AMEFIAMMA','AMEF707','44444444444         ','F','2000-11-17','2018-08-13','2','          ','0','010','002','123123123','2','0','0','0','0','0','0','0','0','0','000','852055522','00','000000000','000000000','0','0','0','0','0','0','0','0','0','0','0','0','0','','','','NAA','002','0','0','0','0','PHYLLIS MARKS                      ','240 HIGH VIEW RD                   ','MESA AZ 852055522                  ','                                   ','2018-08-13','0','','NAA','003','                                   ','                                   ','                                   ','000009213','TERRY D BELKE','','','','','','0','','','','','','','','','','','1','0','21','2018-08-13 05:01:03','98.173.59.168','21','2018-08-13 05:01:03','98.173.59.168'),('76','16','32','NAA','001','0107972','000000000','AMEFIMMMA','AMEF707','55555555555         ','F','2000-11-17','2018-08-13','2','          ','0','010','002','123123123','2','0','0','0','0','0','0','0','0','0','000','852055522','00','000000000','000000000','0','0','0','0','0','0','0','0','0','0','0','0','0','','','','NAA','002','0','0','0','0','NANCY JONES                        ','150 MONSTER RD                     ','MESA AZ 852055522                  ','                                   ','2018-08-13','0','','NAA','003','                                   ','                                   ','                                   ','000009213','TERRY D BELKE','','','','','','0','','','','','','','','','','','1','0','21','2018-08-13 05:01:03','98.173.59.168','21','2018-08-13 05:01:03','98.173.59.168'),('77','16','32','NAA','001','0107972','000000000','AMEFIAMMA','AMEF707','44444444444         ','F','2000-11-17','2018-08-13','2','          ','0','010','002','123123123','2','0','0','0','0','0','0','0','0','0','000','852055522','00','000000000','000000000','0','0','0','0','0','0','0','0','0','0','0','0','0','','','','NAA','002','0','0','0','0','PHYLLIS MARKS                      ','240 HIGH VIEW RD                   ','MESA AZ 852055522                  ','                                   ','2018-08-13','0','','NAA','003','                                   ','                                   ','                                   ','000009213','TERRY D BELKE','','','','','','0','','','','','','','','','','','1','0','21','2018-08-13 05:01:03','98.173.59.168','21','2018-08-13 05:01:03','98.173.59.168'),('78','17','33','NAA','001','0107972','000000000','AMEFIMMMA','AMEF707','55555555555         ','F','2000-11-17','2018-08-13','2','          ','0','010','002','123123123','2','0','0','0','0','0','0','0','0','0','000','852055522','00','000000000','000000000','0','0','0','0','0','0','0','0','0','0','0','0','0','','','','NAA','002','0','0','0','0','NANCY JONES                        ','150 MONSTER RD                     ','MESA AZ 852055522                  ','                                   ','2018-08-13','0','','NAA','003','                                   ','                                   ','                                   ','000009213','TERRY D BELKE','','','','','','0','','','','','','','','','','','1','0','21','2018-08-13 05:01:03','98.173.59.168','21','2018-08-13 05:01:03','98.173.59.168'),('79','17','33','NAA','001','0107972','000000000','AMEFIAMMA','AMEF707','44444444444         ','F','2000-11-17','2018-08-13','2','          ','0','010','002','123123123','2','0','0','0','0','0','0','0','0','0','000','852055522','00','000000000','000000000','0','0','0','0','0','0','0','0','0','0','0','0','0','','','','NAA','002','0','0','0','0','PHYLLIS MARKS                      ','240 HIGH VIEW RD                   ','MESA AZ 852055522                  ','                                   ','2018-08-13','0','','NAA','003','                                   ','                                   ','                                   ','000009213','TERRY D BELKE','','','','','','0','','','','','','','','','','','1','0','21','2018-08-13 05:01:03','98.173.59.168','21','2018-08-13 05:01:03','98.173.59.168'),('80','18','34','NAA','001','0107972','000000000','AMEFIMMMA','AMEF707','55555555555         ','F','2000-11-17','2018-08-13','2','          ','0','010','002','123123123','2','0','0','0','0','0','0','0','0','0','000','852055522','00','000000000','000000000','0','0','0','0','0','0','0','0','0','0','0','0','0','','','','NAA','002','0','0','0','0','NANCY JONES                        ','150 MONSTER RD                     ','MESA AZ 852055522                  ','                                   ','2018-08-13','0','','NAA','003','                                   ','                                   ','                                   ','000009213','TERRY D BELKE','','','','','','0','','','','','','','','','','','1','0','21','2018-08-13 05:01:03','98.173.59.168','21','2018-08-13 05:01:03','98.173.59.168'),('81','18','34','NAA','001','0107972','000000000','AMEFIAMMA','AMEF707','44444444444         ','F','2000-11-17','2018-08-13','2','          ','0','010','002','123123123','2','0','0','0','0','0','0','0','0','0','000','852055522','00','000000000','000000000','0','0','0','0','0','0','0','0','0','0','0','0','0','','','','NAA','002','0','0','0','0','PHYLLIS MARKS                      ','240 HIGH VIEW RD                   ','MESA AZ 852055522                  ','                                   ','2018-08-13','0','','NAA','003','                                   ','                                   ','                                   ','000009213','TERRY D BELKE','','','','','','0','','','','','','','','','','','1','0','21','2018-08-13 05:01:03','98.173.59.168','21','2018-08-13 05:01:03','98.173.59.168'),('82','19','35','NAA','001','0107972','000000000','AMEFIMMMA','AMEF707','55555555555         ','F','2000-11-17','2018-08-13','2','          ','0','010','002','123123123','2','0','0','0','0','0','0','0','0','0','000','852055522','00','000000000','000000000','0','0','0','0','0','0','0','0','0','0','0','0','0','','','','NAA','002','0','0','0','0','NANCY JONES                        ','150 MONSTER RD                     ','MESA AZ 852055522                  ','                                   ','2018-08-13','0','','NAA','003','                                   ','                                   ','                                   ','000009213','TERRY D BELKE','','','','','','0','','','','','','','','','','','1','0','21','2018-08-13 05:01:03','98.173.59.168','21','2018-08-13 05:01:03','98.173.59.168'),('83','19','35','NAA','001','0107972','000000000','AMEFIAMMA','AMEF707','44444444444         ','F','2000-11-17','2018-08-13','2','          ','0','010','002','123123123','2','0','0','0','0','0','0','0','0','0','000','852055522','00','000000000','000000000','0','0','0','0','0','0','0','0','0','0','0','0','0','','','','NAA','002','0','0','0','0','PHYLLIS MARKS                      ','240 HIGH VIEW RD                   ','MESA AZ 852055522                  ','                                   ','2018-08-13','0','','NAA','003','                                   ','                                   ','                                   ','000009213','TERRY D BELKE','','','','','','0','','','','','','','','','','','1','0','21','2018-08-13 05:01:03','98.173.59.168','21','2018-08-13 05:01:03','98.173.59.168'),('84','20','36','NAA','001','0107972','000000000','AMEFIMMMA','AMEF707','55555555555         ','F','2000-11-17','2018-08-13','2','          ','0','010','002','123123123','2','0','0','0','0','0','0','0','0','0','000','852055522','00','000000000','000000000','0','0','0','0','0','0','0','0','0','0','0','0','0','','','','NAA','002','0','0','0','0','NANCY JONES                        ','150 MONSTER RD                     ','MESA AZ 852055522                  ','                                   ','2018-08-13','0','','NAA','003','                                   ','                                   ','                                   ','000009213','TERRY D BELKE','','','','','','0','','','','','','','','','','','1','0','21','2018-08-13 05:01:03','98.173.59.168','21','2018-08-13 05:01:03','98.173.59.168'),('85','20','36','NAA','001','0107972','000000000','AMEFIAMMA','AMEF707','44444444444         ','F','2000-11-17','2018-08-13','2','          ','0','010','002','123123123','2','0','0','0','0','0','0','0','0','0','000','852055522','00','000000000','000000000','0','0','0','0','0','0','0','0','0','0','0','0','0','','','','NAA','002','0','0','0','0','PHYLLIS MARKS                      ','240 HIGH VIEW RD                   ','MESA AZ 852055522                  ','                                   ','2018-08-13','0','','NAA','003','                                   ','                                   ','                                   ','000009213','TERRY D BELKE','','','','','','0','','','','','','','','','','','1','0','21','2018-08-13 05:01:03','98.173.59.168','21','2018-08-13 05:01:03','98.173.59.168');
/*!40000 ALTER TABLE `ft_import_file_detail_data` ENABLE KEYS */;

DROP TABLE IF EXISTS `ft_import_file_exception`;
CREATE TABLE `ft_import_file_exception` (
  `id` int(12) NOT NULL AUTO_INCREMENT,
  `rep` varchar(100) NOT NULL,
  `rep_name` varchar(100) NOT NULL,
  `account_no` varchar(100) NOT NULL,
  `client` varchar(100) NOT NULL,
  `cusip` varchar(100) NOT NULL,
  `principal` varchar(100) NOT NULL DEFAULT '0',
  `commission` varchar(100) NOT NULL DEFAULT '0',
  `file_id` int(12) NOT NULL,
  `temp_data_id` int(12) NOT NULL,
  `error_code_id` int(12) NOT NULL,
  `date` date NOT NULL,
  `field` varchar(100) NOT NULL,
  `file_type` varchar(100) NOT NULL,
  `solved` tinyint(1) NOT NULL DEFAULT '0',
  `process_completed` tinyint(1) NOT NULL DEFAULT '0',
  `status` tinyint(1) NOT NULL DEFAULT '1',
  `is_delete` tinyint(1) NOT NULL DEFAULT '0',
  `created_by` int(12) NOT NULL,
  `created_time` datetime NOT NULL,
  `created_ip` varchar(100) NOT NULL,
  `modified_by` int(12) NOT NULL,
  `modified_time` datetime NOT NULL,
  `modified_ip` varchar(100) NOT NULL,
  PRIMARY KEY (`id`)
) ENGINE=InnoDB AUTO_INCREMENT=280 DEFAULT CHARSET=latin1;

/*!40000 ALTER TABLE `ft_import_file_exception` DISABLE KEYS */;
INSERT INTO `ft_import_file_exception` VALUES ('1','     2323','     MARK DAVIS','00033334444         ','KEVIN JOHN ANDERSON                ','WSTVUFEI2','0','0','41','1','1','2018-08-02','representative_number','1','0','0','1','0','21','2018-08-02 10:40:04','103.36.122.212','0','0000-00-00 00:00:00',''),('2','     2323','     MARK DAVIS','00033334444         ','KEVIN JOHN ANDERSON                ','WSTVUFEI2','0','0','41','1','12','2018-08-02','registration_line1','1','0','0','1','0','21','2018-08-02 10:40:04','103.36.122.212','0','0000-00-00 00:00:00',''),('3','     2323','     MARK DAVIS','00033334444         ','KEVIN JOHN ANDERSON                ','WSTVULMA2','0','0','41','2','1','2018-08-02','representative_number','1','0','0','1','0','21','2018-08-02 10:40:04','103.36.122.212','0','0000-00-00 00:00:00',''),('4','     2323','     MARK DAVIS','00033334444         ','KEVIN JOHN ANDERSON                ','WSTVULMA2','0','0','41','2','12','2018-08-02','registration_line1','1','0','0','1','0','21','2018-08-02 10:40:04','103.36.122.212','0','0000-00-00 00:00:00',''),('5','    60160','    JUSTIN CASE','00047847899         ','JOHN TAYLOR                        ','WSTVUEGR2','0','0','41','3','1','2018-08-02','representative_number','1','0','0','1','0','21','2018-08-02 10:40:04','103.36.122.212','0','0000-00-00 00:00:00',''),('6','C49      ','DANIEL C SULLIVAN             ','00150247194         ','TROYEKAREA','30293E102','25000','1187.5','1','1','1','2018-08-02','representative_number','2','0','0','1','0','21','2018-08-02 10:45:10','103.36.122.212','0','0000-00-00 00:00:00',''),('7','A04      ','CHERYL D DORKO                ','00150247581         ','DREHECHRID','30293E102','20000','950','1','2','1','2018-08-02','representative_number','2','0','0','1','0','21','2018-08-02 10:45:10','103.36.122.212','0','0000-00-00 00:00:00',''),('8','A04      ','CHERYL D DORKO                ','00150247590         ','GERBEGLEND','30293E102','10000','475','1','3','1','2018-08-02','representative_number','2','0','0','1','0','21','2018-08-02 10:45:10','103.36.122.212','0','0000-00-00 00:00:00',''),('9','A04      ','CHERYL D DORKO                ','00150247590         ','GERBEGLEND','30293E102','10000','475','1','3','18','2018-08-02','customer_account_number','2','0','0','1','0','21','2018-08-02 10:45:10','103.36.122.212','0','0000-00-00 00:00:00',''),('10','000025   ','DONALD K LAXTON               ','00150247184         ','MEYERGERIA','30293E102','6500','308.75','1','4','1','2018-08-02','representative_number','2','0','0','1','0','21','2018-08-02 10:45:10','103.36.122.212','0','0000-00-00 00:00:00',''),('11','000025   ','DONALD K LAXTON               ','00150247582         ','MEYERBARR-','30293E102','6380','303.05','1','5','1','2018-08-02','representative_number','2','0','0','1','0','21','2018-08-02 10:45:10','103.36.122.212','0','0000-00-00 00:00:00',''),('12','000025   ','DONALD K LAXTON               ','00150247582         ','MEYERBARR-','30293E102','6380','303.05','1','5','18','2018-08-02','customer_account_number','2','0','0','1','0','21','2018-08-02 10:45:10','103.36.122.212','0','0000-00-00 00:00:00',''),('13','1703     ','ROBERT S FENTON               ','00150247337         ','TRAVIWILLE','30293E102','25000','1187.5','1','6','1','2018-08-02','representative_number','2','0','0','1','0','21','2018-08-02 10:45:10','103.36.122.212','0','0000-00-00 00:00:00',''),('14','1703     ','ROBERT S FENTON               ','00150247337         ','TRAVIWILLE','30293E102','25000','1187.5','1','6','18','2018-08-02','customer_account_number','2','0','0','1','0','21','2018-08-02 10:45:10','103.36.122.212','0','0000-00-00 00:00:00',''),('15','C49      ','DANIEL C SULLIVAN             ','00150247194         ','TROYEKAREA','30293E102','25000','1187.5','2','7','1','2018-08-02','representative_number','2','1','0','1','1','21','2018-08-02 18:21:58','103.36.122.212','0','0000-00-00 00:00:00',''),('16','A04      ','CHERYL D DORKO                ','00150247581         ','DREHECHRID','30293E102','20000','950','2','8','1','2018-08-02','representative_number','2','1','0','1','1','21','2018-08-02 18:21:58','103.36.122.212','0','0000-00-00 00:00:00',''),('17','A04      ','CHERYL D DORKO                ','00150247590         ','GERBEGLEND','30293E102','10000','475','2','9','1','2018-08-02','representative_number','2','1','0','1','1','21','2018-08-02 18:21:58','103.36.122.212','0','0000-00-00 00:00:00',''),('18','A04      ','CHERYL D DORKO                ','00150247590         ','GERBEGLEND','30293E102','10000','475','2','9','18','2018-08-02','customer_account_number','2','1','0','1','1','21','2018-08-02 18:21:58','103.36.122.212','0','0000-00-00 00:00:00',''),('19','000025   ','DONALD K LAXTON               ','00150247184         ','MEYERGERIA','30293E102','6500','308.75','2','10','1','2018-08-02','representative_number','2','1','0','1','1','21','2018-08-02 18:21:58','103.36.122.212','0','0000-00-00 00:00:00',''),('20','000025   ','DONALD K LAXTON               ','00150247582         ','MEYERBARR-','30293E102','6380','303.05','2','11','1','2018-08-02','representative_number','2','1','0','1','1','21','2018-08-02 18:21:58','103.36.122.212','0','0000-00-00 00:00:00',''),('21','000025   ','DONALD K LAXTON               ','00150247582         ','MEYERBARR-','30293E102','6380','303.05','2','11','18','2018-08-02','customer_account_number','2','1','0','1','1','21','2018-08-02 18:21:58','103.36.122.212','0','0000-00-00 00:00:00',''),('22','1703     ','ROBERT S FENTON               ','00150247337         ','TRAVIWILLE','30293E102','25000','1187.5','2','12','1','2018-08-02','representative_number','2','1','0','1','1','21','2018-08-02 18:21:58','103.36.122.212','0','0000-00-00 00:00:00',''),('23','1703     ','ROBERT S FENTON               ','00150247337         ','TRAVIWILLE','30293E102','25000','1187.5','2','12','18','2018-08-02','customer_account_number','2','1','0','1','1','21','2018-08-02 18:21:58','103.36.122.212','0','0000-00-00 00:00:00',''),('24','C49','DANIEL C SULLIVAN             ','00150247194         ','TROYEKAREA','30293E102','25000','1187.5','2','7','0','2018-08-02','','2','1','1','1','1','21','2018-08-02 18:26:28','103.36.122.212','0','0000-00-00 00:00:00',''),('25','A04','CHERYL D DORKO                ','00150247581         ','DREHECHRID','30293E102','20000','950','2','8','0','2018-08-02','','2','1','1','1','1','21','2018-08-02 18:26:28','103.36.122.212','0','0000-00-00 00:00:00',''),('26','A04','CHERYL D DORKO                ','00150247590','GERBEGLEND','30293E102','10000','475','2','9','0','2018-08-02','','2','1','1','1','1','21','2018-08-02 18:26:28','103.36.122.212','0','0000-00-00 00:00:00',''),('27','000025','DONALD K LAXTON               ','00150247184         ','MEYERGERIA','30293E102','6500','308.75','2','10','0','2018-08-02','','2','1','1','1','1','21','2018-08-02 18:26:28','103.36.122.212','0','0000-00-00 00:00:00',''),('28','000025','DONALD K LAXTON               ','00150247582','MEYERBARR-','30293E102','6380','303.05','2','11','0','2018-08-02','','2','1','1','1','1','21','2018-08-02 18:26:28','103.36.122.212','0','0000-00-00 00:00:00',''),('29','1703','ROBERT S FENTON               ','00150247337         ','TRAVIWILLE','30293E102','25000','1187.5','2','12','18','2018-08-02','customer_account_number','2','1','0','1','1','21','2018-08-02 18:26:28','103.36.122.212','0','0000-00-00 00:00:00',''),('30','C49','DANIEL C SULLIVAN             ','00150247194         ','TROYEKAREA','30293E102','25000','1187.5','2','7','0','2018-08-02','','2','1','1','1','0','21','2018-08-02 18:26:52','103.36.122.212','0','0000-00-00 00:00:00',''),('31','A04','CHERYL D DORKO                ','00150247581         ','DREHECHRID','30293E102','20000','950','2','8','0','2018-08-02','','2','1','1','1','0','21','2018-08-02 18:26:52','103.36.122.212','0','0000-00-00 00:00:00',''),('32','A04','CHERYL D DORKO                ','00150247590','GERBEGLEND','30293E102','10000','475','2','9','0','2018-08-02','','2','1','1','1','0','21','2018-08-02 18:26:52','103.36.122.212','0','0000-00-00 00:00:00',''),('33','000025','DONALD K LAXTON               ','00150247184         ','MEYERGERIA','30293E102','6500','308.75','2','10','0','2018-08-02','','2','1','1','1','0','21','2018-08-02 18:26:52','103.36.122.212','0','0000-00-00 00:00:00',''),('34','000025','DONALD K LAXTON               ','00150247582','MEYERBARR-','30293E102','6380','303.05','2','11','0','2018-08-02','','2','1','1','1','0','21','2018-08-02 18:26:52','103.36.122.212','0','0000-00-00 00:00:00',''),('35','1703','ROBERT S FENTON               ','00150247337','TRAVIWILLE','30293E102','25000','1187.5','2','12','0','2018-08-02','','2','1','1','1','0','21','2018-08-02 18:26:52','103.36.122.212','0','0000-00-00 00:00:00',''),('36','3345     ','JAMES STEVENS','00123456789         ','MARK DAVID JOHNSON                 ','WSTVUAAL2','0','0','42','4','1','2018-08-03','representative_number','1','1','0','1','0','21','2018-08-03 01:36:34','98.173.59.168','0','0000-00-00 00:00:00',''),('37','3345     ','JAMES STEVENS','00123456789         ','MARK DAVID JOHNSON                 ','WSTVUBND2','0','0','42','5','1','2018-08-03','representative_number','1','1','0','1','0','21','2018-08-03 01:36:34','98.173.59.168','0','0000-00-00 00:00:00',''),('38','3345     ','JAMES STEVENS','00123456789         ','MARK DAVID JOHNSON                 ','WSTVUDMC2','0','0','42','6','1','2018-08-03','representative_number','1','1','0','1','0','21','2018-08-03 01:36:34','98.173.59.168','0','0000-00-00 00:00:00',''),('39','5566     ','FRANK JONES','00112233445         ','FRANK SCOTT                        ','WSTVUAAL2','0','0','42','7','1','2018-08-03','representative_number','1','0','0','1','0','21','2018-08-03 01:36:34','98.173.59.168','0','0000-00-00 00:00:00',''),('40','5566     ','FRANK JONES','00112233445         ','FRANK SCOTT                        ','WSTVUBND2','0','0','42','8','1','2018-08-03','representative_number','1','0','0','1','0','21','2018-08-03 01:36:34','98.173.59.168','0','0000-00-00 00:00:00',''),('41','0000C5389','MICHAEL DOUGLAS               ','12312312311         ','ROBERT SCOTT              	       3','AMEFIMMMA','0','0','21','9','1','2018-08-03','representative_number','1','0','0','1','0','21','2018-08-03 01:37:26','98.173.59.168','0','0000-00-00 00:00:00',''),('42','0000C5389','MICHAEL DOUGLAS               ','45645645645         ','APRIL ALLEN                        ','AMEFIAMMA','0','0','21','10','1','2018-08-03','representative_number','1','0','0','1','0','21','2018-08-03 01:37:26','98.173.59.168','0','0000-00-00 00:00:00',''),('43','0000C5389','MICHAEL DOUGLAS               ','78978978978         ','SELMA HYACK                        ','AMEFSCOYA','0','0','21','11','1','2018-08-03','representative_number','1','0','0','1','0','21','2018-08-03 01:37:26','98.173.59.168','0','0000-00-00 00:00:00',''),('44','0000C5389','MICHAEL DOUGLAS               ','15615615615         ','KIMBERLY ROGERS                    ','AMEFIAMMA','0','0','21','12','1','2018-08-03','representative_number','1','0','0','1','0','21','2018-08-03 01:37:26','98.173.59.168','0','0000-00-00 00:00:00',''),('45','C49      ','DANIEL C SULLIVAN             ','00150247194         ','TROYEKAREA','30293E102','25000','1187.5','3','13','0','2018-08-06','','2','1','0','1','1','21','2018-08-06 17:22:00','103.36.122.212','0','0000-00-00 00:00:00',''),('46','A04      ','CHERYL D DORKO                ','00150247581         ','DREHECHRID','30293E102','20000','950','3','14','0','2018-08-06','','2','1','0','1','1','21','2018-08-06 17:22:00','103.36.122.212','0','0000-00-00 00:00:00',''),('47','A04      ','CHERYL D DORKO                ','00150247590         ','GERBEGLEND','30293E102','10000','475','3','15','0','2018-08-06','','2','1','0','1','1','21','2018-08-06 17:22:00','103.36.122.212','0','0000-00-00 00:00:00',''),('48','000025   ','DONALD K LAXTON               ','00150247184         ','MEYERGERIA','30293E102','6500','308.75','3','16','0','2018-08-06','','2','1','0','1','1','21','2018-08-06 17:22:00','103.36.122.212','0','0000-00-00 00:00:00',''),('49','000025   ','DONALD K LAXTON               ','00150247582         ','MEYERBARR-','30293E102','6380','303.05','3','17','0','2018-08-06','','2','1','0','1','1','21','2018-08-06 17:22:00','103.36.122.212','0','0000-00-00 00:00:00',''),('50','1703     ','ROBERT S FENTON               ','00150247337         ','TRAVIWILLE','30293E102','25000','1187.5','3','18','0','2018-08-06','','2','1','0','1','1','21','2018-08-06 17:22:00','103.36.122.212','0','0000-00-00 00:00:00',''),('51','C49      ','DANIEL C SULLIVAN             ','00150247194         ','TROYEKAREA','30293E102','25000','1187.5','3','13','0','2018-08-06','','2','1','1','1','0','21','2018-08-06 17:22:00','103.36.122.212','0','0000-00-00 00:00:00',''),('52','A04      ','CHERYL D DORKO                ','00150247581         ','DREHECHRID','30293E102','20000','950','3','14','0','2018-08-06','','2','1','1','1','0','21','2018-08-06 17:22:00','103.36.122.212','0','0000-00-00 00:00:00',''),('53','A04      ','CHERYL D DORKO                ','00150247590         ','GERBEGLEND','30293E102','10000','475','3','15','0','2018-08-06','','2','1','1','1','0','21','2018-08-06 17:22:00','103.36.122.212','0','0000-00-00 00:00:00',''),('54','000025   ','DONALD K LAXTON               ','00150247184         ','MEYERGERIA','30293E102','6500','308.75','3','16','0','2018-08-06','','2','1','1','1','0','21','2018-08-06 17:22:00','103.36.122.212','0','0000-00-00 00:00:00',''),('55','000025   ','DONALD K LAXTON               ','00150247582         ','MEYERBARR-','30293E102','6380','303.05','3','17','0','2018-08-06','','2','1','1','1','0','21','2018-08-06 17:22:00','103.36.122.212','0','0000-00-00 00:00:00',''),('56','1703     ','ROBERT S FENTON               ','00150247337         ','TRAVIWILLE','30293E102','25000','1187.5','3','18','0','2018-08-06','','2','1','1','1','0','21','2018-08-06 17:22:00','103.36.122.212','0','0000-00-00 00:00:00',''),('57','C49      ','DANIEL C SULLIVAN             ','00150247194         ','TROYEKAREA','30293E102','25000','1187.5','4','19','0','2018-08-06','','2','1','0','1','1','21','2018-08-06 17:22:11','103.36.122.212','0','0000-00-00 00:00:00',''),('58','A04      ','CHERYL D DORKO                ','00150247581         ','DREHECHRID','30293E102','20000','950','4','20','0','2018-08-06','','2','1','0','1','1','21','2018-08-06 17:22:11','103.36.122.212','0','0000-00-00 00:00:00',''),('59','A04      ','CHERYL D DORKO                ','00150247590         ','GERBEGLEND','30293E102','10000','475','4','21','0','2018-08-06','','2','1','0','1','1','21','2018-08-06 17:22:11','103.36.122.212','0','0000-00-00 00:00:00',''),('60','000025   ','DONALD K LAXTON               ','00150247184         ','MEYERGERIA','30293E102','6500','308.75','4','22','0','2018-08-06','','2','1','0','1','1','21','2018-08-06 17:22:11','103.36.122.212','0','0000-00-00 00:00:00',''),('61','000025   ','DONALD K LAXTON               ','00150247582         ','MEYERBARR-','30293E102','6380','303.05','4','23','0','2018-08-06','','2','1','0','1','1','21','2018-08-06 17:22:11','103.36.122.212','0','0000-00-00 00:00:00',''),('62','1703     ','ROBERT S FENTON               ','00150247337         ','TRAVIWILLE','30293E102','25000','1187.5','4','24','0','2018-08-06','','2','1','0','1','1','21','2018-08-06 17:22:11','103.36.122.212','0','0000-00-00 00:00:00',''),('63','C49      ','DANIEL C SULLIVAN             ','00150247194         ','TROYEKAREA','30293E102','25000','1187.5','4','19','0','2018-08-06','','2','1','1','1','0','21','2018-08-06 17:22:11','103.36.122.212','0','0000-00-00 00:00:00',''),('64','A04      ','CHERYL D DORKO                ','00150247581         ','DREHECHRID','30293E102','20000','950','4','20','0','2018-08-06','','2','1','1','1','0','21','2018-08-06 17:22:11','103.36.122.212','0','0000-00-00 00:00:00',''),('65','A04      ','CHERYL D DORKO                ','00150247590         ','GERBEGLEND','30293E102','10000','475','4','21','0','2018-08-06','','2','1','1','1','0','21','2018-08-06 17:22:11','103.36.122.212','0','0000-00-00 00:00:00',''),('66','000025   ','DONALD K LAXTON               ','00150247184         ','MEYERGERIA','30293E102','6500','308.75','4','22','0','2018-08-06','','2','1','1','1','0','21','2018-08-06 17:22:11','103.36.122.212','0','0000-00-00 00:00:00',''),('67','000025   ','DONALD K LAXTON               ','00150247582         ','MEYERBARR-','30293E102','6380','303.05','4','23','0','2018-08-06','','2','1','1','1','0','21','2018-08-06 17:22:11','103.36.122.212','0','0000-00-00 00:00:00',''),('68','1703     ','ROBERT S FENTON               ','00150247337         ','TRAVIWILLE','30293E102','25000','1187.5','4','24','0','2018-08-06','','2','1','1','1','0','21','2018-08-06 17:22:11','103.36.122.212','0','0000-00-00 00:00:00',''),('69','                  3345','     JAMES STEVEN','00123456789         ','MARK DAVID JOHNSON                 ','WSTVUAAL2','0','0','28','13','1','2018-08-13','representative_number','1','1','0','1','1','21','2018-08-13 05:01:03','98.173.59.168','0','0000-00-00 00:00:00',''),('70','                  3345','     JAMES STEVEN','00123456789         ','MARK DAVID JOHNSON                 ','WSTVUBND2','0','0','28','14','1','2018-08-13','representative_number','1','1','0','1','1','21','2018-08-13 05:01:03','98.173.59.168','0','0000-00-00 00:00:00',''),('71','                  3345','     JAMES STEVEN','00123456789         ','MARK DAVID JOHNSON                 ','WSTVUDMC2','0','0','28','15','1','2018-08-13','representative_number','1','1','0','1','1','21','2018-08-13 05:01:03','98.173.59.168','0','0000-00-00 00:00:00',''),('72','                  3345','     JAMES STEVEN','00123456789         ','MARK DAVID JOHNSON                 ','WSTVUAAL2','0','0','29','16','1','2018-08-13','representative_number','1','0','0','1','0','21','2018-08-13 05:01:03','98.173.59.168','0','0000-00-00 00:00:00',''),('73','                  3345','     JAMES STEVEN','00123456789         ','MARK DAVID JOHNSON                 ','WSTVUBND2','0','0','29','17','1','2018-08-13','representative_number','1','0','0','1','0','21','2018-08-13 05:01:03','98.173.59.168','0','0000-00-00 00:00:00',''),('74','                  3345','     JAMES STEVEN','00123456789         ','MARK DAVID JOHNSON                 ','WSTVUDMC2','0','0','29','18','1','2018-08-13','representative_number','1','0','0','1','0','21','2018-08-13 05:01:03','98.173.59.168','0','0000-00-00 00:00:00',''),('75','                  3345','     JAMES STEVEN','00123456789         ','MARK DAVID JOHNSON                 ','WSTVUAAL2','0','0','30','19','1','2018-08-13','representative_number','1','0','0','1','0','21','2018-08-13 05:01:03','98.173.59.168','0','0000-00-00 00:00:00',''),('76','                  3345','     JAMES STEVEN','00123456789         ','MARK DAVID JOHNSON                 ','WSTVUBND2','0','0','30','20','1','2018-08-13','representative_number','1','0','0','1','0','21','2018-08-13 05:01:03','98.173.59.168','0','0000-00-00 00:00:00',''),('77','                  3345','     JAMES STEVEN','00123456789         ','MARK DAVID JOHNSON                 ','WSTVUDMC2','0','0','30','21','1','2018-08-13','representative_number','1','0','0','1','0','21','2018-08-13 05:01:03','98.173.59.168','0','0000-00-00 00:00:00',''),('78','                  3345','     JAMES STEVEN','00123456789         ','MARK DAVID JOHNSON                 ','WSTVUAAL2','0','0','31','22','1','2018-08-13','representative_number','1','0','0','1','0','21','2018-08-13 05:01:03','98.173.59.168','0','0000-00-00 00:00:00',''),('79','                  3345','     JAMES STEVEN','00123456789         ','MARK DAVID JOHNSON                 ','WSTVUBND2','0','0','31','23','1','2018-08-13','representative_number','1','0','0','1','0','21','2018-08-13 05:01:03','98.173.59.168','0','0000-00-00 00:00:00',''),('80','                  3345','     JAMES STEVEN','00123456789         ','MARK DAVID JOHNSON                 ','WSTVUDMC2','0','0','31','24','1','2018-08-13','representative_number','1','0','0','1','0','21','2018-08-13 05:01:03','98.173.59.168','0','0000-00-00 00:00:00',''),('81','                  3345','     JAMES STEVEN','00123456789         ','MARK DAVID JOHNSON                 ','WSTVUAAL2','0','0','32','25','1','2018-08-13','representative_number','1','0','0','1','0','21','2018-08-13 05:01:03','98.173.59.168','0','0000-00-00 00:00:00',''),('82','                  3345','     JAMES STEVEN','00123456789         ','MARK DAVID JOHNSON                 ','WSTVUBND2','0','0','32','26','1','2018-08-13','representative_number','1','0','0','1','0','21','2018-08-13 05:01:03','98.173.59.168','0','0000-00-00 00:00:00',''),('83','                  3345','     JAMES STEVEN','00123456789         ','MARK DAVID JOHNSON                 ','WSTVUDMC2','0','0','32','27','1','2018-08-13','representative_number','1','0','0','1','0','21','2018-08-13 05:01:03','98.173.59.168','0','0000-00-00 00:00:00',''),('84','                  3345','     JAMES STEVEN','00123456789         ','MARK DAVID JOHNSON                 ','WSTVUAAL2','0','0','33','28','1','2018-08-13','representative_number','1','0','0','1','0','21','2018-08-13 05:01:03','98.173.59.168','0','0000-00-00 00:00:00',''),('85','                  3345','     JAMES STEVEN','00123456789         ','MARK DAVID JOHNSON                 ','WSTVUBND2','0','0','33','29','1','2018-08-13','representative_number','1','0','0','1','0','21','2018-08-13 05:01:03','98.173.59.168','0','0000-00-00 00:00:00',''),('86','                  3345','     JAMES STEVEN','00123456789         ','MARK DAVID JOHNSON                 ','WSTVUDMC2','0','0','33','30','1','2018-08-13','representative_number','1','0','0','1','0','21','2018-08-13 05:01:03','98.173.59.168','0','0000-00-00 00:00:00',''),('87','     2323','     MARK DAVIS','00033334444         ','KEVIN JOHN ANDERSON                ','WSTVUFEI2','0','0','34','31','1','2018-08-13','representative_number','1','0','0','1','0','21','2018-08-13 05:01:03','98.173.59.168','0','0000-00-00 00:00:00',''),('88','     2323','     MARK DAVIS','00033334444         ','KEVIN JOHN ANDERSON                ','WSTVUFEI2','0','0','34','31','12','2018-08-13','registration_line1','1','0','0','1','0','21','2018-08-13 05:01:03','98.173.59.168','0','0000-00-00 00:00:00',''),('89','     2323','     MARK DAVIS','00033334444         ','KEVIN JOHN ANDERSON                ','WSTVULMA2','0','0','34','32','1','2018-08-13','representative_number','1','0','0','1','0','21','2018-08-13 05:01:03','98.173.59.168','0','0000-00-00 00:00:00',''),('90','     2323','     MARK DAVIS','00033334444         ','KEVIN JOHN ANDERSON                ','WSTVULMA2','0','0','34','32','12','2018-08-13','registration_line1','1','0','0','1','0','21','2018-08-13 05:01:03','98.173.59.168','0','0000-00-00 00:00:00',''),('91','    60160','    JUSTIN CASE','00047847899         ','JOHN TAYLOR                        ','WSTVUEGR2','0','0','34','33','1','2018-08-13','representative_number','1','0','0','1','0','21','2018-08-13 05:01:03','98.173.59.168','0','0000-00-00 00:00:00',''),('92','     2323','     MARK DAVIS','00033334444         ','KEVIN JOHN ANDERSON                ','WSTVUFEI2','0','0','35','34','1','2018-08-13','representative_number','1','0','0','1','0','21','2018-08-13 05:01:03','98.173.59.168','0','0000-00-00 00:00:00',''),('93','     2323','     MARK DAVIS','00033334444         ','KEVIN JOHN ANDERSON                ','WSTVUFEI2','0','0','35','34','12','2018-08-13','registration_line1','1','0','0','1','0','21','2018-08-13 05:01:03','98.173.59.168','0','0000-00-00 00:00:00',''),('94','     2323','     MARK DAVIS','00033334444         ','KEVIN JOHN ANDERSON                ','WSTVULMA2','0','0','35','35','1','2018-08-13','representative_number','1','0','0','1','0','21','2018-08-13 05:01:03','98.173.59.168','0','0000-00-00 00:00:00',''),('95','     2323','     MARK DAVIS','00033334444         ','KEVIN JOHN ANDERSON                ','WSTVULMA2','0','0','35','35','12','2018-08-13','registration_line1','1','0','0','1','0','21','2018-08-13 05:01:03','98.173.59.168','0','0000-00-00 00:00:00',''),('96','    60160','    JUSTIN CASE','00047847899         ','JOHN TAYLOR                        ','WSTVUEGR2','0','0','35','36','1','2018-08-13','representative_number','1','0','0','1','0','21','2018-08-13 05:01:03','98.173.59.168','0','0000-00-00 00:00:00',''),('97','     2323','     MARK DAVIS','00033334444         ','KEVIN JOHN ANDERSON                ','WSTVUFEI2','0','0','36','37','1','2018-08-13','representative_number','1','0','0','1','0','21','2018-08-13 05:01:03','98.173.59.168','0','0000-00-00 00:00:00',''),('98','     2323','     MARK DAVIS','00033334444         ','KEVIN JOHN ANDERSON                ','WSTVUFEI2','0','0','36','37','12','2018-08-13','registration_line1','1','0','0','1','0','21','2018-08-13 05:01:03','98.173.59.168','0','0000-00-00 00:00:00',''),('99','     2323','     MARK DAVIS','00033334444         ','KEVIN JOHN ANDERSON                ','WSTVULMA2','0','0','36','38','1','2018-08-13','representative_number','1','0','0','1','0','21','2018-08-13 05:01:03','98.173.59.168','0','0000-00-00 00:00:00',''),('100','     2323','     MARK DAVIS','00033334444         ','KEVIN JOHN ANDERSON                ','WSTVULMA2','0','0','36','38','12','2018-08-13','registration_line1','1','0','0','1','0','21','2018-08-13 05:01:03','98.173.59.168','0','0000-00-00 00:00:00',''),('101','    60160','    JUSTIN CASE','00047847899         ','JOHN TAYLOR                        ','WSTVUEGR2','0','0','36','39','1','2018-08-13','representative_number','1','0','0','1','0','21','2018-08-13 05:01:03','98.173.59.168','0','0000-00-00 00:00:00',''),('102','     2323','     MARK DAVIS','00033334444         ','KEVIN JOHN ANDERSON                ','WSTVUFEI2','0','0','37','40','1','2018-08-13','representative_number','1','0','0','1','0','21','2018-08-13 05:01:03','98.173.59.168','0','0000-00-00 00:00:00',''),('103','     2323','     MARK DAVIS','00033334444         ','KEVIN JOHN ANDERSON                ','WSTVUFEI2','0','0','37','40','12','2018-08-13','registration_line1','1','0','0','1','0','21','2018-08-13 05:01:03','98.173.59.168','0','0000-00-00 00:00:00',''),('104','     2323','     MARK DAVIS','00033334444         ','KEVIN JOHN ANDERSON                ','WSTVULMA2','0','0','37','41','1','2018-08-13','representative_number','1','0','0','1','0','21','2018-08-13 05:01:03','98.173.59.168','0','0000-00-00 00:00:00',''),('105','     2323','     MARK DAVIS','00033334444         ','KEVIN JOHN ANDERSON                ','WSTVULMA2','0','0','37','41','12','2018-08-13','registration_line1','1','0','0','1','0','21','2018-08-13 05:01:03','98.173.59.168','0','0000-00-00 00:00:00',''),('106','    60160','    JUSTIN CASE','00047847899         ','JOHN TAYLOR                        ','WSTVUEGR2','0','0','37','42','1','2018-08-13','representative_number','1','0','0','1','0','21','2018-08-13 05:01:03','98.173.59.168','0','0000-00-00 00:00:00',''),('107','     2323','     MARK DAVIS','00033334444         ','KEVIN JOHN ANDERSON                ','WSTVUFEI2','0','0','38','43','1','2018-08-13','representative_number','1','0','0','1','0','21','2018-08-13 05:01:03','98.173.59.168','0','0000-00-00 00:00:00',''),('108','     2323','     MARK DAVIS','00033334444         ','KEVIN JOHN ANDERSON                ','WSTVUFEI2','0','0','38','43','12','2018-08-13','registration_line1','1','0','0','1','0','21','2018-08-13 05:01:03','98.173.59.168','0','0000-00-00 00:00:00',''),('109','     2323','     MARK DAVIS','00033334444         ','KEVIN JOHN ANDERSON                ','WSTVULMA2','0','0','38','44','1','2018-08-13','representative_number','1','0','0','1','0','21','2018-08-13 05:01:03','98.173.59.168','0','0000-00-00 00:00:00',''),('110','     2323','     MARK DAVIS','00033334444         ','KEVIN JOHN ANDERSON                ','WSTVULMA2','0','0','38','44','12','2018-08-13','registration_line1','1','0','0','1','0','21','2018-08-13 05:01:03','98.173.59.168','0','0000-00-00 00:00:00',''),('111','    60160','    JUSTIN CASE','00047847899         ','JOHN TAYLOR                        ','WSTVUEGR2','0','0','38','45','1','2018-08-13','representative_number','1','0','0','1','0','21','2018-08-13 05:01:03','98.173.59.168','0','0000-00-00 00:00:00',''),('112','     2323','     MARK DAVIS','00033334444         ','KEVIN JOHN ANDERSON                ','WSTVUFEI2','0','0','39','46','1','2018-08-13','representative_number','1','0','0','1','0','21','2018-08-13 05:01:03','98.173.59.168','0','0000-00-00 00:00:00',''),('113','     2323','     MARK DAVIS','00033334444         ','KEVIN JOHN ANDERSON                ','WSTVUFEI2','0','0','39','46','12','2018-08-13','registration_line1','1','0','0','1','0','21','2018-08-13 05:01:03','98.173.59.168','0','0000-00-00 00:00:00',''),('114','     2323','     MARK DAVIS','00033334444         ','KEVIN JOHN ANDERSON                ','WSTVULMA2','0','0','39','47','1','2018-08-13','representative_number','1','0','0','1','0','21','2018-08-13 05:01:03','98.173.59.168','0','0000-00-00 00:00:00',''),('115','     2323','     MARK DAVIS','00033334444         ','KEVIN JOHN ANDERSON                ','WSTVULMA2','0','0','39','47','12','2018-08-13','registration_line1','1','0','0','1','0','21','2018-08-13 05:01:03','98.173.59.168','0','0000-00-00 00:00:00',''),('116','    60160','    JUSTIN CASE','00047847899         ','JOHN TAYLOR                        ','WSTVUEGR2','0','0','39','48','1','2018-08-13','representative_number','1','0','0','1','0','21','2018-08-13 05:01:03','98.173.59.168','0','0000-00-00 00:00:00',''),('117','                  3345','     JAMES STEVEN','00123456789         ','MARK DAVID JOHNSON                 ','WSTVUAAL2','0','0','40','49','1','2018-08-13','representative_number','1','0','0','1','0','21','2018-08-13 05:01:03','98.173.59.168','0','0000-00-00 00:00:00',''),('118','                  3345','     JAMES STEVEN','00123456789         ','MARK DAVID JOHNSON                 ','WSTVUBND2','0','0','40','50','1','2018-08-13','representative_number','1','0','0','1','0','21','2018-08-13 05:01:03','98.173.59.168','0','0000-00-00 00:00:00',''),('119','                  3345','     JAMES STEVEN','00123456789         ','MARK DAVID JOHNSON                 ','WSTVUDMC2','0','0','40','51','1','2018-08-13','representative_number','1','0','0','1','0','21','2018-08-13 05:01:03','98.173.59.168','0','0000-00-00 00:00:00',''),('120','PEFSC2   ','CHRISTIPHER L BELONGE         ','00000781411         ','DENNIS H HANNEMAN                  ','416645406','0','0','27','52','1','2018-08-13','representative_number','1','0','0','1','0','21','2018-08-13 05:01:03','98.173.59.168','0','0000-00-00 00:00:00',''),('121','PEFSC2   ','CHRISTIPHER L BELONGE         ','00000692770         ','US BANK NATIONAL ASSOC C/F         ','416645505','0','0','27','53','1','2018-08-13','representative_number','1','0','0','1','0','21','2018-08-13 05:01:03','98.173.59.168','0','0000-00-00 00:00:00',''),('122','','','','','416645505','0','0','27','1','16','2018-08-13','cusip_number','3','0','0','1','0','21','2018-08-13 05:01:03','98.173.59.168','0','0000-00-00 00:00:00',''),('123','','','','','416645505','0','0','27','1','15','2018-08-13','ticker_symbol','3','0','0','1','0','21','2018-08-13 05:01:03','98.173.59.168','0','0000-00-00 00:00:00',''),('124','','','','','416645406','0','0','27','2','0','2018-08-13','','3','1','0','1','0','21','2018-08-13 05:01:03','98.173.59.168','0','0000-00-00 00:00:00',''),('125','0000C5389','MICHAEL DOUGLAS               ','12312312311         ','ROBERT SCOTT              	       3','AMEFIMMMA','0','0','26','54','1','2018-08-13','representative_number','1','0','0','1','0','21','2018-08-13 05:01:03','98.173.59.168','0','0000-00-00 00:00:00',''),('126','0000C5389','MICHAEL DOUGLAS               ','45645645645         ','APRIL ALLEN                        ','AMEFIAMMA','0','0','26','55','1','2018-08-13','representative_number','1','0','0','1','0','21','2018-08-13 05:01:03','98.173.59.168','0','0000-00-00 00:00:00',''),('127','0000C5389','MICHAEL DOUGLAS               ','78978978978         ','SELMA HYACK                        ','AMEFSCOYA','0','0','26','56','1','2018-08-13','representative_number','1','0','0','1','0','21','2018-08-13 05:01:03','98.173.59.168','0','0000-00-00 00:00:00',''),('128','0000C5389','MICHAEL DOUGLAS               ','15615615615         ','KIMBERLY ROGERS                    ','AMEFIAMMA','0','0','26','57','1','2018-08-13','representative_number','1','0','0','1','0','21','2018-08-13 05:01:03','98.173.59.168','0','0000-00-00 00:00:00',''),('129','0000C5389','MICHAEL DOUGLAS               ','12312312311         ','ROBERT SCOTT              	       3','AMEFIMMMA','0','0','25','58','1','2018-08-13','representative_number','1','0','0','1','0','21','2018-08-13 05:01:03','98.173.59.168','0','0000-00-00 00:00:00',''),('130','0000C5389','MICHAEL DOUGLAS               ','45645645645         ','APRIL ALLEN                        ','AMEFIAMMA','0','0','25','59','1','2018-08-13','representative_number','1','0','0','1','0','21','2018-08-13 05:01:03','98.173.59.168','0','0000-00-00 00:00:00',''),('131','0000C5389','MICHAEL DOUGLAS               ','78978978978         ','SELMA HYACK                        ','AMEFSCOYA','0','0','25','60','1','2018-08-13','representative_number','1','0','0','1','0','21','2018-08-13 05:01:03','98.173.59.168','0','0000-00-00 00:00:00',''),('132','0000C5389','MICHAEL DOUGLAS               ','15615615615         ','KIMBERLY ROGERS                    ','AMEFIAMMA','0','0','25','61','1','2018-08-13','representative_number','1','0','0','1','0','21','2018-08-13 05:01:03','98.173.59.168','0','0000-00-00 00:00:00',''),('133','0000C5389','MICHAEL DOUGLAS               ','12312312311         ','ROBERT SCOTT              	       3','AMEFIMMMA','0','0','24','62','1','2018-08-13','representative_number','1','0','0','1','0','21','2018-08-13 05:01:03','98.173.59.168','0','0000-00-00 00:00:00',''),('134','0000C5389','MICHAEL DOUGLAS               ','45645645645         ','APRIL ALLEN                        ','AMEFIAMMA','0','0','24','63','1','2018-08-13','representative_number','1','0','0','1','0','21','2018-08-13 05:01:03','98.173.59.168','0','0000-00-00 00:00:00',''),('135','0000C5389','MICHAEL DOUGLAS               ','78978978978         ','SELMA HYACK                        ','AMEFSCOYA','0','0','24','64','1','2018-08-13','representative_number','1','0','0','1','0','21','2018-08-13 05:01:03','98.173.59.168','0','0000-00-00 00:00:00',''),('136','0000C5389','MICHAEL DOUGLAS               ','15615615615         ','KIMBERLY ROGERS                    ','AMEFIAMMA','0','0','24','65','1','2018-08-13','representative_number','1','0','0','1','0','21','2018-08-13 05:01:03','98.173.59.168','0','0000-00-00 00:00:00',''),('137','0000C5389','MICHAEL DOUGLAS               ','12312312311         ','ROBERT SCOTT              	       3','AMEFIMMMA','0','0','23','66','1','2018-08-13','representative_number','1','0','0','1','0','21','2018-08-13 05:01:03','98.173.59.168','0','0000-00-00 00:00:00',''),('138','0000C5389','MICHAEL DOUGLAS               ','45645645645         ','APRIL ALLEN                        ','AMEFIAMMA','0','0','23','67','1','2018-08-13','representative_number','1','0','0','1','0','21','2018-08-13 05:01:03','98.173.59.168','0','0000-00-00 00:00:00',''),('139','0000C5389','MICHAEL DOUGLAS               ','78978978978         ','SELMA HYACK                        ','AMEFSCOYA','0','0','23','68','1','2018-08-13','representative_number','1','0','0','1','0','21','2018-08-13 05:01:03','98.173.59.168','0','0000-00-00 00:00:00',''),('140','0000C5389','MICHAEL DOUGLAS               ','15615615615         ','KIMBERLY ROGERS                    ','AMEFIAMMA','0','0','23','69','1','2018-08-13','representative_number','1','0','0','1','0','21','2018-08-13 05:01:03','98.173.59.168','0','0000-00-00 00:00:00',''),('141','0000C5389','MICHAEL DOUGLAS               ','12312312311         ','ROBERT SCOTT              	       3','AMEFIMMMA','0','0','22','70','1','2018-08-13','representative_number','1','0','0','1','0','21','2018-08-13 05:01:03','98.173.59.168','0','0000-00-00 00:00:00',''),('142','0000C5389','MICHAEL DOUGLAS               ','45645645645         ','APRIL ALLEN                        ','AMEFIAMMA','0','0','22','71','1','2018-08-13','representative_number','1','0','0','1','0','21','2018-08-13 05:01:03','98.173.59.168','0','0000-00-00 00:00:00',''),('143','0000C5389','MICHAEL DOUGLAS               ','78978978978         ','SELMA HYACK                        ','AMEFSCOYA','0','0','22','72','1','2018-08-13','representative_number','1','0','0','1','0','21','2018-08-13 05:01:03','98.173.59.168','0','0000-00-00 00:00:00',''),('144','0000C5389','MICHAEL DOUGLAS               ','15615615615         ','KIMBERLY ROGERS                    ','AMEFIAMMA','0','0','22','73','1','2018-08-13','representative_number','1','0','0','1','0','21','2018-08-13 05:01:03','98.173.59.168','0','0000-00-00 00:00:00',''),('145','C49      ','DANIEL C SULLIVAN             ','00150247194         ','TROYEKAREA','30293E102','25000','1187.5','5','25','0','2018-08-13','','2','1','0','1','1','21','2018-08-13 05:01:03','98.173.59.168','0','0000-00-00 00:00:00',''),('146','A04      ','CHERYL D DORKO                ','00150247581         ','DREHECHRID','30293E102','20000','950','5','26','0','2018-08-13','','2','1','0','1','1','21','2018-08-13 05:01:03','98.173.59.168','0','0000-00-00 00:00:00',''),('147','A04      ','CHERYL D DORKO                ','00150247590         ','GERBEGLEND','30293E102','10000','475','5','27','0','2018-08-13','','2','1','0','1','1','21','2018-08-13 05:01:03','98.173.59.168','0','0000-00-00 00:00:00',''),('148','000025   ','DONALD K LAXTON               ','00150247184         ','MEYERGERIA','30293E102','6500','308.75','5','28','0','2018-08-13','','2','1','0','1','1','21','2018-08-13 05:01:03','98.173.59.168','0','0000-00-00 00:00:00',''),('149','000025   ','DONALD K LAXTON               ','00150247582         ','MEYERBARR-','30293E102','6380','303.05','5','29','0','2018-08-13','','2','1','0','1','1','21','2018-08-13 05:01:03','98.173.59.168','0','0000-00-00 00:00:00',''),('150','1703     ','ROBERT S FENTON               ','00150247337         ','TRAVIWILLE','30293E102','25000','1187.5','5','30','0','2018-08-13','','2','1','0','1','1','21','2018-08-13 05:01:03','98.173.59.168','0','0000-00-00 00:00:00',''),('151','C49      ','DANIEL C SULLIVAN             ','00150247194         ','TROYEKAREA','30293E102','25000','1187.5','6','31','0','2018-08-13','','2','1','0','1','1','21','2018-08-13 05:01:03','98.173.59.168','0','0000-00-00 00:00:00',''),('152','A04      ','CHERYL D DORKO                ','00150247581         ','DREHECHRID','30293E102','20000','950','6','32','0','2018-08-13','','2','1','0','1','1','21','2018-08-13 05:01:03','98.173.59.168','0','0000-00-00 00:00:00',''),('153','A04      ','CHERYL D DORKO                ','00150247590         ','GERBEGLEND','30293E102','10000','475','6','33','0','2018-08-13','','2','1','0','1','1','21','2018-08-13 05:01:03','98.173.59.168','0','0000-00-00 00:00:00',''),('154','000025   ','DONALD K LAXTON               ','00150247184         ','MEYERGERIA','30293E102','6500','308.75','6','34','0','2018-08-13','','2','1','0','1','1','21','2018-08-13 05:01:03','98.173.59.168','0','0000-00-00 00:00:00',''),('155','000025   ','DONALD K LAXTON               ','00150247582         ','MEYERBARR-','30293E102','6380','303.05','6','35','0','2018-08-13','','2','1','0','1','1','21','2018-08-13 05:01:03','98.173.59.168','0','0000-00-00 00:00:00',''),('156','1703     ','ROBERT S FENTON               ','00150247337         ','TRAVIWILLE','30293E102','25000','1187.5','6','36','0','2018-08-13','','2','1','0','1','1','21','2018-08-13 05:01:03','98.173.59.168','0','0000-00-00 00:00:00',''),('157','C49      ','DANIEL C SULLIVAN             ','00150247194         ','TROYEKAREA','30293E102','25000','1187.5','7','37','0','2018-08-13','','2','1','0','1','1','21','2018-08-13 05:01:03','98.173.59.168','0','0000-00-00 00:00:00',''),('158','A04      ','CHERYL D DORKO                ','00150247581         ','DREHECHRID','30293E102','20000','950','7','38','0','2018-08-13','','2','1','0','1','1','21','2018-08-13 05:01:03','98.173.59.168','0','0000-00-00 00:00:00',''),('159','A04      ','CHERYL D DORKO                ','00150247590         ','GERBEGLEND','30293E102','10000','475','7','39','0','2018-08-13','','2','1','0','1','1','21','2018-08-13 05:01:03','98.173.59.168','0','0000-00-00 00:00:00',''),('160','000025   ','DONALD K LAXTON               ','00150247184         ','MEYERGERIA','30293E102','6500','308.75','7','40','0','2018-08-13','','2','1','0','1','1','21','2018-08-13 05:01:03','98.173.59.168','0','0000-00-00 00:00:00',''),('161','000025   ','DONALD K LAXTON               ','00150247582         ','MEYERBARR-','30293E102','6380','303.05','7','41','0','2018-08-13','','2','1','0','1','1','21','2018-08-13 05:01:03','98.173.59.168','0','0000-00-00 00:00:00',''),('162','1703     ','ROBERT S FENTON               ','00150247337         ','TRAVIWILLE','30293E102','25000','1187.5','7','42','0','2018-08-13','','2','1','0','1','1','21','2018-08-13 05:01:03','98.173.59.168','0','0000-00-00 00:00:00',''),('163','C49      ','DANIEL C SULLIVAN             ','00150247194         ','TROYEKAREA','30293E102','25000','1187.5','8','43','0','2018-08-13','','2','1','0','1','1','21','2018-08-13 05:01:03','98.173.59.168','0','0000-00-00 00:00:00',''),('164','A04      ','CHERYL D DORKO                ','00150247581         ','DREHECHRID','30293E102','20000','950','8','44','0','2018-08-13','','2','1','0','1','1','21','2018-08-13 05:01:03','98.173.59.168','0','0000-00-00 00:00:00',''),('165','A04      ','CHERYL D DORKO                ','00150247590         ','GERBEGLEND','30293E102','10000','475','8','45','0','2018-08-13','','2','1','0','1','1','21','2018-08-13 05:01:03','98.173.59.168','0','0000-00-00 00:00:00',''),('166','000025   ','DONALD K LAXTON               ','00150247184         ','MEYERGERIA','30293E102','6500','308.75','8','46','0','2018-08-13','','2','1','0','1','1','21','2018-08-13 05:01:03','98.173.59.168','0','0000-00-00 00:00:00',''),('167','000025   ','DONALD K LAXTON               ','00150247582         ','MEYERBARR-','30293E102','6380','303.05','8','47','0','2018-08-13','','2','1','0','1','1','21','2018-08-13 05:01:03','98.173.59.168','0','0000-00-00 00:00:00',''),('168','1703     ','ROBERT S FENTON               ','00150247337         ','TRAVIWILLE','30293E102','25000','1187.5','8','48','0','2018-08-13','','2','1','0','1','1','21','2018-08-13 05:01:03','98.173.59.168','0','0000-00-00 00:00:00',''),('169','C49      ','DANIEL C SULLIVAN             ','00150247194         ','TROYEKAREA','30293E102','25000','1187.5','9','49','0','2018-08-13','','2','1','0','1','1','21','2018-08-13 05:01:03','98.173.59.168','0','0000-00-00 00:00:00',''),('170','A04      ','CHERYL D DORKO                ','00150247581         ','DREHECHRID','30293E102','20000','950','9','50','0','2018-08-13','','2','1','0','1','1','21','2018-08-13 05:01:03','98.173.59.168','0','0000-00-00 00:00:00',''),('171','A04      ','CHERYL D DORKO                ','00150247590         ','GERBEGLEND','30293E102','10000','475','9','51','0','2018-08-13','','2','1','0','1','1','21','2018-08-13 05:01:03','98.173.59.168','0','0000-00-00 00:00:00',''),('172','000025   ','DONALD K LAXTON               ','00150247184         ','MEYERGERIA','30293E102','6500','308.75','9','52','0','2018-08-13','','2','1','0','1','1','21','2018-08-13 05:01:03','98.173.59.168','0','0000-00-00 00:00:00',''),('173','000025   ','DONALD K LAXTON               ','00150247582         ','MEYERBARR-','30293E102','6380','303.05','9','53','0','2018-08-13','','2','1','0','1','1','21','2018-08-13 05:01:03','98.173.59.168','0','0000-00-00 00:00:00',''),('174','1703     ','ROBERT S FENTON               ','00150247337         ','TRAVIWILLE','30293E102','25000','1187.5','9','54','0','2018-08-13','','2','1','0','1','1','21','2018-08-13 05:01:03','98.173.59.168','0','0000-00-00 00:00:00',''),('175','C49      ','DANIEL C SULLIVAN             ','00150247194         ','TROYEKAREA','30293E102','25000','1187.5','10','55','0','2018-08-13','','2','1','0','1','1','21','2018-08-13 05:01:03','98.173.59.168','0','0000-00-00 00:00:00',''),('176','A04      ','CHERYL D DORKO                ','00150247581         ','DREHECHRID','30293E102','20000','950','10','56','0','2018-08-13','','2','1','0','1','1','21','2018-08-13 05:01:03','98.173.59.168','0','0000-00-00 00:00:00',''),('177','A04      ','CHERYL D DORKO                ','00150247590         ','GERBEGLEND','30293E102','10000','475','10','57','0','2018-08-13','','2','1','0','1','1','21','2018-08-13 05:01:03','98.173.59.168','0','0000-00-00 00:00:00',''),('178','000025   ','DONALD K LAXTON               ','00150247184         ','MEYERGERIA','30293E102','6500','308.75','10','58','0','2018-08-13','','2','1','0','1','1','21','2018-08-13 05:01:03','98.173.59.168','0','0000-00-00 00:00:00',''),('179','000025   ','DONALD K LAXTON               ','00150247582         ','MEYERBARR-','30293E102','6380','303.05','10','59','0','2018-08-13','','2','1','0','1','1','21','2018-08-13 05:01:03','98.173.59.168','0','0000-00-00 00:00:00',''),('180','1703     ','ROBERT S FENTON               ','00150247337         ','TRAVIWILLE','30293E102','25000','1187.5','10','60','0','2018-08-13','','2','1','0','1','1','21','2018-08-13 05:01:03','98.173.59.168','0','0000-00-00 00:00:00',''),('181','C49      ','DANIEL C SULLIVAN             ','00150247194         ','TROYEKAREA','30293E102','25000','1187.5','11','61','0','2018-08-13','','2','1','0','1','1','21','2018-08-13 05:01:03','98.173.59.168','0','0000-00-00 00:00:00',''),('182','A04      ','CHERYL D DORKO                ','00150247581         ','DREHECHRID','30293E102','20000','950','11','62','0','2018-08-13','','2','1','0','1','1','21','2018-08-13 05:01:03','98.173.59.168','0','0000-00-00 00:00:00',''),('183','A04      ','CHERYL D DORKO                ','00150247590         ','GERBEGLEND','30293E102','10000','475','11','63','0','2018-08-13','','2','1','0','1','1','21','2018-08-13 05:01:03','98.173.59.168','0','0000-00-00 00:00:00',''),('184','000025   ','DONALD K LAXTON               ','00150247184         ','MEYERGERIA','30293E102','6500','308.75','11','64','0','2018-08-13','','2','1','0','1','1','21','2018-08-13 05:01:03','98.173.59.168','0','0000-00-00 00:00:00',''),('185','000025   ','DONALD K LAXTON               ','00150247582         ','MEYERBARR-','30293E102','6380','303.05','11','65','0','2018-08-13','','2','1','0','1','1','21','2018-08-13 05:01:03','98.173.59.168','0','0000-00-00 00:00:00',''),('186','1703     ','ROBERT S FENTON               ','00150247337         ','TRAVIWILLE','30293E102','25000','1187.5','11','66','0','2018-08-13','','2','1','0','1','1','21','2018-08-13 05:01:03','98.173.59.168','0','0000-00-00 00:00:00',''),('187','C49      ','DANIEL C SULLIVAN             ','00150247194         ','TROYEKAREA','30293E102','25000','1187.5','12','67','0','2018-08-13','','2','1','0','1','1','21','2018-08-13 05:01:03','98.173.59.168','0','0000-00-00 00:00:00',''),('188','A04      ','CHERYL D DORKO                ','00150247581         ','DREHECHRID','30293E102','20000','950','12','68','0','2018-08-13','','2','1','0','1','1','21','2018-08-13 05:01:03','98.173.59.168','0','0000-00-00 00:00:00',''),('189','A04      ','CHERYL D DORKO                ','00150247590         ','GERBEGLEND','30293E102','10000','475','12','69','0','2018-08-13','','2','1','0','1','1','21','2018-08-13 05:01:03','98.173.59.168','0','0000-00-00 00:00:00',''),('190','000025   ','DONALD K LAXTON               ','00150247184         ','MEYERGERIA','30293E102','6500','308.75','12','70','0','2018-08-13','','2','1','0','1','1','21','2018-08-13 05:01:03','98.173.59.168','0','0000-00-00 00:00:00',''),('191','000025   ','DONALD K LAXTON               ','00150247582         ','MEYERBARR-','30293E102','6380','303.05','12','71','0','2018-08-13','','2','1','0','1','1','21','2018-08-13 05:01:03','98.173.59.168','0','0000-00-00 00:00:00',''),('192','1703     ','ROBERT S FENTON               ','00150247337         ','TRAVIWILLE','30293E102','25000','1187.5','12','72','0','2018-08-13','','2','1','0','1','1','21','2018-08-13 05:01:03','98.173.59.168','0','0000-00-00 00:00:00',''),('193','C49      ','DANIEL C SULLIVAN             ','00150247194         ','TROYEKAREA','30293E102','25000','1187.5','13','73','0','2018-08-13','','2','1','0','1','1','21','2018-08-13 05:01:03','98.173.59.168','0','0000-00-00 00:00:00',''),('194','A04      ','CHERYL D DORKO                ','00150247581         ','DREHECHRID','30293E102','20000','950','13','74','0','2018-08-13','','2','1','0','1','1','21','2018-08-13 05:01:03','98.173.59.168','0','0000-00-00 00:00:00',''),('195','A04      ','CHERYL D DORKO                ','00150247590         ','GERBEGLEND','30293E102','10000','475','13','75','0','2018-08-13','','2','1','0','1','1','21','2018-08-13 05:01:03','98.173.59.168','0','0000-00-00 00:00:00',''),('196','000025   ','DONALD K LAXTON               ','00150247184         ','MEYERGERIA','30293E102','6500','308.75','13','76','0','2018-08-13','','2','1','0','1','1','21','2018-08-13 05:01:03','98.173.59.168','0','0000-00-00 00:00:00',''),('197','000025   ','DONALD K LAXTON               ','00150247582         ','MEYERBARR-','30293E102','6380','303.05','13','77','0','2018-08-13','','2','1','0','1','1','21','2018-08-13 05:01:03','98.173.59.168','0','0000-00-00 00:00:00',''),('198','1703     ','ROBERT S FENTON               ','00150247337         ','TRAVIWILLE','30293E102','25000','1187.5','13','78','0','2018-08-13','','2','1','0','1','1','21','2018-08-13 05:01:03','98.173.59.168','0','0000-00-00 00:00:00',''),('199','C49      ','DANIEL C SULLIVAN             ','00150247194         ','TROYEKAREA','30293E102','25000','1187.5','14','79','0','2018-08-13','','2','1','0','1','1','21','2018-08-13 05:01:03','98.173.59.168','0','0000-00-00 00:00:00',''),('200','A04      ','CHERYL D DORKO                ','00150247581         ','DREHECHRID','30293E102','20000','950','14','80','0','2018-08-13','','2','1','0','1','1','21','2018-08-13 05:01:03','98.173.59.168','0','0000-00-00 00:00:00',''),('201','A04      ','CHERYL D DORKO                ','00150247590         ','GERBEGLEND','30293E102','10000','475','14','81','0','2018-08-13','','2','1','0','1','1','21','2018-08-13 05:01:03','98.173.59.168','0','0000-00-00 00:00:00',''),('202','000025   ','DONALD K LAXTON               ','00150247184         ','MEYERGERIA','30293E102','6500','308.75','14','82','0','2018-08-13','','2','1','0','1','1','21','2018-08-13 05:01:03','98.173.59.168','0','0000-00-00 00:00:00',''),('203','000025   ','DONALD K LAXTON               ','00150247582         ','MEYERBARR-','30293E102','6380','303.05','14','83','0','2018-08-13','','2','1','0','1','1','21','2018-08-13 05:01:03','98.173.59.168','0','0000-00-00 00:00:00',''),('204','1703     ','ROBERT S FENTON               ','00150247337         ','TRAVIWILLE','30293E102','25000','1187.5','14','84','0','2018-08-13','','2','1','0','1','1','21','2018-08-13 05:01:03','98.173.59.168','0','0000-00-00 00:00:00',''),('205','000009213','TERRY D BELKE','55555555555         ','NANCY JONES                        ','AMEFIMMMA','0','0','15','74','1','2018-08-13','representative_number','1','0','0','1','0','21','2018-08-13 05:01:03','98.173.59.168','0','0000-00-00 00:00:00',''),('206','000009213','TERRY D BELKE','44444444444         ','PHYLLIS MARKS                      ','AMEFIAMMA','0','0','15','75','1','2018-08-13','representative_number','1','0','0','1','0','21','2018-08-13 05:01:03','98.173.59.168','0','0000-00-00 00:00:00',''),('207','000009213','TERRY D BELKE','55555555555         ','NANCY JONES                        ','AMEFIMMMA','0','0','16','76','1','2018-08-13','representative_number','1','0','0','1','0','21','2018-08-13 05:01:03','98.173.59.168','0','0000-00-00 00:00:00',''),('208','000009213','TERRY D BELKE','44444444444         ','PHYLLIS MARKS                      ','AMEFIAMMA','0','0','16','77','1','2018-08-13','representative_number','1','0','0','1','0','21','2018-08-13 05:01:03','98.173.59.168','0','0000-00-00 00:00:00',''),('209','000009213','TERRY D BELKE','55555555555         ','NANCY JONES                        ','AMEFIMMMA','0','0','17','78','1','2018-08-13','representative_number','1','0','0','1','0','21','2018-08-13 05:01:03','98.173.59.168','0','0000-00-00 00:00:00',''),('210','000009213','TERRY D BELKE','44444444444         ','PHYLLIS MARKS                      ','AMEFIAMMA','0','0','17','79','1','2018-08-13','representative_number','1','0','0','1','0','21','2018-08-13 05:01:03','98.173.59.168','0','0000-00-00 00:00:00',''),('211','000009213','TERRY D BELKE','55555555555         ','NANCY JONES                        ','AMEFIMMMA','0','0','18','80','1','2018-08-13','representative_number','1','0','0','1','0','21','2018-08-13 05:01:03','98.173.59.168','0','0000-00-00 00:00:00',''),('212','000009213','TERRY D BELKE','44444444444         ','PHYLLIS MARKS                      ','AMEFIAMMA','0','0','18','81','1','2018-08-13','representative_number','1','0','0','1','0','21','2018-08-13 05:01:03','98.173.59.168','0','0000-00-00 00:00:00',''),('213','000009213','TERRY D BELKE','55555555555         ','NANCY JONES                        ','AMEFIMMMA','0','0','19','82','1','2018-08-13','representative_number','1','0','0','1','0','21','2018-08-13 05:01:03','98.173.59.168','0','0000-00-00 00:00:00',''),('214','000009213','TERRY D BELKE','44444444444         ','PHYLLIS MARKS                      ','AMEFIAMMA','0','0','19','83','1','2018-08-13','representative_number','1','0','0','1','0','21','2018-08-13 05:01:03','98.173.59.168','0','0000-00-00 00:00:00',''),('215','000009213','TERRY D BELKE','55555555555         ','NANCY JONES                        ','AMEFIMMMA','0','0','20','84','1','2018-08-13','representative_number','1','0','0','1','0','21','2018-08-13 05:01:03','98.173.59.168','0','0000-00-00 00:00:00',''),('216','000009213','TERRY D BELKE','44444444444         ','PHYLLIS MARKS                      ','AMEFIAMMA','0','0','20','85','1','2018-08-13','representative_number','1','0','0','1','0','21','2018-08-13 05:01:03','98.173.59.168','0','0000-00-00 00:00:00',''),('217','C49      ','DANIEL C SULLIVAN             ','00150247194         ','TROYEKAREA','30293E102','25000','1187.5','5','25','0','2018-08-13','','2','1','1','1','0','21','2018-08-13 05:01:04','98.173.59.168','0','0000-00-00 00:00:00',''),('218','A04      ','CHERYL D DORKO                ','00150247581         ','DREHECHRID','30293E102','20000','950','5','26','0','2018-08-13','','2','1','1','1','0','21','2018-08-13 05:01:04','98.173.59.168','0','0000-00-00 00:00:00',''),('219','A04      ','CHERYL D DORKO                ','00150247590         ','GERBEGLEND','30293E102','10000','475','5','27','0','2018-08-13','','2','1','1','1','0','21','2018-08-13 05:01:04','98.173.59.168','0','0000-00-00 00:00:00',''),('220','000025   ','DONALD K LAXTON               ','00150247184         ','MEYERGERIA','30293E102','6500','308.75','5','28','0','2018-08-13','','2','1','1','1','0','21','2018-08-13 05:01:04','98.173.59.168','0','0000-00-00 00:00:00',''),('221','000025   ','DONALD K LAXTON               ','00150247582         ','MEYERBARR-','30293E102','6380','303.05','5','29','0','2018-08-13','','2','1','1','1','0','21','2018-08-13 05:01:04','98.173.59.168','0','0000-00-00 00:00:00',''),('222','1703     ','ROBERT S FENTON               ','00150247337         ','TRAVIWILLE','30293E102','25000','1187.5','5','30','0','2018-08-13','','2','1','1','1','0','21','2018-08-13 05:01:04','98.173.59.168','0','0000-00-00 00:00:00',''),('223','C49      ','DANIEL C SULLIVAN             ','00150247194         ','TROYEKAREA','30293E102','25000','1187.5','6','31','0','2018-08-13','','2','1','1','1','0','21','2018-08-13 05:01:04','98.173.59.168','0','0000-00-00 00:00:00',''),('224','A04      ','CHERYL D DORKO                ','00150247581         ','DREHECHRID','30293E102','20000','950','6','32','0','2018-08-13','','2','1','1','1','0','21','2018-08-13 05:01:04','98.173.59.168','0','0000-00-00 00:00:00',''),('225','A04      ','CHERYL D DORKO                ','00150247590         ','GERBEGLEND','30293E102','10000','475','6','33','0','2018-08-13','','2','1','1','1','0','21','2018-08-13 05:01:04','98.173.59.168','0','0000-00-00 00:00:00',''),('226','000025   ','DONALD K LAXTON               ','00150247184         ','MEYERGERIA','30293E102','6500','308.75','6','34','0','2018-08-13','','2','1','1','1','0','21','2018-08-13 05:01:04','98.173.59.168','0','0000-00-00 00:00:00',''),('227','000025   ','DONALD K LAXTON               ','00150247582         ','MEYERBARR-','30293E102','6380','303.05','6','35','0','2018-08-13','','2','1','1','1','0','21','2018-08-13 05:01:04','98.173.59.168','0','0000-00-00 00:00:00',''),('228','1703     ','ROBERT S FENTON               ','00150247337         ','TRAVIWILLE','30293E102','25000','1187.5','6','36','0','2018-08-13','','2','1','1','1','0','21','2018-08-13 05:01:04','98.173.59.168','0','0000-00-00 00:00:00',''),('229','C49      ','DANIEL C SULLIVAN             ','00150247194         ','TROYEKAREA','30293E102','25000','1187.5','7','37','0','2018-08-13','','2','1','1','1','0','21','2018-08-13 05:01:04','98.173.59.168','0','0000-00-00 00:00:00',''),('230','A04      ','CHERYL D DORKO                ','00150247581         ','DREHECHRID','30293E102','20000','950','7','38','0','2018-08-13','','2','1','1','1','0','21','2018-08-13 05:01:04','98.173.59.168','0','0000-00-00 00:00:00',''),('231','A04      ','CHERYL D DORKO                ','00150247590         ','GERBEGLEND','30293E102','10000','475','7','39','0','2018-08-13','','2','1','1','1','0','21','2018-08-13 05:01:04','98.173.59.168','0','0000-00-00 00:00:00',''),('232','000025   ','DONALD K LAXTON               ','00150247184         ','MEYERGERIA','30293E102','6500','308.75','7','40','0','2018-08-13','','2','1','1','1','0','21','2018-08-13 05:01:04','98.173.59.168','0','0000-00-00 00:00:00',''),('233','000025   ','DONALD K LAXTON               ','00150247582         ','MEYERBARR-','30293E102','6380','303.05','7','41','0','2018-08-13','','2','1','1','1','0','21','2018-08-13 05:01:04','98.173.59.168','0','0000-00-00 00:00:00',''),('234','1703     ','ROBERT S FENTON               ','00150247337         ','TRAVIWILLE','30293E102','25000','1187.5','7','42','0','2018-08-13','','2','1','1','1','0','21','2018-08-13 05:01:04','98.173.59.168','0','0000-00-00 00:00:00',''),('235','C49      ','DANIEL C SULLIVAN             ','00150247194         ','TROYEKAREA','30293E102','25000','1187.5','8','43','0','2018-08-13','','2','1','1','1','0','21','2018-08-13 05:01:04','98.173.59.168','0','0000-00-00 00:00:00',''),('236','A04      ','CHERYL D DORKO                ','00150247581         ','DREHECHRID','30293E102','20000','950','8','44','0','2018-08-13','','2','1','1','1','0','21','2018-08-13 05:01:04','98.173.59.168','0','0000-00-00 00:00:00',''),('237','A04      ','CHERYL D DORKO                ','00150247590         ','GERBEGLEND','30293E102','10000','475','8','45','0','2018-08-13','','2','1','1','1','0','21','2018-08-13 05:01:04','98.173.59.168','0','0000-00-00 00:00:00',''),('238','000025   ','DONALD K LAXTON               ','00150247184         ','MEYERGERIA','30293E102','6500','308.75','8','46','0','2018-08-13','','2','1','1','1','0','21','2018-08-13 05:01:04','98.173.59.168','0','0000-00-00 00:00:00',''),('239','000025   ','DONALD K LAXTON               ','00150247582         ','MEYERBARR-','30293E102','6380','303.05','8','47','0','2018-08-13','','2','1','1','1','0','21','2018-08-13 05:01:04','98.173.59.168','0','0000-00-00 00:00:00',''),('240','1703     ','ROBERT S FENTON               ','00150247337         ','TRAVIWILLE','30293E102','25000','1187.5','8','48','0','2018-08-13','','2','1','1','1','0','21','2018-08-13 05:01:04','98.173.59.168','0','0000-00-00 00:00:00',''),('241','C49      ','DANIEL C SULLIVAN             ','00150247194         ','TROYEKAREA','30293E102','25000','1187.5','9','49','0','2018-08-13','','2','1','1','1','0','21','2018-08-13 05:01:04','98.173.59.168','0','0000-00-00 00:00:00',''),('242','A04      ','CHERYL D DORKO                ','00150247581         ','DREHECHRID','30293E102','20000','950','9','50','0','2018-08-13','','2','1','1','1','0','21','2018-08-13 05:01:04','98.173.59.168','0','0000-00-00 00:00:00',''),('243','A04      ','CHERYL D DORKO                ','00150247590         ','GERBEGLEND','30293E102','10000','475','9','51','0','2018-08-13','','2','1','1','1','0','21','2018-08-13 05:01:04','98.173.59.168','0','0000-00-00 00:00:00',''),('244','000025   ','DONALD K LAXTON               ','00150247184         ','MEYERGERIA','30293E102','6500','308.75','9','52','0','2018-08-13','','2','1','1','1','0','21','2018-08-13 05:01:04','98.173.59.168','0','0000-00-00 00:00:00',''),('245','000025   ','DONALD K LAXTON               ','00150247582         ','MEYERBARR-','30293E102','6380','303.05','9','53','0','2018-08-13','','2','1','1','1','0','21','2018-08-13 05:01:04','98.173.59.168','0','0000-00-00 00:00:00',''),('246','1703     ','ROBERT S FENTON               ','00150247337         ','TRAVIWILLE','30293E102','25000','1187.5','9','54','0','2018-08-13','','2','1','1','1','0','21','2018-08-13 05:01:04','98.173.59.168','0','0000-00-00 00:00:00',''),('247','C49      ','DANIEL C SULLIVAN             ','00150247194         ','TROYEKAREA','30293E102','25000','1187.5','10','55','0','2018-08-13','','2','1','1','1','0','21','2018-08-13 05:01:04','98.173.59.168','0','0000-00-00 00:00:00',''),('248','A04      ','CHERYL D DORKO                ','00150247581         ','DREHECHRID','30293E102','20000','950','10','56','0','2018-08-13','','2','1','1','1','0','21','2018-08-13 05:01:04','98.173.59.168','0','0000-00-00 00:00:00',''),('249','A04      ','CHERYL D DORKO                ','00150247590         ','GERBEGLEND','30293E102','10000','475','10','57','0','2018-08-13','','2','1','1','1','0','21','2018-08-13 05:01:04','98.173.59.168','0','0000-00-00 00:00:00',''),('250','000025   ','DONALD K LAXTON               ','00150247184         ','MEYERGERIA','30293E102','6500','308.75','10','58','0','2018-08-13','','2','1','1','1','0','21','2018-08-13 05:01:04','98.173.59.168','0','0000-00-00 00:00:00',''),('251','000025   ','DONALD K LAXTON               ','00150247582         ','MEYERBARR-','30293E102','6380','303.05','10','59','0','2018-08-13','','2','1','1','1','0','21','2018-08-13 05:01:04','98.173.59.168','0','0000-00-00 00:00:00',''),('252','1703     ','ROBERT S FENTON               ','00150247337         ','TRAVIWILLE','30293E102','25000','1187.5','10','60','0','2018-08-13','','2','1','1','1','0','21','2018-08-13 05:01:04','98.173.59.168','0','0000-00-00 00:00:00',''),('253','C49      ','DANIEL C SULLIVAN             ','00150247194         ','TROYEKAREA','30293E102','25000','1187.5','11','61','0','2018-08-13','','2','1','1','1','0','21','2018-08-13 05:01:04','98.173.59.168','0','0000-00-00 00:00:00',''),('254','A04      ','CHERYL D DORKO                ','00150247581         ','DREHECHRID','30293E102','20000','950','11','62','0','2018-08-13','','2','1','1','1','0','21','2018-08-13 05:01:04','98.173.59.168','0','0000-00-00 00:00:00',''),('255','A04      ','CHERYL D DORKO                ','00150247590         ','GERBEGLEND','30293E102','10000','475','11','63','0','2018-08-13','','2','1','1','1','0','21','2018-08-13 05:01:04','98.173.59.168','0','0000-00-00 00:00:00',''),('256','000025   ','DONALD K LAXTON               ','00150247184         ','MEYERGERIA','30293E102','6500','308.75','11','64','0','2018-08-13','','2','1','1','1','0','21','2018-08-13 05:01:04','98.173.59.168','0','0000-00-00 00:00:00',''),('257','000025   ','DONALD K LAXTON               ','00150247582         ','MEYERBARR-','30293E102','6380','303.05','11','65','0','2018-08-13','','2','1','1','1','0','21','2018-08-13 05:01:04','98.173.59.168','0','0000-00-00 00:00:00',''),('258','1703     ','ROBERT S FENTON               ','00150247337         ','TRAVIWILLE','30293E102','25000','1187.5','11','66','0','2018-08-13','','2','1','1','1','0','21','2018-08-13 05:01:04','98.173.59.168','0','0000-00-00 00:00:00',''),('259','C49      ','DANIEL C SULLIVAN             ','00150247194         ','TROYEKAREA','30293E102','25000','1187.5','12','67','0','2018-08-13','','2','1','1','1','0','21','2018-08-13 05:01:04','98.173.59.168','0','0000-00-00 00:00:00',''),('260','A04      ','CHERYL D DORKO                ','00150247581         ','DREHECHRID','30293E102','20000','950','12','68','0','2018-08-13','','2','1','1','1','0','21','2018-08-13 05:01:04','98.173.59.168','0','0000-00-00 00:00:00',''),('261','A04      ','CHERYL D DORKO                ','00150247590         ','GERBEGLEND','30293E102','10000','475','12','69','0','2018-08-13','','2','1','1','1','0','21','2018-08-13 05:01:04','98.173.59.168','0','0000-00-00 00:00:00',''),('262','000025   ','DONALD K LAXTON               ','00150247184         ','MEYERGERIA','30293E102','6500','308.75','12','70','0','2018-08-13','','2','1','1','1','0','21','2018-08-13 05:01:04','98.173.59.168','0','0000-00-00 00:00:00',''),('263','000025   ','DONALD K LAXTON               ','00150247582         ','MEYERBARR-','30293E102','6380','303.05','12','71','0','2018-08-13','','2','1','1','1','0','21','2018-08-13 05:01:04','98.173.59.168','0','0000-00-00 00:00:00',''),('264','1703     ','ROBERT S FENTON               ','00150247337         ','TRAVIWILLE','30293E102','25000','1187.5','12','72','0','2018-08-13','','2','1','1','1','0','21','2018-08-13 05:01:04','98.173.59.168','0','0000-00-00 00:00:00',''),('265','C49      ','DANIEL C SULLIVAN             ','00150247194         ','TROYEKAREA','30293E102','25000','1187.5','13','73','0','2018-08-13','','2','1','1','1','0','21','2018-08-13 05:01:04','98.173.59.168','0','0000-00-00 00:00:00',''),('266','A04      ','CHERYL D DORKO                ','00150247581         ','DREHECHRID','30293E102','20000','950','13','74','0','2018-08-13','','2','1','1','1','0','21','2018-08-13 05:01:04','98.173.59.168','0','0000-00-00 00:00:00',''),('267','A04      ','CHERYL D DORKO                ','00150247590         ','GERBEGLEND','30293E102','10000','475','13','75','0','2018-08-13','','2','1','1','1','0','21','2018-08-13 05:01:04','98.173.59.168','0','0000-00-00 00:00:00',''),('268','000025   ','DONALD K LAXTON               ','00150247184         ','MEYERGERIA','30293E102','6500','308.75','13','76','0','2018-08-13','','2','1','1','1','0','21','2018-08-13 05:01:04','98.173.59.168','0','0000-00-00 00:00:00',''),('269','000025   ','DONALD K LAXTON               ','00150247582         ','MEYERBARR-','30293E102','6380','303.05','13','77','0','2018-08-13','','2','1','1','1','0','21','2018-08-13 05:01:04','98.173.59.168','0','0000-00-00 00:00:00',''),('270','1703     ','ROBERT S FENTON               ','00150247337         ','TRAVIWILLE','30293E102','25000','1187.5','13','78','0','2018-08-13','','2','1','1','1','0','21','2018-08-13 05:01:04','98.173.59.168','0','0000-00-00 00:00:00',''),('271','C49      ','DANIEL C SULLIVAN             ','00150247194         ','TROYEKAREA','30293E102','25000','1187.5','14','79','0','2018-08-13','','2','1','1','1','0','21','2018-08-13 05:01:04','98.173.59.168','0','0000-00-00 00:00:00',''),('272','A04      ','CHERYL D DORKO                ','00150247581         ','DREHECHRID','30293E102','20000','950','14','80','0','2018-08-13','','2','1','1','1','0','21','2018-08-13 05:01:04','98.173.59.168','0','0000-00-00 00:00:00',''),('273','A04      ','CHERYL D DORKO                ','00150247590         ','GERBEGLEND','30293E102','10000','475','14','81','0','2018-08-13','','2','1','1','1','0','21','2018-08-13 05:01:04','98.173.59.168','0','0000-00-00 00:00:00',''),('274','000025   ','DONALD K LAXTON               ','00150247184         ','MEYERGERIA','30293E102','6500','308.75','14','82','0','2018-08-13','','2','1','1','1','0','21','2018-08-13 05:01:04','98.173.59.168','0','0000-00-00 00:00:00',''),('275','000025   ','DONALD K LAXTON               ','00150247582         ','MEYERBARR-','30293E102','6380','303.05','14','83','0','2018-08-13','','2','1','1','1','0','21','2018-08-13 05:01:04','98.173.59.168','0','0000-00-00 00:00:00',''),('276','1703     ','ROBERT S FENTON               ','00150247337         ','TRAVIWILLE','30293E102','25000','1187.5','14','84','0','2018-08-13','','2','1','1','1','0','21','2018-08-13 05:01:04','98.173.59.168','0','0000-00-00 00:00:00',''),('277','3345','     JAMES STEVEN','00123456789         ','MARK DAVID JOHNSON                 ','WSTVUAAL2','0','0','28','13','0','2020-11-06','','1','1','1','1','0','1','2020-11-06 21:46:13','107.210.168.81','0','0000-00-00 00:00:00',''),('278','3345','     JAMES STEVEN','00123456789         ','MARK DAVID JOHNSON                 ','WSTVUBND2','0','0','28','14','0','2020-11-06','','1','1','1','1','0','1','2020-11-06 21:46:13','107.210.168.81','0','0000-00-00 00:00:00',''),('279','3345','     JAMES STEVEN','00123456789         ','MARK DAVID JOHNSON                 ','WSTVUDMC2','0','0','28','15','0','2020-11-06','','1','1','1','1','0','1','2020-11-06 21:46:13','107.210.168.81','0','0000-00-00 00:00:00','');
/*!40000 ALTER TABLE `ft_import_file_exception` ENABLE KEYS */;

DROP TABLE IF EXISTS `ft_import_file_exception_master`;
CREATE TABLE `ft_import_file_exception_master` (
  `id` int(12) NOT NULL AUTO_INCREMENT,
  `error` varchar(100) NOT NULL,
  `used` varchar(100) NOT NULL,
  `status` tinyint(1) DEFAULT '1',
  `is_delete` tinyint(1) NOT NULL DEFAULT '0',
  `created_by` int(12) NOT NULL,
  `created_time` datetime NOT NULL,
  `created_ip` varchar(100) NOT NULL,
  `modified_by` int(12) NOT NULL,
  `modified_time` datetime NOT NULL,
  `modified_ip` varchar(100) NOT NULL,
  PRIMARY KEY (`id`)
) ENGINE=InnoDB AUTO_INCREMENT=23 DEFAULT CHARSET=latin1;

/*!40000 ALTER TABLE `ft_import_file_exception_master` DISABLE KEYS */;
INSERT INTO `ft_import_file_exception_master` VALUES ('1','BROKER NOT FOUND','T','1','0','0','0000-00-00 00:00:00','','0','0000-00-00 00:00:00',''),('2','BROKER TERMINATED','T','1','0','0','0000-00-00 00:00:00','','0','0000-00-00 00:00:00',''),('3','BRANCH # NOT FOUND','F','1','0','0','0000-00-00 00:00:00','','0','0000-00-00 00:00:00',''),('4','BRANCH TERMINATED','F','1','0','0','0000-00-00 00:00:00','','0','0000-00-00 00:00:00',''),('5','COMPANY TERMINATED','F','1','0','0','0000-00-00 00:00:00','','0','0000-00-00 00:00:00',''),('6','BROKER LICENSE ERROR','T','1','0','0','0000-00-00 00:00:00','','0','0000-00-00 00:00:00',''),('7','CLIENT NOT ACTIVE','T','1','0','0','0000-00-00 00:00:00','','0','0000-00-00 00:00:00',''),('8','PRODUCT TERMINATED','T','1','0','0','0000-00-00 00:00:00','','0','0000-00-00 00:00:00',''),('9','PROD.<>CLIENT OBJECTIVES','F','1','0','0','0000-00-00 00:00:00','','0','0000-00-00 00:00:00',''),('10','FOXTROT CLIENT # NOT FOUND','T','1','0','0','0000-00-00 00:00:00','','0','0000-00-00 00:00:00',''),('11','CUSIP NOT FOUND','T','1','0','0','0000-00-00 00:00:00','','0','0000-00-00 00:00:00',''),('12','CLIENT # ALREADY EXISTS','F','1','0','0','0000-00-00 00:00:00','','0','0000-00-00 00:00:00',''),('13','INVALID/MISSING DATA','T','1','0','0','0000-00-00 00:00:00','','0','0000-00-00 00:00:00',''),('14','SPONSOR NOT FOUND','T','1','0','0','0000-00-00 00:00:00','','0','0000-00-00 00:00:00',''),('15','SYMBOL ALREADY EXISTS','F','1','0','0','0000-00-00 00:00:00','','0','0000-00-00 00:00:00',''),('16','CUSIP ALREADY EXISTS','F','1','0','0','0000-00-00 00:00:00','','0','0000-00-00 00:00:00',''),('17','PRODUCT TYPE NOT FOUND','F','1','0','0','0000-00-00 00:00:00','','0','0000-00-00 00:00:00',''),('18','CLIENT ACCT.# NOT FOUND','T','1','0','0','0000-00-00 00:00:00','','0','0000-00-00 00:00:00',''),('19','SSN ALREADY EXISTS','F','1','0','0','0000-00-00 00:00:00','','0','0000-00-00 00:00:00',''),('20','DATED BEFORE EXISTING DATA','F','1','0','0','0000-00-00 00:00:00','','0','0000-00-00 00:00:00',''),('21','MISSING ACCOUNT DOCUMENTATION','T','1','0','0','0000-00-00 00:00:00','','0','0000-00-00 00:00:00',''),('22','COMPLIANCE ERROR','T','1','0','0','0000-00-00 00:00:00','','0','0000-00-00 00:00:00','');
/*!40000 ALTER TABLE `ft_import_file_exception_master` ENABLE KEYS */;

DROP TABLE IF EXISTS `ft_import_file_footer_data`;
CREATE TABLE `ft_import_file_footer_data` (
  `id` int(12) NOT NULL AUTO_INCREMENT,
  `file_id` int(12) NOT NULL,
  `header_id` int(12) NOT NULL,
  `record_type` varchar(100) NOT NULL,
  `sequence_number` varchar(100) NOT NULL,
  `file_type` varchar(100) NOT NULL,
  `trailer_record_count` varchar(100) NOT NULL,
  `unused` varchar(100) NOT NULL,
  `status` tinyint(1) NOT NULL DEFAULT '1',
  `is_delete` tinyint(1) NOT NULL DEFAULT '0',
  `created_by` int(12) NOT NULL,
  `created_time` datetime NOT NULL,
  `created_ip` varchar(100) NOT NULL,
  `modified_by` int(12) NOT NULL,
  `modified_time` datetime NOT NULL,
  `modified_ip` varchar(100) NOT NULL,
  PRIMARY KEY (`id`)
) ENGINE=InnoDB AUTO_INCREMENT=37 DEFAULT CHARSET=latin1;

/*!40000 ALTER TABLE `ft_import_file_footer_data` DISABLE KEYS */;
INSERT INTO `ft_import_file_footer_data` VALUES ('1','41','1','RTR','001','NEWACCT ACTIVIT','000000001','0','1','0','21','2018-08-02 10:40:04','103.36.122.212','0','0000-00-00 00:00:00',''),('2','41','2','RTR','001','NEWACCT ACTIVIT','000000000','7','1','0','21','2018-08-02 10:40:04','103.36.122.212','0','0000-00-00 00:00:00',''),('3','42','3','RTR','001','ACCT MASTER POS','000000013','','1','0','21','2018-08-03 01:36:34','98.173.59.168','0','0000-00-00 00:00:00',''),('4','42','4','RTR','001','ACCT MASTER POS','000000010','','1','0','21','2018-08-03 01:36:34','98.173.59.168','0','0000-00-00 00:00:00',''),('5','21','5','RTR','001','ACCT MASTER POS','000000014','','1','0','21','2018-08-03 01:37:26','98.173.59.168','0','0000-00-00 00:00:00',''),('6','28','6','RTR','001','NONFINANCIALACT','000000013','','1','0','21','2018-08-13 05:01:03','98.173.59.168','0','0000-00-00 00:00:00',''),('7','29','7','RTR','001','NONFINANCIALACT','000000013','','1','0','21','2018-08-13 05:01:03','98.173.59.168','0','0000-00-00 00:00:00',''),('8','30','8','RTR','001','NONFINANCIALACT','000000013','','1','0','21','2018-08-13 05:01:03','98.173.59.168','0','0000-00-00 00:00:00',''),('9','31','9','RTR','001','NONFINANCIALACT','000000013','','1','0','21','2018-08-13 05:01:03','98.173.59.168','0','0000-00-00 00:00:00',''),('10','32','10','RTR','001','NONFINANCIALACT','000000013','','1','0','21','2018-08-13 05:01:03','98.173.59.168','0','0000-00-00 00:00:00',''),('11','33','11','RTR','001','NONFINANCIALACT','000000013','','1','0','21','2018-08-13 05:01:03','98.173.59.168','0','0000-00-00 00:00:00',''),('12','34','12','RTR','001','NEWACCT ACTIVIT','000000001','0','1','0','21','2018-08-13 05:01:03','98.173.59.168','0','0000-00-00 00:00:00',''),('13','34','13','RTR','001','NEWACCT ACTIVIT','000000000','7','1','0','21','2018-08-13 05:01:03','98.173.59.168','0','0000-00-00 00:00:00',''),('14','35','14','RTR','001','NEWACCT ACTIVIT','000000001','0','1','0','21','2018-08-13 05:01:03','98.173.59.168','0','0000-00-00 00:00:00',''),('15','35','15','RTR','001','NEWACCT ACTIVIT','000000000','7','1','0','21','2018-08-13 05:01:03','98.173.59.168','0','0000-00-00 00:00:00',''),('16','36','16','RTR','001','NEWACCT ACTIVIT','000000001','0','1','0','21','2018-08-13 05:01:03','98.173.59.168','0','0000-00-00 00:00:00',''),('17','36','17','RTR','001','NEWACCT ACTIVIT','000000000','7','1','0','21','2018-08-13 05:01:03','98.173.59.168','0','0000-00-00 00:00:00',''),('18','37','18','RTR','001','NEWACCT ACTIVIT','000000001','0','1','0','21','2018-08-13 05:01:03','98.173.59.168','0','0000-00-00 00:00:00',''),('19','37','19','RTR','001','NEWACCT ACTIVIT','000000000','7','1','0','21','2018-08-13 05:01:03','98.173.59.168','0','0000-00-00 00:00:00',''),('20','38','20','RTR','001','NEWACCT ACTIVIT','000000001','0','1','0','21','2018-08-13 05:01:03','98.173.59.168','0','0000-00-00 00:00:00',''),('21','38','21','RTR','001','NEWACCT ACTIVIT','000000000','7','1','0','21','2018-08-13 05:01:03','98.173.59.168','0','0000-00-00 00:00:00',''),('22','39','22','RTR','001','NEWACCT ACTIVIT','000000001','0','1','0','21','2018-08-13 05:01:03','98.173.59.168','0','0000-00-00 00:00:00',''),('23','39','23','RTR','001','NEWACCT ACTIVIT','000000000','7','1','0','21','2018-08-13 05:01:03','98.173.59.168','0','0000-00-00 00:00:00',''),('24','40','24','RTR','001','NONFINANCIALACT','000000013','','1','0','21','2018-08-13 05:01:03','98.173.59.168','0','0000-00-00 00:00:00',''),('25','27','25','RTR','001','ACCT MASTER POS','000000008','                                                                                                    ','1','0','21','2018-08-13 05:01:03','98.173.59.168','0','0000-00-00 00:00:00',''),('26','26','26','RTR','001','ACCT MASTER POS','000000014','','1','0','21','2018-08-13 05:01:03','98.173.59.168','0','0000-00-00 00:00:00',''),('27','25','27','RTR','001','ACCT MASTER POS','000000014','','1','0','21','2018-08-13 05:01:03','98.173.59.168','0','0000-00-00 00:00:00',''),('28','24','28','RTR','001','ACCT MASTER POS','000000014','','1','0','21','2018-08-13 05:01:03','98.173.59.168','0','0000-00-00 00:00:00',''),('29','23','29','RTR','001','ACCT MASTER POS','000000014','','1','0','21','2018-08-13 05:01:03','98.173.59.168','0','0000-00-00 00:00:00',''),('30','22','30','RTR','001','ACCT MASTER POS','000000014','','1','0','21','2018-08-13 05:01:03','98.173.59.168','0','0000-00-00 00:00:00',''),('31','15','31','RTR','001','NEWACCT ACTIVIT','000000008','','1','0','21','2018-08-13 05:01:03','98.173.59.168','0','0000-00-00 00:00:00',''),('32','16','32','RTR','001','NEWACCT ACTIVIT','000000008','','1','0','21','2018-08-13 05:01:03','98.173.59.168','0','0000-00-00 00:00:00',''),('33','17','33','RTR','001','NEWACCT ACTIVIT','000000008','','1','0','21','2018-08-13 05:01:03','98.173.59.168','0','0000-00-00 00:00:00',''),('34','18','34','RTR','001','NEWACCT ACTIVIT','000000008','','1','0','21','2018-08-13 05:01:03','98.173.59.168','0','0000-00-00 00:00:00',''),('35','19','35','RTR','001','NEWACCT ACTIVIT','000000008','','1','0','21','2018-08-13 05:01:03','98.173.59.168','0','0000-00-00 00:00:00',''),('36','20','36','RTR','001','NEWACCT ACTIVIT','000000008','','1','0','21','2018-08-13 05:01:03','98.173.59.168','0','0000-00-00 00:00:00','');
/*!40000 ALTER TABLE `ft_import_file_footer_data` ENABLE KEYS */;

DROP TABLE IF EXISTS `ft_import_file_header1_data`;
CREATE TABLE `ft_import_file_header1_data` (
  `id` int(12) NOT NULL AUTO_INCREMENT,
  `file_id` int(12) NOT NULL,
  `record_type` varchar(100) NOT NULL,
  `sequence_number` varchar(100) NOT NULL,
  `file_type` varchar(100) NOT NULL,
  `super_sheet_date` date NOT NULL,
  `processed_date` date NOT NULL,
  `processed_time` time NOT NULL,
  `job_name` varchar(100) NOT NULL,
  `file_format_code` varchar(100) NOT NULL,
  `request_number` varchar(100) NOT NULL,
  `extra_*_1` varchar(100) NOT NULL,
  `system_id` varchar(100) NOT NULL,
  `management_code` varchar(100) NOT NULL,
  `extra_*_2` varchar(100) NOT NULL,
  `populated_by_dst` varchar(100) NOT NULL,
  `variable_universal_life` varchar(100) NOT NULL,
  `unused_RHR_001` varchar(100) NOT NULL,
  `status` tinyint(1) NOT NULL DEFAULT '1',
  `is_delete` tinyint(1) NOT NULL DEFAULT '0',
  `created_by` int(12) NOT NULL,
  `created_time` datetime NOT NULL,
  `created_ip` varchar(100) NOT NULL,
  `modified_by` int(12) NOT NULL,
  `modified_time` datetime NOT NULL,
  `modified_ip` varchar(100) NOT NULL,
  PRIMARY KEY (`id`)
) ENGINE=InnoDB AUTO_INCREMENT=37 DEFAULT CHARSET=latin1;

/*!40000 ALTER TABLE `ft_import_file_header1_data` DISABLE KEYS */;
INSERT INTO `ft_import_file_header1_data` VALUES ('1','41','RHR','001','NEWACCT ACTIVIT','2000-03-30','2000-03-30','00:00:00','WTDMU109','016','0000001','*','WST','VU','*',' ','E','','1','0','21','2018-08-02 10:40:04','103.36.122.212','0','0000-00-00 00:00:00',''),('2','41','RHR','001','NEWACCT ACTIVIT','2000-03-30','2000-03-30','00:00:00','WTDMU109','016','0000002','*','WST','VU','*',' ','E','','1','0','21','2018-08-02 10:40:04','103.36.122.212','0','0000-00-00 00:00:00',''),('3','42','RHR','001','ACCT MASTER POS','2000-03-29','2000-03-29','00:00:00','WTDMU624','017','0000001','*','WST','VU','*',' ','E','','1','0','21','2018-08-03 01:36:34','98.173.59.168','0','0000-00-00 00:00:00',''),('4','42','RHR','001','ACCT MASTER POS','2000-03-29','2000-03-29','00:00:00','WTDMU624','017','0000002','*','WST','VU','*',' ','E','','1','0','21','2018-08-03 01:36:34','98.173.59.168','0','0000-00-00 00:00:00',''),('5','21','RHR','001','ACCT MASTER POS','2008-01-14','2008-01-15','00:00:00','AEDMU624','017','0000001','*','AME','RI','*','V',' ','                                                                                        ','1','0','21','2018-08-03 01:37:26','98.173.59.168','0','0000-00-00 00:00:00',''),('6','28','RHR','001','NONFINANCIALACT','2000-03-30','2000-03-30','00:00:00','WTDMU705','022','0000001','*','WST','VU','*',' ','E','','1','0','21','2018-08-13 05:01:03','98.173.59.168','0','0000-00-00 00:00:00',''),('7','29','RHR','001','NONFINANCIALACT','2000-03-30','2000-03-30','00:00:00','WTDMU705','022','0000001','*','WST','VU','*',' ','E','','1','0','21','2018-08-13 05:01:03','98.173.59.168','0','0000-00-00 00:00:00',''),('8','30','RHR','001','NONFINANCIALACT','2000-03-30','2000-03-30','00:00:00','WTDMU705','022','0000001','*','WST','VU','*',' ','E','','1','0','21','2018-08-13 05:01:03','98.173.59.168','0','0000-00-00 00:00:00',''),('9','31','RHR','001','NONFINANCIALACT','2000-03-30','2000-03-30','00:00:00','WTDMU705','022','0000001','*','WST','VU','*',' ','E','','1','0','21','2018-08-13 05:01:03','98.173.59.168','0','0000-00-00 00:00:00',''),('10','32','RHR','001','NONFINANCIALACT','2000-03-30','2000-03-30','00:00:00','WTDMU705','022','0000001','*','WST','VU','*',' ','E','','1','0','21','2018-08-13 05:01:03','98.173.59.168','0','0000-00-00 00:00:00',''),('11','33','RHR','001','NONFINANCIALACT','2000-03-30','2000-03-30','00:00:00','WTDMU705','022','0000001','*','WST','VU','*',' ','E','','1','0','21','2018-08-13 05:01:03','98.173.59.168','0','0000-00-00 00:00:00',''),('12','34','RHR','001','NEWACCT ACTIVIT','2000-03-30','2000-03-30','00:00:00','WTDMU109','016','0000001','*','WST','VU','*',' ','E','','1','0','21','2018-08-13 05:01:03','98.173.59.168','0','0000-00-00 00:00:00',''),('13','34','RHR','001','NEWACCT ACTIVIT','2000-03-30','2000-03-30','00:00:00','WTDMU109','016','0000002','*','WST','VU','*',' ','E','','1','0','21','2018-08-13 05:01:03','98.173.59.168','0','0000-00-00 00:00:00',''),('14','35','RHR','001','NEWACCT ACTIVIT','2000-03-30','2000-03-30','00:00:00','WTDMU109','016','0000001','*','WST','VU','*',' ','E','','1','0','21','2018-08-13 05:01:03','98.173.59.168','0','0000-00-00 00:00:00',''),('15','35','RHR','001','NEWACCT ACTIVIT','2000-03-30','2000-03-30','00:00:00','WTDMU109','016','0000002','*','WST','VU','*',' ','E','','1','0','21','2018-08-13 05:01:03','98.173.59.168','0','0000-00-00 00:00:00',''),('16','36','RHR','001','NEWACCT ACTIVIT','2000-03-30','2000-03-30','00:00:00','WTDMU109','016','0000001','*','WST','VU','*',' ','E','','1','0','21','2018-08-13 05:01:03','98.173.59.168','0','0000-00-00 00:00:00',''),('17','36','RHR','001','NEWACCT ACTIVIT','2000-03-30','2000-03-30','00:00:00','WTDMU109','016','0000002','*','WST','VU','*',' ','E','','1','0','21','2018-08-13 05:01:03','98.173.59.168','0','0000-00-00 00:00:00',''),('18','37','RHR','001','NEWACCT ACTIVIT','2000-03-30','2000-03-30','00:00:00','WTDMU109','016','0000001','*','WST','VU','*',' ','E','','1','0','21','2018-08-13 05:01:03','98.173.59.168','0','0000-00-00 00:00:00',''),('19','37','RHR','001','NEWACCT ACTIVIT','2000-03-30','2000-03-30','00:00:00','WTDMU109','016','0000002','*','WST','VU','*',' ','E','','1','0','21','2018-08-13 05:01:03','98.173.59.168','0','0000-00-00 00:00:00',''),('20','38','RHR','001','NEWACCT ACTIVIT','2000-03-30','2000-03-30','00:00:00','WTDMU109','016','0000001','*','WST','VU','*',' ','E','','1','0','21','2018-08-13 05:01:03','98.173.59.168','0','0000-00-00 00:00:00',''),('21','38','RHR','001','NEWACCT ACTIVIT','2000-03-30','2000-03-30','00:00:00','WTDMU109','016','0000002','*','WST','VU','*',' ','E','','1','0','21','2018-08-13 05:01:03','98.173.59.168','0','0000-00-00 00:00:00',''),('22','39','RHR','001','NEWACCT ACTIVIT','2000-03-30','2000-03-30','00:00:00','WTDMU109','016','0000001','*','WST','VU','*',' ','E','','1','0','21','2018-08-13 05:01:03','98.173.59.168','0','0000-00-00 00:00:00',''),('23','39','RHR','001','NEWACCT ACTIVIT','2000-03-30','2000-03-30','00:00:00','WTDMU109','016','0000002','*','WST','VU','*',' ','E','','1','0','21','2018-08-13 05:01:03','98.173.59.168','0','0000-00-00 00:00:00',''),('24','40','RHR','001','NONFINANCIALACT','2000-03-30','2000-03-30','00:00:00','WTDMU705','022','0000001','*','WST','VU','*',' ','E','','1','0','21','2018-08-13 05:01:03','98.173.59.168','0','0000-00-00 00:00:00',''),('25','27','RHR','001','ACCT MASTER POS','2007-08-13','2007-08-13','05:30:00','DHDMU624','017','0001556','*','DFH','FA','*',' ',' ','                                                                                        ','1','0','21','2018-08-13 05:01:03','98.173.59.168','0','0000-00-00 00:00:00',''),('26','26','RHR','001','ACCT MASTER POS','2008-01-14','2008-01-15','00:00:00','AEDMU624','017','0000001','*','AME','RI','*','V',' ','                                                                                        ','1','0','21','2018-08-13 05:01:03','98.173.59.168','0','0000-00-00 00:00:00',''),('27','25','RHR','001','ACCT MASTER POS','2008-01-14','2008-01-15','00:00:00','AEDMU624','017','0000001','*','AME','RI','*','V',' ','                                                                                        ','1','0','21','2018-08-13 05:01:03','98.173.59.168','0','0000-00-00 00:00:00',''),('28','24','RHR','001','ACCT MASTER POS','2008-01-14','2008-01-15','00:00:00','AEDMU624','017','0000001','*','AME','RI','*','V',' ','                                                                                        ','1','0','21','2018-08-13 05:01:03','98.173.59.168','0','0000-00-00 00:00:00',''),('29','23','RHR','001','ACCT MASTER POS','2008-01-14','2008-01-15','00:00:00','AEDMU624','017','0000001','*','AME','RI','*','V',' ','                                                                                        ','1','0','21','2018-08-13 05:01:03','98.173.59.168','0','0000-00-00 00:00:00',''),('30','22','RHR','001','ACCT MASTER POS','2008-01-14','2008-01-15','00:00:00','AEDMU624','017','0000001','*','AME','RI','*','V',' ','                                                                                        ','1','0','21','2018-08-13 05:01:03','98.173.59.168','0','0000-00-00 00:00:00',''),('31','15','RHR','001','NEWACCT ACTIVIT','2008-02-05','2008-02-05','00:00:00','AEDMU109','016','0000001','*','AME','RI','*','V','','','1','0','21','2018-08-13 05:01:03','98.173.59.168','0','0000-00-00 00:00:00',''),('32','16','RHR','001','NEWACCT ACTIVIT','2008-02-05','2008-02-05','00:00:00','AEDMU109','016','0000001','*','AME','RI','*','V','','','1','0','21','2018-08-13 05:01:03','98.173.59.168','0','0000-00-00 00:00:00',''),('33','17','RHR','001','NEWACCT ACTIVIT','2008-02-05','2008-02-05','00:00:00','AEDMU109','016','0000001','*','AME','RI','*','V','','','1','0','21','2018-08-13 05:01:03','98.173.59.168','0','0000-00-00 00:00:00',''),('34','18','RHR','001','NEWACCT ACTIVIT','2008-02-05','2008-02-05','00:00:00','AEDMU109','016','0000001','*','AME','RI','*','V','','','1','0','21','2018-08-13 05:01:03','98.173.59.168','0','0000-00-00 00:00:00',''),('35','19','RHR','001','NEWACCT ACTIVIT','2008-02-05','2008-02-05','00:00:00','AEDMU109','016','0000001','*','AME','RI','*','V','','','1','0','21','2018-08-13 05:01:03','98.173.59.168','0','0000-00-00 00:00:00',''),('36','20','RHR','001','NEWACCT ACTIVIT','2008-02-05','2008-02-05','00:00:00','AEDMU109','016','0000001','*','AME','RI','*','V','','','1','0','21','2018-08-13 05:01:03','98.173.59.168','0','0000-00-00 00:00:00','');
/*!40000 ALTER TABLE `ft_import_file_header1_data` ENABLE KEYS */;

DROP TABLE IF EXISTS `ft_import_file_header2_data`;
CREATE TABLE `ft_import_file_header2_data` (
  `id` int(12) NOT NULL AUTO_INCREMENT,
  `file_id` int(12) NOT NULL,
  `header_id` int(12) NOT NULL,
  `record_type1` varchar(100) NOT NULL,
  `sequence_number1` varchar(100) NOT NULL,
  `anniversary_date` date NOT NULL,
  `issue_date` date NOT NULL,
  `product_code` varchar(100) NOT NULL,
  `policy_contract_number` varchar(100) NOT NULL,
  `death_benefit_option` varchar(100) NOT NULL,
  `current_policy_face_amount` varchar(100) NOT NULL,
  `current_sum_of_riders` varchar(100) NOT NULL,
  `current_face_amount_including_sum_of_riders` varchar(100) NOT NULL,
  `name_of_primary_beneficiary` varchar(100) NOT NULL,
  `multiple_primary_beneficiary(M)` varchar(100) NOT NULL,
  `name_of_secondary_beneficiary` varchar(100) NOT NULL,
  `multiple_secondary_beneficiary(M)` varchar(100) NOT NULL,
  `policy_status` varchar(100) NOT NULL,
  `unused_PLH_001` varchar(100) NOT NULL,
  `record_type2` varchar(100) NOT NULL,
  `sequence_number2` varchar(100) NOT NULL,
  `billing_type` varchar(100) NOT NULL,
  `billing_frequency` varchar(100) NOT NULL,
  `billing_amount` varchar(100) NOT NULL,
  `guideline_annual_premium` varchar(100) NOT NULL,
  `guideline_single_premium` varchar(100) NOT NULL,
  `target_premium` varchar(100) NOT NULL,
  `no_lapse_guarantee_premium` varchar(100) NOT NULL,
  `seven_pay_premium` varchar(100) NOT NULL,
  `MEC_indicator` varchar(100) NOT NULL,
  `unused_PLH_002` varchar(100) NOT NULL,
  `status` tinyint(1) NOT NULL DEFAULT '1',
  `is_delete` tinyint(1) NOT NULL DEFAULT '0',
  `created_by` int(12) NOT NULL,
  `created_time` datetime NOT NULL,
  `created_ip` varchar(100) NOT NULL,
  `modified_by` int(12) NOT NULL,
  `modified_time` datetime NOT NULL,
  `modified_ip` varchar(100) NOT NULL,
  PRIMARY KEY (`id`)
) ENGINE=InnoDB AUTO_INCREMENT=24 DEFAULT CHARSET=latin1;

/*!40000 ALTER TABLE `ft_import_file_header2_data` DISABLE KEYS */;
INSERT INTO `ft_import_file_header2_data` VALUES ('1','41','1','PLH','001','2000-03-30','2000-03-30','WSTVU02','00033334444         ','02','000030000000','000005000000','000035000000','JEAN ROBINSON                  ','M','PAUL ANDERSON                 ',' ','01','','PLH','002','2','2','000000000150000','000000000250000','000000000900000','000000000110000','000000000110000','000000000330000','N','','1','0','21','2018-08-02 10:40:04','103.36.122.212','21','2018-08-02 10:40:04','103.36.122.212'),('2','41','2','PLH','001','2000-03-30','2000-03-30','WSTVU01','00047847899         ','01','000040000000','000005000000','000045000000','PETER SELLERS                  ',' ','                              ',' ','01','','PLH','002','2','2','000000000200000','000000000300000','000000001050000','000000000130000','000000000130000','000000000350000','N','','1','0','21','2018-08-02 10:40:04','103.36.122.212','21','2018-08-02 10:40:04','103.36.122.212'),('3','42','3','PLH','001','2000-03-29','2000-03-29','WSTVU01','00123456789         ','02','000050000000','000005000000','000055000000','MARY D JOHNSON                 ',' ','CARL M JOHNSON                ',' ','02','','PLH','002','2','2','000000000250000','000000000350000','000000001250000','000000000150000','000000000150000','000000000400000','Y','','1','0','21','2018-08-03 01:36:34','98.173.59.168','21','2018-08-03 01:36:34','98.173.59.168'),('4','42','4','PLH','001','2000-03-29','2000-03-29','WSTVU02','00112233445         ','02','000040000000','000005000000','000045000000','GEORGE C SCOTT                 ',' ','MARTHA D SCOTT                ',' ','02','','PLH','002','2','2','000000000200000','000000000300000','000000001050000','000000000130000','000000000130000','000000000350000','Y','','1','0','21','2018-08-03 01:36:34','98.173.59.168','21','2018-08-03 01:36:34','98.173.59.168'),('5','28','6','PLH','001','2000-03-29','2000-03-29','WSTVU01','00123456789         ','01','000050000000','000000800000','000058000000','MARY D JOHNSON                 ',' ','CARL M JOHSON                 ',' ','02','','PLH','002','2','2','000000000250000','000000000350000','000000001250000','000000000150000','000000000150000','000000000400000','N','','1','0','21','2018-08-13 05:01:03','98.173.59.168','21','2018-08-13 05:01:03','98.173.59.168'),('6','29','7','PLH','001','2000-03-29','2000-03-29','WSTVU01','00123456789         ','01','000050000000','000000800000','000058000000','MARY D JOHNSON                 ',' ','CARL M JOHSON                 ',' ','02','','PLH','002','2','2','000000000250000','000000000350000','000000001250000','000000000150000','000000000150000','000000000400000','N','','1','0','21','2018-08-13 05:01:03','98.173.59.168','21','2018-08-13 05:01:03','98.173.59.168'),('7','30','8','PLH','001','2000-03-29','2000-03-29','WSTVU01','00123456789         ','01','000050000000','000000800000','000058000000','MARY D JOHNSON                 ',' ','CARL M JOHSON                 ',' ','02','','PLH','002','2','2','000000000250000','000000000350000','000000001250000','000000000150000','000000000150000','000000000400000','N','','1','0','21','2018-08-13 05:01:03','98.173.59.168','21','2018-08-13 05:01:03','98.173.59.168'),('8','31','9','PLH','001','2000-03-29','2000-03-29','WSTVU01','00123456789         ','01','000050000000','000000800000','000058000000','MARY D JOHNSON                 ',' ','CARL M JOHSON                 ',' ','02','','PLH','002','2','2','000000000250000','000000000350000','000000001250000','000000000150000','000000000150000','000000000400000','N','','1','0','21','2018-08-13 05:01:03','98.173.59.168','21','2018-08-13 05:01:03','98.173.59.168'),('9','32','10','PLH','001','2000-03-29','2000-03-29','WSTVU01','00123456789         ','01','000050000000','000000800000','000058000000','MARY D JOHNSON                 ',' ','CARL M JOHSON                 ',' ','02','','PLH','002','2','2','000000000250000','000000000350000','000000001250000','000000000150000','000000000150000','000000000400000','N','','1','0','21','2018-08-13 05:01:03','98.173.59.168','21','2018-08-13 05:01:03','98.173.59.168'),('10','33','11','PLH','001','2000-03-29','2000-03-29','WSTVU01','00123456789         ','01','000050000000','000000800000','000058000000','MARY D JOHNSON                 ',' ','CARL M JOHSON                 ',' ','02','','PLH','002','2','2','000000000250000','000000000350000','000000001250000','000000000150000','000000000150000','000000000400000','N','','1','0','21','2018-08-13 05:01:03','98.173.59.168','21','2018-08-13 05:01:03','98.173.59.168'),('11','34','12','PLH','001','2000-03-30','2000-03-30','WSTVU02','00033334444         ','02','000030000000','000005000000','000035000000','JEAN ROBINSON                  ','M','PAUL ANDERSON                 ',' ','01','','PLH','002','2','2','000000000150000','000000000250000','000000000900000','000000000110000','000000000110000','000000000330000','N','','1','0','21','2018-08-13 05:01:03','98.173.59.168','21','2018-08-13 05:01:03','98.173.59.168'),('12','34','13','PLH','001','2000-03-30','2000-03-30','WSTVU01','00047847899         ','01','000040000000','000005000000','000045000000','PETER SELLERS                  ',' ','                              ',' ','01','','PLH','002','2','2','000000000200000','000000000300000','000000001050000','000000000130000','000000000130000','000000000350000','N','','1','0','21','2018-08-13 05:01:03','98.173.59.168','21','2018-08-13 05:01:03','98.173.59.168'),('13','35','14','PLH','001','2000-03-30','2000-03-30','WSTVU02','00033334444         ','02','000030000000','000005000000','000035000000','JEAN ROBINSON                  ','M','PAUL ANDERSON                 ',' ','01','','PLH','002','2','2','000000000150000','000000000250000','000000000900000','000000000110000','000000000110000','000000000330000','N','','1','0','21','2018-08-13 05:01:03','98.173.59.168','21','2018-08-13 05:01:03','98.173.59.168'),('14','35','15','PLH','001','2000-03-30','2000-03-30','WSTVU01','00047847899         ','01','000040000000','000005000000','000045000000','PETER SELLERS                  ',' ','                              ',' ','01','','PLH','002','2','2','000000000200000','000000000300000','000000001050000','000000000130000','000000000130000','000000000350000','N','','1','0','21','2018-08-13 05:01:03','98.173.59.168','21','2018-08-13 05:01:03','98.173.59.168'),('15','36','16','PLH','001','2000-03-30','2000-03-30','WSTVU02','00033334444         ','02','000030000000','000005000000','000035000000','JEAN ROBINSON                  ','M','PAUL ANDERSON                 ',' ','01','','PLH','002','2','2','000000000150000','000000000250000','000000000900000','000000000110000','000000000110000','000000000330000','N','','1','0','21','2018-08-13 05:01:03','98.173.59.168','21','2018-08-13 05:01:03','98.173.59.168'),('16','36','17','PLH','001','2000-03-30','2000-03-30','WSTVU01','00047847899         ','01','000040000000','000005000000','000045000000','PETER SELLERS                  ',' ','                              ',' ','01','','PLH','002','2','2','000000000200000','000000000300000','000000001050000','000000000130000','000000000130000','000000000350000','N','','1','0','21','2018-08-13 05:01:03','98.173.59.168','21','2018-08-13 05:01:03','98.173.59.168'),('17','37','18','PLH','001','2000-03-30','2000-03-30','WSTVU02','00033334444         ','02','000030000000','000005000000','000035000000','JEAN ROBINSON                  ','M','PAUL ANDERSON                 ',' ','01','','PLH','002','2','2','000000000150000','000000000250000','000000000900000','000000000110000','000000000110000','000000000330000','N','','1','0','21','2018-08-13 05:01:03','98.173.59.168','21','2018-08-13 05:01:03','98.173.59.168'),('18','37','19','PLH','001','2000-03-30','2000-03-30','WSTVU01','00047847899         ','01','000040000000','000005000000','000045000000','PETER SELLERS                  ',' ','                              ',' ','01','','PLH','002','2','2','000000000200000','000000000300000','000000001050000','000000000130000','000000000130000','000000000350000','N','','1','0','21','2018-08-13 05:01:03','98.173.59.168','21','2018-08-13 05:01:03','98.173.59.168'),('19','38','20','PLH','001','2000-03-30','2000-03-30','WSTVU02','00033334444         ','02','000030000000','000005000000','000035000000','JEAN ROBINSON                  ','M','PAUL ANDERSON                 ',' ','01','','PLH','002','2','2','000000000150000','000000000250000','000000000900000','000000000110000','000000000110000','000000000330000','N','','1','0','21','2018-08-13 05:01:03','98.173.59.168','21','2018-08-13 05:01:03','98.173.59.168'),('20','38','21','PLH','001','2000-03-30','2000-03-30','WSTVU01','00047847899         ','01','000040000000','000005000000','000045000000','PETER SELLERS                  ',' ','                              ',' ','01','','PLH','002','2','2','000000000200000','000000000300000','000000001050000','000000000130000','000000000130000','000000000350000','N','','1','0','21','2018-08-13 05:01:03','98.173.59.168','21','2018-08-13 05:01:03','98.173.59.168'),('21','39','22','PLH','001','2000-03-30','2000-03-30','WSTVU02','00033334444         ','02','000030000000','000005000000','000035000000','JEAN ROBINSON                  ','M','PAUL ANDERSON                 ',' ','01','','PLH','002','2','2','000000000150000','000000000250000','000000000900000','000000000110000','000000000110000','000000000330000','N','','1','0','21','2018-08-13 05:01:03','98.173.59.168','21','2018-08-13 05:01:03','98.173.59.168'),('22','39','23','PLH','001','2000-03-30','2000-03-30','WSTVU01','00047847899         ','01','000040000000','000005000000','000045000000','PETER SELLERS                  ',' ','                              ',' ','01','','PLH','002','2','2','000000000200000','000000000300000','000000001050000','000000000130000','000000000130000','000000000350000','N','','1','0','21','2018-08-13 05:01:03','98.173.59.168','21','2018-08-13 05:01:03','98.173.59.168'),('23','40','24','PLH','001','2000-03-29','2000-03-29','WSTVU01','00123456789         ','01','000050000000','000000800000','000058000000','MARY D JOHNSON                 ',' ','CARL M JOHSON                 ',' ','02','','PLH','002','2','2','000000000250000','000000000350000','000000001250000','000000000150000','000000000150000','000000000400000','N','','1','0','21','2018-08-13 05:01:03','98.173.59.168','21','2018-08-13 05:01:03','98.173.59.168');
/*!40000 ALTER TABLE `ft_import_file_header2_data` ENABLE KEYS */;

DROP TABLE IF EXISTS `ft_import_ftp_master`;
CREATE TABLE `ft_import_ftp_master` (
  `id` int(12) NOT NULL AUTO_INCREMENT,
  `host_name` varchar(100) NOT NULL,
  `user_name` varchar(100) NOT NULL,
  `password` varchar(100) NOT NULL,
  `folder_location` varchar(100) NOT NULL,
  `ftp_file_type` int(12) NOT NULL,
  `status` tinyint(1) NOT NULL DEFAULT '1',
  `is_delete` tinyint(1) NOT NULL DEFAULT '0',
  `created_by` int(12) NOT NULL,
  `created_time` datetime NOT NULL,
  `created_ip` varchar(100) NOT NULL,
  `modified_by` int(12) NOT NULL,
  `modified_time` datetime NOT NULL,
  `modified_ip` varchar(100) NOT NULL,
  PRIMARY KEY (`id`)
) ENGINE=InnoDB AUTO_INCREMENT=5 DEFAULT CHARSET=latin1;

/*!40000 ALTER TABLE `ft_import_ftp_master` DISABLE KEYS */;
INSERT INTO `ft_import_ftp_master` VALUES ('1','filetransfer.financialtrans.com','fmtsthtp','M1VsbXhNSURIa1dSNXlqcmYzOVYxQT09','E:\\foxtrot_idc_file','1','0','0','3','2018-01-25 17:48:21','192.168.30.30','3','2018-03-03 18:46:33','103.36.122.212'),('2','filetransfer.financialtrans.com','cm001227','RXNSUys2TUY5Z3pRUzNQd045SWRIZz09','E:\\foxtrot_idc_file','2','1','0','3','2018-01-25 18:18:29','192.168.30.30','3','2018-03-03 18:46:43','103.36.122.212'),('3','gfhfgh','fghfgh','NGJvOVFKSjY2a1J2NENSWnhHNUFPUT09','fghgfh','0','0','1','3','2018-02-08 15:46:27','192.168.30.30','0','0000-00-00 00:00:00',''),('4','hjghj','hjghj456','N1ZVSzQxOXQvSy93aCtZVm4vQXZBQT09','sfdsfsdfd','2','1','1','3','2018-02-08 15:52:49','192.168.30.30','0','0000-00-00 00:00:00','');
/*!40000 ALTER TABLE `ft_import_ftp_master` ENABLE KEYS */;

DROP TABLE IF EXISTS `ft_import_idcfile_detail_data`;
CREATE TABLE `ft_import_idcfile_detail_data` (
  `id` int(12) NOT NULL AUTO_INCREMENT,
  `file_id` int(12) NOT NULL,
  `idc_header_id` int(12) NOT NULL,
  `commission_record_type_code` varchar(100) NOT NULL,
  `dealer_number` varchar(100) NOT NULL,
  `dealer_branch_number` varchar(100) NOT NULL,
  `representative_number` varchar(100) NOT NULL,
  `representative_name` varchar(100) NOT NULL,
  `CUSIP_number` varchar(100) NOT NULL,
  `alpha_code` varchar(100) NOT NULL,
  `trade_date` date NOT NULL,
  `gross_transaction_amount` varchar(100) NOT NULL,
  `gross_amount_sign_code` varchar(100) NOT NULL,
  `dealer_commission_amount` varchar(100) NOT NULL,
  `commission_rate` varchar(100) NOT NULL,
  `customer_account_number` varchar(100) NOT NULL,
  `account_number_type_code` varchar(100) NOT NULL,
  `purchase_type_code` varchar(100) NOT NULL,
  `social_code` varchar(100) NOT NULL,
  `cumulative_discount_number` varchar(100) NOT NULL,
  `letter_of_intent(LOI)_number` varchar(100) NOT NULL,
  `social_security_number` varchar(100) NOT NULL,
  `social_security_number_status_code` varchar(100) NOT NULL,
  `transaction_share_count` varchar(100) NOT NULL,
  `share_price_amount` varchar(100) NOT NULL,
  `resident_state_country_code` varchar(100) NOT NULL,
  `dealer_commission_sign_code` varchar(100) NOT NULL,
  `on_hold` tinyint(1) NOT NULL DEFAULT '0',
  `status` tinyint(1) NOT NULL DEFAULT '0',
  `is_delete` tinyint(1) NOT NULL DEFAULT '0',
  `created_by` int(12) NOT NULL,
  `created_time` datetime NOT NULL,
  `created_ip` varchar(100) NOT NULL,
  `modified_by` int(12) NOT NULL,
  `modified_time` datetime NOT NULL,
  `modified_ip` varchar(100) NOT NULL,
  PRIMARY KEY (`id`)
) ENGINE=InnoDB AUTO_INCREMENT=85 DEFAULT CHARSET=latin1;

/*!40000 ALTER TABLE `ft_import_idcfile_detail_data` DISABLE KEYS */;
INSERT INTO `ft_import_idcfile_detail_data` VALUES ('1','1','1','1','0000006','000      ','C49      ','DANIEL C SULLIVAN             ','30293E102','TROYEKAREA','2016-04-27','25000','0','1187.5','47500','00150247194         ','F','1','005','000000000','000000000','877445555','2','000000023041470','000108500','034','0','0','0','0','21','2018-08-02 10:45:10','103.36.122.212','0','0000-00-00 00:00:00',''),('2','1','1','1','0000006','000      ','A04      ','CHERYL D DORKO                ','30293E102','DREHECHRID','2016-04-27','20000','0','950','47500','00150247581         ','F','1','253','000000000','000000000','874554444','2','000000018433180','000108500','034','0','0','0','0','21','2018-08-02 10:45:10','103.36.122.212','0','0000-00-00 00:00:00',''),('3','1','1','1','0000006','000      ','A04      ','CHERYL D DORKO                ','30293E102','GERBEGLEND','2016-04-27','10000','0','475','47500','00150247590         ','F','1','253','000000000','000000000','112332144','2','000000000616590','000108500','034','0','0','0','0','21','2018-08-02 10:45:10','103.36.122.212','0','0000-00-00 00:00:00',''),('4','1','1','1','0000006','000048   ','000025   ','DONALD K LAXTON               ','30293E102','MEYERGERIA','2016-04-27','6500','0','308.75','47500','00150247184         ','F','1','253','000000000','000000000','111442211','2','000000005990780','000108500','024','0','0','0','0','21','2018-08-02 10:45:10','103.36.122.212','0','0000-00-00 00:00:00',''),('5','1','1','1','0000006','000048   ','000025   ','DONALD K LAXTON               ','30293E102','MEYERBARR-','2016-04-27','6380','0','303.05','47500','00150247582         ','F','1','253','000000000','000000000','305625333','2','000000005880180','000108500','024','0','0','0','0','21','2018-08-02 10:45:10','103.36.122.212','0','0000-00-00 00:00:00',''),('6','1','1','1','0000006','002      ','1703     ','ROBERT S FENTON               ','30293E102','TRAVIWILLE','2016-04-27','25000','0','1187.5','47500','00150247337         ','F','1','253','000000000','000000000','888778877','2','000000023041470','000108500','016','0','0','0','0','21','2018-08-02 10:45:10','103.36.122.212','0','0000-00-00 00:00:00',''),('7','2','2','1','0000006','000      ','C49','DANIEL C SULLIVAN             ','30293E102','TROYEKAREA','2016-04-27','25000','0','1187.5','47500','00150247194         ','F','1','005','000000000','000000000','877445555','2','000000023041470','000108500','034','0','0','0','0','21','2018-08-02 18:21:58','103.36.122.212','0','0000-00-00 00:00:00',''),('8','2','2','1','0000006','000      ','A04','CHERYL D DORKO                ','30293E102','DREHECHRID','2016-04-27','20000','0','950','47500','00150247581         ','F','1','253','000000000','000000000','874554444','2','000000018433180','000108500','034','0','0','0','0','21','2018-08-02 18:21:58','103.36.122.212','0','0000-00-00 00:00:00',''),('9','2','2','1','0000006','000      ','A04','CHERYL D DORKO                ','30293E102','GERBEGLEND','2016-04-27','10000','0','475','47500','00150247590','F','1','253','000000000','000000000','112332144','2','000000000616590','000108500','034','0','0','0','0','21','2018-08-02 18:21:58','103.36.122.212','0','0000-00-00 00:00:00',''),('10','2','2','1','0000006','000048   ','000025','DONALD K LAXTON               ','30293E102','MEYERGERIA','2016-04-27','6500','0','308.75','47500','00150247184         ','F','1','253','000000000','000000000','111442211','2','000000005990780','000108500','024','0','0','0','0','21','2018-08-02 18:21:58','103.36.122.212','0','0000-00-00 00:00:00',''),('11','2','2','1','0000006','000048   ','000025','DONALD K LAXTON               ','30293E102','MEYERBARR-','2016-04-27','6380','0','303.05','47500','00150247582','F','1','253','000000000','000000000','305625333','2','000000005880180','000108500','024','0','0','0','0','21','2018-08-02 18:21:58','103.36.122.212','0','0000-00-00 00:00:00',''),('12','2','2','1','0000006','002      ','1703','ROBERT S FENTON               ','30293E102','TRAVIWILLE','2016-04-27','25000','0','1187.5','47500','00150247337','F','1','253','000000000','000000000','888778877','2','000000023041470','000108500','016','0','0','0','0','21','2018-08-02 18:21:58','103.36.122.212','0','0000-00-00 00:00:00',''),('13','3','3','1','0000006','000      ','C49      ','DANIEL C SULLIVAN             ','30293E102','TROYEKAREA','2016-04-27','25000','0','1187.5','47500','00150247194         ','F','1','005','000000000','000000000','877445555','2','000000023041470','000108500','034','0','0','0','0','21','2018-08-06 17:22:00','103.36.122.212','0','0000-00-00 00:00:00',''),('14','3','3','1','0000006','000      ','A04      ','CHERYL D DORKO                ','30293E102','DREHECHRID','2016-04-27','20000','0','950','47500','00150247581         ','F','1','253','000000000','000000000','874554444','2','000000018433180','000108500','034','0','0','0','0','21','2018-08-06 17:22:00','103.36.122.212','0','0000-00-00 00:00:00',''),('15','3','3','1','0000006','000      ','A04      ','CHERYL D DORKO                ','30293E102','GERBEGLEND','2016-04-27','10000','0','475','47500','00150247590         ','F','1','253','000000000','000000000','112332144','2','000000000616590','000108500','034','0','0','0','0','21','2018-08-06 17:22:00','103.36.122.212','0','0000-00-00 00:00:00',''),('16','3','3','1','0000006','000048   ','000025   ','DONALD K LAXTON               ','30293E102','MEYERGERIA','2016-04-27','6500','0','308.75','47500','00150247184         ','F','1','253','000000000','000000000','111442211','2','000000005990780','000108500','024','0','0','0','0','21','2018-08-06 17:22:00','103.36.122.212','0','0000-00-00 00:00:00',''),('17','3','3','1','0000006','000048   ','000025   ','DONALD K LAXTON               ','30293E102','MEYERBARR-','2016-04-27','6380','0','303.05','47500','00150247582         ','F','1','253','000000000','000000000','305625333','2','000000005880180','000108500','024','0','0','0','0','21','2018-08-06 17:22:00','103.36.122.212','0','0000-00-00 00:00:00',''),('18','3','3','1','0000006','002      ','1703     ','ROBERT S FENTON               ','30293E102','TRAVIWILLE','2016-04-27','25000','0','1187.5','47500','00150247337         ','F','1','253','000000000','000000000','888778877','2','000000023041470','000108500','016','0','0','0','0','21','2018-08-06 17:22:00','103.36.122.212','0','0000-00-00 00:00:00',''),('19','4','4','1','0000006','000      ','C49      ','DANIEL C SULLIVAN             ','30293E102','TROYEKAREA','2016-04-27','25000','0','1187.5','47500','00150247194         ','F','1','005','000000000','000000000','877445555','2','000000023041470','000108500','034','0','0','0','0','21','2018-08-06 17:22:11','103.36.122.212','0','0000-00-00 00:00:00',''),('20','4','4','1','0000006','000      ','A04      ','CHERYL D DORKO                ','30293E102','DREHECHRID','2016-04-27','20000','0','950','47500','00150247581         ','F','1','253','000000000','000000000','874554444','2','000000018433180','000108500','034','0','0','0','0','21','2018-08-06 17:22:11','103.36.122.212','0','0000-00-00 00:00:00',''),('21','4','4','1','0000006','000      ','A04      ','CHERYL D DORKO                ','30293E102','GERBEGLEND','2016-04-27','10000','0','475','47500','00150247590         ','F','1','253','000000000','000000000','112332144','2','000000000616590','000108500','034','0','0','0','0','21','2018-08-06 17:22:11','103.36.122.212','0','0000-00-00 00:00:00',''),('22','4','4','1','0000006','000048   ','000025   ','DONALD K LAXTON               ','30293E102','MEYERGERIA','2016-04-27','6500','0','308.75','47500','00150247184         ','F','1','253','000000000','000000000','111442211','2','000000005990780','000108500','024','0','0','0','0','21','2018-08-06 17:22:11','103.36.122.212','0','0000-00-00 00:00:00',''),('23','4','4','1','0000006','000048   ','000025   ','DONALD K LAXTON               ','30293E102','MEYERBARR-','2016-04-27','6380','0','303.05','47500','00150247582         ','F','1','253','000000000','000000000','305625333','2','000000005880180','000108500','024','0','0','0','0','21','2018-08-06 17:22:11','103.36.122.212','0','0000-00-00 00:00:00',''),('24','4','4','1','0000006','002      ','1703     ','ROBERT S FENTON               ','30293E102','TRAVIWILLE','2016-04-27','25000','0','1187.5','47500','00150247337         ','F','1','253','000000000','000000000','888778877','2','000000023041470','000108500','016','0','0','0','0','21','2018-08-06 17:22:11','103.36.122.212','0','0000-00-00 00:00:00',''),('25','5','5','1','0000006','000      ','C49      ','DANIEL C SULLIVAN             ','30293E102','TROYEKAREA','2016-04-27','25000','0','1187.5','47500','00150247194         ','F','1','005','000000000','000000000','877445555','2','000000023041470','000108500','034','0','0','0','0','21','2018-08-13 05:01:03','98.173.59.168','0','0000-00-00 00:00:00',''),('26','5','5','1','0000006','000      ','A04      ','CHERYL D DORKO                ','30293E102','DREHECHRID','2016-04-27','20000','0','950','47500','00150247581         ','F','1','253','000000000','000000000','874554444','2','000000018433180','000108500','034','0','0','0','0','21','2018-08-13 05:01:03','98.173.59.168','0','0000-00-00 00:00:00',''),('27','5','5','1','0000006','000      ','A04      ','CHERYL D DORKO                ','30293E102','GERBEGLEND','2016-04-27','10000','0','475','47500','00150247590         ','F','1','253','000000000','000000000','112332144','2','000000000616590','000108500','034','0','0','0','0','21','2018-08-13 05:01:03','98.173.59.168','0','0000-00-00 00:00:00',''),('28','5','5','1','0000006','000048   ','000025   ','DONALD K LAXTON               ','30293E102','MEYERGERIA','2016-04-27','6500','0','308.75','47500','00150247184         ','F','1','253','000000000','000000000','111442211','2','000000005990780','000108500','024','0','0','0','0','21','2018-08-13 05:01:03','98.173.59.168','0','0000-00-00 00:00:00',''),('29','5','5','1','0000006','000048   ','000025   ','DONALD K LAXTON               ','30293E102','MEYERBARR-','2016-04-27','6380','0','303.05','47500','00150247582         ','F','1','253','000000000','000000000','305625333','2','000000005880180','000108500','024','0','0','0','0','21','2018-08-13 05:01:03','98.173.59.168','0','0000-00-00 00:00:00',''),('30','5','5','1','0000006','002      ','1703     ','ROBERT S FENTON               ','30293E102','TRAVIWILLE','2016-04-27','25000','0','1187.5','47500','00150247337         ','F','1','253','000000000','000000000','888778877','2','000000023041470','000108500','016','0','0','0','0','21','2018-08-13 05:01:03','98.173.59.168','0','0000-00-00 00:00:00',''),('31','6','6','1','0000006','000      ','C49      ','DANIEL C SULLIVAN             ','30293E102','TROYEKAREA','2016-04-27','25000','0','1187.5','47500','00150247194         ','F','1','005','000000000','000000000','877445555','2','000000023041470','000108500','034','0','0','0','0','21','2018-08-13 05:01:03','98.173.59.168','0','0000-00-00 00:00:00',''),('32','6','6','1','0000006','000      ','A04      ','CHERYL D DORKO                ','30293E102','DREHECHRID','2016-04-27','20000','0','950','47500','00150247581         ','F','1','253','000000000','000000000','874554444','2','000000018433180','000108500','034','0','0','0','0','21','2018-08-13 05:01:03','98.173.59.168','0','0000-00-00 00:00:00',''),('33','6','6','1','0000006','000      ','A04      ','CHERYL D DORKO                ','30293E102','GERBEGLEND','2016-04-27','10000','0','475','47500','00150247590         ','F','1','253','000000000','000000000','112332144','2','000000000616590','000108500','034','0','0','0','0','21','2018-08-13 05:01:03','98.173.59.168','0','0000-00-00 00:00:00',''),('34','6','6','1','0000006','000048   ','000025   ','DONALD K LAXTON               ','30293E102','MEYERGERIA','2016-04-27','6500','0','308.75','47500','00150247184         ','F','1','253','000000000','000000000','111442211','2','000000005990780','000108500','024','0','0','0','0','21','2018-08-13 05:01:03','98.173.59.168','0','0000-00-00 00:00:00',''),('35','6','6','1','0000006','000048   ','000025   ','DONALD K LAXTON               ','30293E102','MEYERBARR-','2016-04-27','6380','0','303.05','47500','00150247582         ','F','1','253','000000000','000000000','305625333','2','000000005880180','000108500','024','0','0','0','0','21','2018-08-13 05:01:03','98.173.59.168','0','0000-00-00 00:00:00',''),('36','6','6','1','0000006','002      ','1703     ','ROBERT S FENTON               ','30293E102','TRAVIWILLE','2016-04-27','25000','0','1187.5','47500','00150247337         ','F','1','253','000000000','000000000','888778877','2','000000023041470','000108500','016','0','0','0','0','21','2018-08-13 05:01:03','98.173.59.168','0','0000-00-00 00:00:00',''),('37','7','7','1','0000006','000      ','C49      ','DANIEL C SULLIVAN             ','30293E102','TROYEKAREA','2016-04-27','25000','0','1187.5','47500','00150247194         ','F','1','005','000000000','000000000','877445555','2','000000023041470','000108500','034','0','0','0','0','21','2018-08-13 05:01:03','98.173.59.168','0','0000-00-00 00:00:00',''),('38','7','7','1','0000006','000      ','A04      ','CHERYL D DORKO                ','30293E102','DREHECHRID','2016-04-27','20000','0','950','47500','00150247581         ','F','1','253','000000000','000000000','874554444','2','000000018433180','000108500','034','0','0','0','0','21','2018-08-13 05:01:03','98.173.59.168','0','0000-00-00 00:00:00',''),('39','7','7','1','0000006','000      ','A04      ','CHERYL D DORKO                ','30293E102','GERBEGLEND','2016-04-27','10000','0','475','47500','00150247590         ','F','1','253','000000000','000000000','112332144','2','000000000616590','000108500','034','0','0','0','0','21','2018-08-13 05:01:03','98.173.59.168','0','0000-00-00 00:00:00',''),('40','7','7','1','0000006','000048   ','000025   ','DONALD K LAXTON               ','30293E102','MEYERGERIA','2016-04-27','6500','0','308.75','47500','00150247184         ','F','1','253','000000000','000000000','111442211','2','000000005990780','000108500','024','0','0','0','0','21','2018-08-13 05:01:03','98.173.59.168','0','0000-00-00 00:00:00',''),('41','7','7','1','0000006','000048   ','000025   ','DONALD K LAXTON               ','30293E102','MEYERBARR-','2016-04-27','6380','0','303.05','47500','00150247582         ','F','1','253','000000000','000000000','305625333','2','000000005880180','000108500','024','0','0','0','0','21','2018-08-13 05:01:03','98.173.59.168','0','0000-00-00 00:00:00',''),('42','7','7','1','0000006','002      ','1703     ','ROBERT S FENTON               ','30293E102','TRAVIWILLE','2016-04-27','25000','0','1187.5','47500','00150247337         ','F','1','253','000000000','000000000','888778877','2','000000023041470','000108500','016','0','0','0','0','21','2018-08-13 05:01:03','98.173.59.168','0','0000-00-00 00:00:00',''),('43','8','8','1','0000006','000      ','C49      ','DANIEL C SULLIVAN             ','30293E102','TROYEKAREA','2016-04-27','25000','0','1187.5','47500','00150247194         ','F','1','005','000000000','000000000','877445555','2','000000023041470','000108500','034','0','0','0','0','21','2018-08-13 05:01:03','98.173.59.168','0','0000-00-00 00:00:00',''),('44','8','8','1','0000006','000      ','A04      ','CHERYL D DORKO                ','30293E102','DREHECHRID','2016-04-27','20000','0','950','47500','00150247581         ','F','1','253','000000000','000000000','874554444','2','000000018433180','000108500','034','0','0','0','0','21','2018-08-13 05:01:03','98.173.59.168','0','0000-00-00 00:00:00',''),('45','8','8','1','0000006','000      ','A04      ','CHERYL D DORKO                ','30293E102','GERBEGLEND','2016-04-27','10000','0','475','47500','00150247590         ','F','1','253','000000000','000000000','112332144','2','000000000616590','000108500','034','0','0','0','0','21','2018-08-13 05:01:03','98.173.59.168','0','0000-00-00 00:00:00',''),('46','8','8','1','0000006','000048   ','000025   ','DONALD K LAXTON               ','30293E102','MEYERGERIA','2016-04-27','6500','0','308.75','47500','00150247184         ','F','1','253','000000000','000000000','111442211','2','000000005990780','000108500','024','0','0','0','0','21','2018-08-13 05:01:03','98.173.59.168','0','0000-00-00 00:00:00',''),('47','8','8','1','0000006','000048   ','000025   ','DONALD K LAXTON               ','30293E102','MEYERBARR-','2016-04-27','6380','0','303.05','47500','00150247582         ','F','1','253','000000000','000000000','305625333','2','000000005880180','000108500','024','0','0','0','0','21','2018-08-13 05:01:03','98.173.59.168','0','0000-00-00 00:00:00',''),('48','8','8','1','0000006','002      ','1703     ','ROBERT S FENTON               ','30293E102','TRAVIWILLE','2016-04-27','25000','0','1187.5','47500','00150247337         ','F','1','253','000000000','000000000','888778877','2','000000023041470','000108500','016','0','0','0','0','21','2018-08-13 05:01:03','98.173.59.168','0','0000-00-00 00:00:00',''),('49','9','9','1','0000006','000      ','C49      ','DANIEL C SULLIVAN             ','30293E102','TROYEKAREA','2016-04-27','25000','0','1187.5','47500','00150247194         ','F','1','005','000000000','000000000','877445555','2','000000023041470','000108500','034','0','0','0','0','21','2018-08-13 05:01:03','98.173.59.168','0','0000-00-00 00:00:00',''),('50','9','9','1','0000006','000      ','A04      ','CHERYL D DORKO                ','30293E102','DREHECHRID','2016-04-27','20000','0','950','47500','00150247581         ','F','1','253','000000000','000000000','874554444','2','000000018433180','000108500','034','0','0','0','0','21','2018-08-13 05:01:03','98.173.59.168','0','0000-00-00 00:00:00',''),('51','9','9','1','0000006','000      ','A04      ','CHERYL D DORKO                ','30293E102','GERBEGLEND','2016-04-27','10000','0','475','47500','00150247590         ','F','1','253','000000000','000000000','112332144','2','000000000616590','000108500','034','0','0','0','0','21','2018-08-13 05:01:03','98.173.59.168','0','0000-00-00 00:00:00',''),('52','9','9','1','0000006','000048   ','000025   ','DONALD K LAXTON               ','30293E102','MEYERGERIA','2016-04-27','6500','0','308.75','47500','00150247184         ','F','1','253','000000000','000000000','111442211','2','000000005990780','000108500','024','0','0','0','0','21','2018-08-13 05:01:03','98.173.59.168','0','0000-00-00 00:00:00',''),('53','9','9','1','0000006','000048   ','000025   ','DONALD K LAXTON               ','30293E102','MEYERBARR-','2016-04-27','6380','0','303.05','47500','00150247582         ','F','1','253','000000000','000000000','305625333','2','000000005880180','000108500','024','0','0','0','0','21','2018-08-13 05:01:03','98.173.59.168','0','0000-00-00 00:00:00',''),('54','9','9','1','0000006','002      ','1703     ','ROBERT S FENTON               ','30293E102','TRAVIWILLE','2016-04-27','25000','0','1187.5','47500','00150247337         ','F','1','253','000000000','000000000','888778877','2','000000023041470','000108500','016','0','0','0','0','21','2018-08-13 05:01:03','98.173.59.168','0','0000-00-00 00:00:00',''),('55','10','10','1','0000006','000      ','C49      ','DANIEL C SULLIVAN             ','30293E102','TROYEKAREA','2016-04-27','25000','0','1187.5','47500','00150247194         ','F','1','005','000000000','000000000','877445555','2','000000023041470','000108500','034','0','0','0','0','21','2018-08-13 05:01:03','98.173.59.168','0','0000-00-00 00:00:00',''),('56','10','10','1','0000006','000      ','A04      ','CHERYL D DORKO                ','30293E102','DREHECHRID','2016-04-27','20000','0','950','47500','00150247581         ','F','1','253','000000000','000000000','874554444','2','000000018433180','000108500','034','0','0','0','0','21','2018-08-13 05:01:03','98.173.59.168','0','0000-00-00 00:00:00',''),('57','10','10','1','0000006','000      ','A04      ','CHERYL D DORKO                ','30293E102','GERBEGLEND','2016-04-27','10000','0','475','47500','00150247590         ','F','1','253','000000000','000000000','112332144','2','000000000616590','000108500','034','0','0','0','0','21','2018-08-13 05:01:03','98.173.59.168','0','0000-00-00 00:00:00',''),('58','10','10','1','0000006','000048   ','000025   ','DONALD K LAXTON               ','30293E102','MEYERGERIA','2016-04-27','6500','0','308.75','47500','00150247184         ','F','1','253','000000000','000000000','111442211','2','000000005990780','000108500','024','0','0','0','0','21','2018-08-13 05:01:03','98.173.59.168','0','0000-00-00 00:00:00',''),('59','10','10','1','0000006','000048   ','000025   ','DONALD K LAXTON               ','30293E102','MEYERBARR-','2016-04-27','6380','0','303.05','47500','00150247582         ','F','1','253','000000000','000000000','305625333','2','000000005880180','000108500','024','0','0','0','0','21','2018-08-13 05:01:03','98.173.59.168','0','0000-00-00 00:00:00',''),('60','10','10','1','0000006','002      ','1703     ','ROBERT S FENTON               ','30293E102','TRAVIWILLE','2016-04-27','25000','0','1187.5','47500','00150247337         ','F','1','253','000000000','000000000','888778877','2','000000023041470','000108500','016','0','0','0','0','21','2018-08-13 05:01:03','98.173.59.168','0','0000-00-00 00:00:00',''),('61','11','11','1','0000006','000      ','C49      ','DANIEL C SULLIVAN             ','30293E102','TROYEKAREA','2016-04-27','25000','0','1187.5','47500','00150247194         ','F','1','005','000000000','000000000','877445555','2','000000023041470','000108500','034','0','0','0','0','21','2018-08-13 05:01:03','98.173.59.168','0','0000-00-00 00:00:00',''),('62','11','11','1','0000006','000      ','A04      ','CHERYL D DORKO                ','30293E102','DREHECHRID','2016-04-27','20000','0','950','47500','00150247581         ','F','1','253','000000000','000000000','874554444','2','000000018433180','000108500','034','0','0','0','0','21','2018-08-13 05:01:03','98.173.59.168','0','0000-00-00 00:00:00',''),('63','11','11','1','0000006','000      ','A04      ','CHERYL D DORKO                ','30293E102','GERBEGLEND','2016-04-27','10000','0','475','47500','00150247590         ','F','1','253','000000000','000000000','112332144','2','000000000616590','000108500','034','0','0','0','0','21','2018-08-13 05:01:03','98.173.59.168','0','0000-00-00 00:00:00',''),('64','11','11','1','0000006','000048   ','000025   ','DONALD K LAXTON               ','30293E102','MEYERGERIA','2016-04-27','6500','0','308.75','47500','00150247184         ','F','1','253','000000000','000000000','111442211','2','000000005990780','000108500','024','0','0','0','0','21','2018-08-13 05:01:03','98.173.59.168','0','0000-00-00 00:00:00',''),('65','11','11','1','0000006','000048   ','000025   ','DONALD K LAXTON               ','30293E102','MEYERBARR-','2016-04-27','6380','0','303.05','47500','00150247582         ','F','1','253','000000000','000000000','305625333','2','000000005880180','000108500','024','0','0','0','0','21','2018-08-13 05:01:03','98.173.59.168','0','0000-00-00 00:00:00',''),('66','11','11','1','0000006','002      ','1703     ','ROBERT S FENTON               ','30293E102','TRAVIWILLE','2016-04-27','25000','0','1187.5','47500','00150247337         ','F','1','253','000000000','000000000','888778877','2','000000023041470','000108500','016','0','0','0','0','21','2018-08-13 05:01:03','98.173.59.168','0','0000-00-00 00:00:00',''),('67','12','12','1','0000006','000      ','C49      ','DANIEL C SULLIVAN             ','30293E102','TROYEKAREA','2016-04-27','25000','0','1187.5','47500','00150247194         ','F','1','005','000000000','000000000','877445555','2','000000023041470','000108500','034','0','0','0','0','21','2018-08-13 05:01:03','98.173.59.168','0','0000-00-00 00:00:00',''),('68','12','12','1','0000006','000      ','A04      ','CHERYL D DORKO                ','30293E102','DREHECHRID','2016-04-27','20000','0','950','47500','00150247581         ','F','1','253','000000000','000000000','874554444','2','000000018433180','000108500','034','0','0','0','0','21','2018-08-13 05:01:03','98.173.59.168','0','0000-00-00 00:00:00',''),('69','12','12','1','0000006','000      ','A04      ','CHERYL D DORKO                ','30293E102','GERBEGLEND','2016-04-27','10000','0','475','47500','00150247590         ','F','1','253','000000000','000000000','112332144','2','000000000616590','000108500','034','0','0','0','0','21','2018-08-13 05:01:03','98.173.59.168','0','0000-00-00 00:00:00',''),('70','12','12','1','0000006','000048   ','000025   ','DONALD K LAXTON               ','30293E102','MEYERGERIA','2016-04-27','6500','0','308.75','47500','00150247184         ','F','1','253','000000000','000000000','111442211','2','000000005990780','000108500','024','0','0','0','0','21','2018-08-13 05:01:03','98.173.59.168','0','0000-00-00 00:00:00',''),('71','12','12','1','0000006','000048   ','000025   ','DONALD K LAXTON               ','30293E102','MEYERBARR-','2016-04-27','6380','0','303.05','47500','00150247582         ','F','1','253','000000000','000000000','305625333','2','000000005880180','000108500','024','0','0','0','0','21','2018-08-13 05:01:03','98.173.59.168','0','0000-00-00 00:00:00',''),('72','12','12','1','0000006','002      ','1703     ','ROBERT S FENTON               ','30293E102','TRAVIWILLE','2016-04-27','25000','0','1187.5','47500','00150247337         ','F','1','253','000000000','000000000','888778877','2','000000023041470','000108500','016','0','0','0','0','21','2018-08-13 05:01:03','98.173.59.168','0','0000-00-00 00:00:00',''),('73','13','13','1','0000006','000      ','C49      ','DANIEL C SULLIVAN             ','30293E102','TROYEKAREA','2016-04-27','25000','0','1187.5','47500','00150247194         ','F','1','005','000000000','000000000','877445555','2','000000023041470','000108500','034','0','0','0','0','21','2018-08-13 05:01:03','98.173.59.168','0','0000-00-00 00:00:00',''),('74','13','13','1','0000006','000      ','A04      ','CHERYL D DORKO                ','30293E102','DREHECHRID','2016-04-27','20000','0','950','47500','00150247581         ','F','1','253','000000000','000000000','874554444','2','000000018433180','000108500','034','0','0','0','0','21','2018-08-13 05:01:03','98.173.59.168','0','0000-00-00 00:00:00',''),('75','13','13','1','0000006','000      ','A04      ','CHERYL D DORKO                ','30293E102','GERBEGLEND','2016-04-27','10000','0','475','47500','00150247590         ','F','1','253','000000000','000000000','112332144','2','000000000616590','000108500','034','0','0','0','0','21','2018-08-13 05:01:03','98.173.59.168','0','0000-00-00 00:00:00',''),('76','13','13','1','0000006','000048   ','000025   ','DONALD K LAXTON               ','30293E102','MEYERGERIA','2016-04-27','6500','0','308.75','47500','00150247184         ','F','1','253','000000000','000000000','111442211','2','000000005990780','000108500','024','0','0','0','0','21','2018-08-13 05:01:03','98.173.59.168','0','0000-00-00 00:00:00',''),('77','13','13','1','0000006','000048   ','000025   ','DONALD K LAXTON               ','30293E102','MEYERBARR-','2016-04-27','6380','0','303.05','47500','00150247582         ','F','1','253','000000000','000000000','305625333','2','000000005880180','000108500','024','0','0','0','0','21','2018-08-13 05:01:03','98.173.59.168','0','0000-00-00 00:00:00',''),('78','13','13','1','0000006','002      ','1703     ','ROBERT S FENTON               ','30293E102','TRAVIWILLE','2016-04-27','25000','0','1187.5','47500','00150247337         ','F','1','253','000000000','000000000','888778877','2','000000023041470','000108500','016','0','0','0','0','21','2018-08-13 05:01:03','98.173.59.168','0','0000-00-00 00:00:00',''),('79','14','14','1','0000006','000      ','C49      ','DANIEL C SULLIVAN             ','30293E102','TROYEKAREA','2016-04-27','25000','0','1187.5','47500','00150247194         ','F','1','005','000000000','000000000','877445555','2','000000023041470','000108500','034','0','0','0','0','21','2018-08-13 05:01:03','98.173.59.168','0','0000-00-00 00:00:00',''),('80','14','14','1','0000006','000      ','A04      ','CHERYL D DORKO                ','30293E102','DREHECHRID','2016-04-27','20000','0','950','47500','00150247581         ','F','1','253','000000000','000000000','874554444','2','000000018433180','000108500','034','0','0','0','0','21','2018-08-13 05:01:03','98.173.59.168','0','0000-00-00 00:00:00',''),('81','14','14','1','0000006','000      ','A04      ','CHERYL D DORKO                ','30293E102','GERBEGLEND','2016-04-27','10000','0','475','47500','00150247590         ','F','1','253','000000000','000000000','112332144','2','000000000616590','000108500','034','0','0','0','0','21','2018-08-13 05:01:03','98.173.59.168','0','0000-00-00 00:00:00',''),('82','14','14','1','0000006','000048   ','000025   ','DONALD K LAXTON               ','30293E102','MEYERGERIA','2016-04-27','6500','0','308.75','47500','00150247184         ','F','1','253','000000000','000000000','111442211','2','000000005990780','000108500','024','0','0','0','0','21','2018-08-13 05:01:03','98.173.59.168','0','0000-00-00 00:00:00',''),('83','14','14','1','0000006','000048   ','000025   ','DONALD K LAXTON               ','30293E102','MEYERBARR-','2016-04-27','6380','0','303.05','47500','00150247582         ','F','1','253','000000000','000000000','305625333','2','000000005880180','000108500','024','0','0','0','0','21','2018-08-13 05:01:03','98.173.59.168','0','0000-00-00 00:00:00',''),('84','14','14','1','0000006','002      ','1703     ','ROBERT S FENTON               ','30293E102','TRAVIWILLE','2016-04-27','25000','0','1187.5','47500','00150247337         ','F','1','253','000000000','000000000','888778877','2','000000023041470','000108500','016','0','0','0','0','21','2018-08-13 05:01:03','98.173.59.168','0','0000-00-00 00:00:00','');
/*!40000 ALTER TABLE `ft_import_idcfile_detail_data` ENABLE KEYS */;

DROP TABLE IF EXISTS `ft_import_idcfile_footer_data`;
CREATE TABLE `ft_import_idcfile_footer_data` (
  `id` int(12) NOT NULL AUTO_INCREMENT,
  `file_id` int(12) NOT NULL,
  `idc_header_id` int(12) NOT NULL,
  `record_type` varchar(100) NOT NULL,
  `file_type` varchar(100) NOT NULL,
  `trailer_record_count` varchar(100) NOT NULL,
  `unused_RTR` varchar(100) NOT NULL,
  `status` tinyint(1) NOT NULL DEFAULT '1',
  `is_delete` tinyint(1) NOT NULL DEFAULT '0',
  `created_by` int(12) NOT NULL,
  `created_time` datetime NOT NULL,
  `created_ip` varchar(100) NOT NULL,
  `modified_by` int(12) NOT NULL,
  `modified_time` datetime NOT NULL,
  `modified_ip` varchar(100) NOT NULL,
  PRIMARY KEY (`id`)
) ENGINE=InnoDB AUTO_INCREMENT=15 DEFAULT CHARSET=latin1;

/*!40000 ALTER TABLE `ft_import_idcfile_footer_data` DISABLE KEYS */;
INSERT INTO `ft_import_idcfile_footer_data` VALUES ('1','1','1','RTR','COMMISSION','0000026','                                                                                                    ','1','0','21','2018-08-02 10:45:10','103.36.122.212','0','0000-00-00 00:00:00',''),('2','2','2','RTR','COMMISSION','0000026','                                                                                                    ','1','0','21','2018-08-02 18:21:58','103.36.122.212','0','0000-00-00 00:00:00',''),('3','3','3','RTR','COMMISSION','0000026','                                                                                                    ','1','0','21','2018-08-06 17:22:00','103.36.122.212','0','0000-00-00 00:00:00',''),('4','4','4','RTR','COMMISSION','0000026','                                                                                                    ','1','0','21','2018-08-06 17:22:11','103.36.122.212','0','0000-00-00 00:00:00',''),('5','5','5','RTR','COMMISSION','0000026','                                                                                                    ','1','0','21','2018-08-13 05:01:03','98.173.59.168','0','0000-00-00 00:00:00',''),('6','6','6','RTR','COMMISSION','0000026','                                                                                                    ','1','0','21','2018-08-13 05:01:03','98.173.59.168','0','0000-00-00 00:00:00',''),('7','7','7','RTR','COMMISSION','0000026','                                                                                                    ','1','0','21','2018-08-13 05:01:03','98.173.59.168','0','0000-00-00 00:00:00',''),('8','8','8','RTR','COMMISSION','0000026','                                                                                                    ','1','0','21','2018-08-13 05:01:03','98.173.59.168','0','0000-00-00 00:00:00',''),('9','9','9','RTR','COMMISSION','0000026','                                                                                                    ','1','0','21','2018-08-13 05:01:03','98.173.59.168','0','0000-00-00 00:00:00',''),('10','10','10','RTR','COMMISSION','0000026','                                                                                                    ','1','0','21','2018-08-13 05:01:03','98.173.59.168','0','0000-00-00 00:00:00',''),('11','11','11','RTR','COMMISSION','0000026','                                                                                                    ','1','0','21','2018-08-13 05:01:03','98.173.59.168','0','0000-00-00 00:00:00',''),('12','12','12','RTR','COMMISSION','0000026','                                                                                                    ','1','0','21','2018-08-13 05:01:03','98.173.59.168','0','0000-00-00 00:00:00',''),('13','13','13','RTR','COMMISSION','0000026','                                                                                                    ','1','0','21','2018-08-13 05:01:03','98.173.59.168','0','0000-00-00 00:00:00',''),('14','14','14','RTR','COMMISSION','0000026','                                                                                                    ','1','0','21','2018-08-13 05:01:03','98.173.59.168','0','0000-00-00 00:00:00','');
/*!40000 ALTER TABLE `ft_import_idcfile_footer_data` ENABLE KEYS */;

DROP TABLE IF EXISTS `ft_import_idcfile_header_data`;
CREATE TABLE `ft_import_idcfile_header_data` (
  `id` int(12) NOT NULL AUTO_INCREMENT,
  `file_id` int(12) NOT NULL,
  `record_type` varchar(100) NOT NULL,
  `file_type` varchar(100) NOT NULL,
  `system_id` varchar(100) NOT NULL,
  `management_code` varchar(100) NOT NULL,
  `fund_sponsor_id` varchar(100) NOT NULL,
  `transmission_date` date NOT NULL,
  `unused_RHR` varchar(100) NOT NULL,
  `status` tinyint(1) NOT NULL DEFAULT '1',
  `is_delete` tinyint(1) NOT NULL DEFAULT '0',
  `created_by` int(12) NOT NULL,
  `created_time` datetime NOT NULL,
  `created_ip` varchar(100) NOT NULL,
  `modified_by` int(12) NOT NULL,
  `modified_time` datetime NOT NULL,
  `modified_ip` varchar(100) NOT NULL,
  PRIMARY KEY (`id`)
) ENGINE=InnoDB AUTO_INCREMENT=15 DEFAULT CHARSET=latin1;

/*!40000 ALTER TABLE `ft_import_idcfile_header_data` DISABLE KEYS */;
INSERT INTO `ft_import_idcfile_header_data` VALUES ('1','1','RHR','COMMISSION','MFB','BR','     ','2016-08-15','                                                                                                    ','1','0','21','2018-08-02 10:45:10','103.36.122.212','0','0000-00-00 00:00:00',''),('2','2','RHR','COMMISSION','MFB','BR','     ','2016-08-15','                                                                                                    ','1','0','21','2018-08-02 18:21:58','103.36.122.212','0','0000-00-00 00:00:00',''),('3','3','RHR','COMMISSION','MFB','BR','     ','2016-08-15','                                                                                                    ','1','0','21','2018-08-06 17:22:00','103.36.122.212','0','0000-00-00 00:00:00',''),('4','4','RHR','COMMISSION','MFB','BR','     ','2016-08-15','                                                                                                    ','1','0','21','2018-08-06 17:22:11','103.36.122.212','0','0000-00-00 00:00:00',''),('5','5','RHR','COMMISSION','MFB','BR','     ','2016-08-15','                                                                                                    ','1','0','21','2018-08-13 05:01:03','98.173.59.168','0','0000-00-00 00:00:00',''),('6','6','RHR','COMMISSION','MFB','BR','     ','2016-08-15','                                                                                                    ','1','0','21','2018-08-13 05:01:03','98.173.59.168','0','0000-00-00 00:00:00',''),('7','7','RHR','COMMISSION','MFB','BR','     ','2016-08-15','                                                                                                    ','1','0','21','2018-08-13 05:01:03','98.173.59.168','0','0000-00-00 00:00:00',''),('8','8','RHR','COMMISSION','MFB','BR','     ','2016-08-15','                                                                                                    ','1','0','21','2018-08-13 05:01:03','98.173.59.168','0','0000-00-00 00:00:00',''),('9','9','RHR','COMMISSION','MFB','BR','     ','2016-08-15','                                                                                                    ','1','0','21','2018-08-13 05:01:03','98.173.59.168','0','0000-00-00 00:00:00',''),('10','10','RHR','COMMISSION','MFB','BR','     ','2016-08-15','                                                                                                    ','1','0','21','2018-08-13 05:01:03','98.173.59.168','0','0000-00-00 00:00:00',''),('11','11','RHR','COMMISSION','MFB','BR','     ','2016-08-15','                                                                                                    ','1','0','21','2018-08-13 05:01:03','98.173.59.168','0','0000-00-00 00:00:00',''),('12','12','RHR','COMMISSION','MFB','BR','     ','2016-08-15','                                                                                                    ','1','0','21','2018-08-13 05:01:03','98.173.59.168','0','0000-00-00 00:00:00',''),('13','13','RHR','COMMISSION','MFB','BR','     ','2016-08-15','                                                                                                    ','1','0','21','2018-08-13 05:01:03','98.173.59.168','0','0000-00-00 00:00:00',''),('14','14','RHR','COMMISSION','MFB','BR','     ','2016-08-15','                                                                                                    ','1','0','21','2018-08-13 05:01:03','98.173.59.168','0','0000-00-00 00:00:00','');
/*!40000 ALTER TABLE `ft_import_idcfile_header_data` ENABLE KEYS */;

DROP TABLE IF EXISTS `ft_import_sfrfile_detail_data`;
CREATE TABLE `ft_import_sfrfile_detail_data` (
  `id` int(12) NOT NULL AUTO_INCREMENT,
  `file_id` int(12) NOT NULL,
  `sfr_header_id` int(12) NOT NULL,
  `record_type1` varchar(100) NOT NULL,
  `sequence_number1` varchar(100) NOT NULL,
  `cusip_number` varchar(100) NOT NULL,
  `fund_code` varchar(100) NOT NULL,
  `fund_name` varchar(100) NOT NULL,
  `product_name` varchar(100) NOT NULL,
  `ticker_symbol` varchar(100) NOT NULL,
  `major_security_type` varchar(100) NOT NULL,
  `unused` varchar(100) NOT NULL,
  `status` tinyint(1) NOT NULL DEFAULT '1',
  `is_delete` tinyint(1) NOT NULL DEFAULT '0',
  `created_by` int(12) NOT NULL,
  `created_time` datetime NOT NULL,
  `created_ip` varchar(100) NOT NULL,
  `modified_by` int(12) NOT NULL,
  `modified_time` datetime NOT NULL,
  `modified_ip` varchar(100) NOT NULL,
  PRIMARY KEY (`id`)
) ENGINE=InnoDB AUTO_INCREMENT=3 DEFAULT CHARSET=latin1;

/*!40000 ALTER TABLE `ft_import_sfrfile_detail_data` DISABLE KEYS */;
INSERT INTO `ft_import_sfrfile_detail_data` VALUES ('1','27','1','SFR','001','416645505','0000228','THE HARTFORD CAPITAL APPRECIATION FD-B  ','                                      ','IHCAX   ','RT','                                                  ','1','0','21','2018-08-13 05:01:03','98.173.59.168','0','0000-00-00 00:00:00',''),('2','27','1','SFR','001','416645406','0000214','THE HARTFORD CAPITAL APPRECIATION FD-A  ','                                      ','ITHAX   ','MF','                                                  ','1','0','21','2018-08-13 05:01:03','98.173.59.168','0','0000-00-00 00:00:00','');
/*!40000 ALTER TABLE `ft_import_sfrfile_detail_data` ENABLE KEYS */;

DROP TABLE IF EXISTS `ft_import_sfrfile_footer_data`;
CREATE TABLE `ft_import_sfrfile_footer_data` (
  `id` int(12) NOT NULL AUTO_INCREMENT,
  `file_id` int(12) NOT NULL,
  `sfr_header_id` int(12) NOT NULL,
  `record_type` varchar(100) NOT NULL,
  `sequence_number` varchar(100) NOT NULL,
  `file_type` varchar(100) NOT NULL,
  `trailer_record_count` varchar(100) NOT NULL,
  `unused` varchar(100) NOT NULL,
  `status` tinyint(1) NOT NULL DEFAULT '1',
  `is_delete` tinyint(1) NOT NULL DEFAULT '0',
  `created_by` int(12) NOT NULL,
  `created_time` datetime NOT NULL,
  `created_ip` varchar(100) NOT NULL,
  `modified_by` int(12) NOT NULL,
  `modified_time` datetime NOT NULL,
  `modified_ip` varchar(100) NOT NULL,
  PRIMARY KEY (`id`)
) ENGINE=InnoDB AUTO_INCREMENT=2 DEFAULT CHARSET=latin1;

/*!40000 ALTER TABLE `ft_import_sfrfile_footer_data` DISABLE KEYS */;
INSERT INTO `ft_import_sfrfile_footer_data` VALUES ('1','27','1','RTR','001','SECURITY FILE  ','000000004','                                                                                                    ','1','0','21','2018-08-13 05:01:03','98.173.59.168','0','0000-00-00 00:00:00','');
/*!40000 ALTER TABLE `ft_import_sfrfile_footer_data` ENABLE KEYS */;

DROP TABLE IF EXISTS `ft_import_sfrfile_header_data`;
CREATE TABLE `ft_import_sfrfile_header_data` (
  `id` int(12) NOT NULL AUTO_INCREMENT,
  `file_id` int(12) NOT NULL,
  `record_type` varchar(100) NOT NULL,
  `sequence_number` varchar(100) NOT NULL,
  `file_type` varchar(100) NOT NULL,
  `super_sheet_date` date NOT NULL,
  `processed_date` date NOT NULL,
  `processed_time` time NOT NULL,
  `job_name` varchar(100) NOT NULL,
  `file_format_code` varchar(100) NOT NULL,
  `request_number` varchar(100) NOT NULL,
  `extra_*_1` varchar(100) NOT NULL,
  `system_id` varchar(100) NOT NULL,
  `management_code` varchar(100) NOT NULL,
  `extra_*_2` varchar(100) NOT NULL,
  `unused_mutual_fund` varchar(100) NOT NULL,
  `life_date_type` varchar(100) NOT NULL,
  `unused_RHR_001` varchar(100) NOT NULL,
  `status` tinyint(1) NOT NULL DEFAULT '1',
  `is_delete` tinyint(1) NOT NULL DEFAULT '0',
  `created_by` int(12) NOT NULL,
  `created_time` datetime NOT NULL,
  `created_ip` varchar(100) NOT NULL,
  `modified_by` int(12) NOT NULL,
  `modified_time` datetime NOT NULL,
  `modified_ip` varchar(100) NOT NULL,
  PRIMARY KEY (`id`)
) ENGINE=InnoDB AUTO_INCREMENT=2 DEFAULT CHARSET=latin1;

/*!40000 ALTER TABLE `ft_import_sfrfile_header_data` DISABLE KEYS */;
INSERT INTO `ft_import_sfrfile_header_data` VALUES ('1','27','RHR','001','SECURITY FILE  ','2007-08-13','2007-08-13','05:30:00','SECURITY','924','0001556','*','DFH','FA','*',' ',' ','                                                                                        ','1','0','21','2018-08-13 05:01:03','98.173.59.168','0','0000-00-00 00:00:00','');
/*!40000 ALTER TABLE `ft_import_sfrfile_header_data` ENABLE KEYS */;

DROP TABLE IF EXISTS `ft_income_master`;
CREATE TABLE `ft_income_master` (
  `id` int(11) NOT NULL AUTO_INCREMENT,
  `option` varchar(100) NOT NULL,
  `u_id` int(8) NOT NULL,
  `status` tinyint(1) NOT NULL DEFAULT '1',
  `is_delete` tinyint(1) NOT NULL DEFAULT '0',
  `created_by` int(12) NOT NULL,
  `created_time` datetime NOT NULL,
  `created_ip` varchar(100) NOT NULL,
  `modified_by` int(12) NOT NULL,
  `modified_time` datetime NOT NULL,
  `modified_ip` varchar(100) NOT NULL,
  PRIMARY KEY (`id`)
) ENGINE=InnoDB AUTO_INCREMENT=3 DEFAULT CHARSET=latin1;

/*!40000 ALTER TABLE `ft_income_master` DISABLE KEYS */;
INSERT INTO `ft_income_master` VALUES ('1','0-49999','0','1','0','1','2018-01-31 18:57:20','76.176.130.44','0','0000-00-00 00:00:00',''),('2','50000-149999','0','1','0','1','2018-01-31 18:57:33','76.176.130.44','0','0000-00-00 00:00:00','');
/*!40000 ALTER TABLE `ft_income_master` ENABLE KEYS */;

DROP TABLE IF EXISTS `ft_liqudity_needs_master`;
CREATE TABLE `ft_liqudity_needs_master` (
  `id` int(11) NOT NULL AUTO_INCREMENT,
  `option` varchar(100) NOT NULL,
  `u_id` int(8) NOT NULL,
  `status` tinyint(1) NOT NULL DEFAULT '1',
  `is_delete` tinyint(1) NOT NULL DEFAULT '0',
  `created_by` int(12) NOT NULL,
  `created_time` datetime NOT NULL,
  `created_ip` varchar(100) NOT NULL,
  `modified_by` int(12) NOT NULL,
  `modified_time` datetime NOT NULL,
  `modified_ip` varchar(100) NOT NULL,
  PRIMARY KEY (`id`)
) ENGINE=InnoDB DEFAULT CHARSET=latin1;

/*!40000 ALTER TABLE `ft_liqudity_needs_master` DISABLE KEYS */;
/*!40000 ALTER TABLE `ft_liqudity_needs_master` ENABLE KEYS */;

DROP TABLE IF EXISTS `ft_liquid_net_worth_master`;
CREATE TABLE `ft_liquid_net_worth_master` (
  `id` int(11) NOT NULL AUTO_INCREMENT,
  `option` varchar(100) NOT NULL,
  `u_id` int(8) NOT NULL,
  `status` tinyint(1) NOT NULL DEFAULT '1',
  `is_delete` tinyint(1) NOT NULL DEFAULT '0',
  `created_by` int(12) NOT NULL,
  `created_time` datetime NOT NULL,
  `created_ip` varchar(100) NOT NULL,
  `modified_by` int(12) NOT NULL,
  `modified_time` datetime NOT NULL,
  `modified_ip` varchar(100) NOT NULL,
  PRIMARY KEY (`id`)
) ENGINE=InnoDB AUTO_INCREMENT=2 DEFAULT CHARSET=latin1;

/*!40000 ALTER TABLE `ft_liquid_net_worth_master` DISABLE KEYS */;
INSERT INTO `ft_liquid_net_worth_master` VALUES ('1','40000','0','1','0','4','2017-12-09 11:37:58','192.168.30.30','0','0000-00-00 00:00:00','');
/*!40000 ALTER TABLE `ft_liquid_net_worth_master` ENABLE KEYS */;

DROP TABLE IF EXISTS `ft_multicompany_attach`;
CREATE TABLE `ft_multicompany_attach` (
  `id` int(12) NOT NULL AUTO_INCREMENT,
  `date` datetime NOT NULL,
  `user_id` varchar(100) NOT NULL,
  `attach` varchar(100) NOT NULL,
  `file_name` varchar(50) NOT NULL,
  `status` tinyint(1) NOT NULL DEFAULT '1',
  `is_delete` tinyint(1) NOT NULL DEFAULT '0',
  `created_by` int(12) NOT NULL,
  `created_time` datetime NOT NULL,
  `created_ip` varchar(100) NOT NULL,
  `modified_by` int(12) NOT NULL,
  `modified_time` datetime NOT NULL,
  `modified_ip` varchar(100) NOT NULL,
  PRIMARY KEY (`id`)
) ENGINE=InnoDB AUTO_INCREMENT=2 DEFAULT CHARSET=latin1;

/*!40000 ALTER TABLE `ft_multicompany_attach` DISABLE KEYS */;
INSERT INTO `ft_multicompany_attach` VALUES ('1','2018-01-02 00:00:00','user02','1514898243941587.png','apple-touch-icon@2.png','1','0','2','2018-01-02 18:34:03','103.36.122.212','0','0000-00-00 00:00:00','');
/*!40000 ALTER TABLE `ft_multicompany_attach` ENABLE KEYS */;

DROP TABLE IF EXISTS `ft_multicompany_history`;
CREATE TABLE `ft_multicompany_history` (
  `id` int(12) NOT NULL AUTO_INCREMENT,
  `company_id` int(12) NOT NULL,
  `field` varchar(100) NOT NULL,
  `old_value` varchar(100) NOT NULL,
  `new_value` varchar(100) NOT NULL,
  `status` tinyint(1) NOT NULL DEFAULT '1',
  `is_delete` tinyint(1) NOT NULL DEFAULT '0',
  `created_by` int(12) NOT NULL,
  `created_time` datetime NOT NULL,
  `created_ip` varchar(100) NOT NULL,
  `modified_by` int(12) NOT NULL,
  `modified_time` datetime NOT NULL,
  `modified_ip` varchar(100) NOT NULL,
  PRIMARY KEY (`id`)
) ENGINE=InnoDB DEFAULT CHARSET=latin1;

/*!40000 ALTER TABLE `ft_multicompany_history` DISABLE KEYS */;
/*!40000 ALTER TABLE `ft_multicompany_history` ENABLE KEYS */;

DROP TABLE IF EXISTS `ft_multicompany_notes`;
CREATE TABLE `ft_multicompany_notes` (
  `id` int(12) NOT NULL AUTO_INCREMENT,
  `date` datetime NOT NULL,
  `user_id` varchar(100) NOT NULL,
  `notes` varchar(100) NOT NULL,
  `status` tinyint(1) NOT NULL DEFAULT '1',
  `is_delete` tinyint(1) NOT NULL DEFAULT '0',
  `created_by` int(12) NOT NULL,
  `created_time` datetime NOT NULL,
  `created_ip` varchar(100) NOT NULL,
  `modified_by` int(12) NOT NULL,
  `modified_time` datetime NOT NULL,
  `modified_ip` varchar(100) NOT NULL,
  PRIMARY KEY (`id`)
) ENGINE=InnoDB DEFAULT CHARSET=latin1;

/*!40000 ALTER TABLE `ft_multicompany_notes` DISABLE KEYS */;
/*!40000 ALTER TABLE `ft_multicompany_notes` ENABLE KEYS */;

DROP TABLE IF EXISTS `ft_networth_master`;
CREATE TABLE `ft_networth_master` (
  `id` int(11) NOT NULL AUTO_INCREMENT,
  `option` varchar(100) NOT NULL,
  `u_id` int(8) NOT NULL,
  `status` tinyint(1) NOT NULL DEFAULT '1',
  `is_delete` tinyint(1) NOT NULL DEFAULT '0',
  `created_by` int(12) NOT NULL,
  `created_time` datetime NOT NULL,
  `created_ip` varchar(100) NOT NULL,
  `modified_by` int(12) NOT NULL,
  `modified_time` datetime NOT NULL,
  `modified_ip` varchar(100) NOT NULL,
  PRIMARY KEY (`id`)
) ENGINE=InnoDB AUTO_INCREMENT=2 DEFAULT CHARSET=latin1;

/*!40000 ALTER TABLE `ft_networth_master` DISABLE KEYS */;
INSERT INTO `ft_networth_master` VALUES ('1','Test','1','1','0','1','2021-07-30 00:00:00','::1','1','2021-07-30 00:00:00','::1');
/*!40000 ALTER TABLE `ft_networth_master` ENABLE KEYS */;

DROP TABLE IF EXISTS `ft_objective_master`;
CREATE TABLE `ft_objective_master` (
  `id` int(11) NOT NULL AUTO_INCREMENT,
  `option` varchar(100) NOT NULL,
  `u_id` int(8) NOT NULL,
  `status` tinyint(1) NOT NULL DEFAULT '1',
  `is_delete` tinyint(1) NOT NULL DEFAULT '0',
  `created_by` int(12) NOT NULL,
  `created_time` datetime NOT NULL,
  `created_ip` varchar(100) NOT NULL,
  `modified_by` int(12) NOT NULL,
  `modified_time` datetime NOT NULL,
  `modified_ip` varchar(100) NOT NULL,
  PRIMARY KEY (`id`)
) ENGINE=InnoDB AUTO_INCREMENT=6 DEFAULT CHARSET=latin1;

/*!40000 ALTER TABLE `ft_objective_master` DISABLE KEYS */;
INSERT INTO `ft_objective_master` VALUES ('1','Capital Preservation','0','1','0','1','2017-12-16 11:18:24','192.168.30.33','1','2018-01-30 09:13:39','76.176.130.44'),('2','Growth & Income','0','1','0','1','2017-12-16 11:18:35','192.168.30.33','1','2018-01-30 09:13:55','76.176.130.44'),('3','Growth','0','1','0','1','2017-12-16 11:18:48','192.168.30.33','1','2018-01-30 09:14:09','76.176.130.44'),('4','Speculation','0','1','0','1','2017-12-16 11:18:58','192.168.30.33','1','2018-01-30 09:14:20','76.176.130.44'),('5','45-95','0','1','1','1','2017-12-16 11:19:10','192.168.30.33','0','0000-00-00 00:00:00','');
/*!40000 ALTER TABLE `ft_objective_master` ENABLE KEYS */;

DROP TABLE IF EXISTS `ft_ofac_check_data_detail`;
CREATE TABLE `ft_ofac_check_data_detail` (
  `id` int(12) NOT NULL AUTO_INCREMENT,
  `ofac_check_data_id` int(12) NOT NULL,
  `id_no` int(12) NOT NULL,
  `sdn_name` varchar(100) NOT NULL,
  `program` varchar(100) NOT NULL,
  `client_id` int(12) NOT NULL,
  `client_name` varchar(100) NOT NULL,
  `rep_no` int(12) NOT NULL,
  `rep_name` varchar(100) NOT NULL,
  `status` tinyint(1) NOT NULL DEFAULT '1',
  `is_delete` tinyint(1) NOT NULL DEFAULT '0',
  `created_by` int(12) NOT NULL,
  `created_time` datetime NOT NULL,
  `created_ip` varchar(100) NOT NULL,
  `modified_by` int(12) NOT NULL,
  `modified_time` datetime NOT NULL,
  `modified_ip` varchar(100) NOT NULL,
  PRIMARY KEY (`id`)
) ENGINE=InnoDB AUTO_INCREMENT=7 DEFAULT CHARSET=latin1;

/*!40000 ALTER TABLE `ft_ofac_check_data_detail` DISABLE KEYS */;
INSERT INTO `ft_ofac_check_data_detail` VALUES ('1','1','23344','MARCO TORRES, Rodolfo Clemente','VENEZUELA','0','MARCO TORRES, Rodolfo Clemente','0','','1','0','3','2018-01-17 18:30:40','103.36.122.212','0','0000-00-00 00:00:00',''),('2','1','23345','RANGEL GOMEZ, Francisco Jose','VENEZUELA','0','RANGEL GOMEZ, Francisco Jose','0','','1','0','3','2018-01-17 18:30:40','103.36.122.212','0','0000-00-00 00:00:00',''),('3','2','23344','MARCO TORRES, Rodolfo Clemente','VENEZUELA','0','MARCO TORRES, Rodolfo Clemente','0','','1','0','3','2018-01-17 18:32:11','103.36.122.212','0','0000-00-00 00:00:00',''),('4','2','23345','RANGEL GOMEZ, Francisco Jose','VENEZUELA','0','RANGEL GOMEZ, Francisco Jose','0','','1','0','3','2018-01-17 18:32:11','103.36.122.212','0','0000-00-00 00:00:00',''),('5','3','23344','MARCO TORRES, Rodolfo Clemente','VENEZUELA','0','MARCO TORRES, Rodolfo Clemente','0','','1','0','3','2018-01-17 18:40:30','103.36.122.212','0','0000-00-00 00:00:00',''),('6','3','23345','RANGEL GOMEZ, Francisco Jose','VENEZUELA','0','RANGEL GOMEZ, Francisco Jose','0','','1','0','3','2018-01-17 18:40:30','103.36.122.212','0','0000-00-00 00:00:00','');
/*!40000 ALTER TABLE `ft_ofac_check_data_detail` ENABLE KEYS */;

DROP TABLE IF EXISTS `ft_ofac_check_data_master`;
CREATE TABLE `ft_ofac_check_data_master` (
  `id` int(12) NOT NULL AUTO_INCREMENT,
  `total_scan` varchar(100) NOT NULL,
  `total_match` varchar(100) NOT NULL,
  `status` tinyint(1) NOT NULL DEFAULT '1',
  `is_delete` tinyint(1) NOT NULL DEFAULT '0',
  `created_by` int(12) NOT NULL,
  `created_time` datetime NOT NULL,
  `created_ip` varchar(100) NOT NULL,
  `modified_by` int(12) NOT NULL,
  `modified_time` datetime NOT NULL,
  `modified_ip` varchar(100) NOT NULL,
  PRIMARY KEY (`id`)
) ENGINE=InnoDB AUTO_INCREMENT=4 DEFAULT CHARSET=latin1;

/*!40000 ALTER TABLE `ft_ofac_check_data_master` DISABLE KEYS */;
INSERT INTO `ft_ofac_check_data_master` VALUES ('1','5999','2','1','0','3','2018-01-17 18:30:40','103.36.122.212','0','0000-00-00 00:00:00',''),('2','5999','2','1','0','3','2018-01-17 18:32:11','103.36.122.212','0','0000-00-00 00:00:00',''),('3','5999','2','1','0','3','2018-01-17 18:40:30','103.36.122.212','0','0000-00-00 00:00:00','');
/*!40000 ALTER TABLE `ft_ofac_check_data_master` ENABLE KEYS */;

DROP TABLE IF EXISTS `ft_pay_type_master`;
CREATE TABLE `ft_pay_type_master` (
  `id` int(12) NOT NULL AUTO_INCREMENT,
  `name` varchar(100) NOT NULL,
  `status` tinyint(1) NOT NULL DEFAULT '1',
  `is_delete` tinyint(1) NOT NULL DEFAULT '0',
  `created_by` int(12) NOT NULL,
  `created_time` datetime NOT NULL,
  `created_ip` varchar(100) NOT NULL,
  `modified_by` int(12) NOT NULL,
  `modified_time` datetime NOT NULL,
  `modified_ip` varchar(100) NOT NULL,
  PRIMARY KEY (`id`)
) ENGINE=InnoDB AUTO_INCREMENT=4 DEFAULT CHARSET=latin1;

/*!40000 ALTER TABLE `ft_pay_type_master` DISABLE KEYS */;
INSERT INTO `ft_pay_type_master` VALUES ('1','Default(100%)','1','0','0','0000-00-00 00:00:00','','0','0000-00-00 00:00:00',''),('2','Rep Grid','1','1','0','0000-00-00 00:00:00','','0','0000-00-00 00:00:00',''),('3','User Input','1','0','0','0000-00-00 00:00:00','','0','0000-00-00 00:00:00','');
/*!40000 ALTER TABLE `ft_pay_type_master` ENABLE KEYS */;

DROP TABLE IF EXISTS `ft_payroll_adjustments_current`;
CREATE TABLE `ft_payroll_adjustments_current` (
  `id` int(11) NOT NULL AUTO_INCREMENT,
  `adjustment_id` int(11) NOT NULL,
  `payroll_id` int(11) NOT NULL,
  `adjustment_amount` varchar(100) NOT NULL,
  `date` date NOT NULL,
  `payroll_date` date NOT NULL,
  `pay_on` date NOT NULL,
  `gl_account` varchar(100) NOT NULL,
  `expire` date NOT NULL,
  `category` int(12) NOT NULL,
  `taxable_adjustment` tinyint(1) NOT NULL DEFAULT '0',
  `broker_id` tinyint(1) NOT NULL DEFAULT '0',
  `recurring` tinyint(1) NOT NULL DEFAULT '0',
  `recurring_type` int(12) NOT NULL,
  `description` varchar(100) NOT NULL,
  `pay_type` int(12) NOT NULL,
  `pay_amount` varchar(100) NOT NULL,
  `is_expired` tinyint(1) NOT NULL DEFAULT '0',
  `total_usage` int(12) NOT NULL DEFAULT '0',
  `is_used` tinyint(1) NOT NULL DEFAULT '0',
  `status` tinyint(1) NOT NULL DEFAULT '1',
  `is_delete` tinyint(1) NOT NULL DEFAULT '0',
  `created_by` int(12) NOT NULL,
  `created_time` datetime NOT NULL,
  `created_ip` varchar(100) NOT NULL,
  `modified_by` int(12) NOT NULL,
  `modified_time` datetime NOT NULL,
  `modified_ip` varchar(100) NOT NULL,
  PRIMARY KEY (`id`)
) ENGINE=InnoDB AUTO_INCREMENT=2 DEFAULT CHARSET=latin1;

/*!40000 ALTER TABLE `ft_payroll_adjustments_current` DISABLE KEYS */;
INSERT INTO `ft_payroll_adjustments_current` VALUES ('1','10','0','0','2018-05-30','2018-11-16','2018-05-31','','0000-00-00','5','0','1','0','0','S87 NYSE Development Fee','0','','0','0','0','1','0','1','2021-11-02 02:21:51','72.197.227.26','0','0000-00-00 00:00:00','');
/*!40000 ALTER TABLE `ft_payroll_adjustments_current` ENABLE KEYS */;

DROP TABLE IF EXISTS `ft_payroll_adjustments_detail`;
CREATE TABLE `ft_payroll_adjustments_detail` (
  `id` int(12) NOT NULL,
  `adjustment_id` int(12) NOT NULL,
  `payable_trans_id` int(12) NOT NULL,
  `broker_id` int(12) NOT NULL,
  `adjustment_amount` varchar(100) NOT NULL,
  `recurring_type` int(12) NOT NULL,
  `is_expired` tinyint(1) NOT NULL DEFAULT '0',
  `total_usage` int(12) NOT NULL,
  `recalc_old_usage` int(12) NOT NULL,
  `is_used` tinyint(1) NOT NULL DEFAULT '0',
  `status` tinyint(1) NOT NULL DEFAULT '1',
  `is_delete` tinyint(1) NOT NULL DEFAULT '0',
  `created_by` int(12) NOT NULL,
  `created_time` datetime NOT NULL,
  `created_ip` varchar(100) NOT NULL,
  `modified_by` int(12) NOT NULL,
  `modified_time` datetime NOT NULL,
  `modified_ip` varchar(100) NOT NULL
) ENGINE=InnoDB DEFAULT CHARSET=latin1;

/*!40000 ALTER TABLE `ft_payroll_adjustments_detail` DISABLE KEYS */;
INSERT INTO `ft_payroll_adjustments_detail` VALUES ('0','14','2','4','-50','0','0','0','0','1','1','0','21','2018-10-25 20:31:31','76.176.130.44','0','0000-00-00 00:00:00',''),('0','14','6','2','-50','0','0','0','0','1','1','0','21','2018-11-02 10:23:12','103.36.122.212','0','0000-00-00 00:00:00',''),('0','14','7','3','-50','0','0','0','0','1','1','0','21','2018-11-02 10:23:12','103.36.122.212','0','0000-00-00 00:00:00',''),('0','14','8','1','-50','0','0','0','0','1','1','0','21','2018-11-02 10:23:12','103.36.122.212','0','0000-00-00 00:00:00','');
/*!40000 ALTER TABLE `ft_payroll_adjustments_detail` ENABLE KEYS */;

DROP TABLE IF EXISTS `ft_payroll_adjustments_master`;
CREATE TABLE `ft_payroll_adjustments_master` (
  `id` int(12) NOT NULL AUTO_INCREMENT,
  `payable_trans_id` int(12) NOT NULL,
  `adjustment_amount` varchar(100) NOT NULL,
  `date` date NOT NULL,
  `pay_on` date NOT NULL,
  `gl_account` varchar(100) NOT NULL,
  `expire` date NOT NULL,
  `category` int(12) NOT NULL,
  `taxable_adjustment` tinyint(1) NOT NULL DEFAULT '0',
  `broker` tinyint(1) NOT NULL DEFAULT '0',
  `broker_number` int(12) NOT NULL,
  `broker_name` varchar(100) NOT NULL,
  `recurring` tinyint(1) NOT NULL DEFAULT '0',
  `recurring_type` int(12) NOT NULL,
  `description` varchar(100) NOT NULL,
  `pay_type` int(12) NOT NULL,
  `pay_amount` varchar(100) NOT NULL,
  `is_expired` tinyint(1) NOT NULL DEFAULT '0',
  `total_usage` int(12) NOT NULL DEFAULT '0',
  `recalc_old_usage` int(12) NOT NULL DEFAULT '0',
  `is_used` tinyint(1) NOT NULL DEFAULT '0',
  `status` tinyint(1) NOT NULL DEFAULT '1',
  `is_delete` tinyint(1) NOT NULL DEFAULT '0',
  `created_by` int(12) NOT NULL,
  `created_time` datetime NOT NULL,
  `created_ip` varchar(100) NOT NULL,
  `modified_by` int(12) NOT NULL,
  `modified_time` datetime NOT NULL,
  `modified_ip` varchar(100) NOT NULL,
  PRIMARY KEY (`id`)
) ENGINE=InnoDB AUTO_INCREMENT=15 DEFAULT CHARSET=latin1;

/*!40000 ALTER TABLE `ft_payroll_adjustments_master` DISABLE KEYS */;
INSERT INTO `ft_payroll_adjustments_master` VALUES ('1','0','100.00','2017-12-01','2018-10-23','GL TEST','2018-11-01','1','1','2','1','1','0','0','Annual Fees','1','50','0','0','0','1','1','1','3','2018-10-23 12:13:52','192.168.30.20','3','2018-10-23 12:14:50','192.168.30.20'),('2','0','150.00','2017-12-03','2018-10-23','','2018-11-01','2','1','2','3','3','0','0','Annual Fees','1','','0','0','0','1','1','1','3','2018-10-23 12:13:52','192.168.30.20','3','2018-10-23 12:15:14','192.168.30.20'),('3','2','200.00','2017-12-05','2018-10-23','','2018-11-01','3','1','2','1','1','1','2','Annual Fees','1','','1','0','0','0','1','0','3','2018-10-23 12:13:52','192.168.30.20','1','2021-11-02 02:20:41','72.197.227.26'),('4','0','250.00','2017-12-07','2018-10-23','','2018-11-01','4','1','2','2','2','0','0','Annual Fees','1','30','0','0','0','1','1','1','3','2018-10-23 12:13:52','192.168.30.20','21','2018-10-23 17:59:45','103.36.122.212'),('5','0','300.00','2017-12-09','2018-10-23','','2018-11-01','3','1','2','4','4','1','1','Annual Fees','1','','0','0','0','0','1','0','3','2018-10-23 12:13:52','192.168.30.20','21','2018-10-23 18:00:01','103.36.122.212'),('6','0','350.00','2017-12-11','2018-10-23','','2018-11-01','4','1','2','7','7','1','5','Annual Fees','1','','0','0','0','0','1','0','3','2018-10-23 12:13:52','192.168.30.20','3','2018-10-23 12:24:51','192.168.30.20'),('7','0','-185','2018-05-30','2018-10-23','','2018-11-01','5','0','2','8','8','0','0','S86 Exam','1','90','0','0','0','0','1','0','3','2018-10-23 12:14:16','192.168.30.20','3','2018-10-23 12:25:19','192.168.30.20'),('8','0','0','2018-05-30','2018-05-31','','0000-00-00','5','0','2','1','1','0','0','S86 NYSE Development Fee','0','','0','0','0','0','1','1','3','2018-10-23 12:14:16','192.168.30.20','0','0000-00-00 00:00:00',''),('9','0','-130','2018-05-30','2018-05-31','','0000-00-00','5','0','2','1','1','0','0','S87 Exam','0','','0','0','0','0','1','1','3','2018-10-23 12:14:16','192.168.30.20','0','0000-00-00 00:00:00',''),('10','0','0','2018-05-30','2018-05-31','','0000-00-00','5','0','2','1','1','0','0','S87 NYSE Development Fee','0','','0','0','0','0','1','0','3','2018-10-23 12:14:16','192.168.30.20','0','0000-00-00 00:00:00',''),('11','0','-15','2018-05-23','2018-05-24','','2018-11-01','5','0','2','3','3','0','0','FINRA CE Tracked Web Fee S201','1','','0','0','0','1','1','1','3','2018-10-23 12:14:16','192.168.30.20','3','2018-10-23 12:27:33','192.168.30.20'),('12','2','-100','2018-05-10','2018-05-11','','2018-11-01','5','1','2','7','7','1','2','FINRA Member Disc Proc Fee','1','50','1','0','0','0','1','0','3','2018-10-23 12:14:16','192.168.30.20','1','2021-11-02 02:20:26','72.197.227.26'),('13','0','-125','2018-04-30','2018-05-01','','0000-00-00','5','0','1','0','','0','0','NC Individual Reg. Fee','0','','0','0','0','0','1','1','3','2018-10-23 12:14:16','192.168.30.20','0','0000-00-00 00:00:00',''),('14','0','-50','2018-04-30','2018-05-01','','2018-11-01','5','0','1','0','','0','0','TN Individual Reg. Fee','1','','0','0','0','0','1','0','3','2018-10-23 12:14:16','192.168.30.20','3','2018-10-23 12:28:42','192.168.30.20');
/*!40000 ALTER TABLE `ft_payroll_adjustments_master` ENABLE KEYS */;

DROP TABLE IF EXISTS `ft_payroll_broker_balances_master`;
CREATE TABLE `ft_payroll_broker_balances_master` (
  `id` int(12) NOT NULL AUTO_INCREMENT,
  `payroll_id` tinyint(4) NOT NULL,
  `prior_payroll_id` tinyint(4) NOT NULL,
  `current_payroll_id` tinyint(4) NOT NULL,
  `payroll_date` date NOT NULL,
  `broker_id` int(11) DEFAULT NULL,
  `clearing_number` varchar(100) NOT NULL,
  `balance_amount` varchar(100) NOT NULL,
  `status` tinyint(1) NOT NULL DEFAULT '1',
  `is_delete` tinyint(1) NOT NULL DEFAULT '0',
  `created_by` int(12) NOT NULL,
  `created_time` datetime NOT NULL,
  `created_ip` varchar(100) NOT NULL,
  `modified_by` int(12) NOT NULL,
  `modified_time` datetime NOT NULL,
  `modified_ip` varchar(100) NOT NULL,
  PRIMARY KEY (`id`)
) ENGINE=InnoDB AUTO_INCREMENT=3 DEFAULT CHARSET=latin1;

/*!40000 ALTER TABLE `ft_payroll_broker_balances_master` DISABLE KEYS */;
INSERT INTO `ft_payroll_broker_balances_master` VALUES ('1','0','0','0','0000-00-00','2','000025','-693.88','1','1','21','2018-11-01 15:03:39','103.36.122.212','21','2018-11-01 15:10:46','103.36.122.212'),('2','0','0','0','0000-00-00','4','1703','-868.75','1','1','21','2018-11-01 15:03:39','103.36.122.212','21','2018-11-23 15:59:00','103.36.122.212');
/*!40000 ALTER TABLE `ft_payroll_broker_balances_master` ENABLE KEYS */;

DROP TABLE IF EXISTS `ft_payroll_brokers_adjustments`;
CREATE TABLE `ft_payroll_brokers_adjustments` (
  `id` int(12) NOT NULL AUTO_INCREMENT,
  `payable_trans_id` int(12) NOT NULL,
  `adjustment_id` int(12) NOT NULL,
  `broker_id` int(12) NOT NULL,
  `adjustment_amount` varchar(100) NOT NULL,
  `current_adjustment_amount` decimal(8,2) NOT NULL DEFAULT '0.00',
  `gl_account` varchar(100) NOT NULL,
  `category` int(12) NOT NULL,
  `taxable_adjustment` tinyint(1) NOT NULL DEFAULT '0',
  `broker` tinyint(1) NOT NULL DEFAULT '0',
  `description` varchar(100) NOT NULL,
  `status` tinyint(1) NOT NULL DEFAULT '1',
  `is_delete` tinyint(1) NOT NULL DEFAULT '0',
  `created_by` int(12) NOT NULL,
  `created_time` datetime NOT NULL,
  `created_ip` varchar(100) NOT NULL,
  `modified_by` int(12) NOT NULL,
  `modified_time` datetime NOT NULL,
  `modified_ip` varchar(100) NOT NULL,
  PRIMARY KEY (`id`)
) ENGINE=InnoDB AUTO_INCREMENT=136 DEFAULT CHARSET=latin1;

/*!40000 ALTER TABLE `ft_payroll_brokers_adjustments` DISABLE KEYS */;
INSERT INTO `ft_payroll_brokers_adjustments` VALUES ('1','1','14','2','-50','-50.00','','5','0','0','TN Individual Reg. Fee','1','1','21','2018-10-23 17:59:06','103.36.122.212','0','0000-00-00 00:00:00',''),('2','2','3','4','200','200.00','','3','1','2','Annual Fees','1','1','21','2018-10-23 17:59:06','103.36.122.212','0','0000-00-00 00:00:00',''),('3','2','12','4','-100','-100.00','','5','1','2','FINRA Member Disc Proc Fee','1','1','21','2018-10-23 17:59:06','103.36.122.212','0','0000-00-00 00:00:00',''),('4','2','14','4','-50','-50.00','','5','0','0','TN Individual Reg. Fee','1','1','21','2018-10-23 17:59:06','103.36.122.212','0','0000-00-00 00:00:00',''),('5','3','1','1','100','100.00','GL TEST','1','1','2','Annual Fees','1','1','21','2018-10-23 17:59:06','103.36.122.212','0','0000-00-00 00:00:00',''),('6','3','14','1','-50','-50.00','','5','0','0','TN Individual Reg. Fee','1','1','21','2018-10-23 17:59:06','103.36.122.212','0','0000-00-00 00:00:00',''),('7','4','2','3','150','150.00','','2','1','2','Annual Fees','1','1','21','2018-10-23 17:59:06','103.36.122.212','0','0000-00-00 00:00:00',''),('8','4','11','3','-15','-15.00','','5','0','2','FINRA CE Tracked Web Fee S201','1','1','21','2018-10-23 17:59:06','103.36.122.212','0','0000-00-00 00:00:00',''),('9','4','14','3','-50','-50.00','','5','0','0','TN Individual Reg. Fee','1','1','21','2018-10-23 17:59:06','103.36.122.212','0','0000-00-00 00:00:00',''),('10','1','4','2','250','250.00','','4','1','2','Annual Fees','1','1','21','2018-10-23 18:00:28','103.36.122.212','0','0000-00-00 00:00:00',''),('11','1','14','2','-50','-50.00','','5','0','0','TN Individual Reg. Fee','1','1','21','2018-10-23 18:00:28','103.36.122.212','0','0000-00-00 00:00:00',''),('12','2','3','4','200','200.00','','3','1','2','Annual Fees','1','1','21','2018-10-23 18:00:28','103.36.122.212','0','0000-00-00 00:00:00',''),('13','2','5','4','300','300.00','','3','1','2','Annual Fees','1','1','21','2018-10-23 18:00:28','103.36.122.212','0','0000-00-00 00:00:00',''),('14','2','12','4','-100','-100.00','','5','1','2','FINRA Member Disc Proc Fee','1','1','21','2018-10-23 18:00:28','103.36.122.212','0','0000-00-00 00:00:00',''),('15','2','14','4','-50','-50.00','','5','0','0','TN Individual Reg. Fee','1','1','21','2018-10-23 18:00:28','103.36.122.212','0','0000-00-00 00:00:00',''),('16','3','1','1','100','100.00','GL TEST','1','1','2','Annual Fees','1','1','21','2018-10-23 18:00:28','103.36.122.212','0','0000-00-00 00:00:00',''),('17','3','14','1','-50','-50.00','','5','0','0','TN Individual Reg. Fee','1','1','21','2018-10-23 18:00:28','103.36.122.212','0','0000-00-00 00:00:00',''),('18','4','2','3','150','150.00','','2','1','2','Annual Fees','1','1','21','2018-10-23 18:00:28','103.36.122.212','0','0000-00-00 00:00:00',''),('19','4','11','3','-15','-15.00','','5','0','2','FINRA CE Tracked Web Fee S201','1','1','21','2018-10-23 18:00:28','103.36.122.212','0','0000-00-00 00:00:00',''),('20','4','14','3','-50','-50.00','','5','0','0','TN Individual Reg. Fee','1','1','21','2018-10-23 18:00:28','103.36.122.212','0','0000-00-00 00:00:00',''),('21','1','4','2','250','250.00','','4','1','2','Annual Fees','1','1','21','2018-10-23 18:53:45','76.176.130.44','0','0000-00-00 00:00:00',''),('22','1','14','2','-50','-50.00','','5','0','0','TN Individual Reg. Fee','1','1','21','2018-10-23 18:53:45','76.176.130.44','0','0000-00-00 00:00:00',''),('23','2','3','4','200','200.00','','3','1','2','Annual Fees','1','1','21','2018-10-23 18:53:45','76.176.130.44','0','0000-00-00 00:00:00',''),('24','2','5','4','300','300.00','','3','1','2','Annual Fees','1','1','21','2018-10-23 18:53:45','76.176.130.44','0','0000-00-00 00:00:00',''),('25','2','12','4','-100','-100.00','','5','1','2','FINRA Member Disc Proc Fee','1','1','21','2018-10-23 18:53:45','76.176.130.44','0','0000-00-00 00:00:00',''),('26','2','14','4','-50','-50.00','','5','0','0','TN Individual Reg. Fee','1','1','21','2018-10-23 18:53:45','76.176.130.44','0','0000-00-00 00:00:00',''),('27','3','1','1','100','100.00','GL TEST','1','1','2','Annual Fees','1','1','21','2018-10-23 18:53:45','76.176.130.44','0','0000-00-00 00:00:00',''),('28','3','14','1','-50','-50.00','','5','0','0','TN Individual Reg. Fee','1','1','21','2018-10-23 18:53:45','76.176.130.44','0','0000-00-00 00:00:00',''),('29','4','2','3','150','150.00','','2','1','2','Annual Fees','1','1','21','2018-10-23 18:53:45','76.176.130.44','0','0000-00-00 00:00:00',''),('30','4','11','3','-15','-15.00','','5','0','2','FINRA CE Tracked Web Fee S201','1','1','21','2018-10-23 18:53:45','76.176.130.44','0','0000-00-00 00:00:00',''),('31','4','14','3','-50','-50.00','','5','0','0','TN Individual Reg. Fee','1','1','21','2018-10-23 18:53:45','76.176.130.44','0','0000-00-00 00:00:00',''),('32','1','4','2','250','250.00','','4','1','2','Annual Fees','1','1','21','2018-10-23 18:56:26','76.176.130.44','0','0000-00-00 00:00:00',''),('33','1','14','2','-50','-50.00','','5','0','0','TN Individual Reg. Fee','1','1','21','2018-10-23 18:56:26','76.176.130.44','0','0000-00-00 00:00:00',''),('34','2','3','4','200','200.00','','3','1','2','Annual Fees','1','1','21','2018-10-23 18:56:26','76.176.130.44','0','0000-00-00 00:00:00',''),('35','2','5','4','300','300.00','','3','1','2','Annual Fees','1','1','21','2018-10-23 18:56:26','76.176.130.44','0','0000-00-00 00:00:00',''),('36','2','12','4','-100','-100.00','','5','1','2','FINRA Member Disc Proc Fee','1','1','21','2018-10-23 18:56:26','76.176.130.44','0','0000-00-00 00:00:00',''),('37','2','14','4','-50','-50.00','','5','0','0','TN Individual Reg. Fee','1','1','21','2018-10-23 18:56:26','76.176.130.44','0','0000-00-00 00:00:00',''),('38','3','1','1','100','100.00','GL TEST','1','1','2','Annual Fees','1','1','21','2018-10-23 18:56:26','76.176.130.44','0','0000-00-00 00:00:00',''),('39','3','14','1','-50','-50.00','','5','0','0','TN Individual Reg. Fee','1','1','21','2018-10-23 18:56:26','76.176.130.44','0','0000-00-00 00:00:00',''),('40','4','2','3','150','150.00','','2','1','2','Annual Fees','1','1','21','2018-10-23 18:56:26','76.176.130.44','0','0000-00-00 00:00:00',''),('41','4','11','3','-15','-15.00','','5','0','2','FINRA CE Tracked Web Fee S201','1','1','21','2018-10-23 18:56:26','76.176.130.44','0','0000-00-00 00:00:00',''),('42','4','14','3','-50','-50.00','','5','0','0','TN Individual Reg. Fee','1','1','21','2018-10-23 18:56:26','76.176.130.44','0','0000-00-00 00:00:00',''),('43','1','4','2','250','250.00','','4','1','2','Annual Fees','1','1','21','2018-10-23 19:18:09','76.176.130.44','0','0000-00-00 00:00:00',''),('44','1','14','2','-50','-50.00','','5','0','0','TN Individual Reg. Fee','1','1','21','2018-10-23 19:18:09','76.176.130.44','0','0000-00-00 00:00:00',''),('45','2','3','4','200','200.00','','3','1','2','Annual Fees','1','1','21','2018-10-23 19:18:09','76.176.130.44','0','0000-00-00 00:00:00',''),('46','2','5','4','300','300.00','','3','1','2','Annual Fees','1','1','21','2018-10-23 19:18:09','76.176.130.44','0','0000-00-00 00:00:00',''),('47','2','12','4','-100','-100.00','','5','1','2','FINRA Member Disc Proc Fee','1','1','21','2018-10-23 19:18:09','76.176.130.44','0','0000-00-00 00:00:00',''),('48','2','14','4','-50','-50.00','','5','0','0','TN Individual Reg. Fee','1','1','21','2018-10-23 19:18:09','76.176.130.44','0','0000-00-00 00:00:00',''),('49','3','1','1','100','100.00','GL TEST','1','1','2','Annual Fees','1','1','21','2018-10-23 19:18:09','76.176.130.44','0','0000-00-00 00:00:00',''),('50','3','14','1','-50','-50.00','','5','0','0','TN Individual Reg. Fee','1','1','21','2018-10-23 19:18:09','76.176.130.44','0','0000-00-00 00:00:00',''),('51','4','2','3','150','150.00','','2','1','2','Annual Fees','1','1','21','2018-10-23 19:18:09','76.176.130.44','0','0000-00-00 00:00:00',''),('52','4','11','3','-15','-15.00','','5','0','2','FINRA CE Tracked Web Fee S201','1','1','21','2018-10-23 19:18:09','76.176.130.44','0','0000-00-00 00:00:00',''),('53','4','14','3','-50','-50.00','','5','0','0','TN Individual Reg. Fee','1','1','21','2018-10-23 19:18:09','76.176.130.44','0','0000-00-00 00:00:00',''),('54','1','4','2','250','250.00','','4','1','2','Annual Fees','1','1','21','2018-10-23 19:18:36','76.176.130.44','0','0000-00-00 00:00:00',''),('55','1','14','2','-50','-50.00','','5','0','0','TN Individual Reg. Fee','1','1','21','2018-10-23 19:18:36','76.176.130.44','0','0000-00-00 00:00:00',''),('56','2','3','4','200','200.00','','3','1','2','Annual Fees','1','1','21','2018-10-23 19:18:36','76.176.130.44','0','0000-00-00 00:00:00',''),('57','2','5','4','300','300.00','','3','1','2','Annual Fees','1','1','21','2018-10-23 19:18:36','76.176.130.44','0','0000-00-00 00:00:00',''),('58','2','12','4','-100','-100.00','','5','1','2','FINRA Member Disc Proc Fee','1','1','21','2018-10-23 19:18:36','76.176.130.44','0','0000-00-00 00:00:00',''),('59','2','14','4','-50','-50.00','','5','0','0','TN Individual Reg. Fee','1','1','21','2018-10-23 19:18:36','76.176.130.44','0','0000-00-00 00:00:00',''),('60','3','1','1','100','100.00','GL TEST','1','1','2','Annual Fees','1','1','21','2018-10-23 19:18:36','76.176.130.44','0','0000-00-00 00:00:00',''),('61','3','14','1','-50','-50.00','','5','0','0','TN Individual Reg. Fee','1','1','21','2018-10-23 19:18:36','76.176.130.44','0','0000-00-00 00:00:00',''),('62','4','2','3','150','150.00','','2','1','2','Annual Fees','1','1','21','2018-10-23 19:18:36','76.176.130.44','0','0000-00-00 00:00:00',''),('63','4','11','3','-15','-15.00','','5','0','2','FINRA CE Tracked Web Fee S201','1','1','21','2018-10-23 19:18:36','76.176.130.44','0','0000-00-00 00:00:00',''),('64','4','14','3','-50','-50.00','','5','0','0','TN Individual Reg. Fee','1','1','21','2018-10-23 19:18:36','76.176.130.44','0','0000-00-00 00:00:00',''),('65','1','4','2','250','250.00','','4','1','2','Annual Fees','1','1','21','2018-10-23 19:23:20','76.176.130.44','0','0000-00-00 00:00:00',''),('66','1','14','2','-50','-50.00','','5','0','0','TN Individual Reg. Fee','1','1','21','2018-10-23 19:23:20','76.176.130.44','0','0000-00-00 00:00:00',''),('67','2','3','4','200','200.00','','3','1','2','Annual Fees','1','1','21','2018-10-23 19:23:20','76.176.130.44','0','0000-00-00 00:00:00',''),('68','2','5','4','300','300.00','','3','1','2','Annual Fees','1','1','21','2018-10-23 19:23:20','76.176.130.44','0','0000-00-00 00:00:00',''),('69','2','12','4','-100','-100.00','','5','1','2','FINRA Member Disc Proc Fee','1','1','21','2018-10-23 19:23:20','76.176.130.44','0','0000-00-00 00:00:00',''),('70','2','14','4','-50','-50.00','','5','0','0','TN Individual Reg. Fee','1','1','21','2018-10-23 19:23:20','76.176.130.44','0','0000-00-00 00:00:00',''),('71','3','1','1','100','100.00','GL TEST','1','1','2','Annual Fees','1','1','21','2018-10-23 19:23:20','76.176.130.44','0','0000-00-00 00:00:00',''),('72','3','14','1','-50','-50.00','','5','0','0','TN Individual Reg. Fee','1','1','21','2018-10-23 19:23:20','76.176.130.44','0','0000-00-00 00:00:00',''),('73','4','2','3','150','150.00','','2','1','2','Annual Fees','1','1','21','2018-10-23 19:23:20','76.176.130.44','0','0000-00-00 00:00:00',''),('74','4','11','3','-15','-15.00','','5','0','2','FINRA CE Tracked Web Fee S201','1','1','21','2018-10-23 19:23:20','76.176.130.44','0','0000-00-00 00:00:00',''),('75','4','14','3','-50','-50.00','','5','0','0','TN Individual Reg. Fee','1','1','21','2018-10-23 19:23:20','76.176.130.44','0','0000-00-00 00:00:00',''),('76','1','4','2','250','250.00','','4','1','2','Annual Fees','1','1','21','2018-10-25 09:44:53','103.36.122.212','0','0000-00-00 00:00:00',''),('77','1','14','2','-50','-50.00','','5','0','0','TN Individual Reg. Fee','1','1','21','2018-10-25 09:44:53','103.36.122.212','0','0000-00-00 00:00:00',''),('78','2','3','4','200','200.00','','3','1','2','Annual Fees','1','1','21','2018-10-25 09:44:53','103.36.122.212','0','0000-00-00 00:00:00',''),('79','2','5','4','300','300.00','','3','1','2','Annual Fees','1','1','21','2018-10-25 09:44:53','103.36.122.212','0','0000-00-00 00:00:00',''),('80','2','12','4','-100','-100.00','','5','1','2','FINRA Member Disc Proc Fee','1','1','21','2018-10-25 09:44:53','103.36.122.212','0','0000-00-00 00:00:00',''),('81','2','14','4','-50','-50.00','','5','0','0','TN Individual Reg. Fee','1','1','21','2018-10-25 09:44:53','103.36.122.212','0','0000-00-00 00:00:00',''),('82','3','1','1','100','100.00','GL TEST','1','1','2','Annual Fees','1','1','21','2018-10-25 09:44:53','103.36.122.212','0','0000-00-00 00:00:00',''),('83','3','14','1','-50','-50.00','','5','0','0','TN Individual Reg. Fee','1','1','21','2018-10-25 09:44:53','103.36.122.212','0','0000-00-00 00:00:00',''),('84','4','2','3','150','150.00','','2','1','2','Annual Fees','1','1','21','2018-10-25 09:44:53','103.36.122.212','0','0000-00-00 00:00:00',''),('85','4','11','3','-15','-15.00','','5','0','2','FINRA CE Tracked Web Fee S201','1','1','21','2018-10-25 09:44:53','103.36.122.212','0','0000-00-00 00:00:00',''),('86','4','14','3','-50','-50.00','','5','0','0','TN Individual Reg. Fee','1','1','21','2018-10-25 09:44:53','103.36.122.212','0','0000-00-00 00:00:00',''),('87','1','4','2','250','250.00','','4','1','2','Annual Fees','1','1','21','2018-10-25 12:49:30','103.36.122.212','0','0000-00-00 00:00:00',''),('88','1','14','2','-50','-50.00','','5','0','0','TN Individual Reg. Fee','1','1','21','2018-10-25 12:49:30','103.36.122.212','0','0000-00-00 00:00:00',''),('89','2','3','4','200','200.00','','3','1','2','Annual Fees','1','1','21','2018-10-25 12:49:30','103.36.122.212','0','0000-00-00 00:00:00',''),('90','2','5','4','300','300.00','','3','1','2','Annual Fees','1','1','21','2018-10-25 12:49:30','103.36.122.212','0','0000-00-00 00:00:00',''),('91','2','12','4','-100','-100.00','','5','1','2','FINRA Member Disc Proc Fee','1','1','21','2018-10-25 12:49:30','103.36.122.212','0','0000-00-00 00:00:00',''),('92','2','14','4','-50','-50.00','','5','0','0','TN Individual Reg. Fee','1','1','21','2018-10-25 12:49:30','103.36.122.212','0','0000-00-00 00:00:00',''),('93','3','1','1','100','100.00','GL TEST','1','1','2','Annual Fees','1','1','21','2018-10-25 12:49:30','103.36.122.212','0','0000-00-00 00:00:00',''),('94','3','14','1','-50','-50.00','','5','0','0','TN Individual Reg. Fee','1','1','21','2018-10-25 12:49:30','103.36.122.212','0','0000-00-00 00:00:00',''),('95','4','2','3','150','150.00','','2','1','2','Annual Fees','1','1','21','2018-10-25 12:49:30','103.36.122.212','0','0000-00-00 00:00:00',''),('96','4','11','3','-15','-15.00','','5','0','2','FINRA CE Tracked Web Fee S201','1','1','21','2018-10-25 12:49:30','103.36.122.212','0','0000-00-00 00:00:00',''),('97','4','14','3','-50','-50.00','','5','0','0','TN Individual Reg. Fee','1','1','21','2018-10-25 12:49:30','103.36.122.212','0','0000-00-00 00:00:00',''),('98','1','4','2','250','250.00','','4','1','2','Annual Fees','1','1','21','2018-10-25 16:19:33','103.36.122.212','0','0000-00-00 00:00:00',''),('99','1','14','2','-50','-50.00','','5','0','0','TN Individual Reg. Fee','1','1','21','2018-10-25 16:19:33','103.36.122.212','0','0000-00-00 00:00:00',''),('100','2','3','4','200','200.00','','3','1','2','Annual Fees','1','1','21','2018-10-25 16:19:33','103.36.122.212','0','0000-00-00 00:00:00',''),('101','2','5','4','300','300.00','','3','1','2','Annual Fees','1','1','21','2018-10-25 16:19:33','103.36.122.212','0','0000-00-00 00:00:00',''),('102','2','12','4','-100','-100.00','','5','1','2','FINRA Member Disc Proc Fee','1','1','21','2018-10-25 16:19:33','103.36.122.212','0','0000-00-00 00:00:00',''),('103','2','14','4','-50','-50.00','','5','0','0','TN Individual Reg. Fee','1','1','21','2018-10-25 16:19:33','103.36.122.212','0','0000-00-00 00:00:00',''),('104','3','1','1','100','100.00','GL TEST','1','1','2','Annual Fees','1','1','21','2018-10-25 16:19:33','103.36.122.212','0','0000-00-00 00:00:00',''),('105','3','14','1','-50','-50.00','','5','0','0','TN Individual Reg. Fee','1','1','21','2018-10-25 16:19:33','103.36.122.212','0','0000-00-00 00:00:00',''),('106','4','2','3','150','150.00','','2','1','2','Annual Fees','1','1','21','2018-10-25 16:19:33','103.36.122.212','0','0000-00-00 00:00:00',''),('107','4','11','3','-15','-15.00','','5','0','2','FINRA CE Tracked Web Fee S201','1','1','21','2018-10-25 16:19:33','103.36.122.212','0','0000-00-00 00:00:00',''),('108','4','14','3','-50','-50.00','','5','0','0','TN Individual Reg. Fee','1','1','21','2018-10-25 16:19:33','103.36.122.212','0','0000-00-00 00:00:00',''),('109','1','4','2','250','250.00','','4','1','2','Annual Fees','1','0','21','2018-10-25 20:31:31','76.176.130.44','0','0000-00-00 00:00:00',''),('110','1','14','2','-50','-50.00','','5','0','0','TN Individual Reg. Fee','1','0','21','2018-10-25 20:31:31','76.176.130.44','0','0000-00-00 00:00:00',''),('111','2','3','4','200','200.00','','3','1','2','Annual Fees','1','0','21','2018-10-25 20:31:31','76.176.130.44','0','0000-00-00 00:00:00',''),('112','2','5','4','300','300.00','','3','1','2','Annual Fees','1','0','21','2018-10-25 20:31:31','76.176.130.44','0','0000-00-00 00:00:00',''),('113','2','12','4','-100','-100.00','','5','1','2','FINRA Member Disc Proc Fee','1','0','21','2018-10-25 20:31:31','76.176.130.44','0','0000-00-00 00:00:00',''),('114','2','14','4','-50','-50.00','','5','0','0','TN Individual Reg. Fee','1','0','21','2018-10-25 20:31:31','76.176.130.44','0','0000-00-00 00:00:00',''),('115','3','1','1','100','100.00','GL TEST','1','1','2','Annual Fees','1','0','21','2018-10-25 20:31:31','76.176.130.44','0','0000-00-00 00:00:00',''),('116','3','14','1','-50','-50.00','','5','0','0','TN Individual Reg. Fee','1','0','21','2018-10-25 20:31:31','76.176.130.44','0','0000-00-00 00:00:00',''),('117','4','2','3','150','150.00','','2','1','2','Annual Fees','1','0','21','2018-10-25 20:31:31','76.176.130.44','0','0000-00-00 00:00:00',''),('118','4','11','3','-15','-15.00','','5','0','2','FINRA CE Tracked Web Fee S201','1','0','21','2018-10-25 20:31:31','76.176.130.44','0','0000-00-00 00:00:00',''),('119','4','14','3','-50','-50.00','','5','0','0','TN Individual Reg. Fee','1','0','21','2018-10-25 20:31:31','76.176.130.44','0','0000-00-00 00:00:00',''),('120','5','14','1','-50','-50.00','','5','0','0','TN Individual Reg. Fee','1','1','21','2018-11-01 15:10:46','103.36.122.212','0','0000-00-00 00:00:00',''),('121','6','14','2','-50','-50.00','','5','0','0','TN Individual Reg. Fee','1','1','21','2018-11-01 15:10:46','103.36.122.212','0','0000-00-00 00:00:00',''),('122','7','14','3','-50','-50.00','','5','0','0','TN Individual Reg. Fee','1','1','21','2018-11-01 15:10:46','103.36.122.212','0','0000-00-00 00:00:00',''),('123','8','14','1','-50','-50.00','','5','0','0','TN Individual Reg. Fee','1','1','21','2018-11-01 15:10:46','103.36.122.212','0','0000-00-00 00:00:00',''),('124','5','14','1','-50','-50.00','','5','0','0','TN Individual Reg. Fee','1','1','21','2018-11-01 17:24:30','103.36.122.212','0','0000-00-00 00:00:00',''),('125','6','14','2','-50','-50.00','','5','0','0','TN Individual Reg. Fee','1','1','21','2018-11-01 17:24:30','103.36.122.212','0','0000-00-00 00:00:00',''),('126','7','14','3','-50','-50.00','','5','0','0','TN Individual Reg. Fee','1','1','21','2018-11-01 17:24:30','103.36.122.212','0','0000-00-00 00:00:00',''),('127','8','14','1','-50','-50.00','','5','0','0','TN Individual Reg. Fee','1','1','21','2018-11-01 17:24:30','103.36.122.212','0','0000-00-00 00:00:00',''),('128','5','14','1','-50','-50.00','','5','0','0','TN Individual Reg. Fee','1','1','21','2018-11-02 10:14:58','103.36.122.212','0','0000-00-00 00:00:00',''),('129','6','14','2','-50','-50.00','','5','0','0','TN Individual Reg. Fee','1','1','21','2018-11-02 10:14:58','103.36.122.212','0','0000-00-00 00:00:00',''),('130','7','14','3','-50','-50.00','','5','0','0','TN Individual Reg. Fee','1','1','21','2018-11-02 10:14:58','103.36.122.212','0','0000-00-00 00:00:00',''),('131','8','14','1','-50','-50.00','','5','0','0','TN Individual Reg. Fee','1','1','21','2018-11-02 10:14:58','103.36.122.212','0','0000-00-00 00:00:00',''),('132','5','14','1','-50','-50.00','','5','0','0','TN Individual Reg. Fee','1','0','21','2018-11-02 10:23:12','103.36.122.212','0','0000-00-00 00:00:00',''),('133','6','14','2','-50','-50.00','','5','0','0','TN Individual Reg. Fee','1','0','21','2018-11-02 10:23:12','103.36.122.212','0','0000-00-00 00:00:00',''),('134','7','14','3','-50','-50.00','','5','0','0','TN Individual Reg. Fee','1','0','21','2018-11-02 10:23:12','103.36.122.212','0','0000-00-00 00:00:00',''),('135','8','14','1','-50','-50.00','','5','0','0','TN Individual Reg. Fee','1','0','21','2018-11-02 10:23:12','103.36.122.212','0','0000-00-00 00:00:00','');
/*!40000 ALTER TABLE `ft_payroll_brokers_adjustments` ENABLE KEYS */;

DROP TABLE IF EXISTS `ft_payroll_current_payroll`;
CREATE TABLE `ft_payroll_current_payroll` (
  `id` int(12) NOT NULL AUTO_INCREMENT,
  `payroll_id` int(12) NOT NULL,
  `payroll_date` date NOT NULL,
  `broker_id` int(12) NOT NULL,
  `branch` int(12) NOT NULL,
  `check_number` varchar(50) NOT NULL DEFAULT '',
  `charge` decimal(8,2) NOT NULL DEFAULT '0.00',
  `commission_received` decimal(8,2) NOT NULL DEFAULT '0.00',
  `commission_paid` decimal(8,2) NOT NULL DEFAULT '0.00',
  `is_split` tinyint(1) NOT NULL DEFAULT '0',
  `split_rate` decimal(8,2) NOT NULL DEFAULT '0.00',
  `split_charge` decimal(8,2) NOT NULL DEFAULT '0.00',
  `split_gross` decimal(8,2) NOT NULL DEFAULT '0.00',
  `split_paid` decimal(8,2) NOT NULL DEFAULT '0.00',
  `override_rate` decimal(8,2) NOT NULL DEFAULT '0.00',
  `override_paid` decimal(8,2) NOT NULL DEFAULT '0.00',
  `adjustments` decimal(8,2) NOT NULL DEFAULT '0.00',
  `taxable_adjustments` decimal(8,2) NOT NULL DEFAULT '0.00',
  `non-taxable_adjustments` decimal(8,2) NOT NULL DEFAULT '0.00',
  `balance` decimal(8,2) NOT NULL DEFAULT '0.00',
  `finra` decimal(8,2) NOT NULL DEFAULT '0.00',
  `sipc` decimal(8,2) NOT NULL DEFAULT '0.00',
  `sipc_gross` decimal(8,2) NOT NULL,
  `check_amount` decimal(8,2) NOT NULL DEFAULT '0.00',
  `minimum_check_amount` decimal(8,2) NOT NULL,
  `status` tinyint(1) NOT NULL DEFAULT '1',
  `is_delete` tinyint(1) NOT NULL DEFAULT '0',
  `created_by` int(12) NOT NULL,
  `created_time` datetime NOT NULL,
  `created_ip` varchar(100) NOT NULL,
  `modified_by` int(12) NOT NULL,
  `modified_time` datetime NOT NULL,
  `modified_ip` varchar(100) NOT NULL,
  PRIMARY KEY (`id`),
  KEY `broker_name` (`broker_id`)
) ENGINE=InnoDB AUTO_INCREMENT=5 DEFAULT CHARSET=latin1;

/*!40000 ALTER TABLE `ft_payroll_current_payroll` DISABLE KEYS */;
INSERT INTO `ft_payroll_current_payroll` VALUES ('1','0','2018-11-16','1','0','','0.00','0.00','0.00','8','30.00','0.00','1344.94','278.26','0.00','0.00','0.00','0.00','0.00','0.00','26.90','40.35','1344.94','211.01','100.00','0','0','1','2021-11-02 02:21:51','72.197.227.26','1','2021-11-02 02:21:51','72.197.227.26'),('2','0','2018-11-16','2','0','','0.00','0.00','0.00','6','20.00','0.00','1024.40','512.21','0.00','0.00','0.00','0.00','0.00','0.00','20.49','30.73','1024.40','460.99','100.00','0','0','1','2021-11-02 02:21:51','72.197.227.26','1','2021-11-02 02:21:51','72.197.227.26'),('3','0','2018-11-16','3','0','','0.00','0.00','0.00','2','0.00','0.00','712.50','285.00','0.00','0.00','0.00','0.00','0.00','0.00','14.25','21.38','712.50','249.37','100.00','0','0','1','2021-11-02 02:21:51','72.197.227.26','1','2021-11-02 02:21:51','72.197.227.26'),('4','0','2018-11-16','4','0','','0.00','1187.50','475.00','5','56.67','0.00','2422.50','969.00','0.00','0.00','0.00','0.00','0.00','0.00','72.20','108.30','3610.00','1263.50','100.00','0','0','1','2021-11-02 02:21:51','72.197.227.26','1','2021-11-02 02:21:51','72.197.227.26');
/*!40000 ALTER TABLE `ft_payroll_current_payroll` ENABLE KEYS */;

DROP TABLE IF EXISTS `ft_payroll_master`;
CREATE TABLE `ft_payroll_master` (
  `id` int(11) NOT NULL AUTO_INCREMENT,
  `type` varchar(100) NOT NULL,
  `status` tinyint(1) NOT NULL DEFAULT '1',
  `is_delete` tinyint(1) NOT NULL DEFAULT '0',
  `created_by` int(12) NOT NULL,
  `created_time` date NOT NULL,
  `created_ip` varchar(100) NOT NULL,
  `modified_by` int(12) NOT NULL,
  `modified_time` datetime NOT NULL,
  `modified_ip` varchar(100) NOT NULL,
  PRIMARY KEY (`id`)
) ENGINE=InnoDB AUTO_INCREMENT=14 DEFAULT CHARSET=latin1;

/*!40000 ALTER TABLE `ft_payroll_master` DISABLE KEYS */;
INSERT INTO `ft_payroll_master` VALUES ('1','E&O Premium','1','0','1','2018-01-31','76.176.130.44','0','0000-00-00 00:00:00',''),('2','Advance','1','0','1','2018-01-31','76.176.130.44','0','0000-00-00 00:00:00',''),('3','12/1/2017','1','0','21','2018-06-23','103.36.122.212','0','0000-00-00 00:00:00',''),('4','12/3/2017','1','0','21','2018-06-23','103.36.122.212','0','0000-00-00 00:00:00',''),('5','12/5/2017','1','0','21','2018-06-23','103.36.122.212','0','0000-00-00 00:00:00',''),('6','12/7/2017','1','0','21','2018-06-23','103.36.122.212','0','0000-00-00 00:00:00',''),('7','12/9/2017','1','0','21','2018-06-23','103.36.122.212','0','0000-00-00 00:00:00',''),('8','12/11/2017','1','0','21','2018-06-23','103.36.122.212','0','0000-00-00 00:00:00',''),('9','Fee Activity','1','0','21','2018-06-23','103.36.122.212','0','0000-00-00 00:00:00',''),('10','BONUS','1','0','21','2018-07-02','103.36.122.212','0','0000-00-00 00:00:00',''),('11','CANCELLATIONS','1','0','21','2018-07-02','103.36.122.212','0','0000-00-00 00:00:00',''),('12','MISCELLANEOUS                                     ','1','0','21','2018-07-02','103.36.122.212','0','0000-00-00 00:00:00',''),('13','OTHER','1','0','21','2018-07-02','103.36.122.212','0','0000-00-00 00:00:00','');
/*!40000 ALTER TABLE `ft_payroll_master` ENABLE KEYS */;

DROP TABLE IF EXISTS `ft_payroll_override_rates`;
CREATE TABLE `ft_payroll_override_rates` (
  `id` int(12) NOT NULL AUTO_INCREMENT,
  `payable_transaction_id` int(12) NOT NULL,
  `transaction_id` int(12) NOT NULL,
  `override_id` int(12) DEFAULT NULL,
  `broker_id` int(12) NOT NULL,
  `receiving_rep` int(12) NOT NULL,
  `rate` varchar(100) NOT NULL,
  `rate_per` varchar(100) DEFAULT NULL,
  `is_override_broker` tinyint(1) NOT NULL DEFAULT '0',
  `over_gross` decimal(8,2) NOT NULL,
  `over_charge` decimal(8,2) NOT NULL,
  `over_paid` decimal(8,2) NOT NULL,
  `status` tinyint(1) NOT NULL DEFAULT '1',
  `is_delete` tinyint(1) NOT NULL,
  `created_by` int(12) NOT NULL,
  `created_time` datetime NOT NULL,
  `created_ip` varchar(100) NOT NULL,
  `modified_by` int(12) NOT NULL,
  `modified_time` datetime NOT NULL,
  `modified_ip` varchar(100) NOT NULL,
  PRIMARY KEY (`id`)
) ENGINE=InnoDB DEFAULT CHARSET=latin1;

/*!40000 ALTER TABLE `ft_payroll_override_rates` DISABLE KEYS */;
/*!40000 ALTER TABLE `ft_payroll_override_rates` ENABLE KEYS */;

DROP TABLE IF EXISTS `ft_payroll_prior_payroll_master`;
CREATE TABLE `ft_payroll_prior_payroll_master` (
  `id` int(12) NOT NULL AUTO_INCREMENT,
  `payroll_date` date NOT NULL,
  `broker_id` int(11) DEFAULT NULL,
  `clearing_number` varchar(100) NOT NULL,
  `gross_production` varchar(100) NOT NULL,
  `check_amount` varchar(100) NOT NULL,
  `minimum_check_amount` decimal(8,2) NOT NULL,
  `finra` decimal(8,2) NOT NULL,
  `sipc` decimal(8,2) NOT NULL,
  `sipc_gross` decimal(8,2) NOT NULL,
  `net_production` varchar(100) NOT NULL,
  `adjustments` varchar(100) NOT NULL,
  `taxable_adjustments` decimal(8,2) NOT NULL DEFAULT '0.00',
  `non-taxable_adjustments` decimal(8,2) NOT NULL DEFAULT '0.00',
  `net_earnings` varchar(100) NOT NULL,
  `status` tinyint(1) NOT NULL DEFAULT '1',
  `is_delete` tinyint(1) NOT NULL DEFAULT '0',
  `created_by` int(12) NOT NULL,
  `created_time` datetime NOT NULL,
  `created_ip` varchar(100) NOT NULL,
  `modified_by` int(12) NOT NULL,
  `modified_time` datetime NOT NULL,
  `modified_ip` varchar(100) NOT NULL,
  PRIMARY KEY (`id`)
) ENGINE=InnoDB AUTO_INCREMENT=3 DEFAULT CHARSET=latin1;

/*!40000 ALTER TABLE `ft_payroll_prior_payroll_master` DISABLE KEYS */;
INSERT INTO `ft_payroll_prior_payroll_master` VALUES ('1','2018-10-23','1','3345','308.75','154.38','0.00','0.00','0.00','0.00','','','100.00','-50.00','','1','0','21','2018-11-01 15:03:39','103.36.122.212','1','2021-10-29 06:28:58','96.55.37.191'),('2','2018-10-23','3','C49','1187.50','475.00','0.00','0.00','0.00','0.00','','','150.00','-65.00','','1','0','21','2018-11-01 15:03:39','103.36.122.212','1','2021-11-02 02:19:16','72.197.227.26');
/*!40000 ALTER TABLE `ft_payroll_prior_payroll_master` ENABLE KEYS */;

DROP TABLE IF EXISTS `ft_payroll_review_master`;
CREATE TABLE `ft_payroll_review_master` (
  `id` int(12) NOT NULL AUTO_INCREMENT,
  `payroll_id` int(12) NOT NULL,
  `trade_number` int(12) NOT NULL,
  `trade_date` date NOT NULL,
  `product` int(12) NOT NULL,
  `product_category` int(12) NOT NULL,
  `client_account_number` varchar(100) NOT NULL,
  `client_name` int(12) NOT NULL,
  `broker_id` int(11) NOT NULL DEFAULT '0',
  `quantity` varchar(100) NOT NULL DEFAULT '0',
  `price` varchar(100) NOT NULL DEFAULT '0',
  `investment_amount` varchar(100) NOT NULL DEFAULT '0',
  `commission_expired` decimal(8,2) NOT NULL DEFAULT '0.00',
  `charge` varchar(100) NOT NULL DEFAULT '0',
  `date_received` date NOT NULL,
  `commission_received` decimal(8,2) NOT NULL DEFAULT '0.00',
  `net_commission` decimal(8,2) NOT NULL DEFAULT '0.00',
  `commission_paid` decimal(8,2) NOT NULL DEFAULT '0.00',
  `adjustments` decimal(8,2) NOT NULL DEFAULT '0.00',
  `taxable_adjustments` decimal(8,2) NOT NULL DEFAULT '0.00',
  `non-taxable_adjustments` decimal(8,2) NOT NULL DEFAULT '0.00',
  `balance` decimal(8,2) NOT NULL DEFAULT '0.00',
  `override_rate` decimal(8,2) NOT NULL DEFAULT '0.00',
  `split_rate` decimal(8,2) NOT NULL DEFAULT '0.00',
  `finra` decimal(8,2) NOT NULL DEFAULT '0.00',
  `sipc` decimal(8,2) NOT NULL DEFAULT '0.00',
  `check_amount` decimal(8,2) NOT NULL DEFAULT '0.00',
  `buy_sell` tinyint(1) NOT NULL DEFAULT '0',
  `is_split` tinyint(1) NOT NULL DEFAULT '0',
  `hold` tinyint(1) NOT NULL DEFAULT '0',
  `hold_reason` varchar(100) NOT NULL DEFAULT '',
  `cancel` tinyint(1) NOT NULL DEFAULT '0',
  `branch` int(12) NOT NULL,
  `is_balance` tinyint(1) NOT NULL DEFAULT '0',
  `status` tinyint(1) NOT NULL DEFAULT '1',
  `is_delete` tinyint(1) NOT NULL DEFAULT '0',
  `created_by` int(12) NOT NULL,
  `created_time` date NOT NULL,
  `created_ip` varchar(100) NOT NULL,
  `modified_by` int(12) NOT NULL,
  `modified_time` datetime NOT NULL,
  `modified_ip` varchar(100) NOT NULL,
  PRIMARY KEY (`id`)
) ENGINE=InnoDB AUTO_INCREMENT=13 DEFAULT CHARSET=latin1;

/*!40000 ALTER TABLE `ft_payroll_review_master` DISABLE KEYS */;
INSERT INTO `ft_payroll_review_master` VALUES ('1','1','16','2016-04-27','1','2','00150247194','1','2','','','6500.00','0.00','10.00','2018-10-23','308.75','298.75','0.00','200.00','250.00','-50.00','0.00','0.00','100.00','2.00','3.00','100.00','1','0','0','','0','1','1','1','1','21','2018-10-23','103.36.122.212','1','2021-11-02 02:21:51','72.197.227.26'),('2','1','27','2016-04-27','6','1','00150247194','1','4','','','10000.00','0.00','0.00','2018-10-23','475.00','475.00','0.00','350.00','400.00','-50.00','0.00','0.00','100.00','2.00','3.00','100.00','1','0','2','','2','0','1','1','1','21','2018-10-23','103.36.122.212','1','2021-11-02 02:21:51','72.197.227.26'),('3','1','28','2016-04-27','6','1','00150247194','1','1','','','6500.00','0.00','0.00','2018-10-23','308.75','308.75','43.23','50.00','100.00','-50.00','0.00','0.00','70.00','2.00','3.00','100.00','1','1','2','','2','1','0','1','0','21','2018-10-23','103.36.122.212','1','2021-11-02 02:21:51','72.197.227.26'),('4','1','31','2016-04-27','6','1','00150247194','1','3','','','25000.00','0.00','0.00','2018-10-23','1187.50','1187.50','142.50','85.00','150.00','-65.00','0.00','0.00','30.00','2.00','3.00','100.00','1','1','2','','2','2','0','1','0','21','2018-10-23','103.36.122.212','1','2021-11-02 02:21:51','72.197.227.26'),('5','3','33','2016-04-27','6','1','00150247194','1','1','','','10000.00','0.00','0.00','2018-11-01','475.00','475.00','38.00','0.00','0.00','0.00','0.00','0.00','40.00','2.00','3.00','100.00','1','2','0','','0','1','0','1','0','21','2018-11-01','103.36.122.212','1','2021-11-02 02:21:51','72.197.227.26'),('6','3','34','2016-04-27','6','1','00150247194','1','2','','','6500.00','0.00','0.00','2018-11-01','308.75','308.75','108.07','0.00','0.00','0.00','0.00','0.00','70.00','2.00','3.00','100.00','1','1','2','','2','1','0','1','0','21','2018-11-01','103.36.122.212','1','2021-11-02 02:21:51','72.197.227.26'),('7','3','37','2016-04-27','6','1','00150247194','1','3','','','25000.00','0.00','0.00','2018-11-01','1187.50','1187.50','142.50','0.00','0.00','0.00','0.00','0.00','30.00','2.00','3.00','100.00','1','1','2','','2','2','0','1','0','21','2018-11-01','103.36.122.212','1','2021-11-02 02:21:51','72.197.227.26'),('8','3','38','2016-04-27','6','1','00150247194','1','1','','','20000.00','0.00','0.00','2018-11-01','950.00','950.00','76.00','0.00','0.00','0.00','0.00','0.00','40.00','2.00','3.00','100.00','1','2','2','','2','1','0','1','0','21','2018-11-01','103.36.122.212','1','2021-11-02 02:21:51','72.197.227.26'),('9','4','35','2016-04-27','6','1','00123456789','2','2','','','6380.00','0.00','0.00','2018-11-15','303.05','303.05','106.07','0.00','0.00','0.00','0.00','0.00','70.00','2.00','3.00','100.00','1','1','2','','2','1','0','1','0','21','2018-11-15','103.36.122.212','1','2021-11-02 02:21:51','72.197.227.26'),('10','4','39','2016-04-27','6','1','00150247194','1','1','','','10000.00','0.00','0.00','2018-11-15','475.00','475.00','38.00','0.00','0.00','0.00','0.00','0.00','40.00','2.00','3.00','100.00','1','2','2','','2','1','0','1','0','21','2018-11-15','103.36.122.212','1','2021-11-02 02:21:51','72.197.227.26'),('11','4','40','2016-04-27','1','2','00150247194','1','2','','','6500.00','0.00','0.00','2018-11-15','308.75','308.75','108.07','0.00','0.00','0.00','0.00','0.00','70.00','2.00','3.00','100.00','1','1','2','','2','1','0','1','0','21','2018-11-15','103.36.122.212','1','2021-11-02 02:21:51','72.197.227.26'),('12','5','48','2016-04-27','6','1','00123456789','2','4','','','25000.00','0.00','0.00','2018-11-23','1187.50','1187.50','475.00','0.00','0.00','0.00','0.00','0.00','100.00','2.00','3.00','100.00','1','0','2','','2','0','0','1','0','21','2018-11-23','103.36.122.212','1','2021-11-02 02:21:51','72.197.227.26');
/*!40000 ALTER TABLE `ft_payroll_review_master` ENABLE KEYS */;

DROP TABLE IF EXISTS `ft_payroll_split_rates`;
CREATE TABLE `ft_payroll_split_rates` (
  `id` int(12) NOT NULL AUTO_INCREMENT,
  `payable_transaction_id` int(12) NOT NULL,
  `transaction_id` int(12) NOT NULL,
  `split_id` int(12) NOT NULL DEFAULT '0',
  `client_id` int(12) NOT NULL,
  `broker_id` int(12) NOT NULL,
  `split_broker` int(12) NOT NULL,
  `split_rate` int(12) NOT NULL,
  `split_rate_per` varchar(100) NOT NULL DEFAULT '0',
  `is_split_broker` tinyint(1) NOT NULL DEFAULT '0',
  `commission_received` decimal(8,2) NOT NULL,
  `trade_charge` decimal(8,2) NOT NULL,
  `split_gross` decimal(8,2) NOT NULL,
  `split_charge` decimal(8,2) NOT NULL,
  `split_paid` decimal(8,2) NOT NULL,
  `status` tinyint(1) NOT NULL DEFAULT '1',
  `is_delete` tinyint(1) NOT NULL,
  `created_by` int(12) NOT NULL,
  `created_time` datetime NOT NULL,
  `created_ip` varchar(100) NOT NULL,
  `modified_by` int(12) NOT NULL,
  `modified_time` datetime NOT NULL,
  `modified_ip` varchar(100) NOT NULL,
  PRIMARY KEY (`id`)
) ENGINE=InnoDB AUTO_INCREMENT=13 DEFAULT CHARSET=latin1;

/*!40000 ALTER TABLE `ft_payroll_split_rates` DISABLE KEYS */;
INSERT INTO `ft_payroll_split_rates` VALUES ('1','3','28','34','0','1','1','30','0','0','308.75','0.00','92.63','0.00','18.53','1','0','1','2021-11-02 02:21:51','72.197.227.26','0','0000-00-00 00:00:00',''),('2','4','31','36','0','3','4','70','0','0','1187.50','0.00','831.25','0.00','332.50','1','0','1','2021-11-02 02:21:51','72.197.227.26','0','0000-00-00 00:00:00',''),('3','5','33','40','0','1','4','40','0','0','475.00','0.00','190.00','0.00','76.00','1','0','1','2021-11-02 02:21:51','72.197.227.26','0','0000-00-00 00:00:00',''),('4','5','33','39','0','1','2','20','0','0','475.00','0.00','95.00','0.00','47.50','1','0','1','2021-11-02 02:21:51','72.197.227.26','0','0000-00-00 00:00:00',''),('5','6','34','41','0','2','1','30','0','0','308.75','0.00','92.63','0.00','18.53','1','0','1','2021-11-02 02:21:51','72.197.227.26','0','0000-00-00 00:00:00',''),('6','9','35','42','0','2','1','30','0','0','303.05','0.00','90.92','0.00','18.18','1','0','1','2021-11-02 02:21:51','72.197.227.26','0','0000-00-00 00:00:00',''),('7','7','37','43','0','3','4','70','0','0','1187.50','0.00','831.25','0.00','332.50','1','0','1','2021-11-02 02:21:51','72.197.227.26','0','0000-00-00 00:00:00',''),('8','8','38','44','0','1','2','20','0','0','950.00','0.00','190.00','0.00','95.00','1','0','1','2021-11-02 02:21:51','72.197.227.26','0','0000-00-00 00:00:00',''),('9','8','38','45','0','1','4','40','0','0','950.00','0.00','380.00','0.00','152.00','1','0','1','2021-11-02 02:21:51','72.197.227.26','0','0000-00-00 00:00:00',''),('10','10','39','46','0','1','2','20','0','0','475.00','0.00','95.00','0.00','47.50','1','0','1','2021-11-02 02:21:51','72.197.227.26','0','0000-00-00 00:00:00',''),('11','10','39','47','0','1','4','40','0','0','475.00','0.00','190.00','0.00','76.00','1','0','1','2021-11-02 02:21:51','72.197.227.26','0','0000-00-00 00:00:00',''),('12','11','40','48','0','2','1','30','0','0','308.75','0.00','92.63','0.00','27.79','1','0','1','2021-11-02 02:21:51','72.197.227.26','0','0000-00-00 00:00:00','');
/*!40000 ALTER TABLE `ft_payroll_split_rates` ENABLE KEYS */;

DROP TABLE IF EXISTS `ft_payroll_upload`;
CREATE TABLE `ft_payroll_upload` (
  `id` int(12) NOT NULL AUTO_INCREMENT,
  `is_calculate` tinyint(1) NOT NULL DEFAULT '0',
  `payroll_date` date NOT NULL,
  `clearing_business_cutoff_date` date NOT NULL,
  `direct_business_cutoff_date` date NOT NULL,
  `is_close` tinyint(1) NOT NULL DEFAULT '0',
  `status` tinyint(1) NOT NULL DEFAULT '1',
  `is_delete` tinyint(1) NOT NULL DEFAULT '0',
  `created_by` int(12) NOT NULL,
  `created_time` datetime NOT NULL,
  `created_ip` varchar(100) NOT NULL,
  `modified_by` int(12) NOT NULL,
  `modified_time` datetime NOT NULL,
  `modified_ip` varchar(100) NOT NULL,
  PRIMARY KEY (`id`)
) ENGINE=InnoDB AUTO_INCREMENT=7 DEFAULT CHARSET=latin1;

/*!40000 ALTER TABLE `ft_payroll_upload` DISABLE KEYS */;
INSERT INTO `ft_payroll_upload` VALUES ('1','1','2018-10-23','2018-10-23','2018-10-23','1','1','0','21','2018-10-23 17:59:01','103.36.122.212','21','2018-10-25 20:31:31','76.176.130.44'),('2','0','0000-00-00','2018-11-01','2018-11-01','0','1','0','21','2018-11-01 15:05:35','103.36.122.212','0','0000-00-00 00:00:00',''),('3','1','2018-11-16','2018-11-01','2018-11-01','0','1','0','21','2018-11-01 15:10:36','103.36.122.212','1','2021-10-14 23:20:26','107.210.168.81'),('4','1','2018-11-16','2018-11-15','2018-11-15','0','1','0','21','2018-11-15 17:40:54','103.36.122.212','1','2021-10-14 23:20:26','107.210.168.81'),('5','1','2018-11-16','2018-11-23','2018-11-23','0','1','0','21','2018-11-23 15:58:47','103.36.122.212','1','2021-10-14 23:20:26','107.210.168.81'),('6','0','0000-00-00','2021-07-09','2021-07-09','0','1','0','1','2021-07-02 22:28:43','107.210.168.81','0','0000-00-00 00:00:00','');
/*!40000 ALTER TABLE `ft_payroll_upload` ENABLE KEYS */;

DROP TABLE IF EXISTS `ft_percentage_detail`;
CREATE TABLE `ft_percentage_detail` (
  `id` int(11) NOT NULL AUTO_INCREMENT,
  `percentage` varchar(10) NOT NULL,
  PRIMARY KEY (`id`)
) ENGINE=InnoDB AUTO_INCREMENT=21 DEFAULT CHARSET=latin1;

/*!40000 ALTER TABLE `ft_percentage_detail` DISABLE KEYS */;
INSERT INTO `ft_percentage_detail` VALUES ('1','0%-5%'),('2','5%-10%'),('3','10%-15%'),('4','15%-20%'),('5','20%-25%'),('6','25%-30%'),('7','30%-35%'),('8','35%-40%'),('9','40%-45%'),('10','45%-50%'),('11','50%-55%'),('12','55%-60%'),('13','60%-65%'),('14','65%-70%'),('15','70%-75%'),('16','75%-80%'),('17','80%-85%'),('18','85%-90%'),('19','90%-95%'),('20','95%-100%');
/*!40000 ALTER TABLE `ft_percentage_detail` ENABLE KEYS */;

DROP TABLE IF EXISTS `ft_portfolio_master`;
CREATE TABLE `ft_portfolio_master` (
  `id` int(11) NOT NULL AUTO_INCREMENT,
  `option` varchar(100) NOT NULL,
  `u_id` int(8) NOT NULL,
  `status` tinyint(1) NOT NULL DEFAULT '1',
  `is_delete` tinyint(1) NOT NULL DEFAULT '0',
  `created_by` int(12) NOT NULL,
  `created_time` datetime NOT NULL,
  `created_ip` varchar(100) NOT NULL,
  `modified_by` int(12) NOT NULL,
  `modified_time` datetime NOT NULL,
  `modified_ip` varchar(100) NOT NULL,
  PRIMARY KEY (`id`)
) ENGINE=InnoDB AUTO_INCREMENT=2 DEFAULT CHARSET=latin1;

/*!40000 ALTER TABLE `ft_portfolio_master` DISABLE KEYS */;
INSERT INTO `ft_portfolio_master` VALUES ('1','75','0','1','0','4','2017-12-09 11:38:33','192.168.30.30','0','0000-00-00 00:00:00','');
/*!40000 ALTER TABLE `ft_portfolio_master` ENABLE KEYS */;

DROP TABLE IF EXISTS `ft_product_attach`;
CREATE TABLE `ft_product_attach` (
  `id` int(12) NOT NULL AUTO_INCREMENT,
  `date` datetime NOT NULL,
  `user_id` varchar(100) NOT NULL,
  `attach` varchar(100) NOT NULL,
  `file_name` varchar(50) NOT NULL,
  `status` tinyint(1) NOT NULL DEFAULT '1',
  `is_delete` tinyint(1) NOT NULL DEFAULT '0',
  `created_by` int(12) NOT NULL,
  `created_time` datetime NOT NULL,
  `created_ip` varchar(100) NOT NULL,
  `modified_by` int(12) NOT NULL,
  `modified_time` datetime NOT NULL,
  `modified_ip` varchar(100) NOT NULL,
  PRIMARY KEY (`id`)
) ENGINE=InnoDB AUTO_INCREMENT=2 DEFAULT CHARSET=latin1;

/*!40000 ALTER TABLE `ft_product_attach` DISABLE KEYS */;
INSERT INTO `ft_product_attach` VALUES ('1','2018-01-02 00:00:00','user02','1514898379754797.png','apple-touch-icon@2.png','1','1','2','2018-01-02 18:36:19','103.36.122.212','0','0000-00-00 00:00:00','');
/*!40000 ALTER TABLE `ft_product_attach` ENABLE KEYS */;

DROP TABLE IF EXISTS `ft_product_maintenance`;
CREATE TABLE `ft_product_maintenance` (
  `id` int(11) NOT NULL AUTO_INCREMENT,
  `category` varchar(50) DEFAULT NULL,
  `name` varchar(30) NOT NULL,
  `sponsor` varchar(30) NOT NULL,
  `ticker_symbol` varchar(30) NOT NULL,
  `cusip` varchar(15) NOT NULL,
  `security` varchar(30) NOT NULL,
  `receive` tinyint(6) NOT NULL,
  `income` varchar(20) NOT NULL,
  `networth` varchar(20) NOT NULL,
  `networthonly` varchar(30) NOT NULL,
  `minimum_investment` varchar(20) NOT NULL,
  `minimum_offer` varchar(20) NOT NULL,
  `maximum_offer` varchar(20) NOT NULL,
  `objective` varchar(30) NOT NULL,
  `non_commissionable` varchar(20) NOT NULL,
  `class_type` varchar(10) NOT NULL,
  `fund_code` varchar(20) NOT NULL,
  `sweep_fee` varchar(10) NOT NULL,
  `threshold` varchar(20) NOT NULL,
  `rate` varchar(20) NOT NULL,
  `ria_specific` varchar(30) NOT NULL,
  `ria_specific_type` varchar(30) NOT NULL,
  `based` varchar(10) NOT NULL,
  `fee_rate` varchar(30) NOT NULL,
  `st_bo` varchar(10) NOT NULL,
  `m_date` date NOT NULL,
  `type` varchar(30) NOT NULL,
  `var` varchar(20) NOT NULL,
  `reg_type` varchar(40) NOT NULL,
  `status` tinyint(1) NOT NULL DEFAULT '1',
  `is_delete` tinyint(1) NOT NULL DEFAULT '0',
  `created_by` int(12) NOT NULL,
  `created_time` date NOT NULL,
  `created_ip` varchar(100) NOT NULL,
  `modified_by` int(12) NOT NULL,
  `modified_time` datetime NOT NULL,
  `modified_ip` varchar(100) NOT NULL,
  PRIMARY KEY (`id`)
) ENGINE=InnoDB DEFAULT CHARSET=latin1;

/*!40000 ALTER TABLE `ft_product_maintenance` DISABLE KEYS */;
/*!40000 ALTER TABLE `ft_product_maintenance` ENABLE KEYS */;

DROP TABLE IF EXISTS `ft_product_notes`;
CREATE TABLE `ft_product_notes` (
  `id` int(12) NOT NULL AUTO_INCREMENT,
  `date` datetime NOT NULL,
  `user_id` varchar(100) NOT NULL,
  `notes` varchar(100) NOT NULL,
  `status` tinyint(1) NOT NULL DEFAULT '1',
  `is_delete` tinyint(1) NOT NULL DEFAULT '0',
  `created_by` int(12) NOT NULL,
  `created_time` datetime NOT NULL,
  `created_ip` varchar(100) NOT NULL,
  `modified_by` int(12) NOT NULL,
  `modified_time` datetime NOT NULL,
  `modified_ip` varchar(100) NOT NULL,
  PRIMARY KEY (`id`)
) ENGINE=InnoDB AUTO_INCREMENT=2 DEFAULT CHARSET=latin1;

/*!40000 ALTER TABLE `ft_product_notes` DISABLE KEYS */;
INSERT INTO `ft_product_notes` VALUES ('1','2018-05-08 00:00:00','marcus','test note','1','0','21','2018-05-08 10:16:01','103.36.122.212','0','0000-00-00 00:00:00','');
/*!40000 ALTER TABLE `ft_product_notes` ENABLE KEYS */;

DROP TABLE IF EXISTS `ft_product_type`;
CREATE TABLE `ft_product_type` (
  `id` int(11) NOT NULL AUTO_INCREMENT,
  `type` varchar(100) NOT NULL,
  `type_code` varchar(100) NOT NULL,
  `status` tinyint(1) NOT NULL DEFAULT '1',
  `is_delete` tinyint(1) NOT NULL DEFAULT '0',
  `created_by` int(12) NOT NULL DEFAULT '0',
  `created_time` datetime NOT NULL,
  `created_ip` varchar(100) NOT NULL,
  `modified_by` int(12) NOT NULL DEFAULT '0',
  `modified_time` datetime NOT NULL,
  `modified_ip` varchar(100) NOT NULL,
  `sponsor_id` int(11) DEFAULT NULL,
  `sort_order` int(11) DEFAULT NULL,
  PRIMARY KEY (`id`)
) ENGINE=InnoDB AUTO_INCREMENT=21 DEFAULT CHARSET=latin1;

/*!40000 ALTER TABLE `ft_product_type` DISABLE KEYS */;
INSERT INTO `ft_product_type` VALUES ('1','Mutual Funds','MF','1','0','3','2018-02-06 16:01:25','192.168.30.30','1','2021-10-22 04:48:22','107.210.168.81',NULL,'1'),('2','Stocks','','1','0','3','2018-02-06 16:03:55','192.168.30.30','0','0000-00-00 00:00:00','',NULL,NULL),('3','Bonds','','1','0','3','2018-02-06 16:04:11','192.168.30.30','0','0000-00-00 00:00:00','',NULL,NULL),('4','Variable Annuities','VA','1','0','3','2018-02-06 16:04:24','192.168.30.30','3','2018-04-09 09:16:02','192.168.30.30',NULL,'2'),('5','Fixed Annuities','','1','0','3','2018-02-06 16:04:41','192.168.30.30','0','0000-00-00 00:00:00','',NULL,'3'),('6','Options','','1','0','3','2018-02-06 16:04:59','192.168.30.30','0','0000-00-00 00:00:00','',NULL,NULL),('7','UIT\'s','','1','0','3','2018-02-06 16:05:12','192.168.30.30','0','0000-00-00 00:00:00','',NULL,NULL),('8','CD\'s','','1','0','3','2018-02-06 16:05:28','192.168.30.30','0','0000-00-00 00:00:00','',NULL,NULL),('9','REIT\'s','RT','1','0','3','2018-02-06 16:05:44','192.168.30.30','3','2018-04-09 09:24:05','192.168.30.30',NULL,NULL),('10','Limited Partnerships','','1','0','3','2018-02-06 16:06:01','192.168.30.30','0','0000-00-00 00:00:00','',NULL,NULL),('11','Investment Banking','','1','0','3','2018-02-21 09:17:56','192.168.30.20','0','0000-00-00 00:00:00','',NULL,NULL),('12','RIA','','1','0','3','2018-02-21 09:18:20','192.168.30.20','0','0000-00-00 00:00:00','',NULL,'5'),('13','Program Manager','PM','0','0','21','2018-04-26 19:02:50','103.36.122.212','0','0000-00-00 00:00:00','',NULL,NULL),('14','Variable Universal Life Insure','VL','1','0','21','2018-04-26 19:03:55','103.36.122.212','0','0000-00-00 00:00:00','',NULL,NULL),('15','Cryptocurrency','CC','1','0','21','2018-05-08 20:32:40','76.176.130.44','0','0000-00-00 00:00:00','',NULL,NULL),('16','Alternative Investments','','1','0','21','2021-08-11 17:03:02','49.34.172.53','0','0000-00-00 00:00:00','',NULL,NULL),('17','Financial Planning','','1','0','21','2021-08-11 17:03:22','49.34.172.53','0','0000-00-00 00:00:00','',NULL,NULL),('18','Fixed Indexed Annuities','','1','0','21','2021-08-11 17:03:39','49.34.172.53','0','0000-00-00 00:00:00','',NULL,NULL),('19','Group Annuity Contract','','1','0','21','2021-08-11 17:03:55','49.34.172.53','0','0000-00-00 00:00:00','',NULL,'4'),('20','Life Settlement','','1','0','21','2021-08-11 17:04:12','49.34.172.53','0','0000-00-00 00:00:00','',NULL,NULL);
/*!40000 ALTER TABLE `ft_product_type` ENABLE KEYS */;

DROP TABLE IF EXISTS `ft_recurring_type_master`;
CREATE TABLE `ft_recurring_type_master` (
  `id` int(12) NOT NULL AUTO_INCREMENT,
  `name` varchar(100) NOT NULL,
  `status` tinyint(1) NOT NULL DEFAULT '1',
  `is_delete` tinyint(1) NOT NULL DEFAULT '0',
  `created_by` int(12) NOT NULL,
  `created_time` datetime NOT NULL,
  `created_ip` varchar(100) NOT NULL,
  `modified_by` int(12) NOT NULL,
  `modified_time` datetime NOT NULL,
  `modified_ip` varchar(100) NOT NULL,
  PRIMARY KEY (`id`)
) ENGINE=InnoDB AUTO_INCREMENT=8 DEFAULT CHARSET=latin1;

/*!40000 ALTER TABLE `ft_recurring_type_master` DISABLE KEYS */;
INSERT INTO `ft_recurring_type_master` VALUES ('1','Both Payrolls','1','0','0','0000-00-00 00:00:00','','0','0000-00-00 00:00:00',''),('2','Mid Month','1','0','0','0000-00-00 00:00:00','','0','0000-00-00 00:00:00',''),('3','End-Of-Month','1','0','0','0000-00-00 00:00:00','','0','0000-00-00 00:00:00',''),('4','Semi-Annually Mid-Month','1','0','0','0000-00-00 00:00:00','','0','0000-00-00 00:00:00',''),('5','Semi-Annually End-Of-Month','1','0','0','0000-00-00 00:00:00','','0','0000-00-00 00:00:00',''),('6','Quarterly Mid-Month','1','0','0','0000-00-00 00:00:00','','0','0000-00-00 00:00:00',''),('7','Quarterly End-Of-Month','1','0','0','0000-00-00 00:00:00','','0','0000-00-00 00:00:00','');
/*!40000 ALTER TABLE `ft_recurring_type_master` ENABLE KEYS */;

DROP TABLE IF EXISTS `ft_register_master`;
CREATE TABLE `ft_register_master` (
  `id` int(11) NOT NULL AUTO_INCREMENT,
  `type` varchar(20) NOT NULL,
  `status` tinyint(1) NOT NULL DEFAULT '1',
  `is_delete` tinyint(1) NOT NULL DEFAULT '0',
  `created_by` int(12) NOT NULL,
  `created_time` datetime NOT NULL,
  `created_ip` varchar(100) NOT NULL,
  `modified_by` int(12) NOT NULL,
  `modified_time` datetime NOT NULL,
  `modified_ip` varchar(100) NOT NULL,
  PRIMARY KEY (`id`)
) ENGINE=InnoDB AUTO_INCREMENT=44 DEFAULT CHARSET=latin1;

/*!40000 ALTER TABLE `ft_register_master` DISABLE KEYS */;
INSERT INTO `ft_register_master` VALUES ('1','Series 1','1','0','0','0000-00-00 00:00:00','','0','0000-00-00 00:00:00',''),('2','Series 2','1','0','0','0000-00-00 00:00:00','','0','0000-00-00 00:00:00',''),('3','Series 4','1','0','0','0000-00-00 00:00:00','','0','0000-00-00 00:00:00',''),('4','Series 5','1','0','0','0000-00-00 00:00:00','','0','0000-00-00 00:00:00',''),('5','Series 6','1','0','0','0000-00-00 00:00:00','','0','0000-00-00 00:00:00',''),('6','Series 7','1','0','0','0000-00-00 00:00:00','','0','0000-00-00 00:00:00',''),('7','Series 9','1','0','0','0000-00-00 00:00:00','','0','0000-00-00 00:00:00',''),('8','Series 10','1','0','0','0000-00-00 00:00:00','','0','0000-00-00 00:00:00',''),('9','Series 11','1','0','0','0000-00-00 00:00:00','','0','0000-00-00 00:00:00',''),('10','Series 14','1','0','0','0000-00-00 00:00:00','','0','0000-00-00 00:00:00',''),('11','Series 15','1','0','0','0000-00-00 00:00:00','','0','0000-00-00 00:00:00',''),('12','Series 16','1','0','0','0000-00-00 00:00:00','','0','0000-00-00 00:00:00',''),('13','Series 17','1','0','0','0000-00-00 00:00:00','','0','0000-00-00 00:00:00',''),('14','Series 22','1','0','0','0000-00-00 00:00:00','','0','0000-00-00 00:00:00',''),('15','Series 23','1','0','0','0000-00-00 00:00:00','','0','0000-00-00 00:00:00',''),('16','Series 24','1','0','0','0000-00-00 00:00:00','','0','0000-00-00 00:00:00',''),('17','Series 26','1','0','0','0000-00-00 00:00:00','','0','0000-00-00 00:00:00',''),('18','Series 27','1','0','0','0000-00-00 00:00:00','','0','0000-00-00 00:00:00',''),('19','Series 28','1','0','0','0000-00-00 00:00:00','','0','0000-00-00 00:00:00',''),('20','Series 30','1','0','0','0000-00-00 00:00:00','','0','0000-00-00 00:00:00',''),('21','Series 31','1','0','0','0000-00-00 00:00:00','','0','0000-00-00 00:00:00',''),('22','Series 32','1','0','0','0000-00-00 00:00:00','','0','0000-00-00 00:00:00',''),('23','Series 33','1','0','0','0000-00-00 00:00:00','','0','0000-00-00 00:00:00',''),('24','Series 37','1','0','0','0000-00-00 00:00:00','','0','0000-00-00 00:00:00',''),('25','Series 38','1','0','0','0000-00-00 00:00:00','','0','0000-00-00 00:00:00',''),('26','Series 39','1','0','0','0000-00-00 00:00:00','','0','0000-00-00 00:00:00',''),('27','Series 42','1','0','0','0000-00-00 00:00:00','','0','0000-00-00 00:00:00',''),('28','Series 51','1','0','0','0000-00-00 00:00:00','','0','0000-00-00 00:00:00',''),('29','Series 52','1','0','0','0000-00-00 00:00:00','','0','0000-00-00 00:00:00',''),('30','Series 53','1','0','0','0000-00-00 00:00:00','','0','0000-00-00 00:00:00',''),('31','Series 55','1','0','0','0000-00-00 00:00:00','','0','0000-00-00 00:00:00',''),('32','Series 62','1','0','0','0000-00-00 00:00:00','','0','0000-00-00 00:00:00',''),('33','Series 63','1','0','0','0000-00-00 00:00:00','','0','0000-00-00 00:00:00',''),('34','Series 64','1','0','0','0000-00-00 00:00:00','','0','0000-00-00 00:00:00',''),('35','Series 65','1','0','0','0000-00-00 00:00:00','','0','0000-00-00 00:00:00',''),('36','Series 66','1','0','0','0000-00-00 00:00:00','','0','0000-00-00 00:00:00',''),('37','Series 72','1','0','0','0000-00-00 00:00:00','','0','0000-00-00 00:00:00',''),('38','Series 82','1','0','0','0000-00-00 00:00:00','','0','0000-00-00 00:00:00',''),('39','Series 86','1','0','0','0000-00-00 00:00:00','','0','0000-00-00 00:00:00',''),('40','Series 87','1','0','0','0000-00-00 00:00:00','','0','0000-00-00 00:00:00',''),('41','Variable Annuities','1','0','0','0000-00-00 00:00:00','','0','0000-00-00 00:00:00',''),('42','Variable Life','1','0','0','0000-00-00 00:00:00','','0','0000-00-00 00:00:00',''),('43','Life Insurance','1','0','0','0000-00-00 00:00:00','','0','0000-00-00 00:00:00','');
/*!40000 ALTER TABLE `ft_register_master` ENABLE KEYS */;

DROP TABLE IF EXISTS `ft_risk_tolerance_master`;
CREATE TABLE `ft_risk_tolerance_master` (
  `id` int(11) NOT NULL AUTO_INCREMENT,
  `option` varchar(100) NOT NULL,
  `u_id` int(8) NOT NULL,
  `status` tinyint(1) NOT NULL DEFAULT '1',
  `is_delete` tinyint(1) NOT NULL DEFAULT '0',
  `created_by` int(12) NOT NULL,
  `created_time` datetime NOT NULL,
  `created_ip` varchar(100) NOT NULL,
  `modified_by` int(12) NOT NULL,
  `modified_time` datetime NOT NULL,
  `modified_ip` varchar(100) NOT NULL,
  PRIMARY KEY (`id`)
) ENGINE=InnoDB DEFAULT CHARSET=latin1;

/*!40000 ALTER TABLE `ft_risk_tolerance_master` DISABLE KEYS */;
/*!40000 ALTER TABLE `ft_risk_tolerance_master` ENABLE KEYS */;

DROP TABLE IF EXISTS `ft_rule_master`;
CREATE TABLE `ft_rule_master` (
  `id` int(11) NOT NULL AUTO_INCREMENT,
  `rule` varchar(100) NOT NULL,
  PRIMARY KEY (`id`)
) ENGINE=InnoDB AUTO_INCREMENT=23 DEFAULT CHARSET=latin1;

/*!40000 ALTER TABLE `ft_rule_master` DISABLE KEYS */;
INSERT INTO `ft_rule_master` VALUES ('1','Broker Licensed Appropriately - Importing Trades'),('2','Broker Licensed Appropriately - Manual Trade Entry'),('3','Commission Rate Excessive: Commission vs. Principal'),('4','Client Account Deficient Documentation - Importing Trades'),('5','Client Account Deficient Documentation - Manual Trade Entry'),('6','Broker Active (Not Terminated)'),('7','Investment Objectives Compatibility'),('8','Broker Appointed to Insurance Company'),('9','Continuing Education Window Exceeded'),('10','OFAC - Importing Clients'),('11','OFAC - Manual Client Entry'),('12','FinCEN - Importing Clients'),('13','FinCEN - Manual Client Entry'),('14','Client of Legal Age'),('15','Birth Date Specified for Client'),('16','Principal Amount Near Product Breakpoint (Mutual Funds)'),('17','Client Account Proof of Identity Specified'),('18','Client Account State Specified'),('19','Client Account Income Sufficient (Limited Partnerships)'),('20','Client Account Net Worth Sufficient (Limited Partnerships)'),('21','Specified Broker Matches Client\'s Assigned Broker'),('22','Broker Commissions Are on Hold');
/*!40000 ALTER TABLE `ft_rule_master` ENABLE KEYS */;

DROP TABLE IF EXISTS `ft_rules_action`;
CREATE TABLE `ft_rules_action` (
  `id` int(11) NOT NULL AUTO_INCREMENT,
  `action` varchar(100) NOT NULL,
  PRIMARY KEY (`id`)
) ENGINE=InnoDB AUTO_INCREMENT=7 DEFAULT CHARSET=latin1;

/*!40000 ALTER TABLE `ft_rules_action` DISABLE KEYS */;
INSERT INTO `ft_rules_action` VALUES ('1','Do Nothing'),('2','Warning Message'),('3','Hold Commission'),('4','Create an Exception'),('5','Reassign to Another Broker'),('6','Delete / Do Not Allow');
/*!40000 ALTER TABLE `ft_rules_action` ENABLE KEYS */;

DROP TABLE IF EXISTS `ft_rules_details`;
CREATE TABLE `ft_rules_details` (
  `id` int(12) NOT NULL AUTO_INCREMENT,
  `in_force` tinyint(1) NOT NULL DEFAULT '0',
  `rule` int(11) NOT NULL,
  `action` int(11) NOT NULL,
  `parameter_1` varchar(15) NOT NULL,
  `parameter1` int(11) NOT NULL,
  `parameter_2` varchar(15) NOT NULL,
  `parameter2` int(11) NOT NULL,
  `status` tinyint(1) NOT NULL DEFAULT '1',
  `is_delete` tinyint(1) NOT NULL DEFAULT '0',
  `created_by` int(12) NOT NULL,
  `created_ip` varchar(100) NOT NULL,
  `created_time` datetime NOT NULL,
  `modified_by` int(12) NOT NULL,
  `modified_ip` varchar(100) NOT NULL,
  `modified_time` datetime NOT NULL,
  PRIMARY KEY (`id`)
) ENGINE=InnoDB AUTO_INCREMENT=126 DEFAULT CHARSET=latin1;

/*!40000 ALTER TABLE `ft_rules_details` DISABLE KEYS */;
INSERT INTO `ft_rules_details` VALUES ('1','1','1','5','','1','','1','1','1','21','103.36.122.212','2018-05-10 09:40:36','0','','0000-00-00 00:00:00'),('2','1','2','3','10','0','20','0','1','1','21','103.36.122.212','2018-05-10 09:40:36','0','','0000-00-00 00:00:00'),('3','1','3','6','20','0','30','0','1','1','21','103.36.122.212','2018-05-10 09:40:36','0','','0000-00-00 00:00:00'),('4','0','4','0','','0','','0','1','1','21','103.36.122.212','2018-05-10 09:40:36','0','','0000-00-00 00:00:00'),('5','0','5','0','','0','','0','1','1','21','103.36.122.212','2018-05-10 09:40:36','0','','0000-00-00 00:00:00'),('6','0','6','0','','0','','0','1','1','21','103.36.122.212','2018-05-10 09:40:36','0','','0000-00-00 00:00:00'),('7','0','7','0','','0','','0','1','1','21','103.36.122.212','2018-05-10 09:40:36','0','','0000-00-00 00:00:00'),('8','0','8','0','','0','','0','1','1','21','103.36.122.212','2018-05-10 09:40:36','0','','0000-00-00 00:00:00'),('9','0','9','0','','0','','0','1','1','21','103.36.122.212','2018-05-10 09:40:36','0','','0000-00-00 00:00:00'),('10','0','10','0','','0','','0','1','1','21','103.36.122.212','2018-05-10 09:40:36','0','','0000-00-00 00:00:00'),('11','0','11','0','','0','','0','1','1','21','103.36.122.212','2018-05-10 09:40:36','0','','0000-00-00 00:00:00'),('12','0','12','0','','0','','0','1','1','21','103.36.122.212','2018-05-10 09:40:36','0','','0000-00-00 00:00:00'),('13','0','13','0','','0','','0','1','1','21','103.36.122.212','2018-05-10 09:40:36','0','','0000-00-00 00:00:00'),('14','0','14','0','','0','','0','1','1','21','103.36.122.212','2018-05-10 09:40:36','0','','0000-00-00 00:00:00'),('15','0','15','0','','0','','0','1','1','21','103.36.122.212','2018-05-10 09:40:36','0','','0000-00-00 00:00:00'),('16','0','16','0','','0','','0','1','1','21','103.36.122.212','2018-05-10 09:40:36','0','','0000-00-00 00:00:00'),('17','0','17','0','','0','','0','1','1','21','103.36.122.212','2018-05-10 09:40:36','0','','0000-00-00 00:00:00'),('18','0','18','0','','0','','0','1','1','21','103.36.122.212','2018-05-10 09:40:36','0','','0000-00-00 00:00:00'),('19','0','19','0','','0','','0','1','1','21','103.36.122.212','2018-05-10 09:40:36','0','','0000-00-00 00:00:00'),('20','0','20','0','','0','','0','1','1','21','103.36.122.212','2018-05-10 09:40:36','0','','0000-00-00 00:00:00'),('21','0','21','0','','0','','0','1','1','21','103.36.122.212','2018-05-10 09:40:36','0','','0000-00-00 00:00:00'),('22','0','22','0','','0','','0','1','1','21','103.36.122.212','2018-05-10 09:40:36','0','','0000-00-00 00:00:00'),('23','1','1','5','','1','','1','1','1','21','103.36.122.212','2018-05-10 09:40:58','0','','0000-00-00 00:00:00'),('24','1','2','3','10','0','20','0','1','1','21','103.36.122.212','2018-05-10 09:40:58','0','','0000-00-00 00:00:00'),('25','1','3','6','20','0','30','0','1','1','21','103.36.122.212','2018-05-10 09:40:58','0','','0000-00-00 00:00:00'),('26','1','4','2','30','0','40','0','1','1','21','103.36.122.212','2018-05-10 09:40:58','0','','0000-00-00 00:00:00'),('27','0','5','0','','0','','0','1','1','21','103.36.122.212','2018-05-10 09:40:58','0','','0000-00-00 00:00:00'),('28','0','6','0','','0','','0','1','1','21','103.36.122.212','2018-05-10 09:40:58','0','','0000-00-00 00:00:00'),('29','0','7','0','','0','','0','1','1','21','103.36.122.212','2018-05-10 09:40:58','0','','0000-00-00 00:00:00'),('30','0','8','0','','0','','0','1','1','21','103.36.122.212','2018-05-10 09:40:58','0','','0000-00-00 00:00:00'),('31','0','9','0','','0','','0','1','1','21','103.36.122.212','2018-05-10 09:40:58','0','','0000-00-00 00:00:00'),('32','0','10','0','','0','','0','1','1','21','103.36.122.212','2018-05-10 09:40:58','0','','0000-00-00 00:00:00'),('33','0','11','0','','0','','0','1','1','21','103.36.122.212','2018-05-10 09:40:58','0','','0000-00-00 00:00:00'),('34','0','12','0','','0','','0','1','1','21','103.36.122.212','2018-05-10 09:40:58','0','','0000-00-00 00:00:00'),('35','0','13','0','','0','','0','1','1','21','103.36.122.212','2018-05-10 09:40:58','0','','0000-00-00 00:00:00'),('36','0','14','0','','0','','0','1','1','21','103.36.122.212','2018-05-10 09:40:58','0','','0000-00-00 00:00:00'),('37','0','15','0','','0','','0','1','1','21','103.36.122.212','2018-05-10 09:40:58','0','','0000-00-00 00:00:00'),('38','0','16','0','','0','','0','1','1','21','103.36.122.212','2018-05-10 09:40:58','0','','0000-00-00 00:00:00'),('39','0','17','0','','0','','0','1','1','21','103.36.122.212','2018-05-10 09:40:58','0','','0000-00-00 00:00:00'),('40','0','18','0','','0','','0','1','1','21','103.36.122.212','2018-05-10 09:40:58','0','','0000-00-00 00:00:00'),('41','0','19','0','','0','','0','1','1','21','103.36.122.212','2018-05-10 09:40:58','0','','0000-00-00 00:00:00'),('42','0','20','0','','0','','0','1','1','21','103.36.122.212','2018-05-10 09:40:58','0','','0000-00-00 00:00:00'),('43','0','21','0','','0','','0','1','1','21','103.36.122.212','2018-05-10 09:40:58','0','','0000-00-00 00:00:00'),('44','0','22','0','','0','','0','1','1','21','103.36.122.212','2018-05-10 09:40:58','0','','0000-00-00 00:00:00'),('45','1','1','5','','1','','1','1','1','21','103.36.122.212','2018-05-10 12:17:05','0','','0000-00-00 00:00:00'),('46','1','2','3','10','0','20','0','1','1','21','103.36.122.212','2018-05-10 12:17:05','0','','0000-00-00 00:00:00'),('47','1','3','6','20','0','30','0','1','1','21','103.36.122.212','2018-05-10 12:17:05','0','','0000-00-00 00:00:00'),('48','1','4','2','30','0','40','0','1','1','21','103.36.122.212','2018-05-10 12:17:05','0','','0000-00-00 00:00:00'),('49','1','5','3','10','0','15','0','1','1','21','103.36.122.212','2018-05-10 12:17:05','0','','0000-00-00 00:00:00'),('50','0','6','0','','0','','0','1','1','21','103.36.122.212','2018-05-10 12:17:05','0','','0000-00-00 00:00:00'),('51','0','7','0','','0','','0','1','1','21','103.36.122.212','2018-05-10 12:17:05','0','','0000-00-00 00:00:00'),('52','0','8','0','','0','','0','1','1','21','103.36.122.212','2018-05-10 12:17:05','0','','0000-00-00 00:00:00'),('53','0','9','0','','0','','0','1','1','21','103.36.122.212','2018-05-10 12:17:05','0','','0000-00-00 00:00:00'),('54','0','10','0','','0','','0','1','1','21','103.36.122.212','2018-05-10 12:17:05','0','','0000-00-00 00:00:00'),('55','0','11','0','','0','','0','1','1','21','103.36.122.212','2018-05-10 12:17:05','0','','0000-00-00 00:00:00'),('56','0','12','0','','0','','0','1','1','21','103.36.122.212','2018-05-10 12:17:05','0','','0000-00-00 00:00:00'),('57','0','13','0','','0','','0','1','1','21','103.36.122.212','2018-05-10 12:17:05','0','','0000-00-00 00:00:00'),('58','0','14','0','','0','','0','1','1','21','103.36.122.212','2018-05-10 12:17:05','0','','0000-00-00 00:00:00'),('59','0','15','0','','0','','0','1','1','21','103.36.122.212','2018-05-10 12:17:05','0','','0000-00-00 00:00:00'),('60','0','16','0','','0','','0','1','1','21','103.36.122.212','2018-05-10 12:17:05','0','','0000-00-00 00:00:00'),('61','0','17','0','','0','','0','1','1','21','103.36.122.212','2018-05-10 12:17:05','0','','0000-00-00 00:00:00'),('62','0','18','0','','0','','0','1','1','21','103.36.122.212','2018-05-10 12:17:05','0','','0000-00-00 00:00:00'),('63','0','19','0','','0','','0','1','1','21','103.36.122.212','2018-05-10 12:17:05','0','','0000-00-00 00:00:00'),('64','0','20','0','','0','','0','1','1','21','103.36.122.212','2018-05-10 12:17:05','0','','0000-00-00 00:00:00'),('65','0','21','0','','0','','0','1','1','21','103.36.122.212','2018-05-10 12:17:05','0','','0000-00-00 00:00:00'),('66','0','22','0','','0','','0','1','1','21','103.36.122.212','2018-05-10 12:17:05','0','','0000-00-00 00:00:00'),('67','1','1','5','','1','','1','1','1','21','103.36.122.212','2018-05-10 12:27:46','0','','0000-00-00 00:00:00'),('68','1','2','3','10','0','20','0','1','1','21','103.36.122.212','2018-05-10 12:27:46','0','','0000-00-00 00:00:00'),('69','1','3','6','20','0','30','0','1','1','21','103.36.122.212','2018-05-10 12:27:46','0','','0000-00-00 00:00:00'),('70','1','4','2','30','0','40','0','1','1','21','103.36.122.212','2018-05-10 12:27:46','0','','0000-00-00 00:00:00'),('71','1','5','3','10','0','15','0','1','1','21','103.36.122.212','2018-05-10 12:27:46','0','','0000-00-00 00:00:00'),('72','1','6','4','44','0','66','0','1','1','21','103.36.122.212','2018-05-10 12:27:46','0','','0000-00-00 00:00:00'),('73','0','7','0','','0','','0','1','1','21','103.36.122.212','2018-05-10 12:27:46','0','','0000-00-00 00:00:00'),('74','0','8','0','','0','','0','1','1','21','103.36.122.212','2018-05-10 12:27:46','0','','0000-00-00 00:00:00'),('75','0','9','0','','0','','0','1','1','21','103.36.122.212','2018-05-10 12:27:46','0','','0000-00-00 00:00:00'),('76','0','10','0','','0','','0','1','1','21','103.36.122.212','2018-05-10 12:27:46','0','','0000-00-00 00:00:00'),('77','0','11','0','','0','','0','1','1','21','103.36.122.212','2018-05-10 12:27:46','0','','0000-00-00 00:00:00'),('78','0','12','0','','0','','0','1','1','21','103.36.122.212','2018-05-10 12:27:46','0','','0000-00-00 00:00:00'),('79','0','13','0','','0','','0','1','1','21','103.36.122.212','2018-05-10 12:27:46','0','','0000-00-00 00:00:00'),('80','0','14','0','','0','','0','1','1','21','103.36.122.212','2018-05-10 12:27:46','0','','0000-00-00 00:00:00'),('81','0','15','0','','0','','0','1','1','21','103.36.122.212','2018-05-10 12:27:46','0','','0000-00-00 00:00:00'),('82','0','16','0','','0','','0','1','1','21','103.36.122.212','2018-05-10 12:27:46','0','','0000-00-00 00:00:00'),('83','0','17','0','','0','','0','1','1','21','103.36.122.212','2018-05-10 12:27:46','0','','0000-00-00 00:00:00'),('84','0','18','0','','0','','0','1','1','21','103.36.122.212','2018-05-10 12:27:46','0','','0000-00-00 00:00:00'),('85','0','19','0','','0','','0','1','1','21','103.36.122.212','2018-05-10 12:27:46','0','','0000-00-00 00:00:00'),('86','0','20','0','','0','','0','1','1','21','103.36.122.212','2018-05-10 12:27:46','0','','0000-00-00 00:00:00'),('87','0','21','0','','0','','0','1','1','21','103.36.122.212','2018-05-10 12:27:46','0','','0000-00-00 00:00:00'),('88','0','22','0','','0','','0','1','1','21','103.36.122.212','2018-05-10 12:27:46','0','','0000-00-00 00:00:00'),('89','1','1','5','','1','','1','1','1','21','103.36.122.212','2018-05-10 12:28:08','0','','0000-00-00 00:00:00'),('90','1','2','3','10','0','20','0','1','1','21','103.36.122.212','2018-05-10 12:28:08','0','','0000-00-00 00:00:00'),('91','1','3','6','20','0','30','0','1','1','21','103.36.122.212','2018-05-10 12:28:08','0','','0000-00-00 00:00:00'),('92','1','4','2','30','0','40','0','1','1','21','103.36.122.212','2018-05-10 12:28:08','0','','0000-00-00 00:00:00'),('93','1','5','3','10','0','15','0','1','1','21','103.36.122.212','2018-05-10 12:28:08','0','','0000-00-00 00:00:00'),('94','1','6','4','44','0','66','0','1','1','21','103.36.122.212','2018-05-10 12:28:08','0','','0000-00-00 00:00:00'),('95','1','1','5','','1','','1','1','1','21','103.36.122.212','2018-05-10 12:40:53','0','','0000-00-00 00:00:00'),('96','1','2','3','10','0','20','0','1','1','21','103.36.122.212','2018-05-10 12:40:53','0','','0000-00-00 00:00:00'),('97','1','3','6','20','0','30','0','1','1','21','103.36.122.212','2018-05-10 12:40:53','0','','0000-00-00 00:00:00'),('98','1','4','2','30','0','40','0','1','1','21','103.36.122.212','2018-05-10 12:40:53','0','','0000-00-00 00:00:00'),('99','1','5','3','10','0','15','0','1','1','21','103.36.122.212','2018-05-10 12:40:53','0','','0000-00-00 00:00:00'),('100','1','6','4','44','0','66','0','1','1','21','103.36.122.212','2018-05-10 12:40:53','0','','0000-00-00 00:00:00'),('101','0','7','0','','0','','0','1','1','21','103.36.122.212','2018-05-10 12:40:53','0','','0000-00-00 00:00:00'),('102','0','8','0','','0','','0','1','1','21','103.36.122.212','2018-05-10 12:40:53','0','','0000-00-00 00:00:00'),('103','0','9','0','','0','','0','1','1','21','103.36.122.212','2018-05-10 12:40:53','0','','0000-00-00 00:00:00'),('104','0','10','0','','0','','0','1','1','21','103.36.122.212','2018-05-10 12:40:53','0','','0000-00-00 00:00:00'),('105','0','11','0','','0','','0','1','1','21','103.36.122.212','2018-05-10 12:40:53','0','','0000-00-00 00:00:00'),('106','0','12','0','','0','','0','1','1','21','103.36.122.212','2018-05-10 12:40:53','0','','0000-00-00 00:00:00'),('107','0','13','0','','0','','0','1','1','21','103.36.122.212','2018-05-10 12:40:53','0','','0000-00-00 00:00:00'),('108','0','14','0','','0','','0','1','1','21','103.36.122.212','2018-05-10 12:40:53','0','','0000-00-00 00:00:00'),('109','0','15','0','','0','','0','1','1','21','103.36.122.212','2018-05-10 12:40:53','0','','0000-00-00 00:00:00'),('110','0','16','0','','0','','0','1','1','21','103.36.122.212','2018-05-10 12:40:53','0','','0000-00-00 00:00:00'),('111','0','17','0','','0','','0','1','1','21','103.36.122.212','2018-05-10 12:40:53','0','','0000-00-00 00:00:00'),('112','0','18','0','','0','','0','1','1','21','103.36.122.212','2018-05-10 12:40:53','0','','0000-00-00 00:00:00'),('113','0','19','0','','0','','0','1','1','21','103.36.122.212','2018-05-10 12:40:53','0','','0000-00-00 00:00:00'),('114','0','20','0','','0','','0','1','1','21','103.36.122.212','2018-05-10 12:40:53','0','','0000-00-00 00:00:00'),('115','0','21','0','','0','','0','1','1','21','103.36.122.212','2018-05-10 12:40:53','0','','0000-00-00 00:00:00'),('116','0','22','0','','0','','0','1','1','21','103.36.122.212','2018-05-10 12:40:53','0','','0000-00-00 00:00:00'),('117','1','1','5','','4','','0','1','0','21','76.176.130.44','2018-12-21 21:16:40','0','','0000-00-00 00:00:00'),('118','1','2','3','','0','','0','1','0','21','76.176.130.44','2018-12-21 21:16:40','0','','0000-00-00 00:00:00'),('119','1','3','6','3.00','0','','0','1','0','21','76.176.130.44','2018-12-21 21:16:40','0','','0000-00-00 00:00:00'),('120','1','4','2','','0','','0','1','0','21','76.176.130.44','2018-12-21 21:16:40','0','','0000-00-00 00:00:00'),('121','1','5','3','','0','','0','1','0','21','76.176.130.44','2018-12-21 21:16:40','0','','0000-00-00 00:00:00'),('122','1','6','4','','0','','0','1','0','21','76.176.130.44','2018-12-21 21:16:40','0','','0000-00-00 00:00:00'),('123','0','7','0','','0','','0','1','0','21','76.176.130.44','2018-12-21 21:16:40','0','','0000-00-00 00:00:00'),('124','0','8','0','','0','','0','1','0','21','76.176.130.44','2018-12-21 21:16:40','0','','0000-00-00 00:00:00'),('125','0','9','0','','0','','0','1','0','21','76.176.130.44','2018-12-21 21:16:40','0','','0000-00-00 00:00:00');
/*!40000 ALTER TABLE `ft_rules_details` ENABLE KEYS */;

DROP TABLE IF EXISTS `ft_series_wise_product_category_configuration`;
CREATE TABLE `ft_series_wise_product_category_configuration` (
  `id` int(12) NOT NULL,
  `series_id` int(12) NOT NULL,
  `prod_cat_id` int(12) NOT NULL,
  `create_by` int(12) NOT NULL,
  `create_dnt` date NOT NULL,
  `modify_by` int(12) NOT NULL,
  `modify_dnt` date NOT NULL,
  `is_deleted` tinyint(4) NOT NULL
) ENGINE=InnoDB DEFAULT CHARSET=utf8mb4;

/*!40000 ALTER TABLE `ft_series_wise_product_category_configuration` DISABLE KEYS */;
INSERT INTO `ft_series_wise_product_category_configuration` VALUES ('1','29','3','1','2021-07-01','0','0000-00-00','0'),('2','30','3','1','2021-07-01','0','0000-00-00','0'),('3','29','3','1','2021-07-01','0','0000-00-00','0'),('4','30','3','1','2021-07-01','0','0000-00-00','0'),('5','32','3','1','2021-07-01','0','0000-00-00','0'),('6','16','9','1','2021-07-01','0','0000-00-00','0'),('7','17','1','1','2021-07-01','0','0000-00-00','0'),('8','5','1','1','2021-07-01','0','0000-00-00','0'),('9','16','2','1','2021-07-01','0','0000-00-00','0'),('10','1','2','1','2021-07-01','0','0000-00-00','0'),('11','16','7','1','2021-07-01','0','0000-00-00','0'),('12','1','7','1','2021-07-01','0','0000-00-00','0'),('13','16','8','1','2021-07-01','0','0000-00-00','0'),('14','1','8','1','2021-07-01','0','0000-00-00','0'),('15','5','4','1','2021-07-01','0','0000-00-00','0'),('16','1','4','1','2021-07-01','0','0000-00-00','0'),('17','16','4','1','2021-07-01','0','0000-00-00','0'),('18','41','4','1','2021-07-01','0','0000-00-00','0'),('19','43','5','1','2021-07-01','0','0000-00-00','0'),('20','1','5','1','2021-07-01','0','0000-00-00','0'),('22','1','14','1','2021-07-01','0','0000-00-00','0'),('23','43','14','1','2021-07-01','0','0000-00-00','0'),('24','41','14','1','2021-07-01','0','0000-00-00','0'),('25','35','12','1','2021-07-01','0','0000-00-00','0'),('26','36','12','1','2021-07-01','0','0000-00-00','0'),('27','3','6','1','2021-07-01','0','0000-00-00','0'),('28','27','6','1','2021-07-01','0','0000-00-00','0'),('29','6','1','1','2021-07-01','0','0000-00-00','0'),('30','6','2','1','2021-07-01','0','0000-00-00','0'),('31','6','3','1','2021-07-01','0','0000-00-00','0'),('32','6','4','1','2021-07-01','0','0000-00-00','0'),('33','6','5','1','2021-07-01','0','0000-00-00','0'),('34','6','6','1','2021-07-01','0','0000-00-00','0'),('35','6','7','1','2021-07-01','0','0000-00-00','0'),('36','6','8','1','2021-07-01','0','0000-00-00','0'),('37','6','9','1','2021-07-01','0','0000-00-00','0'),('38','6','10','1','2021-07-01','0','0000-00-00','0'),('39','6','11','1','2021-07-01','0','0000-00-00','0'),('40','6','12','1','2021-07-01','0','0000-00-00','0'),('41','6','13','1','2021-07-01','0','0000-00-00','0'),('42','6','14','1','2021-07-01','0','0000-00-00','0'),('43','6','15','1','2021-07-01','0','0000-00-00','0');
/*!40000 ALTER TABLE `ft_series_wise_product_category_configuration` ENABLE KEYS */;

DROP TABLE IF EXISTS `ft_special_expenses_master`;
CREATE TABLE `ft_special_expenses_master` (
  `id` int(11) NOT NULL AUTO_INCREMENT,
  `option` varchar(100) NOT NULL,
  `u_id` int(8) NOT NULL,
  `status` tinyint(1) NOT NULL DEFAULT '1',
  `is_delete` tinyint(1) NOT NULL DEFAULT '0',
  `created_by` int(12) NOT NULL,
  `created_time` datetime NOT NULL,
  `created_ip` varchar(100) NOT NULL,
  `modified_by` int(12) NOT NULL,
  `modified_time` datetime NOT NULL,
  `modified_ip` varchar(100) NOT NULL,
  PRIMARY KEY (`id`)
) ENGINE=InnoDB AUTO_INCREMENT=2 DEFAULT CHARSET=latin1;

/*!40000 ALTER TABLE `ft_special_expenses_master` DISABLE KEYS */;
INSERT INTO `ft_special_expenses_master` VALUES ('1','25000','0','1','0','4','2017-12-09 11:38:13','192.168.30.30','0','0000-00-00 00:00:00','');
/*!40000 ALTER TABLE `ft_special_expenses_master` ENABLE KEYS */;

DROP TABLE IF EXISTS `ft_sponsor_attach`;
CREATE TABLE `ft_sponsor_attach` (
  `id` int(12) NOT NULL AUTO_INCREMENT,
  `date` datetime NOT NULL,
  `user_id` varchar(100) NOT NULL,
  `attach` varchar(100) NOT NULL,
  `file_name` varchar(100) NOT NULL,
  `status` tinyint(1) NOT NULL DEFAULT '1',
  `is_delete` tinyint(1) NOT NULL DEFAULT '0',
  `created_by` int(12) NOT NULL,
  `created_time` datetime NOT NULL,
  `created_ip` varchar(100) NOT NULL,
  `modified_by` int(12) NOT NULL,
  `modified_time` datetime NOT NULL,
  `modified_ip` varchar(100) NOT NULL,
  PRIMARY KEY (`id`)
) ENGINE=InnoDB DEFAULT CHARSET=latin1;

/*!40000 ALTER TABLE `ft_sponsor_attach` DISABLE KEYS */;
/*!40000 ALTER TABLE `ft_sponsor_attach` ENABLE KEYS */;

DROP TABLE IF EXISTS `ft_sponsor_history`;
CREATE TABLE `ft_sponsor_history` (
  `id` int(12) NOT NULL AUTO_INCREMENT,
  `sponsor_id` int(12) NOT NULL,
  `field` varchar(100) NOT NULL,
  `old_value` varchar(100) NOT NULL,
  `new_value` varchar(100) NOT NULL,
  `status` tinyint(1) NOT NULL DEFAULT '1',
  `is_delete` tinyint(1) NOT NULL DEFAULT '0',
  `created_by` int(12) NOT NULL,
  `created_time` datetime NOT NULL,
  `created_ip` varchar(100) NOT NULL,
  `modified_by` int(12) NOT NULL,
  `modified_time` datetime NOT NULL,
  `modified_ip` varchar(100) NOT NULL,
  PRIMARY KEY (`id`)
) ENGINE=InnoDB DEFAULT CHARSET=latin1;

/*!40000 ALTER TABLE `ft_sponsor_history` DISABLE KEYS */;
/*!40000 ALTER TABLE `ft_sponsor_history` ENABLE KEYS */;

DROP TABLE IF EXISTS `ft_sponsor_master`;
CREATE TABLE `ft_sponsor_master` (
  `id` int(12) NOT NULL AUTO_INCREMENT,
  `name` varchar(100) NOT NULL,
  `address1` varchar(100) NOT NULL,
  `address2` varchar(100) NOT NULL,
  `city` varchar(100) NOT NULL,
  `state` int(12) NOT NULL,
  `zip_code` varchar(100) NOT NULL,
  `email` varchar(100) NOT NULL,
  `website` varchar(100) NOT NULL,
  `general_contact` varchar(100) NOT NULL,
  `general_phone` varchar(100) NOT NULL,
  `operations_contact` varchar(100) NOT NULL,
  `operations_phone` varchar(100) NOT NULL,
  `dst_system_id` varchar(100) NOT NULL,
  `dst_mgmt_code` varchar(100) NOT NULL,
  `dst_importing` tinyint(1) NOT NULL DEFAULT '0',
  `dazl_code` varchar(100) NOT NULL,
  `dazl_importing` tinyint(1) NOT NULL DEFAULT '0',
  `dtcc_nscc_id` varchar(100) NOT NULL,
  `clearing_firm_id` varchar(100) NOT NULL,
  `status` tinyint(1) NOT NULL DEFAULT '1',
  `is_delete` tinyint(1) NOT NULL DEFAULT '0',
  `created_by` int(12) NOT NULL,
  `created_time` datetime NOT NULL,
  `created_ip` varchar(100) NOT NULL,
  `modified_by` int(12) NOT NULL,
  `modified_time` datetime NOT NULL,
  `modified_ip` varchar(100) NOT NULL,
  PRIMARY KEY (`id`)
) ENGINE=InnoDB AUTO_INCREMENT=292 DEFAULT CHARSET=latin1;

/*!40000 ALTER TABLE `ft_sponsor_master` DISABLE KEYS */;
INSERT INTO `ft_sponsor_master` VALUES ('1','1919 FUNDS','','','','0','','','','','','','','MFB','BR','0','','0','','','1','0','0','0000-00-00 00:00:00','','21','2018-05-02 18:52:03','27.54.165.122'),('2','ABERDEEN-ASSET MANAGEMENT','','','','0','','','','','','','','DBF','AB','0','37yr','0','y7336435','657rty','1','0','0','0000-00-00 00:00:00','','1','2021-07-29 00:38:52','107.210.168.81'),('3','AEI FUND MANAGEMENT INC               ','','','','0','','','','','','','','AEI','FD','0','','0','','','1','0','0','0000-00-00 00:00:00','','0','0000-00-00 00:00:00',''),('4','AIG ANNUITIES (SE2-AGL)               ','','','','0','','','','','','','','AGA','PA','0','','0','','','1','0','0','0000-00-00 00:00:00','','0','0000-00-00 00:00:00',''),('5','AIG ANNUITIES-VARIABLE (SE2-AGL)      ','','','','0','','','','','','','','AIG','PA','0','','0','','','1','0','0','0000-00-00 00:00:00','','0','0000-00-00 00:00:00',''),('6','AIG ANNUITIES-VARIABLE & INDEX        ','','','','0','','','','','','','','SUN','PA','0','','0','','','1','0','0','0000-00-00 00:00:00','','0','0000-00-00 00:00:00',''),('7','AIG FUNDS                             ','','','','0','','','','','','','','DTJ','IN','0','','0','','','1','0','0','0000-00-00 00:00:00','','0','0000-00-00 00:00:00',''),('8','ALGER FUNDS                           ','','','','0','','','','','','','','DFY','AL','0','','0','','','1','0','0','0000-00-00 00:00:00','','0','0000-00-00 00:00:00',''),('9','ALLIANCEBERNSTEIN INVESTMENTS         ','','','','0','','','','','','','','DTN','AT','0','','0','','','1','0','0','0000-00-00 00:00:00','','0','0000-00-00 00:00:00',''),('10','ALLIANZ                               ','','','','0','','','','','','','','ALL','NZ','0','','0','','','1','0','0','0000-00-00 00:00:00','','0','0000-00-00 00:00:00',''),('11','ALLIANZ COLLEGE ACCESS 529 SD         ','','','','0','','','','','','','','PMC','SK','0','','0','','','1','0','0','0000-00-00 00:00:00','','0','0000-00-00 00:00:00',''),('12','ALLIANZ LIFE OF NEW YORK              ','','','','0','','','','','','','','PLO','NY','0','','0','','','1','0','0','0000-00-00 00:00:00','','0','0000-00-00 00:00:00',''),('13','ALLIANZ OKLAHOMA DREAM 529            ','','','','0','','','','','','','','PMC','OK','0','','0','','','1','0','0','0000-00-00 00:00:00','','0','0000-00-00 00:00:00',''),('14','ALLIANZ RETAIL FUNDS                  ','','','','0','','','','','','','','PMC','AR','0','','0','','','1','0','0','0000-00-00 00:00:00','','0','0000-00-00 00:00:00',''),('15','ALLSTATE FIXED ANNUITY                ','','','','0','','','','','','','','ETA','TS','0','','0','','','1','0','0','0000-00-00 00:00:00','','0','0000-00-00 00:00:00',''),('16','ALLSTATE LEGACY VA                    ','','','','0','','','','','','','','SEZ','ST','0','','0','','','1','0','0','0000-00-00 00:00:00','','0','0000-00-00 00:00:00',''),('17','ALLSTATE/PRUDENTIAL                   ','','','','0','','','','','','','','ASL','ST','0','','0','','','1','0','0','0000-00-00 00:00:00','','0','0000-00-00 00:00:00',''),('18','ALPINE FUNDS                          ','','','','0','','','','','','','','DFR','AP','0','','0','','','1','0','0','0000-00-00 00:00:00','','0','0000-00-00 00:00:00',''),('19','ALTEGRIS FUNDS                        ','','','','0','','','','','','','','APM','FD','0','','0','','','1','0','0','0000-00-00 00:00:00','','0','0000-00-00 00:00:00',''),('20','ALTERNATIVE STRATEGIES FUND           ','','','','0','','','','','','','','LAD','TH','0','','0','','','1','0','0','0000-00-00 00:00:00','','0','0000-00-00 00:00:00',''),('21','AMERICAN BEACON FUNDS                 ','','','','0','','','','','','','','DFR','AI','0','','0','','','1','0','0','0000-00-00 00:00:00','','0','0000-00-00 00:00:00',''),('22','AMERICAN CENTURY FUNDS','3931 Lamont Street','','San Diego','5','92109','','','','','','','ACM','AC','0','','0','','','1','0','0','0000-00-00 00:00:00','','1','2021-06-25 06:36:44','107.210.168.81'),('23','AMERICAN FUNDS                        ','','','','0','','','','','','','','DTC','CR','0','','0','','','1','0','0','0000-00-00 00:00:00','','0','0000-00-00 00:00:00',''),('24','AMERICAN FUNDS INSURANCE SERIES       ','','','','0','','','','','','','','DTC','AP','0','','0','','','1','0','0','0000-00-00 00:00:00','','0','0000-00-00 00:00:00',''),('25','AMERICAN GROWTH FUND                  ','','','','0','','','','','','','','AMG','FN','0','','0','','','1','0','0','0000-00-00 00:00:00','','0','0000-00-00 00:00:00',''),('26','AMERICAN INDEPENDENCE FUNDS           ','','','','0','','','','','','','','DFY','AF','0','','0','','','1','0','0','0000-00-00 00:00:00','','0','0000-00-00 00:00:00',''),('27','AMERICAN UNITED LIFE INSURANCE        ','','','','0','','','','','','','','AUL','AM','0','','0','','','1','0','0','0000-00-00 00:00:00','','0','0000-00-00 00:00:00',''),('28','AMERITAS VARIABLE ANNUITY             ','','','','0','','','','','','','','AME','RI','0','','0','','','1','0','0','0000-00-00 00:00:00','','0','0000-00-00 00:00:00',''),('29','AMUNDI PIONEER ALTERNATIVE FUNDS      ','','','','0','','','','','','','','DST','PA','0','','0','','','1','0','0','0000-00-00 00:00:00','','0','0000-00-00 00:00:00',''),('30','AMUNDI PIONEER ASSET MANAGEMENT       ','','','','0','','','','','','','','PIM','PM','0','','0','','','1','0','0','0000-00-00 00:00:00','','0','0000-00-00 00:00:00',''),('31','ANNUITY INVESTORS LIFE INS. CO        ','','','','0','','','','','','','','GLA','IC','0','','0','','','1','0','0','0000-00-00 00:00:00','','0','0000-00-00 00:00:00',''),('32','ARIEL CAPITAL MANAGEMENT              ','','','','0','','','','','','','','USB','AI','0','','0','','','1','0','0','0000-00-00 00:00:00','','0','0000-00-00 00:00:00',''),('33','AR GLOBAL INVESTMENTS, LLC            ','','','','0','','','','','','','','DST','AY','0','','0','','','1','0','0','0000-00-00 00:00:00','','0','0000-00-00 00:00:00',''),('34','ASCENSUS COLLEGE SAVINGS INC.         ','','','','0','','','','','','','','ACS','IN','0','','0','','','1','0','0','0000-00-00 00:00:00','','0','0000-00-00 00:00:00',''),('35','ASSETMARK TRUST COMPANY               ','','','','0','','','','','','','','GEN','US','0','','0','','','1','0','0','0000-00-00 00:00:00','','0','0000-00-00 00:00:00',''),('36','ASPIRE                                ','','','','0','','','','','','','','ASP','AB','0','','0','','','1','0','0','0000-00-00 00:00:00','','0','0000-00-00 00:00:00',''),('37','ATLAS ENERGY RESOURCES LLC            ','','','','0','','','','','','','','ATL','AS','0','','0','','','1','0','0','0000-00-00 00:00:00','','0','0000-00-00 00:00:00',''),('38','ATEL SECURITIES CORP.                 ','','','','0','','','','','','','','ATE','LS','0','','0','','','1','0','0','0000-00-00 00:00:00','','0','0000-00-00 00:00:00',''),('39','AXA EQUITABLE                         ','','','','0','','','','','','','','EQU','IT','0','','0','','','1','0','0','0000-00-00 00:00:00','','0','0000-00-00 00:00:00',''),('40','B OF I FEDERAL BANK                   ','','','','0','','','','','','','','BOI','FB','0','','0','','','1','0','0','0000-00-00 00:00:00','','0','0000-00-00 00:00:00',''),('41','BENEFIT STREET PARTNERS               ','','','','0','','','','','','','','DST','BP','0','','0','','','1','0','0','0000-00-00 00:00:00','','0','0000-00-00 00:00:00',''),('42','BLACK CREEK GROUP                     ','','','','0','','','','','','','','DFR','DS','0','','0','','','1','0','0','0000-00-00 00:00:00','','0','0000-00-00 00:00:00',''),('43','BLACKSTONE REAL ESTATE INCOME TRUST   ','','','','0','','','','','','','','DST','BL','0','','0','','','1','0','0','0000-00-00 00:00:00','','0','0000-00-00 00:00:00',''),('44','BLUEROCK FUNDS                        ','','','','0','','','','','','','','BLU','RT','0','','0','','','1','0','0','0000-00-00 00:00:00','','0','0000-00-00 00:00:00',''),('45','BMO FUNDS                             ','','','','0','','','','','','','','DFS','MR','0','','0','','','1','0','0','0000-00-00 00:00:00','','0','0000-00-00 00:00:00',''),('46','BOURNE FINANCIAL GROUP                ','','','','0','','','','','','','','DST','BO','0','','0','','','1','0','0','0000-00-00 00:00:00','','0','0000-00-00 00:00:00',''),('47','BRIGHTHOUSE FINANCIAL (FKA METCT)     ','','','','0','','','','','','','','TRA','VL','0','','0','','','1','0','0','0000-00-00 00:00:00','','0','0000-00-00 00:00:00',''),('48','BRIGHTHOUSE FINANCIAL (FKA METLIFE)   ','','','','0','','','','','','','','MET','VA','0','','0','','','1','0','0','0000-00-00 00:00:00','','0','0000-00-00 00:00:00',''),('49','BTS FUNDS                             ','','','','0','','','','','','','','BTS','FD','0','','0','','','1','0','0','0000-00-00 00:00:00','','0','0000-00-00 00:00:00',''),('50','CALAMOS FUNDS                         ','','','','0','','','','','','','','USB','CA','0','','0','','','1','0','0','0000-00-00 00:00:00','','0','0000-00-00 00:00:00',''),('51','CALVERT FUNDS                         ','','','','0','','','','','','','','DTJ','CG','0','','0','','','1','0','0','0000-00-00 00:00:00','','0','0000-00-00 00:00:00',''),('52','CAMPBELL & COMPANY INC.               ','','','','0','','','','','','','','CAM','PB','0','','0','','','1','0','0','0000-00-00 00:00:00','','0','0000-00-00 00:00:00',''),('53','CANTOR FITZGERALD INVESTORS LLC       ','','','','0','','','','','','','','DST','CD','0','','0','','','1','0','0','0000-00-00 00:00:00','','0','0000-00-00 00:00:00',''),('54','CARILLON FAMILY OF FUNDS              ','','','','0','','','','','','','','USB','EG','0','','0','','','1','0','0','0000-00-00 00:00:00','','0','0000-00-00 00:00:00',''),('55','CARTER VALIDUS MC REITS               ','','','','0','','','','','','','','DST','CA','0','','0','','','1','0','0','0000-00-00 00:00:00','','0','0000-00-00 00:00:00',''),('56','CIM GROUP, COLE NET-LEASE ASSETS      ','','','','0','','','','','','','','DST','CL','0','','0','','','1','0','0','0000-00-00 00:00:00','','0','0000-00-00 00:00:00',''),('57','CION ARES                             ','','','','0','','','','','','','','DST','CE','0','','0','','','1','0','0','0000-00-00 00:00:00','','0','0000-00-00 00:00:00',''),('58','CNL DISTRIBUTED PRODUCTS              ','','','','0','','','','','','','','DTJ','LC','0','','0','','','1','0','0','0000-00-00 00:00:00','','0','0000-00-00 00:00:00',''),('59','COLUMBIA FUTURE SCHOLAR 529           ','','','','0','','','','','','','','DFE','FS','0','','0','','','1','0','0','0000-00-00 00:00:00','','0','0000-00-00 00:00:00',''),('60','COLUMBIA THREADNEEDLE                 ','','','','0','','','','','','','','LFS','LF','0','','0','','','1','0','0','0000-00-00 00:00:00','','0','0000-00-00 00:00:00',''),('61','COTTONWOOD RESIDENTIAL INC            ','','','','0','','','','','','','','DST','CW','0','','0','','','1','0','0','0000-00-00 00:00:00','','0','0000-00-00 00:00:00',''),('62','COUNTERPOINT MUTUAL FUNDS             ','','','','0','','','','','','','','CPT','MF','0','','0','','','1','0','0','0000-00-00 00:00:00','','0','0000-00-00 00:00:00',''),('63','CREDIT SUISSE FUNDS                   ','','','','0','','','','','','','','DFR','WP','0','','0','','','1','0','0','0000-00-00 00:00:00','','0','0000-00-00 00:00:00',''),('64','CUNA MUTUAL GROUP                     ','','','','0','','','','','','','','CML','VA','0','','0','','','1','0','0','0000-00-00 00:00:00','','0','0000-00-00 00:00:00',''),('65','DAVIS FUNDS                           ','','','','0','','','','','','','','DFE','VE','0','','0','','','1','0','0','0000-00-00 00:00:00','','0','0000-00-00 00:00:00',''),('66','DEARBORN CAPITAL MGMT LLC             ','','','','0','','','','','','','','DCL','LC','0','','0','','','1','0','0','0000-00-00 00:00:00','','0','0000-00-00 00:00:00',''),('67','DELAWARE LIFE                         ','','','','0','','','','','','','','DEL','LF','0','','0','','','1','0','0','0000-00-00 00:00:00','','0','0000-00-00 00:00:00',''),('68','DEUTSCHE ASSET MANAGEMENT             ','','','','0','','','','','','','','DTG','SS','0','','0','','','1','0','0','0000-00-00 00:00:00','','0','0000-00-00 00:00:00',''),('69','DIREXION FUNDS                        ','','','','0','','','','','','','','USB','PO','0','','0','','','1','0','0','0000-00-00 00:00:00','','0','0000-00-00 00:00:00',''),('70','DODGE & COX FUNDS                     ','','','','0','','','','','','','','DFE','DC','0','','0','','','1','0','0','0000-00-00 00:00:00','','0','0000-00-00 00:00:00',''),('71','DUNHAM & ASSOCIATES                   ','','','','0','','','','','','','','DUN','AS','0','','0','','','1','0','0','0000-00-00 00:00:00','','0','0000-00-00 00:00:00',''),('72','DUNHAM FUNDS                          ','','','','0','','','','','','','','DUN','FD','0','','0','','','1','0','0','0000-00-00 00:00:00','','0','0000-00-00 00:00:00',''),('73','EATON VANCE                           ','','','','0','','','','','','','','EAT','ON','0','','0','','','1','0','0','0000-00-00 00:00:00','','0','0000-00-00 00:00:00',''),('74','ECOVEST CAPITAL, INC                  ','','','','0','','','','','','','','DST','EV','0','','0','','','1','0','0','0000-00-00 00:00:00','','0','0000-00-00 00:00:00',''),('75','EDVEST SAVINGS PLAN                   ','','','','0','','','','','','','','DFZ','WN','0','','0','','','1','0','0','0000-00-00 00:00:00','','0','0000-00-00 00:00:00',''),('76','EULAV SECURITIES LLC                  ','','','','0','','','','','','','','DTJ','VL','0','','0','','','1','0','0','0000-00-00 00:00:00','','0','0000-00-00 00:00:00',''),('77','EVENTIDE FUNDS                        ','','','','0','','','','','','','','ETI','DE','0','','0','','','1','0','0','0000-00-00 00:00:00','','0','0000-00-00 00:00:00',''),('78','FEDERATED CORE TRUST                  ','','','','0','','','','','','','','DFS','FC','0','','0','','','1','0','0','0000-00-00 00:00:00','','0','0000-00-00 00:00:00',''),('79','FEDERATED SECURITIES CORP.            ','','','','0','','','','','','','','DFS','CM','0','','0','','','1','0','0','0000-00-00 00:00:00','','0','0000-00-00 00:00:00',''),('80','FIDELITY ADVISOR FUNDS                ','','','','0','','','','','','','','FMR','FI','0','','0','','','1','0','0','0000-00-00 00:00:00','','0','0000-00-00 00:00:00',''),('81','FIDELITY DESTINY CONTRACTUALS         ','','','','0','','','','','','','','DFY','FV','0','','0','','','1','0','0','0000-00-00 00:00:00','','0','0000-00-00 00:00:00',''),('82','FIDELITY INV LIFE INS (VA)            ','','','','0','','','','','','','','FED','IN','0','','0','','','1','0','0','0000-00-00 00:00:00','','0','0000-00-00 00:00:00',''),('83','FIRST AMERICAN FUNDS                  ','','','','0','','','','','','','','USB','US','0','','0','','','1','0','0','0000-00-00 00:00:00','','0','0000-00-00 00:00:00',''),('84','FIRST EAGLE FUNDS                     ','','','','0','','','','','','','','DTP','SO','0','','0','','','1','0','0','0000-00-00 00:00:00','','0','0000-00-00 00:00:00',''),('85','FIRST INVESTORS FUNDS                 ','','','','0','','','','','','','','FRS','IV','0','','0','','','1','0','0','0000-00-00 00:00:00','','0','0000-00-00 00:00:00',''),('86','FIRST TRUST RETIREMENT                ','','','','0','','','','','','','','DST','FT','0','','0','','','1','0','0','0000-00-00 00:00:00','','0','0000-00-00 00:00:00',''),('87','FLAT ROCK GLOBAL, LLC                 ','','','','0','','','','','','','','DST','FL','0','','0','','','1','0','0','0000-00-00 00:00:00','','0','0000-00-00 00:00:00',''),('88','FORETHOUGHT LIFE INS                  ','','','','0','','','','','','','','FRT','LI','0','','0','','','1','0','0','0000-00-00 00:00:00','','0','0000-00-00 00:00:00',''),('89','FRANKLIN TEMPLETON FUNDS              ','','','','0','','','','','','','','FTG','FF','0','','0','','','1','0','0','0000-00-00 00:00:00','','0','0000-00-00 00:00:00',''),('90','FRONTIER FUNDS                        ','','','','0','','','','','','','','FRO','NT','0','','0','','','1','0','0','0000-00-00 00:00:00','','0','0000-00-00 00:00:00',''),('91','FS INVESTMENTS                        ','','','','0','','','','','','','','DST','FQ','0','','0','','','1','0','0','0000-00-00 00:00:00','','0','0000-00-00 00:00:00',''),('92','FUND*X UPGRADER FUNDS                 ','','','','0','','','','','','','','USB','TI','0','','0','','','1','0','0','0000-00-00 00:00:00','','0','0000-00-00 00:00:00',''),('93','GABELLI FUNDS                         ','','','','0','','','','','','','','DFE','GB','0','','0','','','1','0','0','0000-00-00 00:00:00','','0','0000-00-00 00:00:00',''),('94','GERSTEIN FISHER FUNDS                 ','','','','0','','','','','','','','USB','GF','0','','0','','','1','0','0','0000-00-00 00:00:00','','0','0000-00-00 00:00:00',''),('95','GOLDMAN BDC                           ','','','','0','','','','','','','','DFR','GD','0','','0','','','1','0','0','0000-00-00 00:00:00','','0','0000-00-00 00:00:00',''),('96','GOLDMAN SACHS INSTITUTIONAL           ','','','','0','','','','','','','','DFR','GI','0','','0','','','1','0','0','0000-00-00 00:00:00','','0','0000-00-00 00:00:00',''),('97','GOLDMAN SACHS RETAIL FUNDS            ','','','','0','','','','','','','','DFR','GO','0','','0','','','1','0','0','0000-00-00 00:00:00','','0','0000-00-00 00:00:00',''),('98','GOOD HARBOR FUNDS                     ','','','','0','','','','','','','','GDH','FD','0','','0','','','1','0','0','0000-00-00 00:00:00','','0','0000-00-00 00:00:00',''),('99','GPB CAPITAL HOLDINGS                  ','','','','0','','','','','','','','GPB','CH','0','','0','','','1','0','0','0000-00-00 00:00:00','','0','0000-00-00 00:00:00',''),('100','GRANDEUR PEAK FUNDS                   ','','','','0','','','','','','','','DTK','GP','0','','0','','','1','0','0','0000-00-00 00:00:00','','0','0000-00-00 00:00:00',''),('101','GREAT AMERICAN FINANCIAL RESOU        ','','','','0','','','','','','','','GLA','FX','0','','0','','','1','0','0','0000-00-00 00:00:00','','0','0000-00-00 00:00:00',''),('102','GREAT WEST FUNDS-IND MARKETS ONLY     ','','','','0','','','','','','','','GRT','MF','0','','0','','','1','0','0','0000-00-00 00:00:00','','0','0000-00-00 00:00:00',''),('103','GREAT WEST LIFE & ANNUITY             ','','','','0','','','','','','','','GRT','WS','0','','0','','','1','0','0','0000-00-00 00:00:00','','0','0000-00-00 00:00:00',''),('104','GREENBACKER CAPITAL MANAGMEN          ','','','','0','','','','','','','','DST','GB','0','','0','','','1','0','0','0000-00-00 00:00:00','','0','0000-00-00 00:00:00',''),('105','GRIFFIN CAPITAL COMPANY, LLC          ','','','','0','','','','','','','','DST','GF','0','','0','','','1','0','0','0000-00-00 00:00:00','','0','0000-00-00 00:00:00',''),('106','GUARDIAN LIFE INS. COMPANY            ','','','','0','','','','','','','','GLI','CV','0','','0','','','1','0','0','0000-00-00 00:00:00','','0','0000-00-00 00:00:00',''),('107','GUGGENHEIM CREDIT INCOME FUND         ','','','','0','','','','','','','','DST','GH','0','','0','','','1','0','0','0000-00-00 00:00:00','','0','0000-00-00 00:00:00',''),('108','GUGGENHEIM INVESTMENTS                ','','','','0','','','','','','','','RDX','SG','0','','0','','','1','0','0','0000-00-00 00:00:00','','0','0000-00-00 00:00:00',''),('109','GWG HOLDINGS                          ','','','','0','','','','','','','','GWG','HD','0','','0','','','1','0','0','0000-00-00 00:00:00','','0','0000-00-00 00:00:00',''),('110','HANLON FUNDS                          ','','','','0','','','','','','','','HLN','IN','0','','0','','','1','0','0','0000-00-00 00:00:00','','0','0000-00-00 00:00:00',''),('111','HARBOR FUNDS                          ','','','','0','','','','','','','','DTO','HB','0','','0','','','1','0','0','0000-00-00 00:00:00','','0','0000-00-00 00:00:00',''),('112','HARTFORD FUNDS                        ','','','','0','','','','','','','','DFH','FA','0','','0','','','1','0','0','0000-00-00 00:00:00','','0','0000-00-00 00:00:00',''),('113','HARTFORD LIFE                         ','','','','0','','','','','','','','HAR','TT','0','','0','','','1','0','0','0000-00-00 00:00:00','','0','0000-00-00 00:00:00',''),('114','HARTMAN MGMT REIT                     ','','','','0','','','','','','','','HRT','MN','0','','0','','','1','0','0','0000-00-00 00:00:00','','0','0000-00-00 00:00:00',''),('115','HARTMAN VREIT XXI                     ','','','','0','','','','','','','','HRT','VR','0','','0','','','1','0','0','0000-00-00 00:00:00','','0','0000-00-00 00:00:00',''),('116','HIGHLAND CAPITAL MANAGEMENT           ','','','','0','','','','','','','','DFR','YS','0','','0','','','1','0','0','0000-00-00 00:00:00','','0','0000-00-00 00:00:00',''),('117','HINES SECURITIES, INC.                ','','','','0','','','','','','','','DST','HI','0','','0','','','1','0','0','0000-00-00 00:00:00','','0','0000-00-00 00:00:00',''),('118','HORACE MANN                           ','','','','0','','','','','','','','HOR','MN','0','','0','','','1','0','0','0000-00-00 00:00:00','','0','0000-00-00 00:00:00',''),('119','HUNDREDFOLD FUNDS                     ','','','','0','','','','','','','','HDR','ED','0','','0','','','1','0','0','0000-00-00 00:00:00','','0','0000-00-00 00:00:00',''),('120','ICON FUNDS                            ','','','','0','','','','','','','','DTK','IF','0','','0','','','1','0','0','0000-00-00 00:00:00','','0','0000-00-00 00:00:00',''),('121','ICON CAPITAL LLC                      ','','','','0','','','','','','','','DST','IO','0','','0','','','1','0','0','0000-00-00 00:00:00','','0','0000-00-00 00:00:00',''),('122','INLAND REAL ESTATE INVESTMENT CORP    ','','','','0','','','','','','','','DST','II','0','','0','','','1','0','0','0000-00-00 00:00:00','','0','0000-00-00 00:00:00',''),('123','INTEGRITY COMPANIES                   ','','','','0','','','','','','','','INT','GR','0','','0','','','1','0','0','0000-00-00 00:00:00','','0','0000-00-00 00:00:00',''),('124','INVENTRUST PROPERTIES CORP            ','','','','0','','','','','','','','DST','IA','0','','0','','','1','0','0','0000-00-00 00:00:00','','0','0000-00-00 00:00:00',''),('125','INVESCO                               ','','','','0','','','','','','','','AMV','AM','0','','0','','','1','0','0','0000-00-00 00:00:00','','0','0000-00-00 00:00:00',''),('126','IVA FUNDS                             ','','','','0','','','','','','','','DFR','IA','0','','0','','','1','0','0','0000-00-00 00:00:00','','0','0000-00-00 00:00:00',''),('127','WADDELL & REED                        ','','','','0','','','','','','','','WDR','WR','0','','0','','','1','0','0','0000-00-00 00:00:00','','0','0000-00-00 00:00:00',''),('128','JACKSON                               ','','','','0','','','','','','','','JNL','IL','0','','0','','','1','0','0','0000-00-00 00:00:00','','0','0000-00-00 00:00:00',''),('129','JAMES ADVANTAGE FUNDS                 ','','','','0','','','','','','','','DTK','JA','0','','0','','','1','0','0','0000-00-00 00:00:00','','0','0000-00-00 00:00:00',''),('130','JANUS HENDERSON CLASS A & C           ','','','','0','','','','','','','','JSC','CS','0','','0','','','1','0','0','0000-00-00 00:00:00','','0','0000-00-00 00:00:00',''),('131','JANUS HENDERSON CLASS R & S           ','','','','0','','','','','','','','JSC','AV','0','','0','','','1','0','0','0000-00-00 00:00:00','','0','0000-00-00 00:00:00',''),('132','JANUS HENDERSON DIRECT FUNDS          ','','','','0','','','','','','','','JSC','JM','0','','0','','','1','0','0','0000-00-00 00:00:00','','0','0000-00-00 00:00:00',''),('133','JANUS HENDERSON VIT FUNDS             ','','','','0','','','','','','','','JSC','AP','0','','0','','','1','0','0','0000-00-00 00:00:00','','0','0000-00-00 00:00:00',''),('134','JEFFERSON NATIONAL LIFE INS.          ','','','','0','','','','','','','','CON','CO','0','','0','','','1','0','0','0000-00-00 00:00:00','','0','0000-00-00 00:00:00',''),('135','JOHN HANCOCK ANNUITIES                ','','','','0','','','','','','','','NAS','HH','0','','0','','','1','0','0','0000-00-00 00:00:00','','0','0000-00-00 00:00:00',''),('136','JOHN HANCOCK FREEDOM 529              ','','','','0','','','','','','','','DFI','ML','0','','0','','','1','0','0','0000-00-00 00:00:00','','0','0000-00-00 00:00:00',''),('137','JOHN HANCOCK FUNDS                    ','','','','0','','','','','','','','JHK','JH','0','','0','','','1','0','0','0000-00-00 00:00:00','','0','0000-00-00 00:00:00',''),('138','JONES LANG LASALLE INCOME PROPERTY TR ','','','','0','','','','','','','','DST','LL','0','','0','','','1','0','0','0000-00-00 00:00:00','','0','0000-00-00 00:00:00',''),('139','JP MORGAN FUNDS                       ','','','','0','','','','','','','','DTP','CM','0','','0','','','1','0','0','0000-00-00 00:00:00','','0','0000-00-00 00:00:00',''),('140','KANSAS CITY LIFE                      ','','','','0','','','','','','','','KAC','LF','0','','0','','','1','0','0','0000-00-00 00:00:00','','0','0000-00-00 00:00:00',''),('141','KBS REAL ESTATE TRUST                 ','','','','0','','','','','','','','DST','KB','0','','0','','','1','0','0','0000-00-00 00:00:00','','0','0000-00-00 00:00:00',''),('142','LADENBURG FUNDS                       ','','','','0','','','','','','','','LAD','FD','0','','0','','','1','0','0','0000-00-00 00:00:00','','0','0000-00-00 00:00:00',''),('143','LAZARD FUNDS                          ','','','','0','','','','','','','','DFZ','LF','0','','0','','','1','0','0','0000-00-00 00:00:00','','0','0000-00-00 00:00:00',''),('144','LBL VUL FOR AFS                       ','','','','0','','','','','','','','LBN','VU','0','','0','','','1','0','0','0000-00-00 00:00:00','','0','0000-00-00 00:00:00',''),('145','LEADER CAPITAL                        ','','','','0','','','','','','','','LDR','CP','0','','0','','','1','0','0','0000-00-00 00:00:00','','0','0000-00-00 00:00:00',''),('146','LEUTHOLD FUNDS                        ','','','','0','','','','','','','','USB','LE','0','','0','','','1','0','0','0000-00-00 00:00:00','','0','0000-00-00 00:00:00',''),('147','LIBERTY STREET FUNDS                  ','','','','0','','','','','','','','LIB','ST','0','','0','','','1','0','0','0000-00-00 00:00:00','','0','0000-00-00 00:00:00',''),('148','LIGHTSTONE REAL ESTATE INVESTM        ','','','','0','','','','','','','','DST','LS','0','','0','','','1','0','0','0000-00-00 00:00:00','','0','0000-00-00 00:00:00',''),('149','LINCOLN BENEFIT LIFE (FIXED)          ','','','','0','','','','','','','','ALN','BE','0','','0','','','1','0','0','0000-00-00 00:00:00','','0','0000-00-00 00:00:00',''),('150','LINCOLN BENEFIT LIFE VUL-INDEP        ','','','','0','','','','','','','','LBN','CS','0','','0','','','1','0','0','0000-00-00 00:00:00','','0','0000-00-00 00:00:00',''),('151','LINCOLN FINANCIAL GROUP               ','','','','0','','','','','','','','LNA','NN','0','','0','','','1','0','0','0000-00-00 00:00:00','','0','0000-00-00 00:00:00',''),('152','LOCORR FUNDS                          ','','','','0','','','','','','','','USB','LO','0','','0','','','1','0','0','0000-00-00 00:00:00','','0','0000-00-00 00:00:00',''),('153','LORD ABBETT & CO                      ','','','','0','','','','','','','','DST','LA','0','','0','','','1','0','0','0000-00-00 00:00:00','','0','0000-00-00 00:00:00',''),('154','MACKENZIE CAPITAL MGMT.               ','','','','0','','','','','','','','MAK','MG','0','','0','','','1','0','0','0000-00-00 00:00:00','','0','0000-00-00 00:00:00',''),('155','MADISON FUNDS                         ','','','','0','','','','','','','','DFY','MK','0','','0','','','1','0','0','0000-00-00 00:00:00','','0','0000-00-00 00:00:00',''),('156','MAINSTAY                              ','','','','0','','','','','','','','DBF','MC','0','','0','','','1','0','0','0000-00-00 00:00:00','','0','0000-00-00 00:00:00',''),('157','MARKETFIELD ASSET MANAGEMENT          ','','','','0','','','','','','','','USB','MJ','0','','0','','','1','0','0','0000-00-00 00:00:00','','0','0000-00-00 00:00:00',''),('158','MASS MUTUAL VARIABLE ANNUITY          ','','','','0','','','','','','','','MMS','MT','0','','0','','','1','0','0','0000-00-00 00:00:00','','0','0000-00-00 00:00:00',''),('159','MEEDER FUNDS                          ','','','','0','','','','','','','','FLX','FX','0','','0','','','1','0','0','0000-00-00 00:00:00','','0','0000-00-00 00:00:00',''),('160','MFS INSTITUTIONAL FUNDS               ','','','','0','','','','','','','','MAS','IC','0','','0','','','1','0','0','0000-00-00 00:00:00','','0','0000-00-00 00:00:00',''),('161','MFS INVESTMENT MANAGEMENT             ','','','','0','','','','','','','','MAS','FM','0','','0','','','1','0','0','0000-00-00 00:00:00','','0','0000-00-00 00:00:00',''),('162','MFS VARIABLE INSURANCE TRUST          ','','','','0','','','','','','','','MAS','UF','0','','0','','','1','0','0','0000-00-00 00:00:00','','0','0000-00-00 00:00:00',''),('163','MIDLAND NATIONAL LIFE                 ','','','','0','','','','','','','','MDL','VA','0','','0','','','1','0','0','0000-00-00 00:00:00','','0','0000-00-00 00:00:00',''),('164','MONY GROUP                            ','','','','0','','','','','','','','MON','GR','0','','0','','','1','0','0','0000-00-00 00:00:00','','0','0000-00-00 00:00:00',''),('165','MOODY NATIONAL COMPANIES              ','','','','0','','','','','','','','DST','MO','0','','0','','','1','0','0','0000-00-00 00:00:00','','0','0000-00-00 00:00:00',''),('166','MULTI-STRATEGY GROWTH & INCOME FUND   ','','','','0','','','','','','','','MSG','IF','0','','0','','','1','0','0','0000-00-00 00:00:00','','0','0000-00-00 00:00:00',''),('167','NATIONWIDE                            ','','','','0','','','','','','','','NAW','QR','0','','0','','','1','0','0','0000-00-00 00:00:00','','0','0000-00-00 00:00:00',''),('168','NATIONWIDE FIN NET - PROVIDENT        ','','','','0','','','','','','','','POO','NT','0','','0','','','1','0','0','0000-00-00 00:00:00','','0','0000-00-00 00:00:00',''),('169','NATIONWIDE FUNDS                      ','','','','0','','','','','','','','USB','NW','0','','0','','','1','0','0','0000-00-00 00:00:00','','0','0000-00-00 00:00:00',''),('170','NATIXIS FUNDS                         ','','','','0','','','','','','','','DBF','LS','0','','0','','','1','0','0','0000-00-00 00:00:00','','0','0000-00-00 00:00:00',''),('171','NEIMAN FUNDS                          ','','','','0','','','','','','','','NIE','MN','0','','0','','','1','0','0','0000-00-00 00:00:00','','0','0000-00-00 00:00:00',''),('172','NEUBERGER BERMAN                      ','','','','0','','','','','','','','DBF','NU','0','','0','','','1','0','0','0000-00-00 00:00:00','','0','0000-00-00 00:00:00',''),('173','NEUBERGER BERMAN ADV MGMT TR          ','','','','0','','','','','','','','DBF','AM','0','','0','','','1','0','0','0000-00-00 00:00:00','','0','0000-00-00 00:00:00',''),('174','NEXPOINT CAPITAL INC                  ','','','','0','','','','','','','','DST','HL','0','','0','','','1','0','0','0000-00-00 00:00:00','','0','0000-00-00 00:00:00',''),('175','NEST DIRECT 529 SAVINGS PLA           ','','','','0','','','','','','','','NEB','PL','0','','0','','','1','0','0','0000-00-00 00:00:00','','0','0000-00-00 00:00:00',''),('176','NORTHSTAR REALTY FINANCE              ','','','','0','','','','','','','','DST','NS','0','','0','','','1','0','0','0000-00-00 00:00:00','','0','0000-00-00 00:00:00',''),('177','NOTTINGHAM                            ','','','','0','','','','','','','','NOT','IA','0','','0','','','1','0','0','0000-00-00 00:00:00','','0','0000-00-00 00:00:00',''),('178','NUVEEN MUTUAL FUNDS                   ','','','','0','','','','','','','','DFY','NV','0','','0','','','1','0','0','0000-00-00 00:00:00','','0','0000-00-00 00:00:00',''),('179','OAK RIDGE FUNDS                       ','','','','0','','','','','','','','OAK','RG','0','','0','','','1','0','0','0000-00-00 00:00:00','','0','0000-00-00 00:00:00',''),('180','OHIO NATIONAL EQUITY SALES/ON         ','','','','0','','','','','','','','OHI','ON','0','','0','','','1','0','0','0000-00-00 00:00:00','','0','0000-00-00 00:00:00',''),('181','OLSTEIN FUNDS                         ','','','','0','','','','','','','','USB','OL','0','','0','','','1','0','0','0000-00-00 00:00:00','','0','0000-00-00 00:00:00',''),('182','OPPENHEIMER 529 PLANS                 ','','','','0','','','','','','','','OPP','ED','0','','0','','','1','0','0','0000-00-00 00:00:00','','0','0000-00-00 00:00:00',''),('183','OPPENHEIMERFUNDS                      ','','','','0','','','','','','','','OPP','HE','0','','0','','','1','0','0','0000-00-00 00:00:00','','0','0000-00-00 00:00:00',''),('184','ORINDA ASSET MANAGEMENT               ','','','','0','','','','','','','','USB','OM','0','','0','','','1','0','0','0000-00-00 00:00:00','','0','0000-00-00 00:00:00',''),('185','OWL ROCK                              ','','','','0','','','','','','','','DST','OW','0','','0','','','1','0','0','0000-00-00 00:00:00','','0','0000-00-00 00:00:00',''),('186','PACIFIC FUNDS                         ','','','','0','','','','','','','','PAC','FD','0','','0','','','1','0','0','0000-00-00 00:00:00','','0','0000-00-00 00:00:00',''),('187','PACIFIC LIFE                          ','','','','0','','','','','','','','PCF','PI','0','','0','','','1','0','0','0000-00-00 00:00:00','','0','0000-00-00 00:00:00',''),('188','PENN MUTUAL                           ','','','','0','','','','','','','','PEN','KK','0','','0','','','1','0','0','0000-00-00 00:00:00','','0','0000-00-00 00:00:00',''),('189','PGIM INVESTMENTS                      ','','','','0','','','','','','','','PRU','MF','0','','0','','','1','0','0','0000-00-00 00:00:00','','0','0000-00-00 00:00:00',''),('190','PHILLIPS EDISON AND COMPANY           ','','','','0','','','','','','','','DST','PH','0','','0','','','1','0','0','0000-00-00 00:00:00','','0','0000-00-00 00:00:00',''),('191','PIMCO FUNDS - INSTITUTIONAL           ','','','','0','','','','','','','','PMC','PI','0','','0','','','1','0','0','0000-00-00 00:00:00','','0','0000-00-00 00:00:00',''),('192','PIMCO FUNDS - RETAIL                  ','','','','0','','','','','','','','PMC','PM','0','','0','','','1','0','0','0000-00-00 00:00:00','','0','0000-00-00 00:00:00',''),('193','PLANMEMBER SECURITIES CORP (PM)       ','','','','0','','','','','','','','PSP','PM','0','','0','','','1','0','0','0000-00-00 00:00:00','','0','0000-00-00 00:00:00',''),('194','PLANMEMBER SECURITIES CORP (VA)       ','','','','0','','','','','','','','PSP','ER','0','','0','','','1','0','0','0000-00-00 00:00:00','','0','0000-00-00 00:00:00',''),('195','PRAXIS MUTUAL FUNDS                   ','','','','0','','','','','','','','USB','PX','0','','0','','','1','0','0','0000-00-00 00:00:00','','0','0000-00-00 00:00:00',''),('196','PRINCETON FUND ADVISORS, LLC          ','','','','0','','','','','','','','DST','PF','0','','0','','','1','0','0','0000-00-00 00:00:00','','0','0000-00-00 00:00:00',''),('197','PRINCIPAL FUNDS                       ','','','','0','','','','','','','','DTJ','WM','0','','0','','','1','0','0','0000-00-00 00:00:00','','0','0000-00-00 00:00:00',''),('198','PROCACCIANTI COMPANIES, INC.          ','','','','0','','','','','','','','DST','PT','0','','0','','','1','0','0','0000-00-00 00:00:00','','0','0000-00-00 00:00:00',''),('199','PROFUNDS                              ','','','','0','','','','','','','','PRO','FN','0','','0','','','1','0','0','0000-00-00 00:00:00','','0','0000-00-00 00:00:00',''),('200','PROTECTIVE LIFE                       ','','','','0','','','','','','','','PRT','LE','0','','0','','','1','0','0','0000-00-00 00:00:00','','0','0000-00-00 00:00:00',''),('201','PROVASI CAPITAL PARTNERS LP           ','','','','0','','','','','','','','DST','BH','0','','0','','','1','0','0','0000-00-00 00:00:00','','0','0000-00-00 00:00:00',''),('202','PRUDENTIAL ANNUITIES                  ','','','','0','','','','','','','','ASL','AA','0','','0','','','1','0','0','0000-00-00 00:00:00','','0','0000-00-00 00:00:00',''),('203','PUTNAM ALLSTATE ADVISOR               ','','','','0','','','','','','','','STE','AL','0','','0','','','1','0','0','0000-00-00 00:00:00','','0','0000-00-00 00:00:00',''),('204','PUTNAM ALLSTATE ADVISOR OF NY         ','','','','0','','','','','','','','NYC','AL','0','','0','','','1','0','0','0000-00-00 00:00:00','','0','0000-00-00 00:00:00',''),('205','PUTNAM INVESTMENTS                    ','','','','0','','','','','','','','PMF','PI','0','','0','','','1','0','0','0000-00-00 00:00:00','','0','0000-00-00 00:00:00',''),('206','QUAKER FUNDS                          ','','','','0','','','','','','','','USB','QK','0','','0','','','1','0','0','0000-00-00 00:00:00','','0','0000-00-00 00:00:00',''),('207','RATIONAL FUNDS                        ','','','','0','','','','','','','','HTN','FD','0','','0','','','1','0','0','0000-00-00 00:00:00','','0','0000-00-00 00:00:00',''),('208','RBC FUNDS TRUST                       ','','','','0','','','','','','','','USB','RT','0','','0','','','1','0','0','0000-00-00 00:00:00','','0','0000-00-00 00:00:00',''),('209','REDWOOD MANAGED VOLATILITY FUND       ','','','','0','','','','','','','','RED','MV','0','','0','','','1','0','0','0000-00-00 00:00:00','','0','0000-00-00 00:00:00',''),('210','REDWOOD MORTGAGE INVESTORS            ','','','','0','','','','','','','','RED','WD','0','','0','','','1','0','0','0000-00-00 00:00:00','','0','0000-00-00 00:00:00',''),('211','RESOURCE REAL ESTATE                  ','','','','0','','','','','','','','DST','RA','0','','0','','','1','0','0','0000-00-00 00:00:00','','0','0000-00-00 00:00:00',''),('212','RIVERNORTH MARKETPLACE LENDING CORP   ','','','','0','','','','','','','','DST','RN','0','','0','','','1','0','0','0000-00-00 00:00:00','','0','0000-00-00 00:00:00',''),('213','RIVERSOURCE VA                        ','','','','0','','','','','','','','AEX','VA','0','','0','','','1','0','0','0000-00-00 00:00:00','','0','0000-00-00 00:00:00',''),('214','RONDURE FUNDS                         ','','','','0','','','','','','','','DTK','RO','0','','0','','','1','0','0','0000-00-00 00:00:00','','0','0000-00-00 00:00:00',''),('215','RREEF PROPERTY INCOME TRUST           ','','','','0','','','','','','','','DST','RE','0','','0','','','1','0','0','0000-00-00 00:00:00','','0','0000-00-00 00:00:00',''),('216','RUSSELL INVESTMENT COMPANY            ','','','','0','','','','','','','','DFE','RA','0','','0','','','1','0','0','0000-00-00 00:00:00','','0','0000-00-00 00:00:00',''),('217','SALIENT                               ','','','','0','','','','','','','','DTK','FW','0','','0','','','1','0','0','0000-00-00 00:00:00','','0','0000-00-00 00:00:00',''),('218','SARATOGA ADVANTAGE TRUST              ','','','','0','','','','','','','','SAT','MF','0','','0','','','1','0','0','0000-00-00 00:00:00','','0','0000-00-00 00:00:00',''),('219','SCHOLARSHARE COLLEGE SAVINGS          ','','','','0','','','','','','','','DFZ','LA','0','','0','','','1','0','0','0000-00-00 00:00:00','','0','0000-00-00 00:00:00',''),('220','SECURITY BENEFIT LIFE                 ','','','','0','','','','','','','','SBL','MM','0','','0','','','1','0','0','0000-00-00 00:00:00','','0','0000-00-00 00:00:00',''),('221','SELECTED FUNDS                        ','','','','0','','','','','','','','DFE','SL','0','','0','','','1','0','0','0000-00-00 00:00:00','','0','0000-00-00 00:00:00',''),('222','SE2 COMMONWEALTH                      ','','','','0','','','','','','','','SEZ','SC','0','','0','','','1','0','0','0000-00-00 00:00:00','','0','0000-00-00 00:00:00',''),('223','SFG INCOME FUNDS                      ','','','','0','','','','','','','','SFG','IC','0','','0','','','1','0','0','0000-00-00 00:00:00','','0','0000-00-00 00:00:00',''),('224','SHELTON FUNDS                         ','','','','0','','','','','','','','CAL','TR','0','','0','','','1','0','0','0000-00-00 00:00:00','','0','0000-00-00 00:00:00',''),('225','SIERRA FUNDS                          ','','','','0','','','','','','','','DST','SI','0','','0','','','1','0','0','0000-00-00 00:00:00','','0','0000-00-00 00:00:00',''),('226','SIERRA INVSTMENT MGMT                 ','','','','0','','','','','','','','SIE','RA','0','','0','','','1','0','0','0000-00-00 00:00:00','','0','0000-00-00 00:00:00',''),('227','SMARTSTOP  ASSET MANAGEMENT LLC       ','','','','0','','','','','','','','DST','SS','0','','0','','','1','0','0','0000-00-00 00:00:00','','0','0000-00-00 00:00:00',''),('228','SQN CAPITAL MANAGEMENT                ','','','','0','','','','','','','','SQN','CM','0','','0','','','1','0','0','0000-00-00 00:00:00','','0','0000-00-00 00:00:00',''),('229','SQN INVESTMENT ADVISORS               ','','','','0','','','','','','','','DST','SQ','0','','0','','','1','0','0','0000-00-00 00:00:00','','0','0000-00-00 00:00:00',''),('230','SRS LIVEWELL ANNUITIES (MIDLAND)      ','','','','0','','','','','','','','MNL','VA','0','','0','','','1','0','0','0000-00-00 00:00:00','','0','0000-00-00 00:00:00',''),('231','SRS LIVEWELL MUTUAL FUND IRA          ','','','','0','','','','','','','','LIV','WE','0','','0','','','1','0','0','0000-00-00 00:00:00','','0','0000-00-00 00:00:00',''),('232','STADION FUNDS                         ','','','','0','','','','','','','','DTK','SD','0','','0','','','1','0','0','0000-00-00 00:00:00','','0','0000-00-00 00:00:00',''),('233','STEBEN & COMPANY, INC.                ','','','','0','','','','','','','','STB','EN','0','','0','','','1','0','0','0000-00-00 00:00:00','','0','0000-00-00 00:00:00',''),('234','STIRA ALLTERNATIVES                   ','','','','0','','','','','','','','DST','SF','0','','0','','','1','0','0','0000-00-00 00:00:00','','0','0000-00-00 00:00:00',''),('235','SUN LIFE FINANCIAL                    ','','','','0','','','','','','','','SLF','CA','0','','0','','','1','0','0','0000-00-00 00:00:00','','0','0000-00-00 00:00:00',''),('236','SYMETRA FINANCIAL                     ','','','','0','','','','','','','','SFE','CO','0','','0','','','1','0','0','0000-00-00 00:00:00','','0','0000-00-00 00:00:00',''),('237','SYMETRA TPA (SFEDA)                   ','','','','0','','','','','','','','SFE','DA','0','','0','','','1','0','0','0000-00-00 00:00:00','','0','0000-00-00 00:00:00',''),('238','T. ROWE PRICE                         ','','','','0','','','','','','','','DFI','RP','0','','0','','','1','0','0','0000-00-00 00:00:00','','0','0000-00-00 00:00:00',''),('239','T.ROWE PRICE VARIABLE ANNUITY FUNDS   ','','','','0','','','','','','','','DFI','VA','0','','0','','','1','0','0','0000-00-00 00:00:00','','0','0000-00-00 00:00:00',''),('240','TCW FUNDS                             ','','','','0','','','','','','','','USB','TG','0','','0','','','1','0','0','0000-00-00 00:00:00','','0','0000-00-00 00:00:00',''),('241','TD AMERITRADE 529 SAVINGS             ','','','','0','','','','','','','','NEB','TD','0','','0','','','1','0','0','0000-00-00 00:00:00','','0','0000-00-00 00:00:00',''),('242','TERRA INCOME FUND 6                   ','','','','0','','','','','','','','DST','TE','0','','0','','','1','0','0','0000-00-00 00:00:00','','0','0000-00-00 00:00:00',''),('243','TEXAS LONESTAR 529 PLAN               ','','','','0','','','','','','','','TEX','AS','0','','0','','','1','0','0','0000-00-00 00:00:00','','0','0000-00-00 00:00:00',''),('244','THE PARKING REIT INC.                 ','','','','0','','','','','','','','DST','MV','0','','0','','','1','0','0','0000-00-00 00:00:00','','0','0000-00-00 00:00:00',''),('245','ROYCE FUNDS, THE                      ','','','','0','','','','','','','','DTJ','QA','0','','0','','','1','0','0','0000-00-00 00:00:00','','0','0000-00-00 00:00:00',''),('246','THE TIMOTHY PLAN                      ','','','','0','','','','','','','','TIM','PL','0','','0','','','1','0','0','0000-00-00 00:00:00','','0','0000-00-00 00:00:00',''),('247','THORNBURG                             ','','','','0','','','','','','','','DTJ','TH','0','','0','','','1','0','0','0000-00-00 00:00:00','','0','0000-00-00 00:00:00',''),('248','TIAA-CREF                             ','','','','0','','','','','','','','DFZ','TI','0','','0','','','1','0','0','0000-00-00 00:00:00','','0','0000-00-00 00:00:00',''),('249','TIAA-CREF 529 PLAN-CONNECTICUT        ','','','','0','','','','','','','','DFZ','HE','0','','0','','','1','0','0','0000-00-00 00:00:00','','0','0000-00-00 00:00:00',''),('250','TIAA-CREF 529 PLAN - GEORGIA          ','','','','0','','','','','','','','DFZ','GH','0','','0','','','1','0','0','0000-00-00 00:00:00','','0','0000-00-00 00:00:00',''),('251','TIAA-CREF 529 PLAN - KENTUCKY         ','','','','0','','','','','','','','DFZ','KA','0','','0','','','1','0','0','0000-00-00 00:00:00','','0','0000-00-00 00:00:00',''),('252','TIAA-CREF 529 PLAN - MICHIGAN         ','','','','0','','','','','','','','DFZ','EM','0','','0','','','1','0','0','0000-00-00 00:00:00','','0','0000-00-00 00:00:00',''),('253','TIAA-CREF 529 PLAN - MINNESOTA        ','','','','0','','','','','','','','DFZ','MN','0','','0','','','1','0','0','0000-00-00 00:00:00','','0','0000-00-00 00:00:00',''),('254','TIAA-CREF 529 PLAN - OKLAHOMA         ','','','','0','','','','','','','','DFZ','OE','0','','0','','','1','0','0','0000-00-00 00:00:00','','0','0000-00-00 00:00:00',''),('255','TIAA-CREF 529 PLAN - OREGON           ','','','','0','','','','','','','','DFZ','OZ','0','','0','','','1','0','0','0000-00-00 00:00:00','','0','0000-00-00 00:00:00',''),('256','TIAA-CREF VARIABLE ANNUITY            ','','','','0','','','','','','','','TIA','VA','0','','0','','','1','0','0','0000-00-00 00:00:00','','0','0000-00-00 00:00:00',''),('257','TIAA-NUVEEN                           ','','','','0','','','','','','','','DFZ','GN','0','','0','','','1','0','0','0000-00-00 00:00:00','','0','0000-00-00 00:00:00',''),('258','TOUCHSTONE VARIABLE ANNUITY           ','','','','0','','','','','','','','TSV','LW','0','','0','','','1','0','0','0000-00-00 00:00:00','','0','0000-00-00 00:00:00',''),('259','TRANSAMERICA FUNDS                    ','','','','0','','','','','','','','DTO','IM','0','','0','','','1','0','0','0000-00-00 00:00:00','','0','0000-00-00 00:00:00',''),('260','TRANSAMERICA LIFE INSURANCE           ','','','','0','','','','','','','','AEG','ON','0','','0','','','1','0','0','0000-00-00 00:00:00','','0','0000-00-00 00:00:00',''),('261','TRANSAMERICA PREMIER LIFE (WRL VA)    ','','','','0','','','','','','','','WRL','AE','0','','0','','','1','0','0','0000-00-00 00:00:00','','0','0000-00-00 00:00:00',''),('262','TRANSAMERICA PREMIER LIFE (WRL VA2)   ','','','','0','','','','','','','','WRL','VA','0','','0','','','1','0','0','0000-00-00 00:00:00','','0','0000-00-00 00:00:00',''),('263','TRANSAMERICA PREMIER LIFE (WRL VUL)   ','','','','0','','','','','','','','WST','VU','0','','0','','','1','0','0','0000-00-00 00:00:00','','0','0000-00-00 00:00:00',''),('264','TRANSAMERICA PREMIER LIFE-POST 06/01  ','','','','0','','','','','','','','PCM','CR','0','','0','','','1','0','0','0000-00-00 00:00:00','','0','0000-00-00 00:00:00',''),('265','TRANSAMERICA PREMIER LIFE-PRE 06/01   ','','','','0','','','','','','','','PCM','LL','0','','0','','','1','0','0','0000-00-00 00:00:00','','0','0000-00-00 00:00:00',''),('266','TRILOMA FINANCIAL GROUP               ','','','','0','','','','','','','','DST','BN','0','','0','','','1','0','0','0000-00-00 00:00:00','','0','0000-00-00 00:00:00',''),('267','TRILINC GLOBAL IMPACT FUND,           ','','','','0','','','','','','','','DST','TC','0','','0','','','1','0','0','0000-00-00 00:00:00','','0','0000-00-00 00:00:00',''),('268','UNION BANK AND TRUST                  ','','','','0','','','','','','','','CGE','NE','0','','0','','','1','0','0','0000-00-00 00:00:00','','0','0000-00-00 00:00:00',''),('269','UNION/TIME                            ','','','','0','','','','','','','','FOR','TI','0','','0','','','1','0','0','0000-00-00 00:00:00','','0','0000-00-00 00:00:00',''),('270','UNITED DEVELOPMENT FUNDING            ','','','','0','','','','','','','','DST','UD','0','','0','','','1','0','0','0000-00-00 00:00:00','','0','0000-00-00 00:00:00',''),('271','UNITED STATES LIFE INS CO             ','','','','0','','','','','','','','ALI','PA','0','','0','','','1','0','0','0000-00-00 00:00:00','','0','0000-00-00 00:00:00',''),('272','VANECK                                ','','','','0','','','','','','','','DST','VE','0','','0','','','1','0','0','0000-00-00 00:00:00','','0','0000-00-00 00:00:00',''),('273','VANGUARD VA                           ','','','','0','','','','','','','','VAN','GD','0','','0','','','1','0','0','0000-00-00 00:00:00','','0','0000-00-00 00:00:00',''),('274','VALIC ANNUITIES                       ','','','','0','','','','','','','','VLI','VA','0','','0','','','1','0','0','0000-00-00 00:00:00','','0','0000-00-00 00:00:00',''),('275','VALIC GROUP MUTUAL FUND PRD           ','','','','0','','','','','','','','VLI','MF','0','','0','','','1','0','0','0000-00-00 00:00:00','','0','0000-00-00 00:00:00',''),('276','VALIC INDEPENDENT DISTRIBUTION        ','','','','0','','','','','','','','VLI','IC','0','','0','','','1','0','0','0000-00-00 00:00:00','','0','0000-00-00 00:00:00',''),('277','VERTICAL CAPITAL                      ','','','','0','','','','','','','','VER','CP','0','','0','','','1','0','0','0000-00-00 00:00:00','','0','0000-00-00 00:00:00',''),('278','VICTORY FUNDS                         ','','','','0','','','','','','','','SGD','VT','0','','0','','','1','0','0','0000-00-00 00:00:00','','0','0000-00-00 00:00:00',''),('279','VOYA FINANCIAL ANNUITIES              ','','','','0','','','','','','','','GAL','GA','0','','0','','','1','0','0','0000-00-00 00:00:00','','0','0000-00-00 00:00:00',''),('280','VL VOYA INSTITUTIONAL TRUST CO        ','','','','0','','','','','','','','GAL','MF','0','','0','','','1','0','0','0000-00-00 00:00:00','','0','0000-00-00 00:00:00',''),('281','W.P. CAREY INC.                       ','','','','0','','','','','','','','DST','WP','0','','0','','','1','0','0','0000-00-00 00:00:00','','0','0000-00-00 00:00:00',''),('282','WALTON INTERNATIONAL                  ','','','','0','','','','','','','','WAL','TN','0','','0','','','1','0','0','0000-00-00 00:00:00','','0','0000-00-00 00:00:00',''),('283','WELLS FARGO FUNDS                     ','','','','0','','','','','','','','DFY','WE','0','','0','','','1','0','0','0000-00-00 00:00:00','','0','0000-00-00 00:00:00',''),('284','WILMINGTON TRUST                      ','','','','0','','','','','','','','WIL','TR','0','','0','','','1','0','0','0000-00-00 00:00:00','','0','0000-00-00 00:00:00',''),('285','WORTH CAPITAL                         ','','','','0','','','','','','','','WOR','TH','0','','0','','','1','0','0','0000-00-00 00:00:00','','0','0000-00-00 00:00:00',''),('286','YORKTOWN FUNDS                        ','','','','0','','','','','','','','API','TR','0','','0','','','1','0','0','0000-00-00 00:00:00','','0','0000-00-00 00:00:00',''),('287','ZURICH AMERICAN LIFE INS. CO.         ','','','','0','','','','','','','','SCU','DS','0','','0','','','1','0','0','0000-00-00 00:00:00','','0','0000-00-00 00:00:00',''),('288','newsponsor for import','','','','0','','','','','','','','MFG','BR','0','','0','','','1','1','21','2018-05-01 18:14:58','27.54.165.122','0','0000-00-00 00:00:00',''),('289','American Funds Test Spons','','','','0','','','','','','','','MFG','BR','0','','0','','','1','1','21','2018-05-01 21:16:42','76.176.130.44','0','0000-00-00 00:00:00',''),('290','Oppenheimer Test Sponsor','','','','0','','','','','','','','MFB','BR','0','','0','','','1','1','21','2018-05-02 20:31:04','76.176.130.44','21','2018-05-08 10:46:18','103.36.122.212'),('291','TEST SPOSNOR','','','','0','','','','','','','','','','0','','0','','','1','0','21','2018-05-17 18:09:37','103.36.122.212','0','0000-00-00 00:00:00','');
/*!40000 ALTER TABLE `ft_sponsor_master` ENABLE KEYS */;

DROP TABLE IF EXISTS `ft_sponsor_notes`;
CREATE TABLE `ft_sponsor_notes` (
  `id` int(12) NOT NULL AUTO_INCREMENT,
  `date` date NOT NULL,
  `user_id` varchar(100) NOT NULL,
  `notes` varchar(100) NOT NULL,
  `status` tinyint(1) NOT NULL DEFAULT '1',
  `is_delete` tinyint(1) NOT NULL DEFAULT '0',
  `created_by` int(12) NOT NULL,
  `created_time` datetime NOT NULL,
  `created_ip` varchar(100) NOT NULL,
  `modified_by` int(12) NOT NULL,
  `modified_time` datetime NOT NULL,
  `modified_ip` varchar(100) NOT NULL,
  PRIMARY KEY (`id`)
) ENGINE=InnoDB DEFAULT CHARSET=latin1;

/*!40000 ALTER TABLE `ft_sponsor_notes` DISABLE KEYS */;
/*!40000 ALTER TABLE `ft_sponsor_notes` ENABLE KEYS */;

DROP TABLE IF EXISTS `ft_state_master`;
CREATE TABLE `ft_state_master` (
  `id` int(12) NOT NULL AUTO_INCREMENT,
  `name` varchar(100) NOT NULL,
  `status` tinyint(1) NOT NULL DEFAULT '1',
  `is_delete` tinyint(1) NOT NULL DEFAULT '0',
  `created_by` int(12) NOT NULL,
  `created_time` datetime NOT NULL,
  `created_ip` varchar(100) NOT NULL,
  `modified_by` int(12) NOT NULL,
  `modified_time` datetime NOT NULL,
  `modified_ip` varchar(100) NOT NULL,
  `short_name` varchar(10) DEFAULT NULL,
  PRIMARY KEY (`id`)
) ENGINE=InnoDB AUTO_INCREMENT=53 DEFAULT CHARSET=latin1;

/*!40000 ALTER TABLE `ft_state_master` DISABLE KEYS */;
INSERT INTO `ft_state_master` VALUES ('1','Alabama','1','0','1','2017-12-01 00:00:00','192.168.30.8','0','0000-00-00 00:00:00','','AL'),('2','Alaska','1','0','1','2017-12-01 00:00:00','192.168.30.8\r\n','0','0000-00-00 00:00:00','','AK'),('3','Arizona','1','0','1','2017-12-01 00:00:00','192.168.30.8\r\n','0','0000-00-00 00:00:00','','AZ'),('4','Arkansas','1','0','0','0000-00-00 00:00:00','','0','0000-00-00 00:00:00','','AR'),('5','California','1','0','0','0000-00-00 00:00:00','','0','0000-00-00 00:00:00','','CA'),('6','Colorado','1','0','0','0000-00-00 00:00:00','','0','0000-00-00 00:00:00','','CO'),('7','Connecticut','1','0','0','0000-00-00 00:00:00','','0','0000-00-00 00:00:00','','CT'),('8','Delaware','1','0','0','0000-00-00 00:00:00','','0','0000-00-00 00:00:00','','DE'),('9','Florida','1','0','0','0000-00-00 00:00:00','','0','0000-00-00 00:00:00','','FL'),('10','Georgia','1','0','0','0000-00-00 00:00:00','','0','0000-00-00 00:00:00','','GA'),('11','Hawaii','1','0','0','0000-00-00 00:00:00','','0','0000-00-00 00:00:00','','HI'),('12','Idaho','1','0','0','0000-00-00 00:00:00','','0','0000-00-00 00:00:00','','ID'),('13','Illinois','1','0','0','0000-00-00 00:00:00','','0','0000-00-00 00:00:00','','IL'),('14','Indiana','1','0','0','0000-00-00 00:00:00','','0','0000-00-00 00:00:00','','IN'),('15','Iowa','1','0','0','0000-00-00 00:00:00','','0','0000-00-00 00:00:00','','IA'),('16','Kansas','1','0','0','0000-00-00 00:00:00','','0','0000-00-00 00:00:00','','KS'),('17','Kentucky','1','0','0','0000-00-00 00:00:00','','0','0000-00-00 00:00:00','','KY'),('18','Louisiana','1','0','0','0000-00-00 00:00:00','','0','0000-00-00 00:00:00','','LA'),('19','Maine','1','0','0','0000-00-00 00:00:00','','0','0000-00-00 00:00:00','','ME'),('20','Maryland','1','0','0','0000-00-00 00:00:00','','0','0000-00-00 00:00:00','','MD'),('21','Massachusetts','1','0','0','0000-00-00 00:00:00','','0','0000-00-00 00:00:00','','MA'),('22','Michigan','1','0','0','0000-00-00 00:00:00','','0','0000-00-00 00:00:00','','MI'),('23','Minnesota','1','0','0','0000-00-00 00:00:00','','0','0000-00-00 00:00:00','','MN'),('24','Mississippi','1','0','0','0000-00-00 00:00:00','','0','0000-00-00 00:00:00','','MS'),('25','Missouri','1','0','0','0000-00-00 00:00:00','','0','0000-00-00 00:00:00','','MO'),('26','Montana','1','0','0','0000-00-00 00:00:00','','0','0000-00-00 00:00:00','','MT'),('27','Nebraska','1','0','0','0000-00-00 00:00:00','','0','0000-00-00 00:00:00','','NE'),('28','Nevada','1','0','0','0000-00-00 00:00:00','','0','0000-00-00 00:00:00','','NV'),('29','New Hampshire','1','0','0','0000-00-00 00:00:00','','0','0000-00-00 00:00:00','','NH'),('30','New Jersey','1','0','0','0000-00-00 00:00:00','','0','0000-00-00 00:00:00','','NJ'),('31','New Mexico','1','0','0','0000-00-00 00:00:00','','0','0000-00-00 00:00:00','','NM'),('32','New York','1','0','0','0000-00-00 00:00:00','','0','0000-00-00 00:00:00','','NY'),('33','North Carolina','1','0','0','0000-00-00 00:00:00','','0','0000-00-00 00:00:00','','NC'),('34','North Dakota','1','0','0','0000-00-00 00:00:00','','0','0000-00-00 00:00:00','','ND'),('35','Ohio','1','0','0','0000-00-00 00:00:00','','0','0000-00-00 00:00:00','','OH'),('36','Oklahoma','1','0','0','0000-00-00 00:00:00','','0','0000-00-00 00:00:00','',NULL),('37','Oregon','1','0','0','0000-00-00 00:00:00','','0','0000-00-00 00:00:00','','OR'),('38','Pennsylvania','1','0','0','0000-00-00 00:00:00','','0','0000-00-00 00:00:00','','PA'),('39','Rhode Island','1','0','0','0000-00-00 00:00:00','','0','0000-00-00 00:00:00','','RI'),('40','South Carolina','1','0','0','0000-00-00 00:00:00','','0','0000-00-00 00:00:00','','SC'),('41','South Dakota','1','0','0','0000-00-00 00:00:00','','0','0000-00-00 00:00:00','','OK'),('42','Tennessee','1','0','0','0000-00-00 00:00:00','','0','0000-00-00 00:00:00','','TN'),('43','Texas','1','0','0','0000-00-00 00:00:00','','0','0000-00-00 00:00:00','','TX'),('44','Utah','1','0','0','0000-00-00 00:00:00','','0','0000-00-00 00:00:00','','UT'),('45','Vermont','1','0','0','0000-00-00 00:00:00','','0','0000-00-00 00:00:00','','VT'),('46','Virginia','1','0','0','0000-00-00 00:00:00','','0','0000-00-00 00:00:00','','VA'),('47','Washington','1','0','0','0000-00-00 00:00:00','','0','0000-00-00 00:00:00','','WA'),('48','West Virginia','1','0','0','0000-00-00 00:00:00','','0','0000-00-00 00:00:00','','WV'),('49','Wisconsin','1','0','0','0000-00-00 00:00:00','','0','0000-00-00 00:00:00','','WI'),('50','Wyoming','1','0','0','0000-00-00 00:00:00','','0','0000-00-00 00:00:00','','WY'),('51','Washington DC','0','0','0','0000-00-00 00:00:00','','0','0000-00-00 00:00:00','','DC'),('52','Foreign','1','0','0','0000-00-00 00:00:00','','0','0000-00-00 00:00:00','','');
/*!40000 ALTER TABLE `ft_state_master` ENABLE KEYS */;

DROP TABLE IF EXISTS `ft_system_configuration`;
CREATE TABLE `ft_system_configuration` (
  `id` int(11) NOT NULL AUTO_INCREMENT,
  `user_id` int(12) NOT NULL,
  `company_name` varchar(50) NOT NULL,
  `address1` varchar(255) NOT NULL,
  `address2` varchar(255) NOT NULL,
  `city` varchar(50) NOT NULL,
  `state` varchar(50) NOT NULL,
  `zip` varchar(10) NOT NULL,
  `minimum_check_amount` varchar(20) NOT NULL,
  `finra` varchar(100) NOT NULL DEFAULT '',
  `sipc` varchar(100) NOT NULL,
  `brocker_pick_lists` tinyint(1) NOT NULL DEFAULT '0',
  `branch_pick_lists` tinyint(1) NOT NULL DEFAULT '0',
  `brocker_statement` tinyint(1) NOT NULL DEFAULT '0',
  `firm_does_not_participate` tinyint(1) NOT NULL,
  `logo` varchar(100) NOT NULL,
  `status` tinyint(1) NOT NULL DEFAULT '1',
  `is_delete` tinyint(1) NOT NULL DEFAULT '0',
  `created_by` int(12) NOT NULL,
  `created_time` date NOT NULL,
  `created_ip` varchar(100) NOT NULL,
  `modified_by` int(12) NOT NULL,
  `modified_time` datetime NOT NULL,
  `modified_ip` varchar(100) NOT NULL,
  PRIMARY KEY (`id`)
) ENGINE=InnoDB AUTO_INCREMENT=2 DEFAULT CHARSET=latin1;

/*!40000 ALTER TABLE `ft_system_configuration` DISABLE KEYS */;
INSERT INTO `ft_system_configuration` VALUES ('1','3','FoxTrot Financial Planning','1234 Any Street','Suite 500','New York','32','92008-4063','100.00','2','3','1','0','1','0','1531343171180720.jpg','1','0','3','2018-02-07','103.91.220.58','1','2021-06-30 10:43:52','96.55.37.191');
/*!40000 ALTER TABLE `ft_system_configuration` ENABLE KEYS */;

DROP TABLE IF EXISTS `ft_time_for_exp_master`;
CREATE TABLE `ft_time_for_exp_master` (
  `id` int(11) NOT NULL AUTO_INCREMENT,
  `option` varchar(100) NOT NULL,
  `u_id` int(8) NOT NULL,
  `status` tinyint(1) NOT NULL DEFAULT '1',
  `is_delete` tinyint(1) NOT NULL DEFAULT '0',
  `created_by` int(12) NOT NULL,
  `created_time` datetime NOT NULL,
  `created_ip` varchar(100) NOT NULL,
  `modified_by` int(12) NOT NULL,
  `modified_time` datetime NOT NULL,
  `modified_ip` varchar(100) NOT NULL,
  PRIMARY KEY (`id`)
) ENGINE=InnoDB AUTO_INCREMENT=2 DEFAULT CHARSET=latin1;

/*!40000 ALTER TABLE `ft_time_for_exp_master` DISABLE KEYS */;
INSERT INTO `ft_time_for_exp_master` VALUES ('1','25','0','1','0','4','2017-12-09 11:38:45','192.168.30.30','0','0000-00-00 00:00:00','');
/*!40000 ALTER TABLE `ft_time_for_exp_master` ENABLE KEYS */;

DROP TABLE IF EXISTS `ft_transaction_master`;
CREATE TABLE `ft_transaction_master` (
  `id` int(12) NOT NULL AUTO_INCREMENT,
  `file_id` int(12) NOT NULL,
  `source` varchar(100) NOT NULL,
  `client_name` varchar(8) NOT NULL,
  `client_number` varchar(26) NOT NULL,
  `broker_name` varchar(8) NOT NULL,
  `product_cate` varchar(8) NOT NULL,
  `sponsor` varchar(8) NOT NULL,
  `product` varchar(8) NOT NULL,
  `batch` varchar(8) NOT NULL DEFAULT '0',
  `invest_amount` decimal(8,2) NOT NULL DEFAULT '0.00',
  `charge_amount` decimal(8,2) NOT NULL DEFAULT '0.00',
  `commission_received` decimal(8,2) NOT NULL DEFAULT '0.00',
  `commission_received_date` datetime NOT NULL,
  `posting_date` date NOT NULL,
  `trade_date` date NOT NULL,
  `settlement_date` date NOT NULL,
  `split` tinyint(1) NOT NULL,
  `another_level` varchar(8) NOT NULL,
  `cancel` tinyint(1) NOT NULL,
  `buy_sell` tinyint(1) NOT NULL,
  `hold_commission` tinyint(1) NOT NULL,
  `hold_resoan` varchar(50) NOT NULL,
  `units` varchar(100) NOT NULL,
  `shares` varchar(100) NOT NULL,
  `gross_amount_sign_code` varchar(100) NOT NULL DEFAULT '0',
  `dealer_commission_sign_code` varchar(100) NOT NULL DEFAULT '0',
  `branch` int(12) NOT NULL,
  `company` int(12) NOT NULL,
  `is_payroll` tinyint(1) NOT NULL DEFAULT '0',
  `is_reverse` tinyint(1) NOT NULL DEFAULT '0',
  `payroll_id` int(12) NOT NULL,
  `status` tinyint(1) NOT NULL DEFAULT '1',
  `is_delete` tinyint(1) NOT NULL DEFAULT '0',
  `created_by` int(12) NOT NULL,
  `created_time` datetime NOT NULL,
  `created_ip` varchar(100) NOT NULL,
  `modified_by` int(12) NOT NULL,
  `modified_time` datetime NOT NULL,
  `modified_ip` varchar(100) NOT NULL,
  `ch_no` varchar(10) DEFAULT NULL,
  `ch_pay_to` varchar(10) DEFAULT NULL,
  `ch_date` date DEFAULT NULL,
  `ch_amount` decimal(10,2) DEFAULT NULL,
  `is_1035_exchange` smallint(6) DEFAULT '0',
  PRIMARY KEY (`id`)
) ENGINE=InnoDB AUTO_INCREMENT=122 DEFAULT CHARSET=latin1;

/*!40000 ALTER TABLE `ft_transaction_master` DISABLE KEYS */;
INSERT INTO `ft_transaction_master` VALUES ('1','2','DS','1','00150247194         ','3','1','1','1','1','25000.00','0.00','1187.50','0000-00-00 00:00:00','2018-08-02','2016-04-27','0000-00-00','1','','2','1','2','','','','0','0','0','0','0','0','0','1','1','21','2018-08-02 18:26:28','103.36.122.212','0','0000-00-00 00:00:00','',NULL,NULL,NULL,NULL,'0'),('2','2','DS','1','00150247581         ','1','1','1','1','1','20000.00','0.00','950.00','0000-00-00 00:00:00','2018-08-02','2016-04-27','0000-00-00','1','','2','1','2','','','','0','0','1','1','0','0','0','1','1','21','2018-08-02 18:26:28','103.36.122.212','0','0000-00-00 00:00:00','',NULL,NULL,NULL,NULL,'0'),('3','2','DS','1','00150247590','1','1','1','1','1','10000.00','0.00','475.00','0000-00-00 00:00:00','2018-08-02','2016-04-27','0000-00-00','1','','2','1','2','','','','0','0','1','1','0','0','0','1','1','21','2018-08-02 18:26:28','103.36.122.212','0','0000-00-00 00:00:00','',NULL,NULL,NULL,NULL,'0'),('4','2','DS','1','00150247184         ','2','1','1','1','1','6500.00','0.00','308.75','0000-00-00 00:00:00','2018-08-02','2016-04-27','0000-00-00','1','','2','1','2','','','','0','0','1','1','0','0','0','1','1','21','2018-08-02 18:26:28','103.36.122.212','0','0000-00-00 00:00:00','',NULL,NULL,NULL,NULL,'0'),('5','2','DS','2','00150247582','2','1','1','1','1','6380.00','0.00','303.05','0000-00-00 00:00:00','2018-08-02','2016-04-27','0000-00-00','1','','2','1','2','','','','0','0','1','1','0','0','0','1','1','21','2018-08-02 18:26:28','103.36.122.212','0','0000-00-00 00:00:00','',NULL,NULL,NULL,NULL,'0'),('6','2','DS','1','00150247194','3','1','','1','1','25000.00','0.00','1187.50','2018-08-31 00:00:00','2018-08-02','2016-04-27','1970-01-01','1','','2','1','2','','','','0','0','2','2','1','0','3','1','0','21','2018-08-02 18:26:52','103.36.122.212','21','2018-10-11 17:49:48','103.36.122.212',NULL,NULL,NULL,NULL,'0'),('7','2','DS','1','00150247194','1','1','','1','1','20000.00','0.00','950.00','2018-08-02 00:00:00','2018-08-02','2016-04-27','1970-01-01','1','','2','1','2','','','','0','0','1','1','1','0','1','1','0','21','2018-08-02 18:26:52','103.36.122.212','21','2018-10-11 17:46:58','103.36.122.212',NULL,NULL,NULL,NULL,'0'),('8','2','DS','1','00150247194','1','1','','1','1','10000.00','0.00','475.00','2018-08-02 00:00:00','2018-08-02','2016-04-27','1970-01-01','1','','2','1','2','','','','0','0','1','1','1','0','1','1','0','21','2018-08-02 18:26:52','103.36.122.212','21','2018-10-11 17:46:58','103.36.122.212',NULL,NULL,NULL,NULL,'0'),('9','2','DS','1','00150247194','2','1','','1','1','6500.00','0.00','308.75','2018-08-06 00:00:00','2018-08-02','2016-04-27','1970-01-01','1','','2','1','2','','','','0','0','1','1','1','0','1','1','0','21','2018-08-02 18:26:52','103.36.122.212','21','2018-10-11 17:46:58','103.36.122.212',NULL,NULL,NULL,NULL,'0'),('10','2','DS','2','00123456789','2','1','','1','1','6380.00','0.00','303.05','2018-08-06 00:00:00','2018-08-02','2016-04-27','1970-01-01','1','','2','1','2','','','','0','0','1','1','1','0','1','1','0','21','2018-08-02 18:26:52','103.36.122.212','21','2018-10-11 17:46:58','103.36.122.212',NULL,NULL,NULL,NULL,'0'),('11','2','DS','2','00123456789','4','1','','1','1','25000.00','0.00','1187.50','2018-08-06 00:00:00','2018-08-02','2016-04-27','1970-01-01','1','','2','1','2','','','','0','0','0','0','1','0','1','1','0','21','2018-08-02 18:26:52','103.36.122.212','21','2018-10-11 17:46:58','103.36.122.212',NULL,NULL,NULL,NULL,'0'),('12','0','MN','2','00123456789','4','2','1','1','2','4800.00','800.00','2500.00','2018-08-03 00:00:00','2018-08-03','2018-08-03','2018-08-03','2','','2','1','2','','2','2400','0','0','0','0','1','0','1','1','0','21','2018-08-03 18:02:09','103.36.122.212','21','2018-10-11 17:46:58','103.36.122.212',NULL,NULL,NULL,NULL,'0'),('13','3','DS','1','00150247194','3','2','1','1','3','25000.00','0.00','1187.50','2018-10-11 00:00:00','2018-08-06','2016-04-27','1970-01-01','1','','2','1','2','','','','0','0','2','2','1','0','4','1','0','21','2018-08-06 17:22:00','103.36.122.212','21','2018-10-13 19:50:18','76.176.130.44',NULL,NULL,NULL,NULL,'0'),('14','3','DS','1','00150247194','1','2','1','1','3','20000.00','0.00','950.00','2018-08-06 00:00:00','2018-08-06','2016-04-27','1970-01-01','1','','2','1','2','','','','0','0','1','1','1','0','1','1','0','21','2018-08-06 17:22:00','103.36.122.212','21','2018-10-11 17:46:58','103.36.122.212',NULL,NULL,NULL,NULL,'0'),('15','3','DS','1','00150247194','1','2','1','1','3','10000.00','0.00','475.00','2018-08-11 00:00:00','2018-08-06','2016-04-27','1970-01-01','1','','2','1','2','','','','0','0','1','1','1','0','1','1','0','21','2018-08-06 17:22:00','103.36.122.212','21','2018-10-11 17:46:58','103.36.122.212',NULL,NULL,NULL,NULL,'0'),('16','3','DS','1','00150247194','2','2','1','1','3','6500.00','0.00','308.75','2018-10-23 00:00:00','2018-08-06','2016-04-27','1970-01-01','1','','2','1','2','','','','0','0','1','1','1','0','1','1','0','21','2018-08-06 17:22:00','103.36.122.212','21','2018-10-23 17:59:01','103.36.122.212',NULL,NULL,NULL,NULL,'0'),('17','3','DS','2','00123456789','2','2','1','1','3','6380.00','0.00','303.05','2018-08-11 00:00:00','2018-08-06','2016-04-27','1970-01-01','1','','2','1','2','','','','0','0','1','1','1','0','1','1','0','21','2018-08-06 17:22:00','103.36.122.212','21','2018-10-11 17:46:58','103.36.122.212',NULL,NULL,NULL,NULL,'0'),('18','3','DS','2','00123456789','4','2','1','1','3','25000.00','0.00','1187.50','2018-08-06 00:00:00','2018-08-06','2016-04-27','1970-01-01','1','','2','1','2','','','','0','0','0','0','1','0','1','1','0','21','2018-08-06 17:22:00','103.36.122.212','21','2018-10-11 17:46:58','103.36.122.212',NULL,NULL,NULL,NULL,'0'),('19','4','DS','1','00150247194','3','2','1','1','4','25000.00','0.00','1187.50','2018-08-11 00:00:00','2018-08-06','2016-04-27','1970-01-01','1','','2','1','2','','','','0','0','2','2','1','0','1','1','0','21','2018-08-06 17:22:11','103.36.122.212','21','2018-10-11 17:46:58','103.36.122.212',NULL,NULL,NULL,NULL,'0'),('20','4','DS','1','00150247194','1','2','1','1','4','20000.00','0.00','950.00','2018-08-13 00:00:00','2018-08-06','2016-04-27','1970-01-01','1','','2','1','2','','','','0','0','1','1','1','0','1','1','0','21','2018-08-06 17:22:11','103.36.122.212','21','2018-10-11 17:46:58','103.36.122.212',NULL,NULL,NULL,NULL,'0'),('21','4','DS','1','00150247194','1','2','1','1','4','10000.00','0.00','475.00','2018-09-06 00:00:00','2018-08-06','2016-04-27','1970-01-01','1','','2','1','2','','','','0','0','1','1','1','0','4','1','0','21','2018-08-06 17:22:11','103.36.122.212','21','2018-10-13 19:50:18','76.176.130.44',NULL,NULL,NULL,NULL,'0'),('22','4','DS','1','00150247194','2','1','1','6','4','6500.00','0.00','308.75','2018-09-06 00:00:00','2018-08-06','2016-04-27','1970-01-01','1','','2','1','2','','','','0','0','1','1','1','0','4','1','0','21','2018-08-06 17:22:11','103.36.122.212','21','2018-10-13 19:50:18','76.176.130.44',NULL,NULL,NULL,NULL,'0'),('23','4','DS','2','00123456789','2','1','1','6','4','6380.00','0.00','303.05','2018-09-07 00:00:00','2018-08-06','2016-04-27','1970-01-01','1','','2','1','2','','','','0','0','1','1','1','0','4','1','0','21','2018-08-06 17:22:11','103.36.122.212','21','2018-10-13 19:50:18','76.176.130.44',NULL,NULL,NULL,NULL,'0'),('24','4','DS','2','00123456789','4','1','1','6','4','25000.00','0.00','1187.50','2018-10-01 00:00:00','2018-08-06','2016-04-27','1970-01-01','1','','2','1','2','','','','0','0','0','0','1','0','4','1','0','21','2018-08-06 17:22:11','103.36.122.212','21','2018-10-13 19:50:18','76.176.130.44',NULL,NULL,NULL,NULL,'0'),('25','5','DS','1','00150247194','3','2','1','1','5','25000.00','0.00','1187.50','2018-09-07 00:00:00','2018-08-13','2016-04-27','1970-01-01','1','','2','1','2','','','','0','0','2','2','1','0','4','1','0','21','2018-08-13 05:01:04','98.173.59.168','21','2018-10-13 19:50:18','76.176.130.44',NULL,NULL,NULL,NULL,'0'),('26','5','DS','1','00150247194','1','1','1','6','5','20000.00','0.00','950.00','2018-10-01 00:00:00','2018-08-13','2016-04-27','1970-01-01','1','','2','1','2','','','','0','0','1','1','1','0','4','1','0','21','2018-08-13 05:01:04','98.173.59.168','21','2018-10-13 19:50:18','76.176.130.44',NULL,NULL,NULL,NULL,'0'),('27','5','DS','1','00150247194','4','1','1','6','5','10000.00','0.00','475.00','2018-10-23 00:00:00','2018-08-13','2016-04-27','1970-01-01','1','','2','1','2','','','','0','0','0','0','1','0','1','1','0','21','2018-08-13 05:01:04','98.173.59.168','21','2018-10-23 17:59:01','103.36.122.212',NULL,NULL,NULL,NULL,'0'),('28','5','DS','1','00150247194','1','1','1','6','5','6500.00','0.00','308.75','2018-10-23 00:00:00','2018-08-13','2016-04-27','1970-01-01','1','','2','1','2','','','','0','0','1','1','1','0','1','1','0','21','2018-08-13 05:01:04','98.173.59.168','21','2018-10-23 17:59:01','103.36.122.212',NULL,NULL,NULL,NULL,'0'),('29','5','DS','2','00123456789','2','1','1','6','5','6380.00','0.00','303.05','2018-10-11 00:00:00','2018-08-13','2016-04-27','1970-01-01','1','','2','1','2','','','','0','0','1','1','1','0','4','1','0','21','2018-08-13 05:01:04','98.173.59.168','21','2018-10-13 19:50:18','76.176.130.44',NULL,NULL,NULL,NULL,'0'),('30','5','DS','2','00123456789','4','1','1','6','5','25000.00','0.00','1187.50','2018-10-02 00:00:00','2018-08-13','2016-04-27','1970-01-01','1','','2','1','2','','','','0','0','0','0','1','0','4','1','0','21','2018-08-13 05:01:04','98.173.59.168','21','2018-10-13 19:50:18','76.176.130.44',NULL,NULL,NULL,NULL,'0'),('31','6','DS','1','00150247194','3','1','1','6','6','25000.00','0.00','1187.50','2018-10-23 00:00:00','2018-08-13','2016-04-27','1970-01-01','1','','2','1','2','','','','0','0','2','2','1','0','1','1','0','21','2018-08-13 05:01:04','98.173.59.168','21','2018-10-23 17:59:01','103.36.122.212',NULL,NULL,NULL,NULL,'0'),('32','6','DS','1','00150247194','1','1','1','6','6','20000.00','0.00','950.00','2018-10-13 00:00:00','2018-08-13','2016-04-27','1970-01-01','1','','2','1','2','','','','0','0','1','1','1','0','4','1','0','21','2018-08-13 05:01:04','98.173.59.168','21','2018-10-13 19:50:18','76.176.130.44',NULL,NULL,NULL,NULL,'0'),('33','6','DS','1','00150247194','1','1','1','6','6','10000.00','0.00','475.00','2018-11-01 00:00:00','2018-08-13','2016-04-27','1970-01-01','1','','2','1','2','','','','0','0','1','1','1','0','3','1','0','21','2018-08-13 05:01:04','98.173.59.168','21','2018-11-01 15:10:36','103.36.122.212',NULL,NULL,NULL,NULL,'0'),('34','6','DS','1','00150247194','2','1','1','6','6','6500.00','0.00','308.75','2018-11-01 00:00:00','2018-08-13','2016-04-27','1970-01-01','1','','2','1','2','','','','0','0','1','1','1','0','3','1','0','21','2018-08-13 05:01:04','98.173.59.168','21','2018-11-01 15:10:36','103.36.122.212',NULL,NULL,NULL,NULL,'0'),('35','6','DS','2','00123456789','2','1','1','6','6','6380.00','0.00','303.05','2018-11-15 00:00:00','2018-08-13','2016-04-27','1970-01-01','1','','2','1','2','','','','0','0','1','1','1','0','4','1','0','21','2018-08-13 05:01:04','98.173.59.168','21','2018-11-15 17:40:54','103.36.122.212',NULL,NULL,NULL,NULL,'0'),('36','6','DS','2','00123456789','4','1','1','6','6','25000.00','0.00','1187.50','2018-10-23 00:00:00','2018-08-13','2016-04-27','1970-01-01','1','','2','1','2','','','','0','0','0','0','1','0','6','1','0','21','2018-08-13 05:01:04','98.173.59.168','21','2018-10-23 09:32:38','103.36.122.212',NULL,NULL,NULL,NULL,'0'),('37','7','DS','1','00150247194','3','1','1','6','7','25000.00','0.00','1187.50','2018-11-01 00:00:00','2018-08-13','2016-04-27','1970-01-01','1','','2','1','2','','','','0','0','2','2','1','0','3','1','0','21','2018-08-13 05:01:04','98.173.59.168','21','2018-11-01 15:10:36','103.36.122.212',NULL,NULL,NULL,NULL,'0'),('38','7','DS','1','00150247194','1','1','1','6','7','20000.00','0.00','950.00','2018-11-01 00:00:00','2018-08-13','2016-04-27','1970-01-01','1','','2','1','2','','','','0','0','1','1','1','0','3','1','0','21','2018-08-13 05:01:04','98.173.59.168','21','2018-11-01 15:10:36','103.36.122.212',NULL,NULL,NULL,NULL,'0'),('39','7','DS','1','00150247194','1','1','1','6','7','10000.00','0.00','475.00','2018-11-15 00:00:00','2018-08-13','2016-04-27','1970-01-01','1','','2','1','2','','','','0','0','1','1','1','0','4','1','0','21','2018-08-13 05:01:04','98.173.59.168','21','2018-11-15 17:40:54','103.36.122.212',NULL,NULL,NULL,NULL,'0'),('40','7','DS','1','00150247194','2','2','1','1','7','6500.00','0.00','308.75','2018-11-15 00:00:00','2018-08-13','2016-04-27','1970-01-01','1','','2','1','2','','','','0','0','1','1','1','0','4','1','0','21','2018-08-13 05:01:04','98.173.59.168','21','2018-11-15 17:40:54','103.36.122.212',NULL,NULL,NULL,NULL,'0'),('41','7','DS','2','00150247582         ','2','1','1','1','7','6380.00','0.00','303.05','0000-00-00 00:00:00','2018-08-13','2016-04-27','0000-00-00','1','','2','1','2','','','','0','0','1','1','0','0','0','1','0','21','2018-08-13 05:01:04','98.173.59.168','0','0000-00-00 00:00:00','',NULL,NULL,NULL,NULL,'0'),('42','7','DS','2','00123456789','4','1','1','6','7','25000.00','0.00','1187.50','2018-10-15 00:00:00','2018-08-13','2016-04-27','1970-01-01','1','','2','1','2','','','','0','0','0','0','1','0','4','1','0','21','2018-08-13 05:01:04','98.173.59.168','21','2018-10-13 19:50:18','76.176.130.44',NULL,NULL,NULL,NULL,'0'),('43','8','DS','1','00150247194','3','1','1','6','8','25000.00','0.00','1187.50','2018-10-12 00:00:00','2018-08-13','2016-04-27','1970-01-01','1','','2','1','2','','','','0','0','2','2','1','0','4','1','0','21','2018-08-13 05:01:04','98.173.59.168','21','2018-10-13 19:50:18','76.176.130.44',NULL,NULL,NULL,NULL,'0'),('44','8','DS','1','00150247581         ','1','1','1','1','8','20000.00','0.00','950.00','0000-00-00 00:00:00','2018-08-13','2016-04-27','0000-00-00','1','','2','1','2','','','','0','0','1','1','0','0','0','1','0','21','2018-08-13 05:01:04','98.173.59.168','0','0000-00-00 00:00:00','',NULL,NULL,NULL,NULL,'0'),('45','8','DS','1','00150247590         ','1','1','1','1','8','10000.00','0.00','475.00','0000-00-00 00:00:00','2018-08-13','2016-04-27','0000-00-00','1','','2','1','2','','','','0','0','1','1','0','0','0','1','0','21','2018-08-13 05:01:04','98.173.59.168','0','0000-00-00 00:00:00','',NULL,NULL,NULL,NULL,'0'),('46','8','DS','1','00150247184         ','2','1','1','1','8','6500.00','0.00','308.75','0000-00-00 00:00:00','2018-08-13','2016-04-27','0000-00-00','1','','2','1','2','','','','0','0','1','1','0','0','0','1','0','21','2018-08-13 05:01:04','98.173.59.168','0','0000-00-00 00:00:00','',NULL,NULL,NULL,NULL,'0'),('47','8','DS','2','00150247582         ','2','1','1','1','8','6380.00','0.00','303.05','0000-00-00 00:00:00','2018-08-13','2016-04-27','0000-00-00','1','','2','1','2','','','','0','0','1','1','0','0','0','1','0','21','2018-08-13 05:01:04','98.173.59.168','0','0000-00-00 00:00:00','',NULL,NULL,NULL,NULL,'0'),('48','8','DS','2','00123456789','4','1','1','6','8','25000.00','0.00','1187.50','2018-11-23 00:00:00','2018-08-13','2016-04-27','1970-01-01','1','','2','1','2','','','','0','0','0','0','1','0','5','1','0','21','2018-08-13 05:01:04','98.173.59.168','21','2018-11-23 15:58:47','103.36.122.212',NULL,NULL,NULL,NULL,'0'),('49','9','DS','1','00150247194','3','1','1','6','9','25000.00','0.00','1187.50','2018-10-14 00:00:00','2018-08-13','2016-04-27','1970-01-01','1','','2','1','2','','','','0','0','2','2','1','0','4','1','0','21','2018-08-13 05:01:04','98.173.59.168','21','2018-10-13 19:50:18','76.176.130.44',NULL,NULL,NULL,NULL,'0'),('50','9','DS','1','00150247581         ','1','1','1','1','9','20000.00','0.00','950.00','0000-00-00 00:00:00','2018-08-13','2016-04-27','0000-00-00','1','','2','1','2','','','','0','0','1','1','0','0','0','1','0','21','2018-08-13 05:01:04','98.173.59.168','0','0000-00-00 00:00:00','',NULL,NULL,NULL,NULL,'0'),('51','9','DS','1','00150247590         ','1','1','1','1','9','10000.00','0.00','475.00','0000-00-00 00:00:00','2018-08-13','2016-04-27','0000-00-00','1','','2','1','2','','','','0','0','1','1','0','0','0','1','0','21','2018-08-13 05:01:04','98.173.59.168','0','0000-00-00 00:00:00','',NULL,NULL,NULL,NULL,'0'),('52','9','DS','1','00150247184         ','2','1','1','1','9','6500.00','0.00','308.75','0000-00-00 00:00:00','2018-08-13','2016-04-27','0000-00-00','1','','2','1','2','','','','0','0','1','1','0','0','0','1','0','21','2018-08-13 05:01:04','98.173.59.168','0','0000-00-00 00:00:00','',NULL,NULL,NULL,NULL,'0'),('53','9','DS','2','00150247582         ','2','1','1','1','9','6380.00','0.00','303.05','0000-00-00 00:00:00','2018-08-13','2016-04-27','0000-00-00','1','','2','1','2','','','','0','0','1','1','0','0','0','1','0','21','2018-08-13 05:01:04','98.173.59.168','0','0000-00-00 00:00:00','',NULL,NULL,NULL,NULL,'0'),('54','9','DS','2','00150247337         ','4','1','1','1','9','25000.00','0.00','1187.50','0000-00-00 00:00:00','2018-08-13','2016-04-27','0000-00-00','1','','2','1','2','','','','0','0','0','0','0','0','0','1','0','21','2018-08-13 05:01:04','98.173.59.168','0','0000-00-00 00:00:00','',NULL,NULL,NULL,NULL,'0'),('55','10','DS','1','00150247194         ','3','1','1','1','10','25000.00','0.00','1187.50','0000-00-00 00:00:00','2018-08-13','2016-04-27','0000-00-00','1','','2','1','2','','','','0','0','2','2','0','0','0','1','0','21','2018-08-13 05:01:04','98.173.59.168','0','0000-00-00 00:00:00','',NULL,NULL,NULL,NULL,'0'),('56','10','DS','1','00150247581         ','1','1','1','1','10','20000.00','0.00','950.00','0000-00-00 00:00:00','2018-08-13','2016-04-27','0000-00-00','1','','2','1','2','','','','0','0','1','1','0','0','0','1','0','21','2018-08-13 05:01:04','98.173.59.168','0','0000-00-00 00:00:00','',NULL,NULL,NULL,NULL,'0'),('57','10','DS','1','00150247590         ','1','1','1','1','10','10000.00','0.00','475.00','0000-00-00 00:00:00','2018-08-13','2016-04-27','0000-00-00','1','','2','1','2','','','','0','0','1','1','0','0','0','1','0','21','2018-08-13 05:01:04','98.173.59.168','0','0000-00-00 00:00:00','',NULL,NULL,NULL,NULL,'0'),('58','10','DS','1','00150247184         ','2','1','1','1','10','6500.00','0.00','308.75','0000-00-00 00:00:00','2018-08-13','2016-04-27','0000-00-00','1','','2','1','2','','','','0','0','1','1','0','0','0','1','0','21','2018-08-13 05:01:04','98.173.59.168','0','0000-00-00 00:00:00','',NULL,NULL,NULL,NULL,'0'),('59','10','DS','2','00150247582         ','2','1','1','1','10','6380.00','0.00','303.05','0000-00-00 00:00:00','2018-08-13','2016-04-27','0000-00-00','1','','2','1','2','','','','0','0','1','1','0','0','0','1','0','21','2018-08-13 05:01:04','98.173.59.168','0','0000-00-00 00:00:00','',NULL,NULL,NULL,NULL,'0'),('60','10','DS','2','00150247337         ','4','1','1','1','10','25000.00','0.00','1187.50','0000-00-00 00:00:00','2018-08-13','2016-04-27','0000-00-00','1','','2','1','2','','','','0','0','0','0','0','0','0','1','0','21','2018-08-13 05:01:04','98.173.59.168','0','0000-00-00 00:00:00','',NULL,NULL,NULL,NULL,'0'),('61','11','DS','1','00150247194         ','3','1','1','1','11','25000.00','0.00','1187.50','0000-00-00 00:00:00','2018-08-13','2016-04-27','0000-00-00','1','','2','1','2','','','','0','0','2','2','0','0','0','1','0','21','2018-08-13 05:01:04','98.173.59.168','0','0000-00-00 00:00:00','',NULL,NULL,NULL,NULL,'0'),('62','11','DS','1','00150247581         ','1','1','1','1','11','20000.00','0.00','950.00','0000-00-00 00:00:00','2018-08-13','2016-04-27','0000-00-00','1','','2','1','2','','','','0','0','1','1','0','0','0','1','0','21','2018-08-13 05:01:04','98.173.59.168','0','0000-00-00 00:00:00','',NULL,NULL,NULL,NULL,'0'),('63','11','DS','1','00150247590         ','1','1','1','1','11','10000.00','0.00','475.00','0000-00-00 00:00:00','2018-08-13','2016-04-27','0000-00-00','1','','2','1','2','','','','0','0','1','1','0','0','0','1','0','21','2018-08-13 05:01:04','98.173.59.168','0','0000-00-00 00:00:00','',NULL,NULL,NULL,NULL,'0'),('64','11','DS','1','00150247184         ','2','1','1','1','11','6500.00','0.00','308.75','0000-00-00 00:00:00','2018-08-13','2016-04-27','0000-00-00','1','','2','1','2','','','','0','0','1','1','0','0','0','1','0','21','2018-08-13 05:01:04','98.173.59.168','0','0000-00-00 00:00:00','',NULL,NULL,NULL,NULL,'0'),('65','11','DS','2','00150247582         ','2','1','1','1','11','6380.00','0.00','303.05','0000-00-00 00:00:00','2018-08-13','2016-04-27','0000-00-00','1','','2','1','2','','','','0','0','1','1','0','0','0','1','0','21','2018-08-13 05:01:04','98.173.59.168','0','0000-00-00 00:00:00','',NULL,NULL,NULL,NULL,'0'),('66','11','DS','2','00150247337         ','4','1','1','1','11','25000.00','0.00','1187.50','0000-00-00 00:00:00','2018-08-13','2016-04-27','0000-00-00','1','','2','1','2','','','','0','0','0','0','0','0','0','1','0','21','2018-08-13 05:01:04','98.173.59.168','0','0000-00-00 00:00:00','',NULL,NULL,NULL,NULL,'0'),('67','12','DS','1','00150247194         ','3','1','1','1','12','25000.00','0.00','1187.50','0000-00-00 00:00:00','2018-08-13','2016-04-27','0000-00-00','1','','2','1','2','','','','0','0','2','2','0','0','0','1','0','21','2018-08-13 05:01:04','98.173.59.168','0','0000-00-00 00:00:00','',NULL,NULL,NULL,NULL,'0'),('68','12','DS','1','00150247581         ','1','1','1','1','12','20000.00','0.00','950.00','0000-00-00 00:00:00','2018-08-13','2016-04-27','0000-00-00','1','','2','1','2','','','','0','0','1','1','0','0','0','1','0','21','2018-08-13 05:01:04','98.173.59.168','0','0000-00-00 00:00:00','',NULL,NULL,NULL,NULL,'0'),('69','12','DS','1','00150247590         ','1','1','1','1','12','10000.00','0.00','475.00','0000-00-00 00:00:00','2018-08-13','2016-04-27','0000-00-00','1','','2','1','2','','','','0','0','1','1','0','0','0','1','0','21','2018-08-13 05:01:04','98.173.59.168','0','0000-00-00 00:00:00','',NULL,NULL,NULL,NULL,'0'),('70','12','DS','1','00150247184         ','2','1','1','1','12','6500.00','0.00','308.75','0000-00-00 00:00:00','2018-08-13','2016-04-27','0000-00-00','1','','2','1','2','','','','0','0','1','1','0','0','0','1','0','21','2018-08-13 05:01:04','98.173.59.168','0','0000-00-00 00:00:00','',NULL,NULL,NULL,NULL,'0'),('71','12','DS','2','00150247582         ','2','1','1','1','12','6380.00','0.00','303.05','0000-00-00 00:00:00','2018-08-13','2016-04-27','0000-00-00','1','','2','1','2','','','','0','0','1','1','0','0','0','1','0','21','2018-08-13 05:01:04','98.173.59.168','0','0000-00-00 00:00:00','',NULL,NULL,NULL,NULL,'0'),('72','12','DS','2','00150247337         ','4','1','1','1','12','25000.00','0.00','1187.50','0000-00-00 00:00:00','2018-08-13','2016-04-27','0000-00-00','1','','2','1','2','','','','0','0','0','0','0','0','0','1','0','21','2018-08-13 05:01:04','98.173.59.168','0','0000-00-00 00:00:00','',NULL,NULL,NULL,NULL,'0'),('73','13','DS','1','00150247194         ','3','1','1','1','13','25000.00','0.00','1187.50','0000-00-00 00:00:00','2018-08-13','2016-04-27','0000-00-00','1','','2','1','2','','','','0','0','2','2','0','0','0','1','0','21','2018-08-13 05:01:04','98.173.59.168','0','0000-00-00 00:00:00','',NULL,NULL,NULL,NULL,'0'),('74','13','DS','1','00150247581         ','1','1','1','1','13','20000.00','0.00','950.00','0000-00-00 00:00:00','2018-08-13','2016-04-27','0000-00-00','1','','2','1','2','','','','0','0','1','1','0','0','0','1','0','21','2018-08-13 05:01:04','98.173.59.168','0','0000-00-00 00:00:00','',NULL,NULL,NULL,NULL,'0'),('75','13','DS','1','00150247590         ','1','1','1','1','13','10000.00','0.00','475.00','0000-00-00 00:00:00','2018-08-13','2016-04-27','0000-00-00','1','','2','1','2','','','','0','0','1','1','0','0','0','1','0','21','2018-08-13 05:01:04','98.173.59.168','0','0000-00-00 00:00:00','',NULL,NULL,NULL,NULL,'0'),('76','13','DS','1','00150247184         ','2','1','1','1','13','6500.00','0.00','308.75','0000-00-00 00:00:00','2018-08-13','2016-04-27','0000-00-00','1','','2','1','2','','','','0','0','1','1','0','0','0','1','0','21','2018-08-13 05:01:04','98.173.59.168','0','0000-00-00 00:00:00','',NULL,NULL,NULL,NULL,'0'),('77','13','DS','2','00150247582         ','2','1','1','1','13','6380.00','0.00','303.05','0000-00-00 00:00:00','2018-08-13','2016-04-27','0000-00-00','1','','2','1','2','','','','0','0','1','1','0','0','0','1','0','21','2018-08-13 05:01:04','98.173.59.168','0','0000-00-00 00:00:00','',NULL,NULL,NULL,NULL,'0'),('78','13','DS','2','00150247337         ','4','1','1','1','13','25000.00','0.00','1187.50','0000-00-00 00:00:00','2018-08-13','2016-04-27','0000-00-00','1','','2','1','2','','','','0','0','0','0','0','0','0','1','0','21','2018-08-13 05:01:04','98.173.59.168','0','0000-00-00 00:00:00','',NULL,NULL,NULL,NULL,'0'),('79','14','DS','1','00150247194         ','3','1','1','1','14','25000.00','0.00','1187.50','0000-00-00 00:00:00','2018-08-13','2016-04-27','0000-00-00','1','','2','1','2','','','','0','0','2','2','0','0','0','1','0','21','2018-08-13 05:01:04','98.173.59.168','0','0000-00-00 00:00:00','',NULL,NULL,NULL,NULL,'0'),('80','14','DS','1','00150247581         ','1','1','1','1','14','20000.00','0.00','950.00','0000-00-00 00:00:00','2018-08-13','2016-04-27','0000-00-00','1','','2','1','2','','','','0','0','1','1','0','0','0','1','0','21','2018-08-13 05:01:04','98.173.59.168','0','0000-00-00 00:00:00','',NULL,NULL,NULL,NULL,'0'),('81','14','DS','1','00150247590         ','1','1','1','1','14','10000.00','0.00','475.00','0000-00-00 00:00:00','2018-08-13','2016-04-27','0000-00-00','1','','2','1','2','','','','0','0','1','1','0','0','0','1','0','21','2018-08-13 05:01:04','98.173.59.168','0','0000-00-00 00:00:00','',NULL,NULL,NULL,NULL,'0'),('82','14','DS','1','00150247184         ','2','1','1','1','14','6500.00','0.00','308.75','0000-00-00 00:00:00','2018-08-13','2016-04-27','0000-00-00','1','','2','1','2','','','','0','0','1','1','0','0','0','1','0','21','2018-08-13 05:01:04','98.173.59.168','0','0000-00-00 00:00:00','',NULL,NULL,NULL,NULL,'0'),('83','14','DS','2','00150247582         ','2','1','1','1','14','6380.00','0.00','303.05','0000-00-00 00:00:00','2018-08-13','2016-04-27','0000-00-00','1','','2','1','2','','','','0','0','1','1','0','0','0','1','0','21','2018-08-13 05:01:04','98.173.59.168','0','0000-00-00 00:00:00','',NULL,NULL,NULL,NULL,'0'),('84','14','DS','2','00150247337         ','4','1','1','1','14','25000.00','0.00','1187.50','0000-00-00 00:00:00','2018-08-13','2016-04-27','0000-00-00','1','','2','1','2','','','','0','0','0','0','0','0','0','1','0','21','2018-08-13 05:01:04','98.173.59.168','0','0000-00-00 00:00:00','',NULL,NULL,NULL,NULL,'0'),('85','0','MN','2','00123456789','4','1','183','1','5','1500.00','25.00','100.00','1970-01-01 00:00:00','2018-10-18','2018-10-18','2018-10-18','2','','2','1','2','','0','0','0','0','0','0','1','0','6','1','0','21','2018-10-18 20:27:55','76.176.130.44','21','2018-10-23 09:32:38','103.36.122.212',NULL,NULL,NULL,NULL,'0'),('86','0','MN','2','00150247581','6','1','','1','8','56.00','0.00','365.00','1970-01-01 00:00:00','2021-07-31','2021-07-22','1970-01-01','2','','2','1','2','','0','0','0','0','0','0','0','0','0','1','0','21','2021-07-31 16:41:22','157.32.114.116','21','2021-07-31 16:42:28','157.32.114.116',NULL,NULL,NULL,NULL,'0'),('87','0','MN','3','00150247590','4','1','','1','15','848395.35','242.12','242342.23','2021-08-04 00:00:00','2021-08-04','1970-01-01','2021-08-04','2','','2','1','2','','132314234.2424','23424.23424.234.2424','0','0','0','0','0','0','0','1','0','1','2021-08-04 22:23:56','107.210.168.81','0','0000-00-00 00:00:00','',NULL,NULL,NULL,NULL,'0'),('88','0','MN','3','00150247590','5','1','1','6','15','0.00','0.00','100.35','2021-08-05 00:00:00','2021-08-06','2021-08-05','2021-08-05','2','','2','1','2','','0','0','0','0','0','0','0','0','0','1','0','1','2021-08-06 00:26:37','107.210.168.81','0','0000-00-00 00:00:00','',NULL,NULL,NULL,NULL,'0'),('89','0','MN','6','23423423423423','4','1','2','2','15','0.00','0.00','22.00','1970-01-01 00:00:00','2021-09-22','2021-09-14','2021-09-21','2','','2','1','2','testing','0','11110','0','0','0','0','0','0','0','1','0','1','2021-09-22 13:16:00','49.156.67.144','0','0000-00-00 00:00:00','','','','0000-00-00','0.00','0'),('90','0','MN','1','332432424234234','2','1','','1','15','0.00','23424.00','999999.99','2021-09-21 00:00:00','2021-09-22','2021-09-19','2021-09-23','2','','2','1','2','213213213213131','0','0','0','0','1','1','0','0','0','1','1','1','2021-09-22 13:21:40','49.156.67.144','0','0000-00-00 00:00:00','','','','0000-00-00','0.00','0'),('91','0','MN','1','332432424234234','2','1','','1','15','0.00','23424.00','999999.99','2021-09-21 00:00:00','2021-09-22','2021-09-19','2021-09-23','2','','2','1','2','213213213213131','0','0','0','0','1','1','0','0','0','1','1','1','2021-09-22 13:21:48','49.156.67.144','0','0000-00-00 00:00:00','','','','0000-00-00','0.00','0'),('92','0','MN','1','332432424234234','2','1','','1','15','0.00','0.00','999999.99','2021-09-21 00:00:00','2021-09-22','2021-09-19','2021-09-23','2','','2','1','2','213213213213131','0','434343','0','0','1','1','0','0','0','1','1','1','2021-09-22 13:22:05','49.156.67.144','0','0000-00-00 00:00:00','','','','0000-00-00','0.00','0'),('93','0','MN','1','332432424234234','2','1','','1','15','0.00','0.00','999999.99','2021-09-21 00:00:00','2021-09-22','2021-09-19','2021-09-23','2','','2','1','1','213213213213131','0','4324','0','0','1','1','0','0','0','1','1','1','2021-09-22 13:22:15','49.156.67.144','0','0000-00-00 00:00:00','','','','0000-00-00','0.00','0'),('94','0','MN','1','332432424234234','2','1','','1','15','0.00','0.00','250.00','2021-09-21 00:00:00','2021-09-22','2021-09-19','2021-09-23','1','','2','1','2','213213213213131','0','434343','0','0','1','1','0','0','0','1','0','1','2021-09-30 02:55:08','96.55.37.191','0','0000-00-00 00:00:00','','','','0000-00-00','0.00','0'),('95','0','MN','1','332432424234234','2','1','','1','15','0.00','0.00','67.00','2021-09-21 00:00:00','2021-09-22','2021-09-19','2021-09-23','2','','2','1','2','213213213213131','0','434343','0','0','1','1','0','0','0','1','0','1','2021-09-30 02:55:24','96.55.37.191','0','0000-00-00 00:00:00','','','','0000-00-00','0.00','0'),('96','0','MN','1','332432424234234','2','1','','1','15','0.00','0.00','72.00','2021-09-21 00:00:00','2021-09-22','2021-09-19','2021-09-23','2','','2','1','2','213213213213131','0','434343','0','0','1','1','0','0','0','1','0','1','2021-09-30 02:55:38','96.55.37.191','0','0000-00-00 00:00:00','','','','0000-00-00','0.00','0'),('97','0','MN','1','332432424234234','2','1','','1','15','0.00','23424.00','800.00','2021-09-21 00:00:00','2021-09-22','2021-09-19','2021-09-23','2','','2','1','2','213213213213131','0','0','0','0','1','1','0','0','0','1','0','1','2021-09-30 02:55:54','96.55.37.191','0','0000-00-00 00:00:00','','','','0000-00-00','0.00','0'),('98','0','MN','1','332432424234234','2','1','','1','15','0.00','0.00','100.00','2021-09-21 00:00:00','2021-09-22','2021-09-19','2021-09-23','2','','2','1','1','213213213213131','0','4324','0','0','1','1','0','0','0','1','0','1','2021-09-30 02:56:06','96.55.37.191','0','0000-00-00 00:00:00','','','','0000-00-00','0.00','0'),('99','0','MN','1','332432424234234','2','1','','1','15','0.00','230.00','202.00','2021-09-21 00:00:00','2021-09-22','2021-09-19','2021-09-23','2','','2','1','2','213213213213131','0','0','0','0','1','1','0','0','0','1','0','1','2021-09-30 02:56:30','96.55.37.191','0','0000-00-00 00:00:00','','','','0000-00-00','0.00','0'),('100','0','MN','1','332432424234234','2','1','','1','15','0.00','0.00','110.00','2021-09-21 00:00:00','2021-09-22','2021-09-19','2021-09-23','2','','2','1','1','213213213213131','0','4324','0','0','1','1','0','0','0','1','0','1','2021-09-30 02:57:08','96.55.37.191','0','0000-00-00 00:00:00','','','','0000-00-00','0.00','0'),('101','0','MN','1','332432424234234','2','1','','1','15','0.00','234.00','98.00','2021-09-21 00:00:00','2021-09-22','2021-09-19','2021-09-23','2','','2','1','2','213213213213131','0','0','0','0','1','1','0','0','0','1','0','1','2021-09-30 02:58:29','96.55.37.191','0','0000-00-00 00:00:00','','','','0000-00-00','0.00','0'),('102','0','MN','1','332432424234234','2','1','','1','15','0.00','234.00','124.00','2021-09-21 00:00:00','2021-09-22','2021-09-19','2021-09-23','2','','2','1','2','213213213213131','0','0','0','0','1','1','0','0','0','1','0','1','2021-09-30 02:59:19','96.55.37.191','0','0000-00-00 00:00:00','','','','0000-00-00','0.00','0'),('103','0','MN','1','332432424234234','5','2','','1','16','2775.00','6.00','22.00','2021-09-29 00:00:00','2021-09-30','2021-09-29','2021-09-29','2','','2','1','2','','05','555','0','0','0','0','0','0','0','1','0','1','2021-09-30 15:31:23','125.62.119.32','0','0000-00-00 00:00:00','','','','0000-00-00','0.00','0'),('104','0','MN','1','332432424234234','5','2','','1','16','2775.00','6.00','22.00','2021-09-29 00:00:00','2021-09-30','2021-09-29','2021-09-29','2','','2','1','2','','05','555','0','0','0','0','0','0','0','1','0','1','2021-09-30 15:38:10','125.62.119.32','0','0000-00-00 00:00:00','','','','0000-00-00','0.00','0'),('105','0','MN','1','332432424234234','5','2','','1','16','2775.00','6.00','22.00','2021-09-29 00:00:00','2021-09-30','2021-09-29','2021-09-29','2','','2','1','2','','05','555','0','0','0','0','0','0','0','1','0','1','2021-09-30 15:39:10','125.62.119.32','0','0000-00-00 00:00:00','','','','0000-00-00','0.00','1'),('106','0','MN','1','332432424234234','5','2','','1','16','2775.00','6.00','22.00','2021-09-29 00:00:00','2021-09-30','2021-09-29','2021-09-29','2','','2','1','2','','05','555','0','0','0','0','0','0','0','1','0','1','2021-09-30 15:40:51','125.62.119.32','1','2021-09-30 15:48:40','125.62.119.32','','','0000-00-00','0.00','1'),('107','0','MN','1','','5','2','','1','16','0.00','0.00','88.00','2021-09-29 00:00:00','2021-09-30','2021-09-29','2021-09-29','2','','2','1','2','','0','0','0','0','0','0','0','0','0','1','0','1','2021-09-30 15:42:31','125.62.119.32','1','2021-10-07 14:17:23','49.156.67.217','','','0000-00-00','0.00','1'),('108','0','MN','6','23423423423423','1','1','1','6','10','2000.00','2.00','200.00','2018-08-13 00:00:00','2021-10-04','2018-10-13','2021-09-21','2','','2','1','2','','2','1000','0','0','1','1','0','0','0','1','0','1','2021-10-04 13:29:52','27.255.251.1','1','2021-10-07 14:21:24','49.156.67.217','','','0000-00-00','0.00','1'),('109','0','MN','6','23423423423423','1','1','1','6','10','0.00','0.00','44.00','2018-08-13 00:00:00','2021-10-04','2018-08-16','2021-09-21','2','','2','1','2','','0','100000','0','0','1','1','0','0','0','1','0','1','2021-10-04 14:01:35','27.255.251.1','1','2021-10-07 14:17:43','49.156.67.217','','','0000-00-00','0.00','1'),('110','0','MN','2','00150247581','5','1','1','6','14','1000.00','0.00','100.00','2018-08-13 00:00:00','2021-10-07','2021-10-07','2021-10-13','2','','2','1','2','','1','1000','0','0','0','0','0','0','0','1','0','1','2021-10-07 15:42:40','49.156.67.217','1','2021-10-07 15:52:07','49.156.67.217','','','0000-00-00','0.00','0'),('111','0','MN','1','','5','1','','11','16','0.00','0.00','1.00','2018-08-02 00:00:00','2021-10-11','1970-01-01','2021-10-25','2','','2','1','2','','0','0','0','0','0','0','0','0','0','1','0','1','2021-10-11 23:58:07','107.210.168.81','0','0000-00-00 00:00:00','','','','0000-00-00','0.00','0'),('112','0','MN','2','00150247581','5','1','1','6','13','0.00','0.00','100.00','2018-08-13 00:00:00','2021-10-13','2021-10-13','1970-01-01','2','','2','1','2','','0','0','0','0','0','0','0','0','0','1','0','1','2021-10-13 10:08:08','27.255.220.165','0','0000-00-00 00:00:00','','','','0000-00-00','0.00','0'),('113','0','MN','2','00150247581','1','1','1','6','16','0.00','0.00','100.00','2021-10-13 00:00:00','2021-10-13','2021-10-13','1970-01-01','1','','2','1','2','','0','0','0','0','1','1','0','0','0','1','0','1','2021-10-13 15:20:45','125.62.116.161','0','0000-00-00 00:00:00','','','','0000-00-00','0.00','0'),('114','0','MN','2','00150247581','1','1','1','6','16','0.00','0.00','100.00','2021-10-13 00:00:00','2021-10-13','2021-10-13','1970-01-01','1','','2','1','2','','0','0','0','0','1','1','0','0','0','1','0','1','2021-10-13 15:36:41','27.255.248.86','0','0000-00-00 00:00:00','','','','0000-00-00','0.00','0'),('115','0','MN','2','00150247581','1','1','1','6','16','0.00','0.00','100.00','2021-10-13 00:00:00','2021-10-13','2021-10-13','1970-01-01','1','','2','1','2','','0','0','0','0','1','1','0','0','0','1','0','1','2021-10-13 15:38:13','27.255.248.86','0','0000-00-00 00:00:00','','','','0000-00-00','0.00','0'),('116','0','MN','2','00150247581','1','1','1','6','16','0.00','0.00','100.00','2021-10-13 00:00:00','2021-10-13','2021-10-13','1970-01-01','1','','2','1','2','','0','0','0','0','1','1','0','0','0','1','0','1','2021-10-13 15:39:44','27.255.248.86','1','2021-10-13 16:34:34','27.255.248.86','','','0000-00-00','0.00','0'),('117','0','MN','2','00150247581','1','1','1','6','16','0.00','0.00','100.00','2021-10-21 00:00:00','2021-10-14','2021-10-16','1970-01-01','1','','2','1','2','','0','0','0','0','1','1','0','0','0','1','0','1','2021-10-14 11:30:28','223.130.31.48','0','0000-00-00 00:00:00','','','','0000-00-00','0.00','0'),('118','0','MN','2','00150247581','1','1','1','6','16','0.00','0.00','100.00','2021-10-21 00:00:00','2021-10-14','2018-10-13','1970-01-01','1','','2','1','2','','0','0','0','0','1','1','0','0','0','1','0','1','2021-10-14 11:35:00','223.130.31.48','1','2021-10-14 11:38:40','223.130.31.48','','','0000-00-00','0.00','0'),('119','0','MN','2','00150247581','1','1','1','6','16','0.00','0.00','100.00','2018-08-13 00:00:00','2021-10-14','2021-10-13','1970-01-01','2','','2','1','2','','0','0','0','0','1','1','0','0','0','1','0','1','2021-10-14 12:26:48','124.253.5.2','0','0000-00-00 00:00:00','','','','0000-00-00','0.00','0'),('120','0','MN','2','00150247581','1','1','1','6','16','0.00','0.00','100.00','2021-10-28 00:00:00','2021-10-14','2021-10-14','1970-01-01','1','','2','1','2','','0','0','0','0','1','1','0','0','0','1','0','1','2021-10-14 12:43:36','124.253.5.2','1','2021-10-14 12:46:33','124.253.5.2','','','0000-00-00','0.00','0'),('121','0','MN','2','00150247581','2','1','','2','16','0.00','0.00','2000.00','2021-10-12 00:00:00','2021-10-16','2021-10-15','1970-01-01','1','','2','1','2','','0','0','0','0','1','1','0','0','0','1','0','1','2021-10-16 04:10:29','96.55.37.191','0','0000-00-00 00:00:00','','','','0000-00-00','0.00','0');
/*!40000 ALTER TABLE `ft_transaction_master` ENABLE KEYS */;

DROP TABLE IF EXISTS `ft_transaction_overrides`;
CREATE TABLE `ft_transaction_overrides` (
  `id` int(12) NOT NULL AUTO_INCREMENT,
  `transaction_id` int(12) NOT NULL,
  `receiving_rep` int(12) NOT NULL,
  `per` varchar(100) NOT NULL,
  `status` tinyint(1) NOT NULL DEFAULT '1',
  `is_delete` tinyint(1) NOT NULL,
  `created_by` int(12) NOT NULL,
  `created_time` datetime NOT NULL,
  `created_ip` varchar(100) NOT NULL,
  `modified_by` int(12) NOT NULL,
  `modified_time` datetime NOT NULL,
  `modified_ip` varchar(100) NOT NULL,
  PRIMARY KEY (`id`)
) ENGINE=InnoDB DEFAULT CHARSET=latin1;

/*!40000 ALTER TABLE `ft_transaction_overrides` DISABLE KEYS */;
/*!40000 ALTER TABLE `ft_transaction_overrides` ENABLE KEYS */;

DROP TABLE IF EXISTS `ft_transaction_split_commissions`;
CREATE TABLE `ft_transaction_split_commissions` (
  `id` int(11) NOT NULL AUTO_INCREMENT,
  `broker_id` int(8) NOT NULL,
  `transaction_id` int(11) DEFAULT NULL,
  `client_id` int(12) NOT NULL,
  `rap` varchar(10) NOT NULL,
  `from` varchar(100) NOT NULL,
  `to` varchar(100) NOT NULL,
  `product_category` int(12) NOT NULL,
  `per` varchar(3) NOT NULL,
  `status` tinyint(1) NOT NULL DEFAULT '1',
  `is_delete` tinyint(1) NOT NULL DEFAULT '0',
  `created_by` int(12) NOT NULL,
  `created_time` datetime NOT NULL,
  `created_ip` varchar(100) NOT NULL,
  `modified_by` int(12) NOT NULL,
  `modified_time` datetime NOT NULL,
  `modified_ip` varchar(100) NOT NULL,
  PRIMARY KEY (`id`)
) ENGINE=InnoDB AUTO_INCREMENT=16 DEFAULT CHARSET=latin1;

/*!40000 ALTER TABLE `ft_transaction_split_commissions` DISABLE KEYS */;
INSERT INTO `ft_transaction_split_commissions` VALUES ('5','1','116','2','2','2018-08-01','2018-08-10','2','20','1','0','1','2021-10-13 15:39:44','27.255.248.86','0','0000-00-00 00:00:00',''),('6','1','116','2','3','2018-08-11','2018-08-31','1','100','1','0','1','2021-10-13 15:39:44','27.255.248.86','0','0000-00-00 00:00:00',''),('7','0','119','2','2','2018-08-02','2018-08-05','1','100','1','0','1','2021-10-13 16:34:34','27.255.248.86','0','0000-00-00 00:00:00',''),('10','0','120','2','2','2018-08-02','2018-08-05','1','30','1','0','1','2021-10-14 12:43:36','124.253.5.2','0','0000-00-00 00:00:00',''),('12','0','120','2','7','2021-10-21','2021-10-28','2','10','1','0','1','2021-10-14 12:44:35','124.253.5.2','0','0000-00-00 00:00:00',''),('13','0','120','2','3','2020-08-11','2021-08-11','3','15','1','0','1','2021-10-14 12:46:33','124.253.5.2','0','0000-00-00 00:00:00',''),('14','2','121','2','1','2018-08-02','2018-12-31','0','1','1','0','1','2021-10-16 04:10:29','96.55.37.191','0','0000-00-00 00:00:00',''),('15','2','121','2','5','2021-01-01','2021-12-31','0','20','1','0','1','2021-10-16 04:10:29','96.55.37.191','0','0000-00-00 00:00:00','');
/*!40000 ALTER TABLE `ft_transaction_split_commissions` ENABLE KEYS */;

DROP TABLE IF EXISTS `ft_transaction_trade_splits`;
CREATE TABLE `ft_transaction_trade_splits` (
  `id` int(12) NOT NULL AUTO_INCREMENT,
  `transaction_id` int(12) NOT NULL,
  `split_client_id` int(12) NOT NULL,
  `split_broker_id` int(12) NOT NULL,
  `split_broker` int(12) NOT NULL,
  `split_rate` int(12) NOT NULL,
  `commission_received` decimal(8,2) NOT NULL,
  `trade_charge` decimal(8,2) NOT NULL,
  `split_gross` decimal(8,2) NOT NULL,
  `split_charge` decimal(8,2) NOT NULL,
  `split_paid` decimal(8,2) NOT NULL,
  `status` tinyint(1) NOT NULL DEFAULT '1',
  `is_delete` tinyint(1) NOT NULL,
  `created_by` int(12) NOT NULL,
  `created_time` datetime NOT NULL,
  `created_ip` varchar(100) NOT NULL,
  `modified_by` int(12) NOT NULL,
  `modified_time` datetime NOT NULL,
  `modified_ip` varchar(100) NOT NULL,
  PRIMARY KEY (`id`)
) ENGINE=InnoDB AUTO_INCREMENT=99 DEFAULT CHARSET=latin1;

/*!40000 ALTER TABLE `ft_transaction_trade_splits` DISABLE KEYS */;
INSERT INTO `ft_transaction_trade_splits` VALUES ('1','1','0','1','2','16','0.00','0.00','0.00','0.00','0.00','1','0','3','2018-07-30 17:08:41','103.36.122.212','0','0000-00-00 00:00:00',''),('2','1','0','1','3','18','0.00','0.00','0.00','0.00','0.00','1','0','3','2018-07-30 17:08:41','103.36.122.212','0','0000-00-00 00:00:00',''),('3','2','0','3','2','12','0.00','0.00','0.00','0.00','0.00','1','0','3','2018-07-30 17:08:41','103.36.122.212','0','0000-00-00 00:00:00',''),('4','2','0','3','4','18','0.00','0.00','0.00','0.00','0.00','1','0','3','2018-07-30 17:08:41','103.36.122.212','0','0000-00-00 00:00:00',''),('5','3','0','3','2','12','0.00','0.00','0.00','0.00','0.00','1','0','3','2018-07-30 17:08:41','103.36.122.212','0','0000-00-00 00:00:00',''),('6','3','0','3','4','18','0.00','0.00','0.00','0.00','0.00','1','0','3','2018-07-30 17:08:41','103.36.122.212','0','0000-00-00 00:00:00',''),('7','4','0','2','1','14','0.00','0.00','0.00','0.00','0.00','1','0','3','2018-07-30 17:08:41','103.36.122.212','0','0000-00-00 00:00:00',''),('8','4','0','2','3','18','0.00','0.00','0.00','0.00','0.00','1','0','3','2018-07-30 17:08:41','103.36.122.212','0','0000-00-00 00:00:00',''),('9','5','0','2','1','14','0.00','0.00','0.00','0.00','0.00','1','0','3','2018-07-30 17:08:41','103.36.122.212','0','0000-00-00 00:00:00',''),('10','5','0','2','3','18','0.00','0.00','0.00','0.00','0.00','1','0','3','2018-07-30 17:08:41','103.36.122.212','0','0000-00-00 00:00:00',''),('11','6','0','4','3','10','0.00','0.00','0.00','0.00','0.00','1','0','3','2018-07-30 17:08:41','103.36.122.212','0','0000-00-00 00:00:00',''),('12','6','0','4','2','5','0.00','0.00','0.00','0.00','0.00','1','0','3','2018-07-30 17:08:41','103.36.122.212','0','0000-00-00 00:00:00',''),('13','2','0','1','2','20','0.00','0.00','0.00','0.00','0.00','1','0','21','2018-08-02 18:26:28','103.36.122.212','0','0000-00-00 00:00:00',''),('14','3','0','1','2','20','0.00','0.00','0.00','0.00','0.00','1','0','21','2018-08-02 18:26:28','103.36.122.212','0','0000-00-00 00:00:00',''),('15','4','0','2','1','30','0.00','0.00','0.00','0.00','0.00','1','0','21','2018-08-02 18:26:28','103.36.122.212','0','0000-00-00 00:00:00',''),('16','5','0','2','1','30','0.00','0.00','0.00','0.00','0.00','1','0','21','2018-08-02 18:26:28','103.36.122.212','0','0000-00-00 00:00:00',''),('17','7','0','1','2','20','0.00','0.00','0.00','0.00','0.00','1','0','21','2018-08-02 18:26:52','103.36.122.212','0','0000-00-00 00:00:00',''),('18','8','0','1','2','20','0.00','0.00','0.00','0.00','0.00','1','0','21','2018-08-02 18:26:52','103.36.122.212','0','0000-00-00 00:00:00',''),('19','9','0','2','1','30','0.00','0.00','0.00','0.00','0.00','1','0','21','2018-08-02 18:26:52','103.36.122.212','0','0000-00-00 00:00:00',''),('20','10','0','2','1','30','0.00','0.00','0.00','0.00','0.00','1','0','21','2018-08-02 18:26:52','103.36.122.212','0','0000-00-00 00:00:00',''),('21','14','0','1','2','20','0.00','0.00','0.00','0.00','0.00','1','0','21','2018-08-06 17:22:00','103.36.122.212','0','0000-00-00 00:00:00',''),('22','15','0','1','2','20','0.00','0.00','0.00','0.00','0.00','1','0','21','2018-08-06 17:22:00','103.36.122.212','0','0000-00-00 00:00:00',''),('23','16','0','2','1','30','0.00','0.00','0.00','0.00','0.00','1','0','21','2018-08-06 17:22:00','103.36.122.212','0','0000-00-00 00:00:00',''),('24','17','0','2','1','30','0.00','0.00','0.00','0.00','0.00','1','0','21','2018-08-06 17:22:00','103.36.122.212','0','0000-00-00 00:00:00',''),('25','20','0','1','2','20','0.00','0.00','0.00','0.00','0.00','1','0','21','2018-08-06 17:22:11','103.36.122.212','0','0000-00-00 00:00:00',''),('26','21','0','1','2','20','0.00','0.00','0.00','0.00','0.00','1','0','21','2018-08-06 17:22:11','103.36.122.212','0','0000-00-00 00:00:00',''),('27','22','0','2','1','30','0.00','0.00','0.00','0.00','0.00','1','0','21','2018-08-06 17:22:11','103.36.122.212','0','0000-00-00 00:00:00',''),('28','23','0','2','1','30','0.00','0.00','0.00','0.00','0.00','1','0','21','2018-08-06 17:22:11','103.36.122.212','0','0000-00-00 00:00:00',''),('29','25','0','3','4','70','0.00','0.00','0.00','0.00','0.00','1','0','21','2018-08-13 05:01:04','98.173.59.168','0','0000-00-00 00:00:00',''),('30','26','0','1','2','20','0.00','0.00','0.00','0.00','0.00','1','0','21','2018-08-13 05:01:04','98.173.59.168','0','0000-00-00 00:00:00',''),('31','26','0','1','4','40','0.00','0.00','0.00','0.00','0.00','1','0','21','2018-08-13 05:01:04','98.173.59.168','0','0000-00-00 00:00:00',''),('32','27','0','1','2','20','0.00','0.00','0.00','0.00','0.00','1','0','21','2018-08-13 05:01:04','98.173.59.168','0','0000-00-00 00:00:00',''),('33','27','0','1','4','40','0.00','0.00','0.00','0.00','0.00','1','0','21','2018-08-13 05:01:04','98.173.59.168','0','0000-00-00 00:00:00',''),('34','28','0','2','1','30','0.00','0.00','0.00','0.00','0.00','1','0','21','2018-08-13 05:01:04','98.173.59.168','0','0000-00-00 00:00:00',''),('35','29','0','2','1','30','0.00','0.00','0.00','0.00','0.00','1','0','21','2018-08-13 05:01:04','98.173.59.168','0','0000-00-00 00:00:00',''),('36','31','0','3','4','70','0.00','0.00','0.00','0.00','0.00','1','0','21','2018-08-13 05:01:04','98.173.59.168','0','0000-00-00 00:00:00',''),('37','32','0','1','2','20','0.00','0.00','0.00','0.00','0.00','1','0','21','2018-08-13 05:01:04','98.173.59.168','0','0000-00-00 00:00:00',''),('38','32','0','1','4','40','0.00','0.00','0.00','0.00','0.00','1','0','21','2018-08-13 05:01:04','98.173.59.168','0','0000-00-00 00:00:00',''),('39','33','0','1','2','20','0.00','0.00','0.00','0.00','0.00','1','0','21','2018-08-13 05:01:04','98.173.59.168','0','0000-00-00 00:00:00',''),('40','33','0','1','4','40','0.00','0.00','0.00','0.00','0.00','1','0','21','2018-08-13 05:01:04','98.173.59.168','0','0000-00-00 00:00:00',''),('41','34','0','2','1','30','0.00','0.00','0.00','0.00','0.00','1','0','21','2018-08-13 05:01:04','98.173.59.168','0','0000-00-00 00:00:00',''),('42','35','0','2','1','30','0.00','0.00','0.00','0.00','0.00','1','0','21','2018-08-13 05:01:04','98.173.59.168','0','0000-00-00 00:00:00',''),('43','37','0','3','4','70','0.00','0.00','0.00','0.00','0.00','1','0','21','2018-08-13 05:01:04','98.173.59.168','0','0000-00-00 00:00:00',''),('44','38','0','1','2','20','0.00','0.00','0.00','0.00','0.00','1','0','21','2018-08-13 05:01:04','98.173.59.168','0','0000-00-00 00:00:00',''),('45','38','0','1','4','40','0.00','0.00','0.00','0.00','0.00','1','0','21','2018-08-13 05:01:04','98.173.59.168','0','0000-00-00 00:00:00',''),('46','39','0','1','2','20','0.00','0.00','0.00','0.00','0.00','1','0','21','2018-08-13 05:01:04','98.173.59.168','0','0000-00-00 00:00:00',''),('47','39','0','1','4','40','0.00','0.00','0.00','0.00','0.00','1','0','21','2018-08-13 05:01:04','98.173.59.168','0','0000-00-00 00:00:00',''),('48','40','0','2','1','30','0.00','0.00','0.00','0.00','0.00','1','0','21','2018-08-13 05:01:04','98.173.59.168','0','0000-00-00 00:00:00',''),('49','41','0','2','1','30','0.00','0.00','0.00','0.00','0.00','1','0','21','2018-08-13 05:01:04','98.173.59.168','0','0000-00-00 00:00:00',''),('50','43','0','3','4','70','0.00','0.00','0.00','0.00','0.00','1','0','21','2018-08-13 05:01:04','98.173.59.168','0','0000-00-00 00:00:00',''),('51','44','0','1','2','20','0.00','0.00','0.00','0.00','0.00','1','0','21','2018-08-13 05:01:04','98.173.59.168','0','0000-00-00 00:00:00',''),('52','44','0','1','4','40','0.00','0.00','0.00','0.00','0.00','1','0','21','2018-08-13 05:01:04','98.173.59.168','0','0000-00-00 00:00:00',''),('53','45','0','1','2','20','0.00','0.00','0.00','0.00','0.00','1','0','21','2018-08-13 05:01:04','98.173.59.168','0','0000-00-00 00:00:00',''),('54','45','0','1','4','40','0.00','0.00','0.00','0.00','0.00','1','0','21','2018-08-13 05:01:04','98.173.59.168','0','0000-00-00 00:00:00',''),('55','46','0','2','1','30','0.00','0.00','0.00','0.00','0.00','1','0','21','2018-08-13 05:01:04','98.173.59.168','0','0000-00-00 00:00:00',''),('56','47','0','2','1','30','0.00','0.00','0.00','0.00','0.00','1','0','21','2018-08-13 05:01:04','98.173.59.168','0','0000-00-00 00:00:00',''),('57','49','0','3','4','70','0.00','0.00','0.00','0.00','0.00','1','0','21','2018-08-13 05:01:04','98.173.59.168','0','0000-00-00 00:00:00',''),('58','50','0','1','2','20','0.00','0.00','0.00','0.00','0.00','1','0','21','2018-08-13 05:01:04','98.173.59.168','0','0000-00-00 00:00:00',''),('59','50','0','1','4','40','0.00','0.00','0.00','0.00','0.00','1','0','21','2018-08-13 05:01:04','98.173.59.168','0','0000-00-00 00:00:00',''),('60','51','0','1','2','20','0.00','0.00','0.00','0.00','0.00','1','0','21','2018-08-13 05:01:04','98.173.59.168','0','0000-00-00 00:00:00',''),('61','51','0','1','4','40','0.00','0.00','0.00','0.00','0.00','1','0','21','2018-08-13 05:01:04','98.173.59.168','0','0000-00-00 00:00:00',''),('62','52','0','2','1','30','0.00','0.00','0.00','0.00','0.00','1','0','21','2018-08-13 05:01:04','98.173.59.168','0','0000-00-00 00:00:00',''),('63','53','0','2','1','30','0.00','0.00','0.00','0.00','0.00','1','0','21','2018-08-13 05:01:04','98.173.59.168','0','0000-00-00 00:00:00',''),('64','55','0','3','4','70','0.00','0.00','0.00','0.00','0.00','1','0','21','2018-08-13 05:01:04','98.173.59.168','0','0000-00-00 00:00:00',''),('65','56','0','1','2','20','0.00','0.00','0.00','0.00','0.00','1','0','21','2018-08-13 05:01:04','98.173.59.168','0','0000-00-00 00:00:00',''),('66','56','0','1','4','40','0.00','0.00','0.00','0.00','0.00','1','0','21','2018-08-13 05:01:04','98.173.59.168','0','0000-00-00 00:00:00',''),('67','57','0','1','2','20','0.00','0.00','0.00','0.00','0.00','1','0','21','2018-08-13 05:01:04','98.173.59.168','0','0000-00-00 00:00:00',''),('68','57','0','1','4','40','0.00','0.00','0.00','0.00','0.00','1','0','21','2018-08-13 05:01:04','98.173.59.168','0','0000-00-00 00:00:00',''),('69','58','0','2','1','30','0.00','0.00','0.00','0.00','0.00','1','0','21','2018-08-13 05:01:04','98.173.59.168','0','0000-00-00 00:00:00',''),('70','59','0','2','1','30','0.00','0.00','0.00','0.00','0.00','1','0','21','2018-08-13 05:01:04','98.173.59.168','0','0000-00-00 00:00:00',''),('71','61','0','3','4','70','0.00','0.00','0.00','0.00','0.00','1','0','21','2018-08-13 05:01:04','98.173.59.168','0','0000-00-00 00:00:00',''),('72','62','0','1','2','20','0.00','0.00','0.00','0.00','0.00','1','0','21','2018-08-13 05:01:04','98.173.59.168','0','0000-00-00 00:00:00',''),('73','62','0','1','4','40','0.00','0.00','0.00','0.00','0.00','1','0','21','2018-08-13 05:01:04','98.173.59.168','0','0000-00-00 00:00:00',''),('74','63','0','1','2','20','0.00','0.00','0.00','0.00','0.00','1','0','21','2018-08-13 05:01:04','98.173.59.168','0','0000-00-00 00:00:00',''),('75','63','0','1','4','40','0.00','0.00','0.00','0.00','0.00','1','0','21','2018-08-13 05:01:04','98.173.59.168','0','0000-00-00 00:00:00',''),('76','64','0','2','1','30','0.00','0.00','0.00','0.00','0.00','1','0','21','2018-08-13 05:01:04','98.173.59.168','0','0000-00-00 00:00:00',''),('77','65','0','2','1','30','0.00','0.00','0.00','0.00','0.00','1','0','21','2018-08-13 05:01:04','98.173.59.168','0','0000-00-00 00:00:00',''),('78','67','0','3','4','70','0.00','0.00','0.00','0.00','0.00','1','0','21','2018-08-13 05:01:04','98.173.59.168','0','0000-00-00 00:00:00',''),('79','68','0','1','2','20','0.00','0.00','0.00','0.00','0.00','1','0','21','2018-08-13 05:01:04','98.173.59.168','0','0000-00-00 00:00:00',''),('80','68','0','1','4','40','0.00','0.00','0.00','0.00','0.00','1','0','21','2018-08-13 05:01:04','98.173.59.168','0','0000-00-00 00:00:00',''),('81','69','0','1','2','20','0.00','0.00','0.00','0.00','0.00','1','0','21','2018-08-13 05:01:04','98.173.59.168','0','0000-00-00 00:00:00',''),('82','69','0','1','4','40','0.00','0.00','0.00','0.00','0.00','1','0','21','2018-08-13 05:01:04','98.173.59.168','0','0000-00-00 00:00:00',''),('83','70','0','2','1','30','0.00','0.00','0.00','0.00','0.00','1','0','21','2018-08-13 05:01:04','98.173.59.168','0','0000-00-00 00:00:00',''),('84','71','0','2','1','30','0.00','0.00','0.00','0.00','0.00','1','0','21','2018-08-13 05:01:04','98.173.59.168','0','0000-00-00 00:00:00',''),('85','73','0','3','4','70','0.00','0.00','0.00','0.00','0.00','1','0','21','2018-08-13 05:01:04','98.173.59.168','0','0000-00-00 00:00:00',''),('86','74','0','1','2','20','0.00','0.00','0.00','0.00','0.00','1','0','21','2018-08-13 05:01:04','98.173.59.168','0','0000-00-00 00:00:00',''),('87','74','0','1','4','40','0.00','0.00','0.00','0.00','0.00','1','0','21','2018-08-13 05:01:04','98.173.59.168','0','0000-00-00 00:00:00',''),('88','75','0','1','2','20','0.00','0.00','0.00','0.00','0.00','1','0','21','2018-08-13 05:01:04','98.173.59.168','0','0000-00-00 00:00:00',''),('89','75','0','1','4','40','0.00','0.00','0.00','0.00','0.00','1','0','21','2018-08-13 05:01:04','98.173.59.168','0','0000-00-00 00:00:00',''),('90','76','0','2','1','30','0.00','0.00','0.00','0.00','0.00','1','0','21','2018-08-13 05:01:04','98.173.59.168','0','0000-00-00 00:00:00',''),('91','77','0','2','1','30','0.00','0.00','0.00','0.00','0.00','1','0','21','2018-08-13 05:01:04','98.173.59.168','0','0000-00-00 00:00:00',''),('92','79','0','3','4','70','0.00','0.00','0.00','0.00','0.00','1','0','21','2018-08-13 05:01:04','98.173.59.168','0','0000-00-00 00:00:00',''),('93','80','0','1','2','20','0.00','0.00','0.00','0.00','0.00','1','0','21','2018-08-13 05:01:04','98.173.59.168','0','0000-00-00 00:00:00',''),('94','80','0','1','4','40','0.00','0.00','0.00','0.00','0.00','1','0','21','2018-08-13 05:01:04','98.173.59.168','0','0000-00-00 00:00:00',''),('95','81','0','1','2','20','0.00','0.00','0.00','0.00','0.00','1','0','21','2018-08-13 05:01:04','98.173.59.168','0','0000-00-00 00:00:00',''),('96','81','0','1','4','40','0.00','0.00','0.00','0.00','0.00','1','0','21','2018-08-13 05:01:04','98.173.59.168','0','0000-00-00 00:00:00',''),('97','82','0','2','1','30','0.00','0.00','0.00','0.00','0.00','1','0','21','2018-08-13 05:01:04','98.173.59.168','0','0000-00-00 00:00:00',''),('98','83','0','2','1','30','0.00','0.00','0.00','0.00','0.00','1','0','21','2018-08-13 05:01:04','98.173.59.168','0','0000-00-00 00:00:00','');
/*!40000 ALTER TABLE `ft_transaction_trade_splits` ENABLE KEYS */;

DROP TABLE IF EXISTS `ft_user_menu_rights`;
CREATE TABLE `ft_user_menu_rights` (
  `id` int(12) NOT NULL AUTO_INCREMENT,
  `user_id` int(12) NOT NULL,
  `link_id` int(12) NOT NULL,
  `parent_id` int(12) NOT NULL,
  `status` tinyint(1) NOT NULL DEFAULT '1',
  `is_delete` tinyint(1) NOT NULL DEFAULT '0',
  `created_by` int(12) NOT NULL,
  `created_ip` varchar(100) NOT NULL,
  `created_time` datetime NOT NULL,
  `modified_by` int(12) NOT NULL,
  `modified_ip` varchar(100) NOT NULL,
  `modified_time` datetime NOT NULL,
  PRIMARY KEY (`id`)
) ENGINE=InnoDB AUTO_INCREMENT=2373 DEFAULT CHARSET=latin1;

/*!40000 ALTER TABLE `ft_user_menu_rights` DISABLE KEYS */;
INSERT INTO `ft_user_menu_rights` VALUES ('687','2','1','0','1','0','3','103.36.122.212','2018-02-01 09:26:14','0','','0000-00-00 00:00:00'),('688','2','2','0','1','0','3','103.36.122.212','2018-02-01 09:26:14','0','','0000-00-00 00:00:00'),('689','2','3','0','1','0','3','103.36.122.212','2018-02-01 09:26:14','0','','0000-00-00 00:00:00'),('690','2','4','0','1','0','3','103.36.122.212','2018-02-01 09:26:14','0','','0000-00-00 00:00:00'),('691','2','5','0','1','0','3','103.36.122.212','2018-02-01 09:26:14','0','','0000-00-00 00:00:00'),('692','2','6','0','1','0','3','103.36.122.212','2018-02-01 09:26:14','0','','0000-00-00 00:00:00'),('693','2','7','0','1','0','3','103.36.122.212','2018-02-01 09:26:14','0','','0000-00-00 00:00:00'),('694','2','8','2','1','0','3','103.36.122.212','2018-02-01 09:26:14','0','','0000-00-00 00:00:00'),('695','2','9','2','1','0','3','103.36.122.212','2018-02-01 09:26:14','0','','0000-00-00 00:00:00'),('696','2','10','2','1','0','3','103.36.122.212','2018-02-01 09:26:14','0','','0000-00-00 00:00:00'),('697','2','11','2','1','0','3','103.36.122.212','2018-02-01 09:26:14','0','','0000-00-00 00:00:00'),('698','2','12','3','1','0','3','103.36.122.212','2018-02-01 09:26:14','0','','0000-00-00 00:00:00'),('699','2','13','3','1','0','3','103.36.122.212','2018-02-01 09:26:14','0','','0000-00-00 00:00:00'),('700','2','14','3','1','0','3','103.36.122.212','2018-02-01 09:26:14','0','','0000-00-00 00:00:00'),('701','2','15','3','1','0','3','103.36.122.212','2018-02-01 09:26:14','0','','0000-00-00 00:00:00'),('702','2','16','3','1','0','3','103.36.122.212','2018-02-01 09:26:14','0','','0000-00-00 00:00:00'),('703','2','17','4','1','0','3','103.36.122.212','2018-02-01 09:26:14','0','','0000-00-00 00:00:00'),('704','2','18','4','1','0','3','103.36.122.212','2018-02-01 09:26:14','0','','0000-00-00 00:00:00'),('705','2','19','4','1','0','3','103.36.122.212','2018-02-01 09:26:14','0','','0000-00-00 00:00:00'),('706','2','20','5','1','0','3','103.36.122.212','2018-02-01 09:26:14','0','','0000-00-00 00:00:00'),('707','2','21','5','1','0','3','103.36.122.212','2018-02-01 09:26:14','0','','0000-00-00 00:00:00'),('708','2','22','5','1','0','3','103.36.122.212','2018-02-01 09:26:14','0','','0000-00-00 00:00:00'),('709','2','23','5','1','0','3','103.36.122.212','2018-02-01 09:26:14','0','','0000-00-00 00:00:00'),('710','2','35','5','1','0','3','103.36.122.212','2018-02-01 09:26:14','0','','0000-00-00 00:00:00'),('711','2','36','5','1','0','3','103.36.122.212','2018-02-01 09:26:14','0','','0000-00-00 00:00:00'),('712','2','32','6','1','0','3','103.36.122.212','2018-02-01 09:26:14','0','','0000-00-00 00:00:00'),('713','2','33','6','1','0','3','103.36.122.212','2018-02-01 09:26:14','0','','0000-00-00 00:00:00'),('714','2','34','6','1','0','3','103.36.122.212','2018-02-01 09:26:14','0','','0000-00-00 00:00:00'),('715','2','24','7','1','0','3','103.36.122.212','2018-02-01 09:26:14','0','','0000-00-00 00:00:00'),('716','2','25','7','1','0','3','103.36.122.212','2018-02-01 09:26:14','0','','0000-00-00 00:00:00'),('717','2','26','7','1','0','3','103.36.122.212','2018-02-01 09:26:14','0','','0000-00-00 00:00:00'),('718','2','27','7','1','0','3','103.36.122.212','2018-02-01 09:26:14','0','','0000-00-00 00:00:00'),('719','2','28','7','1','0','3','103.36.122.212','2018-02-01 09:26:14','0','','0000-00-00 00:00:00'),('720','2','29','7','1','0','3','103.36.122.212','2018-02-01 09:26:14','0','','0000-00-00 00:00:00'),('721','2','30','7','1','0','3','103.36.122.212','2018-02-01 09:26:14','0','','0000-00-00 00:00:00'),('722','2','37','7','1','0','3','103.36.122.212','2018-02-01 09:26:14','0','','0000-00-00 00:00:00'),('723','2','38','7','1','0','3','103.36.122.212','2018-02-01 09:26:14','0','','0000-00-00 00:00:00'),('724','2','39','7','1','0','3','103.36.122.212','2018-02-01 09:26:14','0','','0000-00-00 00:00:00'),('763','4','1','0','1','0','3','103.36.122.212','2018-02-01 09:27:06','0','','0000-00-00 00:00:00'),('764','4','2','0','1','0','3','103.36.122.212','2018-02-01 09:27:06','0','','0000-00-00 00:00:00'),('765','4','3','0','1','0','3','103.36.122.212','2018-02-01 09:27:06','0','','0000-00-00 00:00:00'),('766','4','4','0','1','0','3','103.36.122.212','2018-02-01 09:27:06','0','','0000-00-00 00:00:00'),('767','4','5','0','1','0','3','103.36.122.212','2018-02-01 09:27:06','0','','0000-00-00 00:00:00'),('768','4','6','0','1','0','3','103.36.122.212','2018-02-01 09:27:06','0','','0000-00-00 00:00:00'),('769','4','7','0','1','0','3','103.36.122.212','2018-02-01 09:27:06','0','','0000-00-00 00:00:00'),('770','4','8','2','1','0','3','103.36.122.212','2018-02-01 09:27:06','0','','0000-00-00 00:00:00'),('771','4','9','2','1','0','3','103.36.122.212','2018-02-01 09:27:06','0','','0000-00-00 00:00:00'),('772','4','10','2','1','0','3','103.36.122.212','2018-02-01 09:27:06','0','','0000-00-00 00:00:00'),('773','4','11','2','1','0','3','103.36.122.212','2018-02-01 09:27:06','0','','0000-00-00 00:00:00'),('774','4','12','3','1','0','3','103.36.122.212','2018-02-01 09:27:06','0','','0000-00-00 00:00:00'),('775','4','13','3','1','0','3','103.36.122.212','2018-02-01 09:27:06','0','','0000-00-00 00:00:00'),('776','4','14','3','1','0','3','103.36.122.212','2018-02-01 09:27:06','0','','0000-00-00 00:00:00'),('777','4','15','3','1','0','3','103.36.122.212','2018-02-01 09:27:06','0','','0000-00-00 00:00:00'),('778','4','16','3','1','0','3','103.36.122.212','2018-02-01 09:27:06','0','','0000-00-00 00:00:00'),('779','4','17','4','1','0','3','103.36.122.212','2018-02-01 09:27:06','0','','0000-00-00 00:00:00'),('780','4','18','4','1','0','3','103.36.122.212','2018-02-01 09:27:06','0','','0000-00-00 00:00:00'),('781','4','19','4','1','0','3','103.36.122.212','2018-02-01 09:27:06','0','','0000-00-00 00:00:00'),('782','4','20','5','1','0','3','103.36.122.212','2018-02-01 09:27:06','0','','0000-00-00 00:00:00'),('783','4','21','5','1','0','3','103.36.122.212','2018-02-01 09:27:06','0','','0000-00-00 00:00:00'),('784','4','22','5','1','0','3','103.36.122.212','2018-02-01 09:27:06','0','','0000-00-00 00:00:00'),('785','4','23','5','1','0','3','103.36.122.212','2018-02-01 09:27:06','0','','0000-00-00 00:00:00'),('786','4','35','5','1','0','3','103.36.122.212','2018-02-01 09:27:06','0','','0000-00-00 00:00:00'),('787','4','36','5','1','0','3','103.36.122.212','2018-02-01 09:27:06','0','','0000-00-00 00:00:00'),('788','4','32','6','1','0','3','103.36.122.212','2018-02-01 09:27:06','0','','0000-00-00 00:00:00'),('789','4','33','6','1','0','3','103.36.122.212','2018-02-01 09:27:06','0','','0000-00-00 00:00:00'),('790','4','34','6','1','0','3','103.36.122.212','2018-02-01 09:27:06','0','','0000-00-00 00:00:00'),('791','4','24','7','1','0','3','103.36.122.212','2018-02-01 09:27:06','0','','0000-00-00 00:00:00'),('792','4','25','7','1','0','3','103.36.122.212','2018-02-01 09:27:06','0','','0000-00-00 00:00:00'),('793','4','26','7','1','0','3','103.36.122.212','2018-02-01 09:27:06','0','','0000-00-00 00:00:00'),('794','4','27','7','1','0','3','103.36.122.212','2018-02-01 09:27:06','0','','0000-00-00 00:00:00'),('795','4','28','7','1','0','3','103.36.122.212','2018-02-01 09:27:06','0','','0000-00-00 00:00:00'),('796','4','29','7','1','0','3','103.36.122.212','2018-02-01 09:27:06','0','','0000-00-00 00:00:00'),('797','4','30','7','1','0','3','103.36.122.212','2018-02-01 09:27:06','0','','0000-00-00 00:00:00'),('798','4','37','7','1','0','3','103.36.122.212','2018-02-01 09:27:06','0','','0000-00-00 00:00:00'),('799','4','38','7','1','0','3','103.36.122.212','2018-02-01 09:27:06','0','','0000-00-00 00:00:00'),('800','4','39','7','1','0','3','103.36.122.212','2018-02-01 09:27:06','0','','0000-00-00 00:00:00'),('801','17','1','0','1','0','3','103.36.122.212','2018-02-01 09:27:25','0','','0000-00-00 00:00:00'),('802','17','2','0','1','0','3','103.36.122.212','2018-02-01 09:27:25','0','','0000-00-00 00:00:00'),('803','17','3','0','1','0','3','103.36.122.212','2018-02-01 09:27:25','0','','0000-00-00 00:00:00'),('804','17','4','0','1','0','3','103.36.122.212','2018-02-01 09:27:25','0','','0000-00-00 00:00:00'),('805','17','5','0','1','0','3','103.36.122.212','2018-02-01 09:27:25','0','','0000-00-00 00:00:00'),('806','17','6','0','1','0','3','103.36.122.212','2018-02-01 09:27:25','0','','0000-00-00 00:00:00'),('807','17','7','0','1','0','3','103.36.122.212','2018-02-01 09:27:25','0','','0000-00-00 00:00:00'),('808','17','8','2','1','0','3','103.36.122.212','2018-02-01 09:27:25','0','','0000-00-00 00:00:00'),('809','17','9','2','1','0','3','103.36.122.212','2018-02-01 09:27:25','0','','0000-00-00 00:00:00'),('810','17','10','2','1','0','3','103.36.122.212','2018-02-01 09:27:25','0','','0000-00-00 00:00:00'),('811','17','11','2','1','0','3','103.36.122.212','2018-02-01 09:27:25','0','','0000-00-00 00:00:00'),('812','17','12','3','1','0','3','103.36.122.212','2018-02-01 09:27:25','0','','0000-00-00 00:00:00'),('813','17','13','3','1','0','3','103.36.122.212','2018-02-01 09:27:25','0','','0000-00-00 00:00:00'),('814','17','14','3','1','0','3','103.36.122.212','2018-02-01 09:27:25','0','','0000-00-00 00:00:00'),('815','17','15','3','1','0','3','103.36.122.212','2018-02-01 09:27:25','0','','0000-00-00 00:00:00'),('816','17','16','3','1','0','3','103.36.122.212','2018-02-01 09:27:25','0','','0000-00-00 00:00:00'),('817','17','17','4','1','0','3','103.36.122.212','2018-02-01 09:27:25','0','','0000-00-00 00:00:00'),('818','17','18','4','1','0','3','103.36.122.212','2018-02-01 09:27:25','0','','0000-00-00 00:00:00'),('819','17','19','4','1','0','3','103.36.122.212','2018-02-01 09:27:25','0','','0000-00-00 00:00:00'),('820','17','20','5','1','0','3','103.36.122.212','2018-02-01 09:27:25','0','','0000-00-00 00:00:00'),('821','17','21','5','1','0','3','103.36.122.212','2018-02-01 09:27:25','0','','0000-00-00 00:00:00'),('822','17','22','5','1','0','3','103.36.122.212','2018-02-01 09:27:25','0','','0000-00-00 00:00:00'),('823','17','23','5','1','0','3','103.36.122.212','2018-02-01 09:27:25','0','','0000-00-00 00:00:00'),('824','17','35','5','1','0','3','103.36.122.212','2018-02-01 09:27:25','0','','0000-00-00 00:00:00'),('825','17','36','5','1','0','3','103.36.122.212','2018-02-01 09:27:25','0','','0000-00-00 00:00:00'),('826','17','32','6','1','0','3','103.36.122.212','2018-02-01 09:27:25','0','','0000-00-00 00:00:00'),('827','17','33','6','1','0','3','103.36.122.212','2018-02-01 09:27:25','0','','0000-00-00 00:00:00'),('828','17','34','6','1','0','3','103.36.122.212','2018-02-01 09:27:25','0','','0000-00-00 00:00:00'),('829','17','24','7','1','0','3','103.36.122.212','2018-02-01 09:27:25','0','','0000-00-00 00:00:00'),('830','17','25','7','1','0','3','103.36.122.212','2018-02-01 09:27:25','0','','0000-00-00 00:00:00'),('831','17','26','7','1','0','3','103.36.122.212','2018-02-01 09:27:25','0','','0000-00-00 00:00:00'),('832','17','27','7','1','0','3','103.36.122.212','2018-02-01 09:27:25','0','','0000-00-00 00:00:00'),('833','17','28','7','1','0','3','103.36.122.212','2018-02-01 09:27:25','0','','0000-00-00 00:00:00'),('834','17','29','7','1','0','3','103.36.122.212','2018-02-01 09:27:25','0','','0000-00-00 00:00:00'),('835','17','30','7','1','0','3','103.36.122.212','2018-02-01 09:27:25','0','','0000-00-00 00:00:00'),('836','17','37','7','1','0','3','103.36.122.212','2018-02-01 09:27:25','0','','0000-00-00 00:00:00'),('837','17','38','7','1','0','3','103.36.122.212','2018-02-01 09:27:25','0','','0000-00-00 00:00:00'),('838','17','39','7','1','0','3','103.36.122.212','2018-02-01 09:27:25','0','','0000-00-00 00:00:00'),('839','18','1','0','1','0','1','76.176.130.44','2018-02-02 19:35:23','0','','0000-00-00 00:00:00'),('840','18','2','0','1','0','1','76.176.130.44','2018-02-02 19:35:23','0','','0000-00-00 00:00:00'),('841','18','3','0','1','0','1','76.176.130.44','2018-02-02 19:35:23','0','','0000-00-00 00:00:00'),('842','18','4','0','1','0','1','76.176.130.44','2018-02-02 19:35:23','0','','0000-00-00 00:00:00'),('843','18','5','0','1','0','1','76.176.130.44','2018-02-02 19:35:23','0','','0000-00-00 00:00:00'),('844','18','6','0','1','0','1','76.176.130.44','2018-02-02 19:35:23','0','','0000-00-00 00:00:00'),('845','18','7','0','1','0','1','76.176.130.44','2018-02-02 19:35:23','0','','0000-00-00 00:00:00'),('846','18','8','2','1','0','1','76.176.130.44','2018-02-02 19:35:23','0','','0000-00-00 00:00:00'),('847','18','9','2','1','0','1','76.176.130.44','2018-02-02 19:35:23','0','','0000-00-00 00:00:00'),('848','18','10','2','1','0','1','76.176.130.44','2018-02-02 19:35:23','0','','0000-00-00 00:00:00'),('849','18','11','2','1','0','1','76.176.130.44','2018-02-02 19:35:23','0','','0000-00-00 00:00:00'),('850','18','12','3','1','0','1','76.176.130.44','2018-02-02 19:35:23','0','','0000-00-00 00:00:00'),('851','18','13','3','1','0','1','76.176.130.44','2018-02-02 19:35:23','0','','0000-00-00 00:00:00'),('852','18','14','3','1','0','1','76.176.130.44','2018-02-02 19:35:23','0','','0000-00-00 00:00:00'),('853','18','15','3','1','0','1','76.176.130.44','2018-02-02 19:35:23','0','','0000-00-00 00:00:00'),('854','18','16','3','1','0','1','76.176.130.44','2018-02-02 19:35:23','0','','0000-00-00 00:00:00'),('855','18','17','4','1','0','1','76.176.130.44','2018-02-02 19:35:23','0','','0000-00-00 00:00:00'),('856','18','18','4','1','0','1','76.176.130.44','2018-02-02 19:35:23','0','','0000-00-00 00:00:00'),('857','18','19','4','1','0','1','76.176.130.44','2018-02-02 19:35:23','0','','0000-00-00 00:00:00'),('858','18','20','5','1','0','1','76.176.130.44','2018-02-02 19:35:23','0','','0000-00-00 00:00:00'),('859','18','21','5','1','0','1','76.176.130.44','2018-02-02 19:35:23','0','','0000-00-00 00:00:00'),('860','18','22','5','1','0','1','76.176.130.44','2018-02-02 19:35:23','0','','0000-00-00 00:00:00'),('861','18','23','5','1','0','1','76.176.130.44','2018-02-02 19:35:23','0','','0000-00-00 00:00:00'),('862','18','35','5','1','0','1','76.176.130.44','2018-02-02 19:35:23','0','','0000-00-00 00:00:00'),('863','18','36','5','1','0','1','76.176.130.44','2018-02-02 19:35:23','0','','0000-00-00 00:00:00'),('864','18','26','6','1','0','1','76.176.130.44','2018-02-02 19:35:23','0','','0000-00-00 00:00:00'),('865','18','32','6','1','0','1','76.176.130.44','2018-02-02 19:35:23','0','','0000-00-00 00:00:00'),('866','18','33','6','1','0','1','76.176.130.44','2018-02-02 19:35:23','0','','0000-00-00 00:00:00'),('867','18','34','6','1','0','1','76.176.130.44','2018-02-02 19:35:23','0','','0000-00-00 00:00:00'),('868','18','24','7','1','0','1','76.176.130.44','2018-02-02 19:35:23','0','','0000-00-00 00:00:00'),('869','18','25','7','1','0','1','76.176.130.44','2018-02-02 19:35:23','0','','0000-00-00 00:00:00'),('870','18','27','7','1','0','1','76.176.130.44','2018-02-02 19:35:23','0','','0000-00-00 00:00:00'),('871','18','28','7','1','0','1','76.176.130.44','2018-02-02 19:35:23','0','','0000-00-00 00:00:00'),('872','18','29','7','1','0','1','76.176.130.44','2018-02-02 19:35:23','0','','0000-00-00 00:00:00'),('873','18','30','7','1','0','1','76.176.130.44','2018-02-02 19:35:23','0','','0000-00-00 00:00:00'),('874','18','37','7','1','0','1','76.176.130.44','2018-02-02 19:35:23','0','','0000-00-00 00:00:00'),('875','18','38','7','1','0','1','76.176.130.44','2018-02-02 19:35:23','0','','0000-00-00 00:00:00'),('876','18','39','7','1','0','1','76.176.130.44','2018-02-02 19:35:23','0','','0000-00-00 00:00:00'),('1385','20','1','0','1','0','1','76.176.130.44','2018-02-06 19:26:02','0','','0000-00-00 00:00:00'),('1386','20','2','0','1','0','1','76.176.130.44','2018-02-06 19:26:02','0','','0000-00-00 00:00:00'),('1387','20','3','0','1','0','1','76.176.130.44','2018-02-06 19:26:02','0','','0000-00-00 00:00:00'),('1388','20','4','0','1','0','1','76.176.130.44','2018-02-06 19:26:02','0','','0000-00-00 00:00:00'),('1389','20','5','0','1','0','1','76.176.130.44','2018-02-06 19:26:02','0','','0000-00-00 00:00:00'),('1390','20','6','0','1','0','1','76.176.130.44','2018-02-06 19:26:02','0','','0000-00-00 00:00:00'),('1391','20','7','0','1','0','1','76.176.130.44','2018-02-06 19:26:02','0','','0000-00-00 00:00:00'),('1392','20','8','2','1','0','1','76.176.130.44','2018-02-06 19:26:02','0','','0000-00-00 00:00:00'),('1393','20','9','2','1','0','1','76.176.130.44','2018-02-06 19:26:02','0','','0000-00-00 00:00:00'),('1394','20','10','2','1','0','1','76.176.130.44','2018-02-06 19:26:02','0','','0000-00-00 00:00:00'),('1395','20','11','2','1','0','1','76.176.130.44','2018-02-06 19:26:02','0','','0000-00-00 00:00:00'),('1396','20','12','3','1','0','1','76.176.130.44','2018-02-06 19:26:02','0','','0000-00-00 00:00:00'),('1397','20','13','3','1','0','1','76.176.130.44','2018-02-06 19:26:02','0','','0000-00-00 00:00:00'),('1398','20','14','3','1','0','1','76.176.130.44','2018-02-06 19:26:02','0','','0000-00-00 00:00:00'),('1399','20','15','3','1','0','1','76.176.130.44','2018-02-06 19:26:02','0','','0000-00-00 00:00:00'),('1400','20','16','3','1','0','1','76.176.130.44','2018-02-06 19:26:02','0','','0000-00-00 00:00:00'),('1401','20','17','4','1','0','1','76.176.130.44','2018-02-06 19:26:02','0','','0000-00-00 00:00:00'),('1402','20','18','4','1','0','1','76.176.130.44','2018-02-06 19:26:02','0','','0000-00-00 00:00:00'),('1403','20','19','4','1','0','1','76.176.130.44','2018-02-06 19:26:02','0','','0000-00-00 00:00:00'),('1404','20','20','5','1','0','1','76.176.130.44','2018-02-06 19:26:02','0','','0000-00-00 00:00:00'),('1405','20','21','5','1','0','1','76.176.130.44','2018-02-06 19:26:02','0','','0000-00-00 00:00:00'),('1406','20','22','5','1','0','1','76.176.130.44','2018-02-06 19:26:02','0','','0000-00-00 00:00:00'),('1407','20','23','5','1','0','1','76.176.130.44','2018-02-06 19:26:02','0','','0000-00-00 00:00:00'),('1408','20','35','5','1','0','1','76.176.130.44','2018-02-06 19:26:02','0','','0000-00-00 00:00:00'),('1409','20','36','5','1','0','1','76.176.130.44','2018-02-06 19:26:02','0','','0000-00-00 00:00:00'),('1410','20','26','6','1','0','1','76.176.130.44','2018-02-06 19:26:02','0','','0000-00-00 00:00:00'),('1411','20','32','6','1','0','1','76.176.130.44','2018-02-06 19:26:02','0','','0000-00-00 00:00:00'),('1412','20','33','6','1','0','1','76.176.130.44','2018-02-06 19:26:02','0','','0000-00-00 00:00:00'),('1413','20','34','6','1','0','1','76.176.130.44','2018-02-06 19:26:02','0','','0000-00-00 00:00:00'),('1414','20','24','7','1','0','1','76.176.130.44','2018-02-06 19:26:02','0','','0000-00-00 00:00:00'),('1415','20','25','7','1','0','1','76.176.130.44','2018-02-06 19:26:02','0','','0000-00-00 00:00:00'),('1416','20','27','7','1','0','1','76.176.130.44','2018-02-06 19:26:02','0','','0000-00-00 00:00:00'),('1417','20','28','7','1','0','1','76.176.130.44','2018-02-06 19:26:02','0','','0000-00-00 00:00:00'),('1418','20','29','7','1','0','1','76.176.130.44','2018-02-06 19:26:02','0','','0000-00-00 00:00:00'),('1419','20','30','7','1','0','1','76.176.130.44','2018-02-06 19:26:02','0','','0000-00-00 00:00:00'),('1420','20','37','7','1','0','1','76.176.130.44','2018-02-06 19:26:02','0','','0000-00-00 00:00:00'),('1421','20','38','7','1','0','1','76.176.130.44','2018-02-06 19:26:02','0','','0000-00-00 00:00:00'),('1422','20','39','7','1','0','1','76.176.130.44','2018-02-06 19:26:02','0','','0000-00-00 00:00:00'),('1513','22','1','0','1','0','21','98.173.59.168','2018-02-08 21:52:11','0','','0000-00-00 00:00:00'),('1514','22','2','0','1','0','21','98.173.59.168','2018-02-08 21:52:11','0','','0000-00-00 00:00:00'),('1515','22','3','0','1','0','21','98.173.59.168','2018-02-08 21:52:11','0','','0000-00-00 00:00:00'),('1516','22','4','0','1','0','21','98.173.59.168','2018-02-08 21:52:11','0','','0000-00-00 00:00:00'),('1517','22','5','0','1','0','21','98.173.59.168','2018-02-08 21:52:11','0','','0000-00-00 00:00:00'),('1518','22','6','0','1','0','21','98.173.59.168','2018-02-08 21:52:11','0','','0000-00-00 00:00:00'),('1519','22','7','0','1','0','21','98.173.59.168','2018-02-08 21:52:11','0','','0000-00-00 00:00:00'),('1520','22','8','2','1','0','21','98.173.59.168','2018-02-08 21:52:11','0','','0000-00-00 00:00:00'),('1521','22','9','2','1','0','21','98.173.59.168','2018-02-08 21:52:11','0','','0000-00-00 00:00:00'),('1522','22','10','2','1','0','21','98.173.59.168','2018-02-08 21:52:11','0','','0000-00-00 00:00:00'),('1523','22','11','2','1','0','21','98.173.59.168','2018-02-08 21:52:11','0','','0000-00-00 00:00:00'),('1524','22','12','3','1','0','21','98.173.59.168','2018-02-08 21:52:11','0','','0000-00-00 00:00:00'),('1525','22','13','3','1','0','21','98.173.59.168','2018-02-08 21:52:11','0','','0000-00-00 00:00:00'),('1526','22','14','3','1','0','21','98.173.59.168','2018-02-08 21:52:11','0','','0000-00-00 00:00:00'),('1527','22','15','3','1','0','21','98.173.59.168','2018-02-08 21:52:11','0','','0000-00-00 00:00:00'),('1528','22','16','3','1','0','21','98.173.59.168','2018-02-08 21:52:11','0','','0000-00-00 00:00:00'),('1529','22','17','4','1','0','21','98.173.59.168','2018-02-08 21:52:11','0','','0000-00-00 00:00:00'),('1530','22','18','4','1','0','21','98.173.59.168','2018-02-08 21:52:11','0','','0000-00-00 00:00:00'),('1531','22','19','4','1','0','21','98.173.59.168','2018-02-08 21:52:11','0','','0000-00-00 00:00:00'),('1532','22','20','5','1','0','21','98.173.59.168','2018-02-08 21:52:11','0','','0000-00-00 00:00:00'),('1533','22','21','5','1','0','21','98.173.59.168','2018-02-08 21:52:11','0','','0000-00-00 00:00:00'),('1534','22','22','5','1','0','21','98.173.59.168','2018-02-08 21:52:11','0','','0000-00-00 00:00:00'),('1535','22','23','5','1','0','21','98.173.59.168','2018-02-08 21:52:11','0','','0000-00-00 00:00:00'),('1536','22','35','5','1','0','21','98.173.59.168','2018-02-08 21:52:11','0','','0000-00-00 00:00:00'),('1537','22','36','5','1','0','21','98.173.59.168','2018-02-08 21:52:11','0','','0000-00-00 00:00:00'),('1538','22','26','6','1','0','21','98.173.59.168','2018-02-08 21:52:11','0','','0000-00-00 00:00:00'),('1539','22','32','6','1','0','21','98.173.59.168','2018-02-08 21:52:11','0','','0000-00-00 00:00:00'),('1540','22','33','6','1','0','21','98.173.59.168','2018-02-08 21:52:11','0','','0000-00-00 00:00:00'),('1541','22','34','6','1','0','21','98.173.59.168','2018-02-08 21:52:11','0','','0000-00-00 00:00:00'),('1542','22','24','7','1','0','21','98.173.59.168','2018-02-08 21:52:11','0','','0000-00-00 00:00:00'),('1543','22','25','7','1','0','21','98.173.59.168','2018-02-08 21:52:11','0','','0000-00-00 00:00:00'),('1544','22','27','7','1','0','21','98.173.59.168','2018-02-08 21:52:11','0','','0000-00-00 00:00:00'),('1545','22','28','7','1','0','21','98.173.59.168','2018-02-08 21:52:11','0','','0000-00-00 00:00:00'),('1546','22','29','7','1','0','21','98.173.59.168','2018-02-08 21:52:11','0','','0000-00-00 00:00:00'),('1547','22','30','7','1','0','21','98.173.59.168','2018-02-08 21:52:11','0','','0000-00-00 00:00:00'),('1548','22','37','7','1','0','21','98.173.59.168','2018-02-08 21:52:11','0','','0000-00-00 00:00:00'),('1549','22','38','7','1','0','21','98.173.59.168','2018-02-08 21:52:11','0','','0000-00-00 00:00:00'),('1550','22','39','7','1','0','21','98.173.59.168','2018-02-08 21:52:11','0','','0000-00-00 00:00:00'),('1590','3','1','0','1','0','3','103.91.220.58','2018-02-16 18:22:05','0','','0000-00-00 00:00:00'),('1591','3','2','0','1','0','3','103.91.220.58','2018-02-16 18:22:05','0','','0000-00-00 00:00:00'),('1592','3','3','0','1','0','3','103.91.220.58','2018-02-16 18:22:05','0','','0000-00-00 00:00:00'),('1593','3','4','0','1','0','3','103.91.220.58','2018-02-16 18:22:05','0','','0000-00-00 00:00:00'),('1594','3','5','0','1','0','3','103.91.220.58','2018-02-16 18:22:05','0','','0000-00-00 00:00:00'),('1595','3','6','0','1','0','3','103.91.220.58','2018-02-16 18:22:05','0','','0000-00-00 00:00:00'),('1596','3','7','0','1','0','3','103.91.220.58','2018-02-16 18:22:05','0','','0000-00-00 00:00:00'),('1597','3','8','2','1','0','3','103.91.220.58','2018-02-16 18:22:05','0','','0000-00-00 00:00:00'),('1598','3','9','2','1','0','3','103.91.220.58','2018-02-16 18:22:05','0','','0000-00-00 00:00:00'),('1599','3','10','2','1','0','3','103.91.220.58','2018-02-16 18:22:05','0','','0000-00-00 00:00:00'),('1600','3','11','2','1','0','3','103.91.220.58','2018-02-16 18:22:05','0','','0000-00-00 00:00:00'),('1601','3','12','3','1','0','3','103.91.220.58','2018-02-16 18:22:05','0','','0000-00-00 00:00:00'),('1602','3','13','3','1','0','3','103.91.220.58','2018-02-16 18:22:05','0','','0000-00-00 00:00:00'),('1603','3','14','3','1','0','3','103.91.220.58','2018-02-16 18:22:05','0','','0000-00-00 00:00:00'),('1604','3','15','3','1','0','3','103.91.220.58','2018-02-16 18:22:05','0','','0000-00-00 00:00:00'),('1605','3','16','3','1','0','3','103.91.220.58','2018-02-16 18:22:05','0','','0000-00-00 00:00:00'),('1606','3','17','4','1','0','3','103.91.220.58','2018-02-16 18:22:05','0','','0000-00-00 00:00:00'),('1607','3','18','4','1','0','3','103.91.220.58','2018-02-16 18:22:05','0','','0000-00-00 00:00:00'),('1608','3','19','4','1','0','3','103.91.220.58','2018-02-16 18:22:05','0','','0000-00-00 00:00:00'),('1609','3','20','5','1','0','3','103.91.220.58','2018-02-16 18:22:05','0','','0000-00-00 00:00:00'),('1610','3','21','5','1','0','3','103.91.220.58','2018-02-16 18:22:05','0','','0000-00-00 00:00:00'),('1611','3','22','5','1','0','3','103.91.220.58','2018-02-16 18:22:05','0','','0000-00-00 00:00:00'),('1612','3','23','5','1','0','3','103.91.220.58','2018-02-16 18:22:05','0','','0000-00-00 00:00:00'),('1613','3','35','5','1','0','3','103.91.220.58','2018-02-16 18:22:05','0','','0000-00-00 00:00:00'),('1614','3','36','5','1','0','3','103.91.220.58','2018-02-16 18:22:05','0','','0000-00-00 00:00:00'),('1615','3','26','6','1','0','3','103.91.220.58','2018-02-16 18:22:05','0','','0000-00-00 00:00:00'),('1616','3','32','6','1','0','3','103.91.220.58','2018-02-16 18:22:05','0','','0000-00-00 00:00:00'),('1617','3','33','6','1','0','3','103.91.220.58','2018-02-16 18:22:05','0','','0000-00-00 00:00:00'),('1618','3','34','6','1','0','3','103.91.220.58','2018-02-16 18:22:05','0','','0000-00-00 00:00:00'),('1619','3','24','7','1','0','3','103.91.220.58','2018-02-16 18:22:05','0','','0000-00-00 00:00:00'),('1620','3','25','7','1','0','3','103.91.220.58','2018-02-16 18:22:05','0','','0000-00-00 00:00:00'),('1621','3','27','7','1','0','3','103.91.220.58','2018-02-16 18:22:05','0','','0000-00-00 00:00:00'),('1622','3','28','7','1','0','3','103.91.220.58','2018-02-16 18:22:05','0','','0000-00-00 00:00:00'),('1623','3','29','7','1','0','3','103.91.220.58','2018-02-16 18:22:05','0','','0000-00-00 00:00:00'),('1624','3','30','7','1','0','3','103.91.220.58','2018-02-16 18:22:05','0','','0000-00-00 00:00:00'),('1625','3','37','7','1','0','3','103.91.220.58','2018-02-16 18:22:05','0','','0000-00-00 00:00:00'),('1626','3','38','7','1','0','3','103.91.220.58','2018-02-16 18:22:05','0','','0000-00-00 00:00:00'),('1627','3','39','7','1','0','3','103.91.220.58','2018-02-16 18:22:05','0','','0000-00-00 00:00:00'),('1628','3','40','7','1','0','3','103.91.220.58','2018-02-16 18:22:05','0','','0000-00-00 00:00:00'),('1629','23','1','0','1','0','21','76.176.130.44','2018-02-16 21:01:40','0','','0000-00-00 00:00:00'),('1630','23','2','0','1','0','21','76.176.130.44','2018-02-16 21:01:40','0','','0000-00-00 00:00:00'),('1631','23','3','0','1','0','21','76.176.130.44','2018-02-16 21:01:40','0','','0000-00-00 00:00:00'),('1632','23','4','0','1','0','21','76.176.130.44','2018-02-16 21:01:40','0','','0000-00-00 00:00:00'),('1633','23','5','0','1','0','21','76.176.130.44','2018-02-16 21:01:40','0','','0000-00-00 00:00:00'),('1634','23','6','0','1','0','21','76.176.130.44','2018-02-16 21:01:40','0','','0000-00-00 00:00:00'),('1635','23','7','0','1','0','21','76.176.130.44','2018-02-16 21:01:40','0','','0000-00-00 00:00:00'),('1636','23','8','2','1','0','21','76.176.130.44','2018-02-16 21:01:40','0','','0000-00-00 00:00:00'),('1637','23','9','2','1','0','21','76.176.130.44','2018-02-16 21:01:40','0','','0000-00-00 00:00:00'),('1638','23','10','2','1','0','21','76.176.130.44','2018-02-16 21:01:40','0','','0000-00-00 00:00:00'),('1639','23','11','2','1','0','21','76.176.130.44','2018-02-16 21:01:40','0','','0000-00-00 00:00:00'),('1640','23','12','3','1','0','21','76.176.130.44','2018-02-16 21:01:40','0','','0000-00-00 00:00:00'),('1641','23','13','3','1','0','21','76.176.130.44','2018-02-16 21:01:40','0','','0000-00-00 00:00:00'),('1642','23','14','3','1','0','21','76.176.130.44','2018-02-16 21:01:40','0','','0000-00-00 00:00:00'),('1643','23','15','3','1','0','21','76.176.130.44','2018-02-16 21:01:40','0','','0000-00-00 00:00:00'),('1644','23','16','3','1','0','21','76.176.130.44','2018-02-16 21:01:40','0','','0000-00-00 00:00:00'),('1645','23','17','4','1','0','21','76.176.130.44','2018-02-16 21:01:40','0','','0000-00-00 00:00:00'),('1646','23','18','4','1','0','21','76.176.130.44','2018-02-16 21:01:40','0','','0000-00-00 00:00:00'),('1647','23','19','4','1','0','21','76.176.130.44','2018-02-16 21:01:40','0','','0000-00-00 00:00:00'),('1648','23','20','5','1','0','21','76.176.130.44','2018-02-16 21:01:40','0','','0000-00-00 00:00:00'),('1649','23','21','5','1','0','21','76.176.130.44','2018-02-16 21:01:40','0','','0000-00-00 00:00:00'),('1650','23','22','5','1','0','21','76.176.130.44','2018-02-16 21:01:40','0','','0000-00-00 00:00:00'),('1651','23','23','5','1','0','21','76.176.130.44','2018-02-16 21:01:40','0','','0000-00-00 00:00:00'),('1652','23','35','5','1','0','21','76.176.130.44','2018-02-16 21:01:40','0','','0000-00-00 00:00:00'),('1653','23','36','5','1','0','21','76.176.130.44','2018-02-16 21:01:40','0','','0000-00-00 00:00:00'),('1654','23','26','6','1','0','21','76.176.130.44','2018-02-16 21:01:40','0','','0000-00-00 00:00:00'),('1655','23','32','6','1','0','21','76.176.130.44','2018-02-16 21:01:40','0','','0000-00-00 00:00:00'),('1656','23','33','6','1','0','21','76.176.130.44','2018-02-16 21:01:40','0','','0000-00-00 00:00:00'),('1657','23','34','6','1','0','21','76.176.130.44','2018-02-16 21:01:40','0','','0000-00-00 00:00:00'),('1658','23','24','7','1','0','21','76.176.130.44','2018-02-16 21:01:40','0','','0000-00-00 00:00:00'),('1659','23','25','7','1','0','21','76.176.130.44','2018-02-16 21:01:40','0','','0000-00-00 00:00:00'),('1660','23','27','7','1','0','21','76.176.130.44','2018-02-16 21:01:40','0','','0000-00-00 00:00:00'),('1661','23','28','7','1','0','21','76.176.130.44','2018-02-16 21:01:40','0','','0000-00-00 00:00:00'),('1662','23','29','7','1','0','21','76.176.130.44','2018-02-16 21:01:40','0','','0000-00-00 00:00:00'),('1663','23','30','7','1','0','21','76.176.130.44','2018-02-16 21:01:40','0','','0000-00-00 00:00:00'),('1664','23','37','7','1','0','21','76.176.130.44','2018-02-16 21:01:40','0','','0000-00-00 00:00:00'),('1665','23','38','7','1','0','21','76.176.130.44','2018-02-16 21:01:40','0','','0000-00-00 00:00:00'),('1666','23','39','7','1','0','21','76.176.130.44','2018-02-16 21:01:40','0','','0000-00-00 00:00:00'),('1667','23','40','7','1','0','21','76.176.130.44','2018-02-16 21:01:40','0','','0000-00-00 00:00:00'),('1791','19','1','0','1','0','23','103.36.122.212','2018-04-11 18:13:31','0','','0000-00-00 00:00:00'),('1792','19','2','0','1','0','23','103.36.122.212','2018-04-11 18:13:31','0','','0000-00-00 00:00:00'),('1793','19','3','0','1','0','23','103.36.122.212','2018-04-11 18:13:31','0','','0000-00-00 00:00:00'),('1794','19','4','0','1','0','23','103.36.122.212','2018-04-11 18:13:31','0','','0000-00-00 00:00:00'),('1795','19','5','0','1','0','23','103.36.122.212','2018-04-11 18:13:31','0','','0000-00-00 00:00:00'),('1796','19','6','0','1','0','23','103.36.122.212','2018-04-11 18:13:31','0','','0000-00-00 00:00:00'),('1797','19','7','0','1','0','23','103.36.122.212','2018-04-11 18:13:31','0','','0000-00-00 00:00:00'),('1798','21','1','0','1','0','21','103.36.122.212','2018-06-07 17:04:04','0','','0000-00-00 00:00:00'),('1799','21','2','0','1','0','21','103.36.122.212','2018-06-07 17:04:04','0','','0000-00-00 00:00:00'),('1800','21','3','0','1','0','21','103.36.122.212','2018-06-07 17:04:04','0','','0000-00-00 00:00:00'),('1801','21','4','0','1','0','21','103.36.122.212','2018-06-07 17:04:04','0','','0000-00-00 00:00:00'),('1802','21','5','0','1','0','21','103.36.122.212','2018-06-07 17:04:04','0','','0000-00-00 00:00:00'),('1803','21','6','0','1','0','21','103.36.122.212','2018-06-07 17:04:04','0','','0000-00-00 00:00:00'),('1804','21','7','0','1','0','21','103.36.122.212','2018-06-07 17:04:04','0','','0000-00-00 00:00:00'),('1805','21','8','2','1','0','21','103.36.122.212','2018-06-07 17:04:04','0','','0000-00-00 00:00:00'),('1806','21','9','2','1','0','21','103.36.122.212','2018-06-07 17:04:04','0','','0000-00-00 00:00:00'),('1807','21','10','2','1','0','21','103.36.122.212','2018-06-07 17:04:04','0','','0000-00-00 00:00:00'),('1808','21','11','2','1','0','21','103.36.122.212','2018-06-07 17:04:04','0','','0000-00-00 00:00:00'),('1809','21','12','3','1','0','21','103.36.122.212','2018-06-07 17:04:04','0','','0000-00-00 00:00:00'),('1810','21','13','3','1','0','21','103.36.122.212','2018-06-07 17:04:04','0','','0000-00-00 00:00:00'),('1811','21','14','3','1','0','21','103.36.122.212','2018-06-07 17:04:04','0','','0000-00-00 00:00:00'),('1812','21','15','3','1','0','21','103.36.122.212','2018-06-07 17:04:04','0','','0000-00-00 00:00:00'),('1813','21','16','3','1','0','21','103.36.122.212','2018-06-07 17:04:04','0','','0000-00-00 00:00:00'),('1814','21','41','3','1','0','21','103.36.122.212','2018-06-07 17:04:04','0','','0000-00-00 00:00:00'),('1815','21','42','3','1','0','21','103.36.122.212','2018-06-07 17:04:04','0','','0000-00-00 00:00:00'),('1816','21','43','3','1','0','21','103.36.122.212','2018-06-07 17:04:04','0','','0000-00-00 00:00:00'),('1817','21','44','41','1','0','21','103.36.122.212','2018-06-07 17:04:04','0','','0000-00-00 00:00:00'),('1818','21','45','41','1','0','21','103.36.122.212','2018-06-07 17:04:04','0','','0000-00-00 00:00:00'),('1819','21','17','4','1','0','21','103.36.122.212','2018-06-07 17:04:04','0','','0000-00-00 00:00:00'),('1820','21','18','4','1','0','21','103.36.122.212','2018-06-07 17:04:04','0','','0000-00-00 00:00:00'),('1821','21','19','4','1','0','21','103.36.122.212','2018-06-07 17:04:04','0','','0000-00-00 00:00:00'),('1822','21','20','5','1','0','21','103.36.122.212','2018-06-07 17:04:04','0','','0000-00-00 00:00:00'),('1823','21','21','5','1','0','21','103.36.122.212','2018-06-07 17:04:04','0','','0000-00-00 00:00:00'),('1824','21','22','5','1','0','21','103.36.122.212','2018-06-07 17:04:04','0','','0000-00-00 00:00:00'),('1825','21','23','5','1','0','21','103.36.122.212','2018-06-07 17:04:04','0','','0000-00-00 00:00:00'),('1826','21','35','5','1','0','21','103.36.122.212','2018-06-07 17:04:04','0','','0000-00-00 00:00:00'),('1827','21','36','5','1','0','21','103.36.122.212','2018-06-07 17:04:04','0','','0000-00-00 00:00:00'),('1828','21','26','6','1','0','21','103.36.122.212','2018-06-07 17:04:04','0','','0000-00-00 00:00:00'),('1829','21','32','6','1','0','21','103.36.122.212','2018-06-07 17:04:04','0','','0000-00-00 00:00:00'),('1830','21','33','6','1','0','21','103.36.122.212','2018-06-07 17:04:04','0','','0000-00-00 00:00:00'),('1831','21','34','6','1','0','21','103.36.122.212','2018-06-07 17:04:04','0','','0000-00-00 00:00:00'),('1832','21','24','7','1','0','21','103.36.122.212','2018-06-07 17:04:04','0','','0000-00-00 00:00:00'),('1833','21','25','7','1','0','21','103.36.122.212','2018-06-07 17:04:04','0','','0000-00-00 00:00:00'),('1834','21','27','7','1','0','21','103.36.122.212','2018-06-07 17:04:04','0','','0000-00-00 00:00:00'),('1835','21','28','7','1','0','21','103.36.122.212','2018-06-07 17:04:04','0','','0000-00-00 00:00:00'),('1836','21','29','7','1','0','21','103.36.122.212','2018-06-07 17:04:04','0','','0000-00-00 00:00:00'),('1837','21','30','7','1','0','21','103.36.122.212','2018-06-07 17:04:04','0','','0000-00-00 00:00:00'),('1838','21','37','7','1','0','21','103.36.122.212','2018-06-07 17:04:04','0','','0000-00-00 00:00:00'),('1839','21','38','7','1','0','21','103.36.122.212','2018-06-07 17:04:04','0','','0000-00-00 00:00:00'),('1840','21','39','7','1','0','21','103.36.122.212','2018-06-07 17:04:04','0','','0000-00-00 00:00:00'),('1841','21','40','7','1','0','21','103.36.122.212','2018-06-07 17:04:04','0','','0000-00-00 00:00:00'),('1886','25','1','0','1','0','21','98.173.59.168','2018-07-25 03:46:43','0','','0000-00-00 00:00:00'),('1887','25','2','0','1','0','21','98.173.59.168','2018-07-25 03:46:43','0','','0000-00-00 00:00:00'),('1888','25','3','0','1','0','21','98.173.59.168','2018-07-25 03:46:43','0','','0000-00-00 00:00:00'),('1889','25','4','0','1','0','21','98.173.59.168','2018-07-25 03:46:43','0','','0000-00-00 00:00:00'),('1890','25','5','0','1','0','21','98.173.59.168','2018-07-25 03:46:43','0','','0000-00-00 00:00:00'),('1891','25','6','0','1','0','21','98.173.59.168','2018-07-25 03:46:43','0','','0000-00-00 00:00:00'),('1892','25','7','0','1','0','21','98.173.59.168','2018-07-25 03:46:43','0','','0000-00-00 00:00:00'),('1893','25','8','2','1','0','21','98.173.59.168','2018-07-25 03:46:43','0','','0000-00-00 00:00:00'),('1894','25','9','2','1','0','21','98.173.59.168','2018-07-25 03:46:43','0','','0000-00-00 00:00:00'),('1895','25','10','2','1','0','21','98.173.59.168','2018-07-25 03:46:43','0','','0000-00-00 00:00:00'),('1896','25','11','2','1','0','21','98.173.59.168','2018-07-25 03:46:43','0','','0000-00-00 00:00:00'),('1897','25','12','3','1','0','21','98.173.59.168','2018-07-25 03:46:43','0','','0000-00-00 00:00:00'),('1898','25','13','3','1','0','21','98.173.59.168','2018-07-25 03:46:43','0','','0000-00-00 00:00:00'),('1899','25','14','3','1','0','21','98.173.59.168','2018-07-25 03:46:43','0','','0000-00-00 00:00:00'),('1900','25','15','3','1','0','21','98.173.59.168','2018-07-25 03:46:43','0','','0000-00-00 00:00:00'),('1901','25','16','3','1','0','21','98.173.59.168','2018-07-25 03:46:43','0','','0000-00-00 00:00:00'),('1902','25','41','3','1','0','21','98.173.59.168','2018-07-25 03:46:43','0','','0000-00-00 00:00:00'),('1903','25','42','3','1','0','21','98.173.59.168','2018-07-25 03:46:43','0','','0000-00-00 00:00:00'),('1904','25','43','3','1','0','21','98.173.59.168','2018-07-25 03:46:43','0','','0000-00-00 00:00:00'),('1905','25','44','41','1','0','21','98.173.59.168','2018-07-25 03:46:43','0','','0000-00-00 00:00:00'),('1906','25','45','41','1','0','21','98.173.59.168','2018-07-25 03:46:43','0','','0000-00-00 00:00:00'),('1907','25','17','4','1','0','21','98.173.59.168','2018-07-25 03:46:43','0','','0000-00-00 00:00:00'),('1908','25','18','4','1','0','21','98.173.59.168','2018-07-25 03:46:43','0','','0000-00-00 00:00:00'),('1909','25','19','4','1','0','21','98.173.59.168','2018-07-25 03:46:43','0','','0000-00-00 00:00:00'),('1910','25','20','5','1','0','21','98.173.59.168','2018-07-25 03:46:43','0','','0000-00-00 00:00:00'),('1911','25','21','5','1','0','21','98.173.59.168','2018-07-25 03:46:43','0','','0000-00-00 00:00:00'),('1912','25','22','5','1','0','21','98.173.59.168','2018-07-25 03:46:43','0','','0000-00-00 00:00:00'),('1913','25','23','5','1','0','21','98.173.59.168','2018-07-25 03:46:43','0','','0000-00-00 00:00:00'),('1914','25','35','5','1','0','21','98.173.59.168','2018-07-25 03:46:43','0','','0000-00-00 00:00:00'),('1915','25','36','5','1','0','21','98.173.59.168','2018-07-25 03:46:43','0','','0000-00-00 00:00:00'),('1916','25','26','6','1','0','21','98.173.59.168','2018-07-25 03:46:43','0','','0000-00-00 00:00:00'),('1917','25','32','6','1','0','21','98.173.59.168','2018-07-25 03:46:43','0','','0000-00-00 00:00:00'),('1918','25','33','6','1','0','21','98.173.59.168','2018-07-25 03:46:43','0','','0000-00-00 00:00:00'),('1919','25','34','6','1','0','21','98.173.59.168','2018-07-25 03:46:43','0','','0000-00-00 00:00:00'),('1920','25','24','7','1','0','21','98.173.59.168','2018-07-25 03:46:43','0','','0000-00-00 00:00:00'),('1921','25','25','7','1','0','21','98.173.59.168','2018-07-25 03:46:43','0','','0000-00-00 00:00:00'),('1922','25','27','7','1','0','21','98.173.59.168','2018-07-25 03:46:43','0','','0000-00-00 00:00:00'),('1923','25','28','7','1','0','21','98.173.59.168','2018-07-25 03:46:43','0','','0000-00-00 00:00:00'),('1924','25','29','7','1','0','21','98.173.59.168','2018-07-25 03:46:43','0','','0000-00-00 00:00:00'),('1925','25','30','7','1','0','21','98.173.59.168','2018-07-25 03:46:43','0','','0000-00-00 00:00:00'),('1926','25','37','7','1','0','21','98.173.59.168','2018-07-25 03:46:43','0','','0000-00-00 00:00:00'),('1927','25','38','7','1','0','21','98.173.59.168','2018-07-25 03:46:43','0','','0000-00-00 00:00:00'),('1928','25','39','7','1','0','21','98.173.59.168','2018-07-25 03:46:43','0','','0000-00-00 00:00:00'),('1929','25','40','7','1','0','21','98.173.59.168','2018-07-25 03:46:43','0','','0000-00-00 00:00:00'),('2330','1','1','0','1','0','1','107.210.168.81','2021-09-30 04:44:04','0','','0000-00-00 00:00:00'),('2331','1','2','0','1','0','1','107.210.168.81','2021-09-30 04:44:04','0','','0000-00-00 00:00:00'),('2332','1','3','0','1','0','1','107.210.168.81','2021-09-30 04:44:04','0','','0000-00-00 00:00:00'),('2333','1','4','0','1','0','1','107.210.168.81','2021-09-30 04:44:04','0','','0000-00-00 00:00:00'),('2334','1','5','0','1','0','1','107.210.168.81','2021-09-30 04:44:04','0','','0000-00-00 00:00:00'),('2335','1','6','0','1','0','1','107.210.168.81','2021-09-30 04:44:04','0','','0000-00-00 00:00:00'),('2336','1','7','0','1','0','1','107.210.168.81','2021-09-30 04:44:04','0','','0000-00-00 00:00:00'),('2337','1','8','2','1','0','1','107.210.168.81','2021-09-30 04:44:04','0','','0000-00-00 00:00:00'),('2338','1','9','2','1','0','1','107.210.168.81','2021-09-30 04:44:04','0','','0000-00-00 00:00:00'),('2339','1','10','2','1','0','1','107.210.168.81','2021-09-30 04:44:04','0','','0000-00-00 00:00:00'),('2340','1','11','2','1','0','1','107.210.168.81','2021-09-30 04:44:04','0','','0000-00-00 00:00:00'),('2341','1','12','3','1','0','1','107.210.168.81','2021-09-30 04:44:04','0','','0000-00-00 00:00:00'),('2342','1','13','3','1','0','1','107.210.168.81','2021-09-30 04:44:04','0','','0000-00-00 00:00:00'),('2343','1','14','3','1','0','1','107.210.168.81','2021-09-30 04:44:04','0','','0000-00-00 00:00:00'),('2344','1','15','3','1','0','1','107.210.168.81','2021-09-30 04:44:04','0','','0000-00-00 00:00:00'),('2345','1','16','3','1','0','1','107.210.168.81','2021-09-30 04:44:04','0','','0000-00-00 00:00:00'),('2346','1','41','3','1','0','1','107.210.168.81','2021-09-30 04:44:04','0','','0000-00-00 00:00:00'),('2347','1','42','3','1','0','1','107.210.168.81','2021-09-30 04:44:04','0','','0000-00-00 00:00:00'),('2348','1','43','3','1','0','1','107.210.168.81','2021-09-30 04:44:04','0','','0000-00-00 00:00:00'),('2349','1','44','41','1','0','1','107.210.168.81','2021-09-30 04:44:04','0','','0000-00-00 00:00:00'),('2350','1','45','41','1','0','1','107.210.168.81','2021-09-30 04:44:04','0','','0000-00-00 00:00:00'),('2351','1','17','4','1','0','1','107.210.168.81','2021-09-30 04:44:04','0','','0000-00-00 00:00:00'),('2352','1','18','4','1','0','1','107.210.168.81','2021-09-30 04:44:04','0','','0000-00-00 00:00:00'),('2353','1','20','5','1','0','1','107.210.168.81','2021-09-30 04:44:04','0','','0000-00-00 00:00:00'),('2354','1','21','5','1','0','1','107.210.168.81','2021-09-30 04:44:04','0','','0000-00-00 00:00:00'),('2355','1','22','5','1','0','1','107.210.168.81','2021-09-30 04:44:04','0','','0000-00-00 00:00:00'),('2356','1','23','5','1','0','1','107.210.168.81','2021-09-30 04:44:04','0','','0000-00-00 00:00:00'),('2357','1','35','5','1','0','1','107.210.168.81','2021-09-30 04:44:04','0','','0000-00-00 00:00:00'),('2358','1','36','5','1','0','1','107.210.168.81','2021-09-30 04:44:04','0','','0000-00-00 00:00:00'),('2359','1','26','6','1','0','1','107.210.168.81','2021-09-30 04:44:04','0','','0000-00-00 00:00:00'),('2360','1','32','6','1','0','1','107.210.168.81','2021-09-30 04:44:04','0','','0000-00-00 00:00:00'),('2361','1','33','6','1','0','1','107.210.168.81','2021-09-30 04:44:04','0','','0000-00-00 00:00:00'),('2362','1','24','7','1','0','1','107.210.168.81','2021-09-30 04:44:04','0','','0000-00-00 00:00:00'),('2363','1','25','7','1','0','1','107.210.168.81','2021-09-30 04:44:04','0','','0000-00-00 00:00:00'),('2364','1','27','7','1','0','1','107.210.168.81','2021-09-30 04:44:04','0','','0000-00-00 00:00:00'),('2365','1','28','7','1','0','1','107.210.168.81','2021-09-30 04:44:04','0','','0000-00-00 00:00:00'),('2366','1','29','7','1','0','1','107.210.168.81','2021-09-30 04:44:04','0','','0000-00-00 00:00:00'),('2367','1','30','7','1','0','1','107.210.168.81','2021-09-30 04:44:04','0','','0000-00-00 00:00:00'),('2368','1','37','7','1','0','1','107.210.168.81','2021-09-30 04:44:04','0','','0000-00-00 00:00:00'),('2369','1','38','7','1','0','1','107.210.168.81','2021-09-30 04:44:04','0','','0000-00-00 00:00:00'),('2370','1','39','7','1','0','1','107.210.168.81','2021-09-30 04:44:04','0','','0000-00-00 00:00:00'),('2371','1','40','7','1','0','1','107.210.168.81','2021-09-30 04:44:04','0','','0000-00-00 00:00:00'),('2372','1','49','49','1','0','0','','0000-00-00 00:00:00','0','','0000-00-00 00:00:00');
/*!40000 ALTER TABLE `ft_user_menu_rights` ENABLE KEYS */;

DROP TABLE IF EXISTS `menu_master`;
CREATE TABLE `menu_master` (
  `link_id` int(8) NOT NULL AUTO_INCREMENT,
  `link_text` varchar(60) NOT NULL,
  `link_page` varchar(60) NOT NULL,
  `class` varchar(50) NOT NULL,
  `parent_id` int(8) NOT NULL,
  `status` int(1) NOT NULL DEFAULT '1' COMMENT '0=deactive ,1=active',
  `is_delete` tinyint(1) NOT NULL DEFAULT '0',
  `sort_order` int(8) NOT NULL,
  PRIMARY KEY (`link_id`)
) ENGINE=InnoDB AUTO_INCREMENT=52 DEFAULT CHARSET=latin1;

/*!40000 ALTER TABLE `menu_master` DISABLE KEYS */;
INSERT INTO `menu_master` VALUES ('1','Import','import.php','','0','1','0','1'),('2','Commissions','#','','0','1','0','2'),('3','Payroll','#','','0','1','0','3'),('4','Reporting','#','','0','1','0','4'),('5','Administration','#','','0','1','0','5'),('6',' Compilance','#','','0','1','0','6'),('7','Supervisor','#','','0','1','0','7'),('8','New Transactions','transaction.php?action=add','','2','1','0','2'),('9','Batches','batches.php','','2','1','0','1'),('10','Maintain Transactions','transaction.php','','2','1','0','3'),('11','Reports','report.php','','2','1','0','4'),('12','Upload','upload_payroll.php','','3','1','0','1'),('13','Calculate','calculate_payrolls.php','','3','1','0','2'),('14','Maintain Payable Transactions','review_payroll.php','','3','1','0','3'),('15','Publish/Review Reports','publish_payroll.php','','3','1','0','4'),('16','Close','upload_payroll.php?action=payroll_close','','3','1','0','5'),('17','Sales Reporting','#','','4','1','0','1'),('18','Transaction History','#','','4','1','0','2'),('19','Reporting Designer ','#','','4','0','1','3'),('20','Multi-Company Maintenance','manage_multicompany.php','','5','1','0','1'),('21','Branch Maintenance','branch_maintenance.php','','5','1','0','2'),('22','Broker Maintenance','manage_broker.php','','5','1','0','3'),('23','Client Maintenance','client_maintenance.php','','5','1','0','4'),('24','User Profile','user_profile.php','','7','1','0','1'),('25','Data Interfaces','data_interface.php','','7','1','0','2'),('26','OFAC/FinCen Scan','of_fi.php','','6','1','0','4'),('27','Client Reassignment ','client_ress.php','','7','1','0','4'),('28','Account Type Maintenance ','account_type.php','','7','1','0','5'),('29','Product Category Maintanance  ','product_category_maintenance.php','','7','1','0','6'),('30','System Configuration ','system_config.php','','7','1','0','12'),('31','Rebuild Data File','#','','7','1','1','7'),('32','Rules Engine','rules_engine.php','','6','1','0','1'),('33','Licensing ','#','','6','1','0','2'),('34','Report','#','','6','0','1','3'),('35','Sponsor Maintenance','manage_sponsor.php','','5','1','0','5'),('36','Product Maintenance','product_cate.php','','5','1','0','6'),('37','Client Suitability','client_suitability.php','','7','1','0','8'),('38','Payroll Adjustment Category Maintenance','payroll_adjustment.php','','7','1','0','9'),('39','Broker Documents','broker_documents_maintain.php','','7','1','0','10'),('40','Payout Schedule','payout_schedule_master.php','','7','1','0','11'),('41','Adjustments','#','','3','1','0','6'),('42','Prior Broker Payrolls','maintain_prior_payrolls.php','','3','1','0','7'),('43','Prior Period Balances','maintain_broker_balances.php','','3','1','0','8'),('44','Maintain Adjustments','maintain_adjustments.php','','41','1','0','1'),('45','Upload Adjustments','upload_adjustments.php','','41','1','0','2'),('49','Client Reports','client_reports.php','','4','0','0','4'),('50','WebCRD Import ','#','','6','1','0','4'),('51','Compliance Reports','client_reports.php','','4','1','0','3');
/*!40000 ALTER TABLE `menu_master` ENABLE KEYS */;

DROP TABLE IF EXISTS `product_category_1`;
CREATE TABLE `product_category_1` (
  `id` int(12) NOT NULL AUTO_INCREMENT,
  `category` int(12) DEFAULT NULL,
  `name` varchar(100) DEFAULT NULL,
  `sponsor` varchar(100) DEFAULT NULL,
  `ticker_symbol` varchar(100) DEFAULT NULL,
  `cusip` varchar(100) DEFAULT NULL,
  `security` varchar(100) DEFAULT NULL,
  `receive` tinyint(1) NOT NULL DEFAULT '0',
  `income` varchar(100) DEFAULT NULL,
  `networth` varchar(100) DEFAULT NULL,
  `networthonly` varchar(100) DEFAULT NULL,
  `minimum_investment` varchar(100) DEFAULT NULL,
  `minimum_offer` varchar(100) DEFAULT NULL,
  `maximum_offer` varchar(100) DEFAULT NULL,
  `objective` varchar(100) DEFAULT NULL,
  `non_commissionable` tinyint(1) NOT NULL DEFAULT '0',
  `class_type` varchar(100) DEFAULT NULL,
  `fund_code` varchar(100) DEFAULT NULL,
  `sweep_fee` tinyint(1) NOT NULL DEFAULT '0',
  `ria_specific` varchar(100) DEFAULT NULL,
  `ria_specific_type` varchar(100) DEFAULT NULL,
  `based` varchar(100) DEFAULT NULL,
  `fee_rate` varchar(100) DEFAULT NULL,
  `st_bo` varchar(100) DEFAULT NULL,
  `m_date` date DEFAULT NULL,
  `type` varchar(100) DEFAULT NULL,
  `var` varchar(100) DEFAULT NULL,
  `reg_type` varchar(100) DEFAULT NULL,
  `status` tinyint(1) NOT NULL DEFAULT '1',
  `is_delete` tinyint(1) NOT NULL DEFAULT '0',
  `created_by` int(12) DEFAULT NULL,
  `created_time` datetime DEFAULT NULL,
  `created_ip` varchar(100) DEFAULT NULL,
  `modified_by` int(12) DEFAULT NULL,
  `modified_time` datetime DEFAULT NULL,
  `modified_ip` varchar(100) DEFAULT NULL,
  PRIMARY KEY (`id`)
) ENGINE=MyISAM AUTO_INCREMENT=15 DEFAULT CHARSET=latin1;

/*!40000 ALTER TABLE `product_category_1` DISABLE KEYS */;
INSERT INTO `product_category_1` VALUES ('1','1','OPPENHEIMER GROWTH CLASS A','165','pro1','30293E102','987','0','123','','','','','','','0','','','0','','','','','','0000-00-00','','','','1','0','3','2018-02-21 18:52:53','103.36.122.212','1','2021-06-25 06:16:00','107.210.168.81'),('2','1','PRODUCT12222','2','pro2','p2','','1','','','','','','','','1','3','200','1','','','','','','0000-00-00','','','','1','0','3','2018-02-27 17:07:54','103.36.122.212','1','2021-08-13 02:38:39','107.210.168.81'),('3','1','                                      ',NULL,'ITHAX   ','416645406',NULL,'0',NULL,NULL,NULL,NULL,NULL,NULL,NULL,'0',NULL,'0000214','0',NULL,NULL,NULL,NULL,NULL,NULL,NULL,NULL,NULL,'1','1','3','2018-04-09 12:04:50','103.36.122.212',NULL,NULL,NULL),('4','1','                                      ',NULL,'1ITHAX','1416645406',NULL,'0',NULL,NULL,NULL,NULL,NULL,NULL,NULL,'0',NULL,'0000214','0',NULL,NULL,NULL,NULL,NULL,NULL,NULL,NULL,NULL,'1','1','3','2018-04-09 12:09:38','103.36.122.212',NULL,NULL,NULL),('5','1','                                      ',NULL,'tITHAX','t416645406',NULL,'0',NULL,NULL,NULL,NULL,NULL,NULL,NULL,'0',NULL,'0000214','0',NULL,NULL,NULL,NULL,NULL,NULL,NULL,NULL,NULL,'1','1','3','2018-04-09 12:46:24','103.36.122.212',NULL,NULL,NULL),('6','1','NEW FRONTIER RIA12','1','pro3','CUSIP231','','0','','','','','','','','0','1','213','1','','','','','','0000-00-00','','','','1','0','21','2018-09-07 12:34:22','103.36.122.212','1','2021-08-13 02:38:42','107.210.168.81'),('7','1','TEST PRODUCT X','2','','','','0','','','','','','','','0','','','0','','','','','','0000-00-00','','','','1','0','1','2021-08-19 08:48:21','107.210.168.81',NULL,NULL,NULL),('8','1','TESTING PRODUCT BY DEVELOPER','16','234243','343343','423423423','0','','','','','','','','0','1','343','0','','','','','','0000-00-00','','','','1','0','1','2021-10-06 10:16:34','49.156.120.217',NULL,NULL,NULL),('9','1','TEST 4','2','','','','0','','','','','','','','0','','','0','','','','','','0000-00-00','','','','1','0','1','2021-10-06 10:37:09','49.156.120.217',NULL,NULL,NULL),('10','1','TEST5','1','','','','0','','','','','','','','0','','','0','','','','','','0000-00-00','','','','1','0','1','2021-10-06 10:42:03','49.156.120.217',NULL,NULL,NULL),('11','1','TEST MF PRODUCT 1','1','','','','0','','','','','','','','0','','','0','','','','','','0000-00-00','','','','1','0','1','2021-10-11 23:55:07','107.210.168.81',NULL,NULL,NULL),('12','1','SPONSER ISSUE TESTING','1','423423','342423423','','0','','','','','','','','0','','','0','','','','','','0000-00-00','','','','1','0','1','2021-10-13 09:20:23','27.255.220.186',NULL,NULL,NULL),('13','1','TEST 123','10','','','','0','','','','','','','','0','','','0','','','','','','0000-00-00','','','','1','0','1','2021-10-14 11:06:07','96.55.37.191',NULL,NULL,NULL),('14','1','LIVE. TESTING','1','','','','0','','','','','','','','0','','','0','','','','','','0000-00-00','','','','1','0','1','2021-10-14 11:18:49','223.130.31.48',NULL,NULL,NULL);
/*!40000 ALTER TABLE `product_category_1` ENABLE KEYS */;

DROP TABLE IF EXISTS `product_category_10`;
CREATE TABLE `product_category_10` (
  `id` int(12) NOT NULL AUTO_INCREMENT,
  `category` int(12) DEFAULT NULL,
  `name` varchar(100) DEFAULT NULL,
  `sponsor` varchar(100) DEFAULT NULL,
  `ticker_symbol` varchar(100) DEFAULT NULL,
  `cusip` varchar(100) DEFAULT NULL,
  `security` varchar(100) DEFAULT NULL,
  `receive` tinyint(1) NOT NULL DEFAULT '0',
  `income` varchar(100) DEFAULT NULL,
  `networth` varchar(100) DEFAULT NULL,
  `networthonly` varchar(100) DEFAULT NULL,
  `minimum_investment` varchar(100) DEFAULT NULL,
  `minimum_offer` varchar(100) DEFAULT NULL,
  `maximum_offer` varchar(100) DEFAULT NULL,
  `objective` varchar(100) DEFAULT NULL,
  `non_commissionable` tinyint(1) NOT NULL DEFAULT '0',
  `class_type` varchar(100) DEFAULT NULL,
  `fund_code` varchar(100) DEFAULT NULL,
  `sweep_fee` tinyint(1) NOT NULL DEFAULT '0',
  `ria_specific` varchar(100) DEFAULT NULL,
  `ria_specific_type` varchar(100) DEFAULT NULL,
  `based` varchar(100) DEFAULT NULL,
  `fee_rate` varchar(100) DEFAULT NULL,
  `st_bo` varchar(100) DEFAULT NULL,
  `m_date` date DEFAULT NULL,
  `type` varchar(100) DEFAULT NULL,
  `var` varchar(100) DEFAULT NULL,
  `reg_type` varchar(100) DEFAULT NULL,
  `status` tinyint(1) NOT NULL DEFAULT '1',
  `is_delete` tinyint(1) NOT NULL DEFAULT '0',
  `created_by` int(12) DEFAULT NULL,
  `created_time` datetime DEFAULT NULL,
  `created_ip` varchar(100) DEFAULT NULL,
  `modified_by` int(12) DEFAULT NULL,
  `modified_time` datetime DEFAULT NULL,
  `modified_ip` varchar(100) DEFAULT NULL,
  PRIMARY KEY (`id`)
) ENGINE=MyISAM DEFAULT CHARSET=latin1;

/*!40000 ALTER TABLE `product_category_10` DISABLE KEYS */;
/*!40000 ALTER TABLE `product_category_10` ENABLE KEYS */;

DROP TABLE IF EXISTS `product_category_11`;
CREATE TABLE `product_category_11` (
  `id` int(12) NOT NULL AUTO_INCREMENT,
  `category` int(12) DEFAULT NULL,
  `name` varchar(100) DEFAULT NULL,
  `sponsor` varchar(100) DEFAULT NULL,
  `ticker_symbol` varchar(100) DEFAULT NULL,
  `cusip` varchar(100) DEFAULT NULL,
  `security` varchar(100) DEFAULT NULL,
  `receive` tinyint(1) NOT NULL DEFAULT '0',
  `income` varchar(100) DEFAULT NULL,
  `networth` varchar(100) DEFAULT NULL,
  `networthonly` varchar(100) DEFAULT NULL,
  `minimum_investment` varchar(100) DEFAULT NULL,
  `minimum_offer` varchar(100) DEFAULT NULL,
  `maximum_offer` varchar(100) DEFAULT NULL,
  `objective` varchar(100) DEFAULT NULL,
  `non_commissionable` tinyint(1) NOT NULL DEFAULT '0',
  `class_type` varchar(100) DEFAULT NULL,
  `fund_code` varchar(100) DEFAULT NULL,
  `sweep_fee` tinyint(1) NOT NULL DEFAULT '0',
  `ria_specific` varchar(100) DEFAULT NULL,
  `ria_specific_type` varchar(100) DEFAULT NULL,
  `based` varchar(100) DEFAULT NULL,
  `fee_rate` varchar(100) DEFAULT NULL,
  `st_bo` varchar(100) DEFAULT NULL,
  `m_date` date DEFAULT NULL,
  `type` varchar(100) DEFAULT NULL,
  `var` varchar(100) DEFAULT NULL,
  `reg_type` varchar(100) DEFAULT NULL,
  `status` tinyint(1) NOT NULL DEFAULT '1',
  `is_delete` tinyint(1) NOT NULL DEFAULT '0',
  `created_by` int(12) DEFAULT NULL,
  `created_time` datetime DEFAULT NULL,
  `created_ip` varchar(100) DEFAULT NULL,
  `modified_by` int(12) DEFAULT NULL,
  `modified_time` datetime DEFAULT NULL,
  `modified_ip` varchar(100) DEFAULT NULL,
  PRIMARY KEY (`id`)
) ENGINE=MyISAM DEFAULT CHARSET=latin1;

/*!40000 ALTER TABLE `product_category_11` DISABLE KEYS */;
/*!40000 ALTER TABLE `product_category_11` ENABLE KEYS */;

DROP TABLE IF EXISTS `product_category_12`;
CREATE TABLE `product_category_12` (
  `id` int(12) NOT NULL AUTO_INCREMENT,
  `category` int(12) DEFAULT NULL,
  `name` varchar(100) DEFAULT NULL,
  `sponsor` varchar(100) DEFAULT NULL,
  `ticker_symbol` varchar(100) DEFAULT NULL,
  `cusip` varchar(100) DEFAULT NULL,
  `security` varchar(100) DEFAULT NULL,
  `receive` tinyint(1) NOT NULL DEFAULT '0',
  `income` varchar(100) DEFAULT NULL,
  `networth` varchar(100) DEFAULT NULL,
  `networthonly` varchar(100) DEFAULT NULL,
  `minimum_investment` varchar(100) DEFAULT NULL,
  `minimum_offer` varchar(100) DEFAULT NULL,
  `maximum_offer` varchar(100) DEFAULT NULL,
  `objective` varchar(100) DEFAULT NULL,
  `non_commissionable` tinyint(1) NOT NULL DEFAULT '0',
  `class_type` varchar(100) DEFAULT NULL,
  `fund_code` varchar(100) DEFAULT NULL,
  `sweep_fee` tinyint(1) NOT NULL DEFAULT '0',
  `ria_specific` varchar(100) DEFAULT NULL,
  `ria_specific_type` varchar(100) DEFAULT NULL,
  `based` varchar(100) DEFAULT NULL,
  `fee_rate` varchar(100) DEFAULT NULL,
  `st_bo` varchar(100) DEFAULT NULL,
  `m_date` date DEFAULT NULL,
  `type` varchar(100) DEFAULT NULL,
  `var` varchar(100) DEFAULT NULL,
  `reg_type` varchar(100) DEFAULT NULL,
  `status` tinyint(1) NOT NULL DEFAULT '1',
  `is_delete` tinyint(1) NOT NULL DEFAULT '0',
  `created_by` int(12) DEFAULT NULL,
  `created_time` datetime DEFAULT NULL,
  `created_ip` varchar(100) DEFAULT NULL,
  `modified_by` int(12) DEFAULT NULL,
  `modified_time` datetime DEFAULT NULL,
  `modified_ip` varchar(100) DEFAULT NULL,
  PRIMARY KEY (`id`)
) ENGINE=MyISAM DEFAULT CHARSET=latin1;

/*!40000 ALTER TABLE `product_category_12` DISABLE KEYS */;
/*!40000 ALTER TABLE `product_category_12` ENABLE KEYS */;

DROP TABLE IF EXISTS `product_category_13`;
CREATE TABLE `product_category_13` (
  `id` int(12) NOT NULL AUTO_INCREMENT,
  `category` int(12) DEFAULT NULL,
  `name` varchar(100) DEFAULT NULL,
  `sponsor` varchar(100) DEFAULT NULL,
  `ticker_symbol` varchar(100) DEFAULT NULL,
  `cusip` varchar(100) DEFAULT NULL,
  `security` varchar(100) DEFAULT NULL,
  `receive` tinyint(1) NOT NULL DEFAULT '0',
  `income` varchar(100) DEFAULT NULL,
  `networth` varchar(100) DEFAULT NULL,
  `networthonly` varchar(100) DEFAULT NULL,
  `minimum_investment` varchar(100) DEFAULT NULL,
  `minimum_offer` varchar(100) DEFAULT NULL,
  `maximum_offer` varchar(100) DEFAULT NULL,
  `objective` varchar(100) DEFAULT NULL,
  `non_commissionable` tinyint(1) NOT NULL DEFAULT '0',
  `class_type` varchar(100) DEFAULT NULL,
  `fund_code` varchar(100) DEFAULT NULL,
  `sweep_fee` tinyint(1) NOT NULL DEFAULT '0',
  `ria_specific` varchar(100) DEFAULT NULL,
  `ria_specific_type` varchar(100) DEFAULT NULL,
  `based` varchar(100) DEFAULT NULL,
  `fee_rate` varchar(100) DEFAULT NULL,
  `st_bo` varchar(100) DEFAULT NULL,
  `m_date` date DEFAULT NULL,
  `type` varchar(100) DEFAULT NULL,
  `var` varchar(100) DEFAULT NULL,
  `reg_type` varchar(100) DEFAULT NULL,
  `status` tinyint(1) NOT NULL DEFAULT '1',
  `is_delete` tinyint(1) NOT NULL DEFAULT '0',
  `created_by` int(12) DEFAULT NULL,
  `created_time` datetime DEFAULT NULL,
  `created_ip` varchar(100) DEFAULT NULL,
  `modified_by` int(12) DEFAULT NULL,
  `modified_time` datetime DEFAULT NULL,
  `modified_ip` varchar(100) DEFAULT NULL,
  PRIMARY KEY (`id`)
) ENGINE=MyISAM DEFAULT CHARSET=latin1;

/*!40000 ALTER TABLE `product_category_13` DISABLE KEYS */;
/*!40000 ALTER TABLE `product_category_13` ENABLE KEYS */;

DROP TABLE IF EXISTS `product_category_14`;
CREATE TABLE `product_category_14` (
  `id` int(12) NOT NULL AUTO_INCREMENT,
  `category` int(12) DEFAULT NULL,
  `name` varchar(100) DEFAULT NULL,
  `sponsor` varchar(100) DEFAULT NULL,
  `ticker_symbol` varchar(100) DEFAULT NULL,
  `cusip` varchar(100) DEFAULT NULL,
  `security` varchar(100) DEFAULT NULL,
  `receive` tinyint(1) NOT NULL DEFAULT '0',
  `income` varchar(100) DEFAULT NULL,
  `networth` varchar(100) DEFAULT NULL,
  `networthonly` varchar(100) DEFAULT NULL,
  `minimum_investment` varchar(100) DEFAULT NULL,
  `minimum_offer` varchar(100) DEFAULT NULL,
  `maximum_offer` varchar(100) DEFAULT NULL,
  `objective` varchar(100) DEFAULT NULL,
  `non_commissionable` tinyint(1) NOT NULL DEFAULT '0',
  `class_type` varchar(100) DEFAULT NULL,
  `fund_code` varchar(100) DEFAULT NULL,
  `sweep_fee` tinyint(1) NOT NULL DEFAULT '0',
  `ria_specific` varchar(100) DEFAULT NULL,
  `ria_specific_type` varchar(100) DEFAULT NULL,
  `based` varchar(100) DEFAULT NULL,
  `fee_rate` varchar(100) DEFAULT NULL,
  `st_bo` varchar(100) DEFAULT NULL,
  `m_date` date DEFAULT NULL,
  `type` varchar(100) DEFAULT NULL,
  `var` varchar(100) DEFAULT NULL,
  `reg_type` varchar(100) DEFAULT NULL,
  `status` tinyint(1) NOT NULL DEFAULT '1',
  `is_delete` tinyint(1) NOT NULL DEFAULT '0',
  `created_by` int(12) DEFAULT NULL,
  `created_time` datetime DEFAULT NULL,
  `created_ip` varchar(100) DEFAULT NULL,
  `modified_by` int(12) DEFAULT NULL,
  `modified_time` datetime DEFAULT NULL,
  `modified_ip` varchar(100) DEFAULT NULL,
  PRIMARY KEY (`id`)
) ENGINE=MyISAM DEFAULT CHARSET=latin1;

/*!40000 ALTER TABLE `product_category_14` DISABLE KEYS */;
/*!40000 ALTER TABLE `product_category_14` ENABLE KEYS */;

DROP TABLE IF EXISTS `product_category_15`;
CREATE TABLE `product_category_15` (
  `id` int(12) NOT NULL AUTO_INCREMENT,
  `category` int(12) DEFAULT NULL,
  `name` varchar(100) DEFAULT NULL,
  `sponsor` varchar(100) DEFAULT NULL,
  `ticker_symbol` varchar(100) DEFAULT NULL,
  `cusip` varchar(100) DEFAULT NULL,
  `security` varchar(100) DEFAULT NULL,
  `receive` tinyint(1) NOT NULL DEFAULT '0',
  `income` varchar(100) DEFAULT NULL,
  `networth` varchar(100) DEFAULT NULL,
  `networthonly` varchar(100) DEFAULT NULL,
  `minimum_investment` varchar(100) DEFAULT NULL,
  `minimum_offer` varchar(100) DEFAULT NULL,
  `maximum_offer` varchar(100) DEFAULT NULL,
  `objective` varchar(100) DEFAULT NULL,
  `non_commissionable` tinyint(1) NOT NULL DEFAULT '0',
  `class_type` varchar(100) DEFAULT NULL,
  `fund_code` varchar(100) DEFAULT NULL,
  `sweep_fee` tinyint(1) NOT NULL DEFAULT '0',
  `ria_specific` varchar(100) DEFAULT NULL,
  `ria_specific_type` varchar(100) DEFAULT NULL,
  `based` varchar(100) DEFAULT NULL,
  `fee_rate` varchar(100) DEFAULT NULL,
  `st_bo` varchar(100) DEFAULT NULL,
  `m_date` date DEFAULT NULL,
  `type` varchar(100) DEFAULT NULL,
  `var` varchar(100) DEFAULT NULL,
  `reg_type` varchar(100) DEFAULT NULL,
  `status` tinyint(1) NOT NULL DEFAULT '1',
  `is_delete` tinyint(1) NOT NULL DEFAULT '0',
  `created_by` int(12) DEFAULT NULL,
  `created_time` datetime DEFAULT NULL,
  `created_ip` varchar(100) DEFAULT NULL,
  `modified_by` int(12) DEFAULT NULL,
  `modified_time` datetime DEFAULT NULL,
  `modified_ip` varchar(100) DEFAULT NULL,
  PRIMARY KEY (`id`)
) ENGINE=MyISAM DEFAULT CHARSET=latin1;

/*!40000 ALTER TABLE `product_category_15` DISABLE KEYS */;
/*!40000 ALTER TABLE `product_category_15` ENABLE KEYS */;

DROP TABLE IF EXISTS `product_category_16`;
CREATE TABLE `product_category_16` (
  `id` int(12) NOT NULL AUTO_INCREMENT,
  `category` int(12) DEFAULT NULL,
  `name` varchar(100) DEFAULT NULL,
  `sponsor` varchar(100) DEFAULT NULL,
  `ticker_symbol` varchar(100) DEFAULT NULL,
  `cusip` varchar(100) DEFAULT NULL,
  `security` varchar(100) DEFAULT NULL,
  `receive` tinyint(1) NOT NULL DEFAULT '0',
  `income` varchar(100) DEFAULT NULL,
  `networth` varchar(100) DEFAULT NULL,
  `networthonly` varchar(100) DEFAULT NULL,
  `minimum_investment` varchar(100) DEFAULT NULL,
  `minimum_offer` varchar(100) DEFAULT NULL,
  `maximum_offer` varchar(100) DEFAULT NULL,
  `objective` varchar(100) DEFAULT NULL,
  `non_commissionable` tinyint(1) NOT NULL DEFAULT '0',
  `class_type` varchar(100) DEFAULT NULL,
  `fund_code` varchar(100) DEFAULT NULL,
  `sweep_fee` tinyint(1) NOT NULL DEFAULT '0',
  `ria_specific` varchar(100) DEFAULT NULL,
  `ria_specific_type` varchar(100) DEFAULT NULL,
  `based` varchar(100) DEFAULT NULL,
  `fee_rate` varchar(100) DEFAULT NULL,
  `st_bo` varchar(100) DEFAULT NULL,
  `m_date` date DEFAULT NULL,
  `type` varchar(100) DEFAULT NULL,
  `var` varchar(100) DEFAULT NULL,
  `reg_type` varchar(100) DEFAULT NULL,
  `status` tinyint(1) NOT NULL DEFAULT '1',
  `is_delete` tinyint(1) NOT NULL DEFAULT '0',
  `created_by` int(12) DEFAULT NULL,
  `created_time` datetime DEFAULT NULL,
  `created_ip` varchar(100) DEFAULT NULL,
  `modified_by` int(12) DEFAULT NULL,
  `modified_time` datetime DEFAULT NULL,
  `modified_ip` varchar(100) DEFAULT NULL,
  PRIMARY KEY (`id`)
) ENGINE=MyISAM DEFAULT CHARSET=latin1;

/*!40000 ALTER TABLE `product_category_16` DISABLE KEYS */;
/*!40000 ALTER TABLE `product_category_16` ENABLE KEYS */;

DROP TABLE IF EXISTS `product_category_17`;
CREATE TABLE `product_category_17` (
  `id` int(12) NOT NULL AUTO_INCREMENT,
  `category` int(12) DEFAULT NULL,
  `name` varchar(100) DEFAULT NULL,
  `sponsor` varchar(100) DEFAULT NULL,
  `ticker_symbol` varchar(100) DEFAULT NULL,
  `cusip` varchar(100) DEFAULT NULL,
  `security` varchar(100) DEFAULT NULL,
  `receive` tinyint(1) NOT NULL DEFAULT '0',
  `income` varchar(100) DEFAULT NULL,
  `networth` varchar(100) DEFAULT NULL,
  `networthonly` varchar(100) DEFAULT NULL,
  `minimum_investment` varchar(100) DEFAULT NULL,
  `minimum_offer` varchar(100) DEFAULT NULL,
  `maximum_offer` varchar(100) DEFAULT NULL,
  `objective` varchar(100) DEFAULT NULL,
  `non_commissionable` tinyint(1) NOT NULL DEFAULT '0',
  `class_type` varchar(100) DEFAULT NULL,
  `fund_code` varchar(100) DEFAULT NULL,
  `sweep_fee` tinyint(1) NOT NULL DEFAULT '0',
  `ria_specific` varchar(100) DEFAULT NULL,
  `ria_specific_type` varchar(100) DEFAULT NULL,
  `based` varchar(100) DEFAULT NULL,
  `fee_rate` varchar(100) DEFAULT NULL,
  `st_bo` varchar(100) DEFAULT NULL,
  `m_date` date DEFAULT NULL,
  `type` varchar(100) DEFAULT NULL,
  `var` varchar(100) DEFAULT NULL,
  `reg_type` varchar(100) DEFAULT NULL,
  `status` tinyint(1) NOT NULL DEFAULT '1',
  `is_delete` tinyint(1) NOT NULL DEFAULT '0',
  `created_by` int(12) DEFAULT NULL,
  `created_time` datetime DEFAULT NULL,
  `created_ip` varchar(100) DEFAULT NULL,
  `modified_by` int(12) DEFAULT NULL,
  `modified_time` datetime DEFAULT NULL,
  `modified_ip` varchar(100) DEFAULT NULL,
  PRIMARY KEY (`id`)
) ENGINE=MyISAM DEFAULT CHARSET=latin1;

/*!40000 ALTER TABLE `product_category_17` DISABLE KEYS */;
/*!40000 ALTER TABLE `product_category_17` ENABLE KEYS */;

DROP TABLE IF EXISTS `product_category_18`;
CREATE TABLE `product_category_18` (
  `id` int(12) NOT NULL AUTO_INCREMENT,
  `category` int(12) DEFAULT NULL,
  `name` varchar(100) DEFAULT NULL,
  `sponsor` varchar(100) DEFAULT NULL,
  `ticker_symbol` varchar(100) DEFAULT NULL,
  `cusip` varchar(100) DEFAULT NULL,
  `security` varchar(100) DEFAULT NULL,
  `receive` tinyint(1) NOT NULL DEFAULT '0',
  `income` varchar(100) DEFAULT NULL,
  `networth` varchar(100) DEFAULT NULL,
  `networthonly` varchar(100) DEFAULT NULL,
  `minimum_investment` varchar(100) DEFAULT NULL,
  `minimum_offer` varchar(100) DEFAULT NULL,
  `maximum_offer` varchar(100) DEFAULT NULL,
  `objective` varchar(100) DEFAULT NULL,
  `non_commissionable` tinyint(1) NOT NULL DEFAULT '0',
  `class_type` varchar(100) DEFAULT NULL,
  `fund_code` varchar(100) DEFAULT NULL,
  `sweep_fee` tinyint(1) NOT NULL DEFAULT '0',
  `ria_specific` varchar(100) DEFAULT NULL,
  `ria_specific_type` varchar(100) DEFAULT NULL,
  `based` varchar(100) DEFAULT NULL,
  `fee_rate` varchar(100) DEFAULT NULL,
  `st_bo` varchar(100) DEFAULT NULL,
  `m_date` date DEFAULT NULL,
  `type` varchar(100) DEFAULT NULL,
  `var` varchar(100) DEFAULT NULL,
  `reg_type` varchar(100) DEFAULT NULL,
  `status` tinyint(1) NOT NULL DEFAULT '1',
  `is_delete` tinyint(1) NOT NULL DEFAULT '0',
  `created_by` int(12) DEFAULT NULL,
  `created_time` datetime DEFAULT NULL,
  `created_ip` varchar(100) DEFAULT NULL,
  `modified_by` int(12) DEFAULT NULL,
  `modified_time` datetime DEFAULT NULL,
  `modified_ip` varchar(100) DEFAULT NULL,
  PRIMARY KEY (`id`)
) ENGINE=MyISAM DEFAULT CHARSET=latin1;

/*!40000 ALTER TABLE `product_category_18` DISABLE KEYS */;
/*!40000 ALTER TABLE `product_category_18` ENABLE KEYS */;

DROP TABLE IF EXISTS `product_category_19`;
CREATE TABLE `product_category_19` (
  `id` int(12) NOT NULL AUTO_INCREMENT,
  `category` int(12) DEFAULT NULL,
  `name` varchar(100) DEFAULT NULL,
  `sponsor` varchar(100) DEFAULT NULL,
  `ticker_symbol` varchar(100) DEFAULT NULL,
  `cusip` varchar(100) DEFAULT NULL,
  `security` varchar(100) DEFAULT NULL,
  `receive` tinyint(1) NOT NULL DEFAULT '0',
  `income` varchar(100) DEFAULT NULL,
  `networth` varchar(100) DEFAULT NULL,
  `networthonly` varchar(100) DEFAULT NULL,
  `minimum_investment` varchar(100) DEFAULT NULL,
  `minimum_offer` varchar(100) DEFAULT NULL,
  `maximum_offer` varchar(100) DEFAULT NULL,
  `objective` varchar(100) DEFAULT NULL,
  `non_commissionable` tinyint(1) NOT NULL DEFAULT '0',
  `class_type` varchar(100) DEFAULT NULL,
  `fund_code` varchar(100) DEFAULT NULL,
  `sweep_fee` tinyint(1) NOT NULL DEFAULT '0',
  `ria_specific` varchar(100) DEFAULT NULL,
  `ria_specific_type` varchar(100) DEFAULT NULL,
  `based` varchar(100) DEFAULT NULL,
  `fee_rate` varchar(100) DEFAULT NULL,
  `st_bo` varchar(100) DEFAULT NULL,
  `m_date` date DEFAULT NULL,
  `type` varchar(100) DEFAULT NULL,
  `var` varchar(100) DEFAULT NULL,
  `reg_type` varchar(100) DEFAULT NULL,
  `status` tinyint(1) NOT NULL DEFAULT '1',
  `is_delete` tinyint(1) NOT NULL DEFAULT '0',
  `created_by` int(12) DEFAULT NULL,
  `created_time` datetime DEFAULT NULL,
  `created_ip` varchar(100) DEFAULT NULL,
  `modified_by` int(12) DEFAULT NULL,
  `modified_time` datetime DEFAULT NULL,
  `modified_ip` varchar(100) DEFAULT NULL,
  PRIMARY KEY (`id`)
) ENGINE=MyISAM DEFAULT CHARSET=latin1;

/*!40000 ALTER TABLE `product_category_19` DISABLE KEYS */;
/*!40000 ALTER TABLE `product_category_19` ENABLE KEYS */;

DROP TABLE IF EXISTS `product_category_2`;
CREATE TABLE `product_category_2` (
  `id` int(12) NOT NULL AUTO_INCREMENT,
  `category` int(12) DEFAULT NULL,
  `name` varchar(100) DEFAULT NULL,
  `sponsor` varchar(100) DEFAULT NULL,
  `ticker_symbol` varchar(100) DEFAULT NULL,
  `cusip` varchar(100) DEFAULT NULL,
  `security` varchar(100) DEFAULT NULL,
  `receive` tinyint(1) NOT NULL DEFAULT '0',
  `income` varchar(100) DEFAULT NULL,
  `networth` varchar(100) DEFAULT NULL,
  `networthonly` varchar(100) DEFAULT NULL,
  `minimum_investment` varchar(100) DEFAULT NULL,
  `minimum_offer` varchar(100) DEFAULT NULL,
  `maximum_offer` varchar(100) DEFAULT NULL,
  `objective` varchar(100) DEFAULT NULL,
  `non_commissionable` tinyint(1) NOT NULL DEFAULT '0',
  `class_type` varchar(100) DEFAULT NULL,
  `fund_code` varchar(100) DEFAULT NULL,
  `sweep_fee` tinyint(1) NOT NULL DEFAULT '0',
  `ria_specific` varchar(100) DEFAULT NULL,
  `ria_specific_type` varchar(100) DEFAULT NULL,
  `based` varchar(100) DEFAULT NULL,
  `fee_rate` varchar(100) DEFAULT NULL,
  `st_bo` varchar(100) DEFAULT NULL,
  `m_date` date DEFAULT NULL,
  `type` varchar(100) DEFAULT NULL,
  `var` varchar(100) DEFAULT NULL,
  `reg_type` varchar(100) DEFAULT NULL,
  `status` tinyint(1) NOT NULL DEFAULT '1',
  `is_delete` tinyint(1) NOT NULL DEFAULT '0',
  `created_by` int(12) DEFAULT NULL,
  `created_time` datetime DEFAULT NULL,
  `created_ip` varchar(100) DEFAULT NULL,
  `modified_by` int(12) DEFAULT NULL,
  `modified_time` datetime DEFAULT NULL,
  `modified_ip` varchar(100) DEFAULT NULL,
  PRIMARY KEY (`id`)
) ENGINE=MyISAM AUTO_INCREMENT=2 DEFAULT CHARSET=latin1;

/*!40000 ALTER TABLE `product_category_2` DISABLE KEYS */;
INSERT INTO `product_category_2` VALUES ('1','2','PRODUCT1','1','pro1','p123','321654','0','','','','','','','','0','','','0','','','','','1','0000-00-00','','','','1','0','21','2018-05-08 10:14:49','103.36.122.212','21','2018-05-17 18:11:53','103.36.122.212');
/*!40000 ALTER TABLE `product_category_2` ENABLE KEYS */;

DROP TABLE IF EXISTS `product_category_20`;
CREATE TABLE `product_category_20` (
  `id` int(12) NOT NULL AUTO_INCREMENT,
  `category` int(12) DEFAULT NULL,
  `name` varchar(100) DEFAULT NULL,
  `sponsor` varchar(100) DEFAULT NULL,
  `ticker_symbol` varchar(100) DEFAULT NULL,
  `cusip` varchar(100) DEFAULT NULL,
  `security` varchar(100) DEFAULT NULL,
  `receive` tinyint(1) NOT NULL DEFAULT '0',
  `income` varchar(100) DEFAULT NULL,
  `networth` varchar(100) DEFAULT NULL,
  `networthonly` varchar(100) DEFAULT NULL,
  `minimum_investment` varchar(100) DEFAULT NULL,
  `minimum_offer` varchar(100) DEFAULT NULL,
  `maximum_offer` varchar(100) DEFAULT NULL,
  `objective` varchar(100) DEFAULT NULL,
  `non_commissionable` tinyint(1) NOT NULL DEFAULT '0',
  `class_type` varchar(100) DEFAULT NULL,
  `fund_code` varchar(100) DEFAULT NULL,
  `sweep_fee` tinyint(1) NOT NULL DEFAULT '0',
  `ria_specific` varchar(100) DEFAULT NULL,
  `ria_specific_type` varchar(100) DEFAULT NULL,
  `based` varchar(100) DEFAULT NULL,
  `fee_rate` varchar(100) DEFAULT NULL,
  `st_bo` varchar(100) DEFAULT NULL,
  `m_date` date DEFAULT NULL,
  `type` varchar(100) DEFAULT NULL,
  `var` varchar(100) DEFAULT NULL,
  `reg_type` varchar(100) DEFAULT NULL,
  `status` tinyint(1) NOT NULL DEFAULT '1',
  `is_delete` tinyint(1) NOT NULL DEFAULT '0',
  `created_by` int(12) DEFAULT NULL,
  `created_time` datetime DEFAULT NULL,
  `created_ip` varchar(100) DEFAULT NULL,
  `modified_by` int(12) DEFAULT NULL,
  `modified_time` datetime DEFAULT NULL,
  `modified_ip` varchar(100) DEFAULT NULL,
  PRIMARY KEY (`id`)
) ENGINE=MyISAM DEFAULT CHARSET=latin1;

/*!40000 ALTER TABLE `product_category_20` DISABLE KEYS */;
/*!40000 ALTER TABLE `product_category_20` ENABLE KEYS */;

DROP TABLE IF EXISTS `product_category_3`;
CREATE TABLE `product_category_3` (
  `id` int(12) NOT NULL AUTO_INCREMENT,
  `category` int(12) DEFAULT NULL,
  `name` varchar(100) DEFAULT NULL,
  `sponsor` varchar(100) DEFAULT NULL,
  `ticker_symbol` varchar(100) DEFAULT NULL,
  `cusip` varchar(100) DEFAULT NULL,
  `security` varchar(100) DEFAULT NULL,
  `receive` tinyint(1) NOT NULL DEFAULT '0',
  `income` varchar(100) DEFAULT NULL,
  `networth` varchar(100) DEFAULT NULL,
  `networthonly` varchar(100) DEFAULT NULL,
  `minimum_investment` varchar(100) DEFAULT NULL,
  `minimum_offer` varchar(100) DEFAULT NULL,
  `maximum_offer` varchar(100) DEFAULT NULL,
  `objective` varchar(100) DEFAULT NULL,
  `non_commissionable` tinyint(1) NOT NULL DEFAULT '0',
  `class_type` varchar(100) DEFAULT NULL,
  `fund_code` varchar(100) DEFAULT NULL,
  `sweep_fee` tinyint(1) NOT NULL DEFAULT '0',
  `ria_specific` varchar(100) DEFAULT NULL,
  `ria_specific_type` varchar(100) DEFAULT NULL,
  `based` varchar(100) DEFAULT NULL,
  `fee_rate` varchar(100) DEFAULT NULL,
  `st_bo` varchar(100) DEFAULT NULL,
  `m_date` date DEFAULT NULL,
  `type` varchar(100) DEFAULT NULL,
  `var` varchar(100) DEFAULT NULL,
  `reg_type` varchar(100) DEFAULT NULL,
  `status` tinyint(1) NOT NULL DEFAULT '1',
  `is_delete` tinyint(1) NOT NULL DEFAULT '0',
  `created_by` int(12) DEFAULT NULL,
  `created_time` datetime DEFAULT NULL,
  `created_ip` varchar(100) DEFAULT NULL,
  `modified_by` int(12) DEFAULT NULL,
  `modified_time` datetime DEFAULT NULL,
  `modified_ip` varchar(100) DEFAULT NULL,
  PRIMARY KEY (`id`)
) ENGINE=MyISAM DEFAULT CHARSET=latin1;

/*!40000 ALTER TABLE `product_category_3` DISABLE KEYS */;
/*!40000 ALTER TABLE `product_category_3` ENABLE KEYS */;

DROP TABLE IF EXISTS `product_category_4`;
CREATE TABLE `product_category_4` (
  `id` int(12) NOT NULL AUTO_INCREMENT,
  `category` int(12) DEFAULT NULL,
  `name` varchar(100) DEFAULT NULL,
  `sponsor` varchar(100) DEFAULT NULL,
  `ticker_symbol` varchar(100) DEFAULT NULL,
  `cusip` varchar(100) DEFAULT NULL,
  `security` varchar(100) DEFAULT NULL,
  `receive` tinyint(1) NOT NULL DEFAULT '0',
  `income` varchar(100) DEFAULT NULL,
  `networth` varchar(100) DEFAULT NULL,
  `networthonly` varchar(100) DEFAULT NULL,
  `minimum_investment` varchar(100) DEFAULT NULL,
  `minimum_offer` varchar(100) DEFAULT NULL,
  `maximum_offer` varchar(100) DEFAULT NULL,
  `objective` varchar(100) DEFAULT NULL,
  `non_commissionable` tinyint(1) NOT NULL DEFAULT '0',
  `class_type` varchar(100) DEFAULT NULL,
  `fund_code` varchar(100) DEFAULT NULL,
  `sweep_fee` tinyint(1) NOT NULL DEFAULT '0',
  `ria_specific` varchar(100) DEFAULT NULL,
  `ria_specific_type` varchar(100) DEFAULT NULL,
  `based` varchar(100) DEFAULT NULL,
  `fee_rate` varchar(100) DEFAULT NULL,
  `st_bo` varchar(100) DEFAULT NULL,
  `m_date` date DEFAULT NULL,
  `type` varchar(100) DEFAULT NULL,
  `var` varchar(100) DEFAULT NULL,
  `reg_type` varchar(100) DEFAULT NULL,
  `status` tinyint(1) NOT NULL DEFAULT '1',
  `is_delete` tinyint(1) NOT NULL DEFAULT '0',
  `created_by` int(12) DEFAULT NULL,
  `created_time` datetime DEFAULT NULL,
  `created_ip` varchar(100) DEFAULT NULL,
  `modified_by` int(12) DEFAULT NULL,
  `modified_time` datetime DEFAULT NULL,
  `modified_ip` varchar(100) DEFAULT NULL,
  PRIMARY KEY (`id`)
) ENGINE=MyISAM AUTO_INCREMENT=2 DEFAULT CHARSET=latin1;

/*!40000 ALTER TABLE `product_category_4` DISABLE KEYS */;
INSERT INTO `product_category_4` VALUES ('1','4','TESTING SPONSER ISSUE','1','','','','0','','','','','','','','0','','','0','','','','','','0000-00-00','','','','1','0','1','2021-10-14 11:22:13','223.130.31.48',NULL,NULL,NULL);
/*!40000 ALTER TABLE `product_category_4` ENABLE KEYS */;

DROP TABLE IF EXISTS `product_category_5`;
CREATE TABLE `product_category_5` (
  `id` int(12) NOT NULL AUTO_INCREMENT,
  `category` int(12) DEFAULT NULL,
  `name` varchar(100) DEFAULT NULL,
  `sponsor` varchar(100) DEFAULT NULL,
  `ticker_symbol` varchar(100) DEFAULT NULL,
  `cusip` varchar(100) DEFAULT NULL,
  `security` varchar(100) DEFAULT NULL,
  `receive` tinyint(1) NOT NULL DEFAULT '0',
  `income` varchar(100) DEFAULT NULL,
  `networth` varchar(100) DEFAULT NULL,
  `networthonly` varchar(100) DEFAULT NULL,
  `minimum_investment` varchar(100) DEFAULT NULL,
  `minimum_offer` varchar(100) DEFAULT NULL,
  `maximum_offer` varchar(100) DEFAULT NULL,
  `objective` varchar(100) DEFAULT NULL,
  `non_commissionable` tinyint(1) NOT NULL DEFAULT '0',
  `class_type` varchar(100) DEFAULT NULL,
  `fund_code` varchar(100) DEFAULT NULL,
  `sweep_fee` tinyint(1) NOT NULL DEFAULT '0',
  `ria_specific` varchar(100) DEFAULT NULL,
  `ria_specific_type` varchar(100) DEFAULT NULL,
  `based` varchar(100) DEFAULT NULL,
  `fee_rate` varchar(100) DEFAULT NULL,
  `st_bo` varchar(100) DEFAULT NULL,
  `m_date` date DEFAULT NULL,
  `type` varchar(100) DEFAULT NULL,
  `var` varchar(100) DEFAULT NULL,
  `reg_type` varchar(100) DEFAULT NULL,
  `status` tinyint(1) NOT NULL DEFAULT '1',
  `is_delete` tinyint(1) NOT NULL DEFAULT '0',
  `created_by` int(12) DEFAULT NULL,
  `created_time` datetime DEFAULT NULL,
  `created_ip` varchar(100) DEFAULT NULL,
  `modified_by` int(12) DEFAULT NULL,
  `modified_time` datetime DEFAULT NULL,
  `modified_ip` varchar(100) DEFAULT NULL,
  PRIMARY KEY (`id`)
) ENGINE=MyISAM AUTO_INCREMENT=2 DEFAULT CHARSET=latin1;

/*!40000 ALTER TABLE `product_category_5` DISABLE KEYS */;
INSERT INTO `product_category_5` VALUES ('1','5','TEST PRODUCT1','1','','','','0','','','','','','','','0','','','0','','','','','','0000-00-00','','','','1','0','1','2021-08-04 22:56:45','107.210.168.81',NULL,NULL,NULL);
/*!40000 ALTER TABLE `product_category_5` ENABLE KEYS */;

DROP TABLE IF EXISTS `product_category_6`;
CREATE TABLE `product_category_6` (
  `id` int(12) NOT NULL AUTO_INCREMENT,
  `category` int(12) DEFAULT NULL,
  `name` varchar(100) DEFAULT NULL,
  `sponsor` varchar(100) DEFAULT NULL,
  `ticker_symbol` varchar(100) DEFAULT NULL,
  `cusip` varchar(100) DEFAULT NULL,
  `security` varchar(100) DEFAULT NULL,
  `receive` tinyint(1) NOT NULL DEFAULT '0',
  `income` varchar(100) DEFAULT NULL,
  `networth` varchar(100) DEFAULT NULL,
  `networthonly` varchar(100) DEFAULT NULL,
  `minimum_investment` varchar(100) DEFAULT NULL,
  `minimum_offer` varchar(100) DEFAULT NULL,
  `maximum_offer` varchar(100) DEFAULT NULL,
  `objective` varchar(100) DEFAULT NULL,
  `non_commissionable` tinyint(1) NOT NULL DEFAULT '0',
  `class_type` varchar(100) DEFAULT NULL,
  `fund_code` varchar(100) DEFAULT NULL,
  `sweep_fee` tinyint(1) NOT NULL DEFAULT '0',
  `ria_specific` varchar(100) DEFAULT NULL,
  `ria_specific_type` varchar(100) DEFAULT NULL,
  `based` varchar(100) DEFAULT NULL,
  `fee_rate` varchar(100) DEFAULT NULL,
  `st_bo` varchar(100) DEFAULT NULL,
  `m_date` date DEFAULT NULL,
  `type` varchar(100) DEFAULT NULL,
  `var` varchar(100) DEFAULT NULL,
  `reg_type` varchar(100) DEFAULT NULL,
  `status` tinyint(1) NOT NULL DEFAULT '1',
  `is_delete` tinyint(1) NOT NULL DEFAULT '0',
  `created_by` int(12) DEFAULT NULL,
  `created_time` datetime DEFAULT NULL,
  `created_ip` varchar(100) DEFAULT NULL,
  `modified_by` int(12) DEFAULT NULL,
  `modified_time` datetime DEFAULT NULL,
  `modified_ip` varchar(100) DEFAULT NULL,
  PRIMARY KEY (`id`)
) ENGINE=MyISAM AUTO_INCREMENT=2 DEFAULT CHARSET=latin1;

/*!40000 ALTER TABLE `product_category_6` DISABLE KEYS */;
INSERT INTO `product_category_6` VALUES ('1','6','TEST OPTION','','','','','0','','','','','','','','0','','','0','','','','','','0000-00-00','','','','1','0','1','2021-08-04 00:32:27','107.210.168.81','1','2021-08-04 00:33:12','107.210.168.81');
/*!40000 ALTER TABLE `product_category_6` ENABLE KEYS */;

DROP TABLE IF EXISTS `product_category_7`;
CREATE TABLE `product_category_7` (
  `id` int(12) NOT NULL AUTO_INCREMENT,
  `category` int(12) DEFAULT NULL,
  `name` varchar(100) DEFAULT NULL,
  `sponsor` varchar(100) DEFAULT NULL,
  `ticker_symbol` varchar(100) DEFAULT NULL,
  `cusip` varchar(100) DEFAULT NULL,
  `security` varchar(100) DEFAULT NULL,
  `receive` tinyint(1) NOT NULL DEFAULT '0',
  `income` varchar(100) DEFAULT NULL,
  `networth` varchar(100) DEFAULT NULL,
  `networthonly` varchar(100) DEFAULT NULL,
  `minimum_investment` varchar(100) DEFAULT NULL,
  `minimum_offer` varchar(100) DEFAULT NULL,
  `maximum_offer` varchar(100) DEFAULT NULL,
  `objective` varchar(100) DEFAULT NULL,
  `non_commissionable` tinyint(1) NOT NULL DEFAULT '0',
  `class_type` varchar(100) DEFAULT NULL,
  `fund_code` varchar(100) DEFAULT NULL,
  `sweep_fee` tinyint(1) NOT NULL DEFAULT '0',
  `ria_specific` varchar(100) DEFAULT NULL,
  `ria_specific_type` varchar(100) DEFAULT NULL,
  `based` varchar(100) DEFAULT NULL,
  `fee_rate` varchar(100) DEFAULT NULL,
  `st_bo` varchar(100) DEFAULT NULL,
  `m_date` date DEFAULT NULL,
  `type` varchar(100) DEFAULT NULL,
  `var` varchar(100) DEFAULT NULL,
  `reg_type` varchar(100) DEFAULT NULL,
  `status` tinyint(1) NOT NULL DEFAULT '1',
  `is_delete` tinyint(1) NOT NULL DEFAULT '0',
  `created_by` int(12) DEFAULT NULL,
  `created_time` datetime DEFAULT NULL,
  `created_ip` varchar(100) DEFAULT NULL,
  `modified_by` int(12) DEFAULT NULL,
  `modified_time` datetime DEFAULT NULL,
  `modified_ip` varchar(100) DEFAULT NULL,
  PRIMARY KEY (`id`)
) ENGINE=MyISAM DEFAULT CHARSET=latin1;

/*!40000 ALTER TABLE `product_category_7` DISABLE KEYS */;
/*!40000 ALTER TABLE `product_category_7` ENABLE KEYS */;

DROP TABLE IF EXISTS `product_category_8`;
CREATE TABLE `product_category_8` (
  `id` int(12) NOT NULL AUTO_INCREMENT,
  `category` int(12) DEFAULT NULL,
  `name` varchar(100) DEFAULT NULL,
  `sponsor` varchar(100) DEFAULT NULL,
  `ticker_symbol` varchar(100) DEFAULT NULL,
  `cusip` varchar(100) DEFAULT NULL,
  `security` varchar(100) DEFAULT NULL,
  `receive` tinyint(1) NOT NULL DEFAULT '0',
  `income` varchar(100) DEFAULT NULL,
  `networth` varchar(100) DEFAULT NULL,
  `networthonly` varchar(100) DEFAULT NULL,
  `minimum_investment` varchar(100) DEFAULT NULL,
  `minimum_offer` varchar(100) DEFAULT NULL,
  `maximum_offer` varchar(100) DEFAULT NULL,
  `objective` varchar(100) DEFAULT NULL,
  `non_commissionable` tinyint(1) NOT NULL DEFAULT '0',
  `class_type` varchar(100) DEFAULT NULL,
  `fund_code` varchar(100) DEFAULT NULL,
  `sweep_fee` tinyint(1) NOT NULL DEFAULT '0',
  `ria_specific` varchar(100) DEFAULT NULL,
  `ria_specific_type` varchar(100) DEFAULT NULL,
  `based` varchar(100) DEFAULT NULL,
  `fee_rate` varchar(100) DEFAULT NULL,
  `st_bo` varchar(100) DEFAULT NULL,
  `m_date` date DEFAULT NULL,
  `type` varchar(100) DEFAULT NULL,
  `var` varchar(100) DEFAULT NULL,
  `reg_type` varchar(100) DEFAULT NULL,
  `status` tinyint(1) NOT NULL DEFAULT '1',
  `is_delete` tinyint(1) NOT NULL DEFAULT '0',
  `created_by` int(12) DEFAULT NULL,
  `created_time` datetime DEFAULT NULL,
  `created_ip` varchar(100) DEFAULT NULL,
  `modified_by` int(12) DEFAULT NULL,
  `modified_time` datetime DEFAULT NULL,
  `modified_ip` varchar(100) DEFAULT NULL,
  PRIMARY KEY (`id`)
) ENGINE=MyISAM DEFAULT CHARSET=latin1;

/*!40000 ALTER TABLE `product_category_8` DISABLE KEYS */;
/*!40000 ALTER TABLE `product_category_8` ENABLE KEYS */;

DROP TABLE IF EXISTS `product_category_9`;
CREATE TABLE `product_category_9` (
  `id` int(12) NOT NULL AUTO_INCREMENT,
  `category` int(12) DEFAULT NULL,
  `name` varchar(100) DEFAULT NULL,
  `sponsor` varchar(100) DEFAULT NULL,
  `ticker_symbol` varchar(100) DEFAULT NULL,
  `cusip` varchar(100) DEFAULT NULL,
  `security` varchar(100) DEFAULT NULL,
  `receive` tinyint(1) NOT NULL DEFAULT '0',
  `income` varchar(100) DEFAULT NULL,
  `networth` varchar(100) DEFAULT NULL,
  `networthonly` varchar(100) DEFAULT NULL,
  `minimum_investment` varchar(100) DEFAULT NULL,
  `minimum_offer` varchar(100) DEFAULT NULL,
  `maximum_offer` varchar(100) DEFAULT NULL,
  `objective` varchar(100) DEFAULT NULL,
  `non_commissionable` tinyint(1) NOT NULL DEFAULT '0',
  `class_type` varchar(100) DEFAULT NULL,
  `fund_code` varchar(100) DEFAULT NULL,
  `sweep_fee` tinyint(1) NOT NULL DEFAULT '0',
  `ria_specific` varchar(100) DEFAULT NULL,
  `ria_specific_type` varchar(100) DEFAULT NULL,
  `based` varchar(100) DEFAULT NULL,
  `fee_rate` varchar(100) DEFAULT NULL,
  `st_bo` varchar(100) DEFAULT NULL,
  `m_date` date DEFAULT NULL,
  `type` varchar(100) DEFAULT NULL,
  `var` varchar(100) DEFAULT NULL,
  `reg_type` varchar(100) DEFAULT NULL,
  `status` tinyint(1) NOT NULL DEFAULT '1',
  `is_delete` tinyint(1) NOT NULL DEFAULT '0',
  `created_by` int(12) DEFAULT NULL,
  `created_time` datetime DEFAULT NULL,
  `created_ip` varchar(100) DEFAULT NULL,
  `modified_by` int(12) DEFAULT NULL,
  `modified_time` datetime DEFAULT NULL,
  `modified_ip` varchar(100) DEFAULT NULL,
  PRIMARY KEY (`id`)
) ENGINE=MyISAM AUTO_INCREMENT=4 DEFAULT CHARSET=latin1;

/*!40000 ALTER TABLE `product_category_9` DISABLE KEYS */;
INSERT INTO `product_category_9` VALUES ('1','9','                                      ',NULL,'IHCAX   ','416645505',NULL,'0',NULL,NULL,NULL,NULL,NULL,NULL,NULL,'0',NULL,'0000228','0',NULL,NULL,NULL,NULL,NULL,NULL,NULL,NULL,NULL,'1','0','3','2018-04-09 12:04:50','103.36.122.212',NULL,NULL,NULL),('2','9','                                      ',NULL,'1IHCAX','1416645505',NULL,'0',NULL,NULL,NULL,NULL,NULL,NULL,NULL,'0',NULL,'0000228','0',NULL,NULL,NULL,NULL,NULL,NULL,NULL,NULL,NULL,'1','0','3','2018-04-09 12:09:38','103.36.122.212',NULL,NULL,NULL),('3','9','                                      ',NULL,'tIHCAX','t416645505',NULL,'0',NULL,NULL,NULL,NULL,NULL,NULL,NULL,'0',NULL,'0000228','0',NULL,NULL,NULL,NULL,NULL,NULL,NULL,NULL,NULL,'1','0','3','2018-04-09 12:46:24','103.36.122.212',NULL,NULL,NULL);
/*!40000 ALTER TABLE `product_category_9` ENABLE KEYS */;

DROP TABLE IF EXISTS `product_history_1`;
CREATE TABLE `product_history_1` (
  `id` int(12) NOT NULL AUTO_INCREMENT,
  `product_id` int(12) DEFAULT NULL,
  `field` varchar(100) DEFAULT NULL,
  `old_value` varchar(100) DEFAULT NULL,
  `new_value` varchar(100) DEFAULT NULL,
  `status` tinyint(1) NOT NULL DEFAULT '1',
  `is_delete` tinyint(1) NOT NULL DEFAULT '0',
  `created_by` int(12) DEFAULT NULL,
  `created_time` datetime DEFAULT NULL,
  `created_ip` varchar(100) DEFAULT NULL,
  `modified_by` int(12) DEFAULT NULL,
  `modified_time` datetime DEFAULT NULL,
  `modified_ip` varchar(100) DEFAULT NULL,
  PRIMARY KEY (`id`)
) ENGINE=MyISAM DEFAULT CHARSET=latin1;

/*!40000 ALTER TABLE `product_history_1` DISABLE KEYS */;
/*!40000 ALTER TABLE `product_history_1` ENABLE KEYS */;

DROP TABLE IF EXISTS `product_history_10`;
CREATE TABLE `product_history_10` (
  `id` int(12) NOT NULL AUTO_INCREMENT,
  `product_id` int(12) DEFAULT NULL,
  `field` varchar(100) DEFAULT NULL,
  `old_value` varchar(100) DEFAULT NULL,
  `new_value` varchar(100) DEFAULT NULL,
  `status` tinyint(1) NOT NULL DEFAULT '1',
  `is_delete` tinyint(1) NOT NULL DEFAULT '0',
  `created_by` int(12) DEFAULT NULL,
  `created_time` datetime DEFAULT NULL,
  `created_ip` varchar(100) DEFAULT NULL,
  `modified_by` int(12) DEFAULT NULL,
  `modified_time` datetime DEFAULT NULL,
  `modified_ip` varchar(100) DEFAULT NULL,
  PRIMARY KEY (`id`)
) ENGINE=MyISAM DEFAULT CHARSET=latin1;

/*!40000 ALTER TABLE `product_history_10` DISABLE KEYS */;
/*!40000 ALTER TABLE `product_history_10` ENABLE KEYS */;

DROP TABLE IF EXISTS `product_history_11`;
CREATE TABLE `product_history_11` (
  `id` int(12) NOT NULL AUTO_INCREMENT,
  `product_id` int(12) DEFAULT NULL,
  `field` varchar(100) DEFAULT NULL,
  `old_value` varchar(100) DEFAULT NULL,
  `new_value` varchar(100) DEFAULT NULL,
  `status` tinyint(1) NOT NULL DEFAULT '1',
  `is_delete` tinyint(1) NOT NULL DEFAULT '0',
  `created_by` int(12) DEFAULT NULL,
  `created_time` datetime DEFAULT NULL,
  `created_ip` varchar(100) DEFAULT NULL,
  `modified_by` int(12) DEFAULT NULL,
  `modified_time` datetime DEFAULT NULL,
  `modified_ip` varchar(100) DEFAULT NULL,
  PRIMARY KEY (`id`)
) ENGINE=MyISAM DEFAULT CHARSET=latin1;

/*!40000 ALTER TABLE `product_history_11` DISABLE KEYS */;
/*!40000 ALTER TABLE `product_history_11` ENABLE KEYS */;

DROP TABLE IF EXISTS `product_history_12`;
CREATE TABLE `product_history_12` (
  `id` int(12) NOT NULL AUTO_INCREMENT,
  `product_id` int(12) DEFAULT NULL,
  `field` varchar(100) DEFAULT NULL,
  `old_value` varchar(100) DEFAULT NULL,
  `new_value` varchar(100) DEFAULT NULL,
  `status` tinyint(1) NOT NULL DEFAULT '1',
  `is_delete` tinyint(1) NOT NULL DEFAULT '0',
  `created_by` int(12) DEFAULT NULL,
  `created_time` datetime DEFAULT NULL,
  `created_ip` varchar(100) DEFAULT NULL,
  `modified_by` int(12) DEFAULT NULL,
  `modified_time` datetime DEFAULT NULL,
  `modified_ip` varchar(100) DEFAULT NULL,
  PRIMARY KEY (`id`)
) ENGINE=MyISAM DEFAULT CHARSET=latin1;

/*!40000 ALTER TABLE `product_history_12` DISABLE KEYS */;
/*!40000 ALTER TABLE `product_history_12` ENABLE KEYS */;

DROP TABLE IF EXISTS `product_history_13`;
CREATE TABLE `product_history_13` (
  `id` int(12) NOT NULL AUTO_INCREMENT,
  `product_id` int(12) DEFAULT NULL,
  `field` varchar(100) DEFAULT NULL,
  `old_value` varchar(100) DEFAULT NULL,
  `new_value` varchar(100) DEFAULT NULL,
  `status` tinyint(1) NOT NULL DEFAULT '1',
  `is_delete` tinyint(1) NOT NULL DEFAULT '0',
  `created_by` int(12) DEFAULT NULL,
  `created_time` datetime DEFAULT NULL,
  `created_ip` varchar(100) DEFAULT NULL,
  `modified_by` int(12) DEFAULT NULL,
  `modified_time` datetime DEFAULT NULL,
  `modified_ip` varchar(100) DEFAULT NULL,
  PRIMARY KEY (`id`)
) ENGINE=MyISAM DEFAULT CHARSET=latin1;

/*!40000 ALTER TABLE `product_history_13` DISABLE KEYS */;
/*!40000 ALTER TABLE `product_history_13` ENABLE KEYS */;

DROP TABLE IF EXISTS `product_history_14`;
CREATE TABLE `product_history_14` (
  `id` int(12) NOT NULL AUTO_INCREMENT,
  `product_id` int(12) DEFAULT NULL,
  `field` varchar(100) DEFAULT NULL,
  `old_value` varchar(100) DEFAULT NULL,
  `new_value` varchar(100) DEFAULT NULL,
  `status` tinyint(1) NOT NULL DEFAULT '1',
  `is_delete` tinyint(1) NOT NULL DEFAULT '0',
  `created_by` int(12) DEFAULT NULL,
  `created_time` datetime DEFAULT NULL,
  `created_ip` varchar(100) DEFAULT NULL,
  `modified_by` int(12) DEFAULT NULL,
  `modified_time` datetime DEFAULT NULL,
  `modified_ip` varchar(100) DEFAULT NULL,
  PRIMARY KEY (`id`)
) ENGINE=MyISAM DEFAULT CHARSET=latin1;

/*!40000 ALTER TABLE `product_history_14` DISABLE KEYS */;
/*!40000 ALTER TABLE `product_history_14` ENABLE KEYS */;

DROP TABLE IF EXISTS `product_history_15`;
CREATE TABLE `product_history_15` (
  `id` int(12) NOT NULL AUTO_INCREMENT,
  `product_id` int(12) DEFAULT NULL,
  `field` varchar(100) DEFAULT NULL,
  `old_value` varchar(100) DEFAULT NULL,
  `new_value` varchar(100) DEFAULT NULL,
  `status` tinyint(1) NOT NULL DEFAULT '1',
  `is_delete` tinyint(1) NOT NULL DEFAULT '0',
  `created_by` int(12) DEFAULT NULL,
  `created_time` datetime DEFAULT NULL,
  `created_ip` varchar(100) DEFAULT NULL,
  `modified_by` int(12) DEFAULT NULL,
  `modified_time` datetime DEFAULT NULL,
  `modified_ip` varchar(100) DEFAULT NULL,
  PRIMARY KEY (`id`)
) ENGINE=MyISAM DEFAULT CHARSET=latin1;

/*!40000 ALTER TABLE `product_history_15` DISABLE KEYS */;
/*!40000 ALTER TABLE `product_history_15` ENABLE KEYS */;

DROP TABLE IF EXISTS `product_history_16`;
CREATE TABLE `product_history_16` (
  `id` int(12) NOT NULL AUTO_INCREMENT,
  `product_id` int(12) DEFAULT NULL,
  `field` varchar(100) DEFAULT NULL,
  `old_value` varchar(100) DEFAULT NULL,
  `new_value` varchar(100) DEFAULT NULL,
  `status` tinyint(1) NOT NULL DEFAULT '1',
  `is_delete` tinyint(1) NOT NULL DEFAULT '0',
  `created_by` int(12) DEFAULT NULL,
  `created_time` datetime DEFAULT NULL,
  `created_ip` varchar(100) DEFAULT NULL,
  `modified_by` int(12) DEFAULT NULL,
  `modified_time` datetime DEFAULT NULL,
  `modified_ip` varchar(100) DEFAULT NULL,
  PRIMARY KEY (`id`)
) ENGINE=MyISAM DEFAULT CHARSET=latin1;

/*!40000 ALTER TABLE `product_history_16` DISABLE KEYS */;
/*!40000 ALTER TABLE `product_history_16` ENABLE KEYS */;

DROP TABLE IF EXISTS `product_history_17`;
CREATE TABLE `product_history_17` (
  `id` int(12) NOT NULL AUTO_INCREMENT,
  `product_id` int(12) DEFAULT NULL,
  `field` varchar(100) DEFAULT NULL,
  `old_value` varchar(100) DEFAULT NULL,
  `new_value` varchar(100) DEFAULT NULL,
  `status` tinyint(1) NOT NULL DEFAULT '1',
  `is_delete` tinyint(1) NOT NULL DEFAULT '0',
  `created_by` int(12) DEFAULT NULL,
  `created_time` datetime DEFAULT NULL,
  `created_ip` varchar(100) DEFAULT NULL,
  `modified_by` int(12) DEFAULT NULL,
  `modified_time` datetime DEFAULT NULL,
  `modified_ip` varchar(100) DEFAULT NULL,
  PRIMARY KEY (`id`)
) ENGINE=MyISAM DEFAULT CHARSET=latin1;

/*!40000 ALTER TABLE `product_history_17` DISABLE KEYS */;
/*!40000 ALTER TABLE `product_history_17` ENABLE KEYS */;

DROP TABLE IF EXISTS `product_history_18`;
CREATE TABLE `product_history_18` (
  `id` int(12) NOT NULL AUTO_INCREMENT,
  `product_id` int(12) DEFAULT NULL,
  `field` varchar(100) DEFAULT NULL,
  `old_value` varchar(100) DEFAULT NULL,
  `new_value` varchar(100) DEFAULT NULL,
  `status` tinyint(1) NOT NULL DEFAULT '1',
  `is_delete` tinyint(1) NOT NULL DEFAULT '0',
  `created_by` int(12) DEFAULT NULL,
  `created_time` datetime DEFAULT NULL,
  `created_ip` varchar(100) DEFAULT NULL,
  `modified_by` int(12) DEFAULT NULL,
  `modified_time` datetime DEFAULT NULL,
  `modified_ip` varchar(100) DEFAULT NULL,
  PRIMARY KEY (`id`)
) ENGINE=MyISAM DEFAULT CHARSET=latin1;

/*!40000 ALTER TABLE `product_history_18` DISABLE KEYS */;
/*!40000 ALTER TABLE `product_history_18` ENABLE KEYS */;

DROP TABLE IF EXISTS `product_history_19`;
CREATE TABLE `product_history_19` (
  `id` int(12) NOT NULL AUTO_INCREMENT,
  `product_id` int(12) DEFAULT NULL,
  `field` varchar(100) DEFAULT NULL,
  `old_value` varchar(100) DEFAULT NULL,
  `new_value` varchar(100) DEFAULT NULL,
  `status` tinyint(1) NOT NULL DEFAULT '1',
  `is_delete` tinyint(1) NOT NULL DEFAULT '0',
  `created_by` int(12) DEFAULT NULL,
  `created_time` datetime DEFAULT NULL,
  `created_ip` varchar(100) DEFAULT NULL,
  `modified_by` int(12) DEFAULT NULL,
  `modified_time` datetime DEFAULT NULL,
  `modified_ip` varchar(100) DEFAULT NULL,
  PRIMARY KEY (`id`)
) ENGINE=MyISAM DEFAULT CHARSET=latin1;

/*!40000 ALTER TABLE `product_history_19` DISABLE KEYS */;
/*!40000 ALTER TABLE `product_history_19` ENABLE KEYS */;

DROP TABLE IF EXISTS `product_history_2`;
CREATE TABLE `product_history_2` (
  `id` int(12) NOT NULL AUTO_INCREMENT,
  `product_id` int(12) DEFAULT NULL,
  `field` varchar(100) DEFAULT NULL,
  `old_value` varchar(100) DEFAULT NULL,
  `new_value` varchar(100) DEFAULT NULL,
  `status` tinyint(1) NOT NULL DEFAULT '1',
  `is_delete` tinyint(1) NOT NULL DEFAULT '0',
  `created_by` int(12) DEFAULT NULL,
  `created_time` datetime DEFAULT NULL,
  `created_ip` varchar(100) DEFAULT NULL,
  `modified_by` int(12) DEFAULT NULL,
  `modified_time` datetime DEFAULT NULL,
  `modified_ip` varchar(100) DEFAULT NULL,
  PRIMARY KEY (`id`)
) ENGINE=MyISAM DEFAULT CHARSET=latin1;

/*!40000 ALTER TABLE `product_history_2` DISABLE KEYS */;
/*!40000 ALTER TABLE `product_history_2` ENABLE KEYS */;

DROP TABLE IF EXISTS `product_history_20`;
CREATE TABLE `product_history_20` (
  `id` int(12) NOT NULL AUTO_INCREMENT,
  `product_id` int(12) DEFAULT NULL,
  `field` varchar(100) DEFAULT NULL,
  `old_value` varchar(100) DEFAULT NULL,
  `new_value` varchar(100) DEFAULT NULL,
  `status` tinyint(1) NOT NULL DEFAULT '1',
  `is_delete` tinyint(1) NOT NULL DEFAULT '0',
  `created_by` int(12) DEFAULT NULL,
  `created_time` datetime DEFAULT NULL,
  `created_ip` varchar(100) DEFAULT NULL,
  `modified_by` int(12) DEFAULT NULL,
  `modified_time` datetime DEFAULT NULL,
  `modified_ip` varchar(100) DEFAULT NULL,
  PRIMARY KEY (`id`)
) ENGINE=MyISAM DEFAULT CHARSET=latin1;

/*!40000 ALTER TABLE `product_history_20` DISABLE KEYS */;
/*!40000 ALTER TABLE `product_history_20` ENABLE KEYS */;

DROP TABLE IF EXISTS `product_history_3`;
CREATE TABLE `product_history_3` (
  `id` int(12) NOT NULL AUTO_INCREMENT,
  `product_id` int(12) DEFAULT NULL,
  `field` varchar(100) DEFAULT NULL,
  `old_value` varchar(100) DEFAULT NULL,
  `new_value` varchar(100) DEFAULT NULL,
  `status` tinyint(1) NOT NULL DEFAULT '1',
  `is_delete` tinyint(1) NOT NULL DEFAULT '0',
  `created_by` int(12) DEFAULT NULL,
  `created_time` datetime DEFAULT NULL,
  `created_ip` varchar(100) DEFAULT NULL,
  `modified_by` int(12) DEFAULT NULL,
  `modified_time` datetime DEFAULT NULL,
  `modified_ip` varchar(100) DEFAULT NULL,
  PRIMARY KEY (`id`)
) ENGINE=MyISAM DEFAULT CHARSET=latin1;

/*!40000 ALTER TABLE `product_history_3` DISABLE KEYS */;
/*!40000 ALTER TABLE `product_history_3` ENABLE KEYS */;

DROP TABLE IF EXISTS `product_history_4`;
CREATE TABLE `product_history_4` (
  `id` int(12) NOT NULL AUTO_INCREMENT,
  `product_id` int(12) DEFAULT NULL,
  `field` varchar(100) DEFAULT NULL,
  `old_value` varchar(100) DEFAULT NULL,
  `new_value` varchar(100) DEFAULT NULL,
  `status` tinyint(1) NOT NULL DEFAULT '1',
  `is_delete` tinyint(1) NOT NULL DEFAULT '0',
  `created_by` int(12) DEFAULT NULL,
  `created_time` datetime DEFAULT NULL,
  `created_ip` varchar(100) DEFAULT NULL,
  `modified_by` int(12) DEFAULT NULL,
  `modified_time` datetime DEFAULT NULL,
  `modified_ip` varchar(100) DEFAULT NULL,
  PRIMARY KEY (`id`)
) ENGINE=MyISAM DEFAULT CHARSET=latin1;

/*!40000 ALTER TABLE `product_history_4` DISABLE KEYS */;
/*!40000 ALTER TABLE `product_history_4` ENABLE KEYS */;

DROP TABLE IF EXISTS `product_history_5`;
CREATE TABLE `product_history_5` (
  `id` int(12) NOT NULL AUTO_INCREMENT,
  `product_id` int(12) DEFAULT NULL,
  `field` varchar(100) DEFAULT NULL,
  `old_value` varchar(100) DEFAULT NULL,
  `new_value` varchar(100) DEFAULT NULL,
  `status` tinyint(1) NOT NULL DEFAULT '1',
  `is_delete` tinyint(1) NOT NULL DEFAULT '0',
  `created_by` int(12) DEFAULT NULL,
  `created_time` datetime DEFAULT NULL,
  `created_ip` varchar(100) DEFAULT NULL,
  `modified_by` int(12) DEFAULT NULL,
  `modified_time` datetime DEFAULT NULL,
  `modified_ip` varchar(100) DEFAULT NULL,
  PRIMARY KEY (`id`)
) ENGINE=MyISAM DEFAULT CHARSET=latin1;

/*!40000 ALTER TABLE `product_history_5` DISABLE KEYS */;
/*!40000 ALTER TABLE `product_history_5` ENABLE KEYS */;

DROP TABLE IF EXISTS `product_history_6`;
CREATE TABLE `product_history_6` (
  `id` int(12) NOT NULL AUTO_INCREMENT,
  `product_id` int(12) DEFAULT NULL,
  `field` varchar(100) DEFAULT NULL,
  `old_value` varchar(100) DEFAULT NULL,
  `new_value` varchar(100) DEFAULT NULL,
  `status` tinyint(1) NOT NULL DEFAULT '1',
  `is_delete` tinyint(1) NOT NULL DEFAULT '0',
  `created_by` int(12) DEFAULT NULL,
  `created_time` datetime DEFAULT NULL,
  `created_ip` varchar(100) DEFAULT NULL,
  `modified_by` int(12) DEFAULT NULL,
  `modified_time` datetime DEFAULT NULL,
  `modified_ip` varchar(100) DEFAULT NULL,
  PRIMARY KEY (`id`)
) ENGINE=MyISAM DEFAULT CHARSET=latin1;

/*!40000 ALTER TABLE `product_history_6` DISABLE KEYS */;
/*!40000 ALTER TABLE `product_history_6` ENABLE KEYS */;

DROP TABLE IF EXISTS `product_history_7`;
CREATE TABLE `product_history_7` (
  `id` int(12) NOT NULL AUTO_INCREMENT,
  `product_id` int(12) DEFAULT NULL,
  `field` varchar(100) DEFAULT NULL,
  `old_value` varchar(100) DEFAULT NULL,
  `new_value` varchar(100) DEFAULT NULL,
  `status` tinyint(1) NOT NULL DEFAULT '1',
  `is_delete` tinyint(1) NOT NULL DEFAULT '0',
  `created_by` int(12) DEFAULT NULL,
  `created_time` datetime DEFAULT NULL,
  `created_ip` varchar(100) DEFAULT NULL,
  `modified_by` int(12) DEFAULT NULL,
  `modified_time` datetime DEFAULT NULL,
  `modified_ip` varchar(100) DEFAULT NULL,
  PRIMARY KEY (`id`)
) ENGINE=MyISAM DEFAULT CHARSET=latin1;

/*!40000 ALTER TABLE `product_history_7` DISABLE KEYS */;
/*!40000 ALTER TABLE `product_history_7` ENABLE KEYS */;

DROP TABLE IF EXISTS `product_history_8`;
CREATE TABLE `product_history_8` (
  `id` int(12) NOT NULL AUTO_INCREMENT,
  `product_id` int(12) DEFAULT NULL,
  `field` varchar(100) DEFAULT NULL,
  `old_value` varchar(100) DEFAULT NULL,
  `new_value` varchar(100) DEFAULT NULL,
  `status` tinyint(1) NOT NULL DEFAULT '1',
  `is_delete` tinyint(1) NOT NULL DEFAULT '0',
  `created_by` int(12) DEFAULT NULL,
  `created_time` datetime DEFAULT NULL,
  `created_ip` varchar(100) DEFAULT NULL,
  `modified_by` int(12) DEFAULT NULL,
  `modified_time` datetime DEFAULT NULL,
  `modified_ip` varchar(100) DEFAULT NULL,
  PRIMARY KEY (`id`)
) ENGINE=MyISAM DEFAULT CHARSET=latin1;

/*!40000 ALTER TABLE `product_history_8` DISABLE KEYS */;
/*!40000 ALTER TABLE `product_history_8` ENABLE KEYS */;

DROP TABLE IF EXISTS `product_history_9`;
CREATE TABLE `product_history_9` (
  `id` int(12) NOT NULL AUTO_INCREMENT,
  `product_id` int(12) DEFAULT NULL,
  `field` varchar(100) DEFAULT NULL,
  `old_value` varchar(100) DEFAULT NULL,
  `new_value` varchar(100) DEFAULT NULL,
  `status` tinyint(1) NOT NULL DEFAULT '1',
  `is_delete` tinyint(1) NOT NULL DEFAULT '0',
  `created_by` int(12) DEFAULT NULL,
  `created_time` datetime DEFAULT NULL,
  `created_ip` varchar(100) DEFAULT NULL,
  `modified_by` int(12) DEFAULT NULL,
  `modified_time` datetime DEFAULT NULL,
  `modified_ip` varchar(100) DEFAULT NULL,
  PRIMARY KEY (`id`)
) ENGINE=MyISAM DEFAULT CHARSET=latin1;

/*!40000 ALTER TABLE `product_history_9` DISABLE KEYS */;
/*!40000 ALTER TABLE `product_history_9` ENABLE KEYS */;

DROP TABLE IF EXISTS `product_rates_1`;
CREATE TABLE `product_rates_1` (
  `id` int(12) NOT NULL AUTO_INCREMENT,
  `product_id` int(12) DEFAULT NULL,
  `min_threshold` varchar(100) DEFAULT NULL,
  `max_threshold` varchar(100) DEFAULT NULL,
  `min_rate` float(8,2) DEFAULT NULL,
  `max_rate` float(8,2) DEFAULT NULL,
  `status` tinyint(1) NOT NULL DEFAULT '1',
  `is_delete` tinyint(1) NOT NULL DEFAULT '0',
  `created_by` int(12) DEFAULT NULL,
  `created_time` datetime DEFAULT NULL,
  `created_ip` varchar(100) DEFAULT NULL,
  `modified_by` int(12) DEFAULT NULL,
  `modified_time` datetime DEFAULT NULL,
  `modified_ip` varchar(100) DEFAULT NULL,
  PRIMARY KEY (`id`)
) ENGINE=MyISAM AUTO_INCREMENT=49 DEFAULT CHARSET=latin1;

/*!40000 ALTER TABLE `product_rates_1` DISABLE KEYS */;
INSERT INTO `product_rates_1` VALUES ('1','1','9879','987','987.00','0.00','1','1','3','2018-02-21 18:52:53','103.36.122.212',NULL,NULL,NULL),('2','1','7987','987','987.00','0.00','1','1','3','2018-02-21 18:52:53','103.36.122.212',NULL,NULL,NULL),('3','1','98791','1','321.00','0.00','1','1','3','2018-02-21 18:53:27','103.36.122.212',NULL,NULL,NULL),('4','1','20','30','40.00','0.00','1','1','3','2018-02-21 18:53:27','103.36.122.212',NULL,NULL,NULL),('5','1','40','50','60.00','0.00','1','1','3','2018-02-21 18:53:27','103.36.122.212',NULL,NULL,NULL),('6','1','98791','1','321.00','0.00','1','1','3','2018-02-21 18:53:47','103.36.122.212',NULL,NULL,NULL),('7','1','20','30','40.00','0.00','1','1','3','2018-02-21 18:53:47','103.36.122.212',NULL,NULL,NULL),('8','1','40','50','60.00','0.00','1','1','3','2018-02-21 18:53:47','103.36.122.212',NULL,NULL,NULL),('9','1','98791','1','321.00','0.00','1','1','21','2018-02-23 03:52:23','76.176.130.44',NULL,NULL,NULL),('10','1','20','30','40.00','0.00','1','1','21','2018-02-23 03:52:23','76.176.130.44',NULL,NULL,NULL),('11','1','40','50','60.00','0.00','1','1','21','2018-02-23 03:52:23','76.176.130.44',NULL,NULL,NULL),('12','1','98791','1','321.00','0.00','1','1','21','2018-02-23 03:52:50','76.176.130.44',NULL,NULL,NULL),('13','1','20','30','40.00','0.00','1','1','21','2018-02-23 03:52:50','76.176.130.44',NULL,NULL,NULL),('14','1','40','50','60.00','0.00','1','1','21','2018-02-23 03:52:50','76.176.130.44',NULL,NULL,NULL),('15','2','200','200','20.00','0.00','1','1','3','2018-02-27 17:07:54','103.36.122.212',NULL,NULL,NULL),('16','2','200','200','20.00','0.00','1','1','3','2018-03-01 18:31:48','103.36.122.212',NULL,NULL,NULL),('17','1','98791','1','321.00','0.00','1','1','21','2018-04-02 21:17:00','76.176.130.44',NULL,NULL,NULL),('18','1','20','30','40.00','0.00','1','1','21','2018-04-02 21:17:00','76.176.130.44',NULL,NULL,NULL),('19','1','40','50','60.00','0.00','1','1','21','2018-04-02 21:17:00','76.176.130.44',NULL,NULL,NULL),('20','1','98791','1','321.00','0.00','1','1','21','2018-04-20 19:10:21','103.36.122.212',NULL,NULL,NULL),('21','1','20','30','40.00','0.00','1','1','21','2018-04-20 19:10:21','103.36.122.212',NULL,NULL,NULL),('22','1','40','50','60.00','0.00','1','1','21','2018-04-20 19:10:21','103.36.122.212',NULL,NULL,NULL),('23','1','98791','1','321.00','0.00','1','1','21','2018-04-26 19:09:00','103.36.122.212',NULL,NULL,NULL),('24','1','20','30','40.00','0.00','1','1','21','2018-04-26 19:09:00','103.36.122.212',NULL,NULL,NULL),('25','1','40','50','60.00','0.00','1','1','21','2018-04-26 19:09:00','103.36.122.212',NULL,NULL,NULL),('26','2','200','200','20.00','0.00','1','1','21','2018-05-08 10:16:14','103.36.122.212',NULL,NULL,NULL),('27','2','200','200','20.00','0.00','1','1','21','2018-05-17 18:10:18','103.36.122.212',NULL,NULL,NULL),('28','1','98791','1','321.00','0.00','1','1','21','2018-05-17 18:10:32','103.36.122.212',NULL,NULL,NULL),('29','1','20','30','40.00','0.00','1','1','21','2018-05-17 18:10:32','103.36.122.212',NULL,NULL,NULL),('30','1','40','50','60.00','0.00','1','1','21','2018-05-17 18:10:32','103.36.122.212',NULL,NULL,NULL),('31','6','20','40','10.00','0.00','1','1','21','2018-09-07 12:34:22','103.36.122.212',NULL,NULL,NULL),('32','1','98791','1','321.00','0.00','1','1','1','2021-04-08 07:16:25','107.210.168.81',NULL,NULL,NULL),('33','1','20','30','40.00','0.00','1','1','1','2021-04-08 07:16:25','107.210.168.81',NULL,NULL,NULL),('34','1','40','50','60.00','0.00','1','1','1','2021-04-08 07:16:25','107.210.168.81',NULL,NULL,NULL),('35','1','98791','1','321.00','0.00','1','1','1','2021-06-25 06:11:00','107.210.168.81',NULL,NULL,NULL),('36','1','20','30','40.00','0.00','1','1','1','2021-06-25 06:11:00','107.210.168.81',NULL,NULL,NULL),('37','1','40','50','60.00','0.00','1','1','1','2021-06-25 06:11:00','107.210.168.81',NULL,NULL,NULL),('38','6','20','40','10.00','0.00','1','1','1','2021-06-30 13:17:31','96.55.37.191',NULL,NULL,NULL),('39','6','20','40','10.00','0.00','1','1','1','2021-08-04 00:33:32','107.210.168.81',NULL,NULL,NULL),('40','6','20','40','10.00','0.00','1','1','1','2021-08-04 00:33:37','107.210.168.81',NULL,NULL,NULL),('41','2','200','200','20.00','0.00','1','1','1','2021-08-04 00:33:39','107.210.168.81',NULL,NULL,NULL),('42','6','20','40','10.00','0.00','1','1','1','2021-08-04 00:33:42','107.210.168.81',NULL,NULL,NULL),('43','6','20','40','10.00','0.00','1','1','1','2021-08-13 02:38:27','107.210.168.81',NULL,NULL,NULL),('44','6','20','40','10.00','0.00','1','1','1','2021-08-13 02:38:29','107.210.168.81',NULL,NULL,NULL),('45','2','200','200','20.00','0.00','1','1','1','2021-08-13 02:38:31','107.210.168.81',NULL,NULL,NULL),('46','6','20','40','10.00','0.00','1','1','1','2021-08-13 02:38:33','107.210.168.81',NULL,NULL,NULL),('47','2','200','200','20.00','0.00','1','0','1','2021-08-13 02:38:39','107.210.168.81',NULL,NULL,NULL),('48','6','20','40','10.00','0.00','1','0','1','2021-08-13 02:38:42','107.210.168.81',NULL,NULL,NULL);
/*!40000 ALTER TABLE `product_rates_1` ENABLE KEYS */;

DROP TABLE IF EXISTS `product_rates_10`;
CREATE TABLE `product_rates_10` (
  `id` int(12) NOT NULL AUTO_INCREMENT,
  `product_id` int(12) DEFAULT NULL,
  `min_threshold` varchar(100) DEFAULT NULL,
  `max_threshold` varchar(100) DEFAULT NULL,
  `min_rate` float(8,2) DEFAULT NULL,
  `max_rate` float(8,2) DEFAULT NULL,
  `status` tinyint(1) NOT NULL DEFAULT '1',
  `is_delete` tinyint(1) NOT NULL DEFAULT '0',
  `created_by` int(12) DEFAULT NULL,
  `created_time` datetime DEFAULT NULL,
  `created_ip` varchar(100) DEFAULT NULL,
  `modified_by` int(12) DEFAULT NULL,
  `modified_time` datetime DEFAULT NULL,
  `modified_ip` varchar(100) DEFAULT NULL,
  PRIMARY KEY (`id`)
) ENGINE=MyISAM DEFAULT CHARSET=latin1;

/*!40000 ALTER TABLE `product_rates_10` DISABLE KEYS */;
/*!40000 ALTER TABLE `product_rates_10` ENABLE KEYS */;

DROP TABLE IF EXISTS `product_rates_11`;
CREATE TABLE `product_rates_11` (
  `id` int(12) NOT NULL AUTO_INCREMENT,
  `product_id` int(12) DEFAULT NULL,
  `min_threshold` varchar(100) DEFAULT NULL,
  `max_threshold` varchar(100) DEFAULT NULL,
  `min_rate` float(8,2) DEFAULT NULL,
  `max_rate` float(8,2) DEFAULT NULL,
  `status` tinyint(1) NOT NULL DEFAULT '1',
  `is_delete` tinyint(1) NOT NULL DEFAULT '0',
  `created_by` int(12) DEFAULT NULL,
  `created_time` datetime DEFAULT NULL,
  `created_ip` varchar(100) DEFAULT NULL,
  `modified_by` int(12) DEFAULT NULL,
  `modified_time` datetime DEFAULT NULL,
  `modified_ip` varchar(100) DEFAULT NULL,
  PRIMARY KEY (`id`)
) ENGINE=MyISAM DEFAULT CHARSET=latin1;

/*!40000 ALTER TABLE `product_rates_11` DISABLE KEYS */;
/*!40000 ALTER TABLE `product_rates_11` ENABLE KEYS */;

DROP TABLE IF EXISTS `product_rates_12`;
CREATE TABLE `product_rates_12` (
  `id` int(12) NOT NULL AUTO_INCREMENT,
  `product_id` int(12) DEFAULT NULL,
  `min_threshold` varchar(100) DEFAULT NULL,
  `max_threshold` varchar(100) DEFAULT NULL,
  `min_rate` float(8,2) DEFAULT NULL,
  `max_rate` float(8,2) DEFAULT NULL,
  `status` tinyint(1) NOT NULL DEFAULT '1',
  `is_delete` tinyint(1) NOT NULL DEFAULT '0',
  `created_by` int(12) DEFAULT NULL,
  `created_time` datetime DEFAULT NULL,
  `created_ip` varchar(100) DEFAULT NULL,
  `modified_by` int(12) DEFAULT NULL,
  `modified_time` datetime DEFAULT NULL,
  `modified_ip` varchar(100) DEFAULT NULL,
  PRIMARY KEY (`id`)
) ENGINE=MyISAM DEFAULT CHARSET=latin1;

/*!40000 ALTER TABLE `product_rates_12` DISABLE KEYS */;
/*!40000 ALTER TABLE `product_rates_12` ENABLE KEYS */;

DROP TABLE IF EXISTS `product_rates_13`;
CREATE TABLE `product_rates_13` (
  `id` int(12) NOT NULL AUTO_INCREMENT,
  `product_id` int(12) DEFAULT NULL,
  `min_threshold` varchar(100) DEFAULT NULL,
  `max_threshold` varchar(100) DEFAULT NULL,
  `min_rate` float(8,2) DEFAULT NULL,
  `max_rate` float(8,2) DEFAULT NULL,
  `status` tinyint(1) NOT NULL DEFAULT '1',
  `is_delete` tinyint(1) NOT NULL DEFAULT '0',
  `created_by` int(12) DEFAULT NULL,
  `created_time` datetime DEFAULT NULL,
  `created_ip` varchar(100) DEFAULT NULL,
  `modified_by` int(12) DEFAULT NULL,
  `modified_time` datetime DEFAULT NULL,
  `modified_ip` varchar(100) DEFAULT NULL,
  PRIMARY KEY (`id`)
) ENGINE=MyISAM DEFAULT CHARSET=latin1;

/*!40000 ALTER TABLE `product_rates_13` DISABLE KEYS */;
/*!40000 ALTER TABLE `product_rates_13` ENABLE KEYS */;

DROP TABLE IF EXISTS `product_rates_14`;
CREATE TABLE `product_rates_14` (
  `id` int(12) NOT NULL AUTO_INCREMENT,
  `product_id` int(12) DEFAULT NULL,
  `min_threshold` varchar(100) DEFAULT NULL,
  `max_threshold` varchar(100) DEFAULT NULL,
  `min_rate` float(8,2) DEFAULT NULL,
  `max_rate` float(8,2) DEFAULT NULL,
  `status` tinyint(1) NOT NULL DEFAULT '1',
  `is_delete` tinyint(1) NOT NULL DEFAULT '0',
  `created_by` int(12) DEFAULT NULL,
  `created_time` datetime DEFAULT NULL,
  `created_ip` varchar(100) DEFAULT NULL,
  `modified_by` int(12) DEFAULT NULL,
  `modified_time` datetime DEFAULT NULL,
  `modified_ip` varchar(100) DEFAULT NULL,
  PRIMARY KEY (`id`)
) ENGINE=MyISAM DEFAULT CHARSET=latin1;

/*!40000 ALTER TABLE `product_rates_14` DISABLE KEYS */;
/*!40000 ALTER TABLE `product_rates_14` ENABLE KEYS */;

DROP TABLE IF EXISTS `product_rates_15`;
CREATE TABLE `product_rates_15` (
  `id` int(12) NOT NULL AUTO_INCREMENT,
  `product_id` int(12) DEFAULT NULL,
  `min_threshold` varchar(100) DEFAULT NULL,
  `max_threshold` varchar(100) DEFAULT NULL,
  `min_rate` float(8,2) DEFAULT NULL,
  `max_rate` float(8,2) DEFAULT NULL,
  `status` tinyint(1) NOT NULL DEFAULT '1',
  `is_delete` tinyint(1) NOT NULL DEFAULT '0',
  `created_by` int(12) DEFAULT NULL,
  `created_time` datetime DEFAULT NULL,
  `created_ip` varchar(100) DEFAULT NULL,
  `modified_by` int(12) DEFAULT NULL,
  `modified_time` datetime DEFAULT NULL,
  `modified_ip` varchar(100) DEFAULT NULL,
  PRIMARY KEY (`id`)
) ENGINE=MyISAM DEFAULT CHARSET=latin1;

/*!40000 ALTER TABLE `product_rates_15` DISABLE KEYS */;
/*!40000 ALTER TABLE `product_rates_15` ENABLE KEYS */;

DROP TABLE IF EXISTS `product_rates_16`;
CREATE TABLE `product_rates_16` (
  `id` int(12) NOT NULL AUTO_INCREMENT,
  `product_id` int(12) DEFAULT NULL,
  `min_threshold` varchar(100) DEFAULT NULL,
  `max_threshold` varchar(100) DEFAULT NULL,
  `min_rate` float(8,2) DEFAULT NULL,
  `max_rate` float(8,2) DEFAULT NULL,
  `status` tinyint(1) NOT NULL DEFAULT '1',
  `is_delete` tinyint(1) NOT NULL DEFAULT '0',
  `created_by` int(12) DEFAULT NULL,
  `created_time` datetime DEFAULT NULL,
  `created_ip` varchar(100) DEFAULT NULL,
  `modified_by` int(12) DEFAULT NULL,
  `modified_time` datetime DEFAULT NULL,
  `modified_ip` varchar(100) DEFAULT NULL,
  PRIMARY KEY (`id`)
) ENGINE=MyISAM DEFAULT CHARSET=latin1;

/*!40000 ALTER TABLE `product_rates_16` DISABLE KEYS */;
/*!40000 ALTER TABLE `product_rates_16` ENABLE KEYS */;

DROP TABLE IF EXISTS `product_rates_17`;
CREATE TABLE `product_rates_17` (
  `id` int(12) NOT NULL AUTO_INCREMENT,
  `product_id` int(12) DEFAULT NULL,
  `min_threshold` varchar(100) DEFAULT NULL,
  `max_threshold` varchar(100) DEFAULT NULL,
  `min_rate` float(8,2) DEFAULT NULL,
  `max_rate` float(8,2) DEFAULT NULL,
  `status` tinyint(1) NOT NULL DEFAULT '1',
  `is_delete` tinyint(1) NOT NULL DEFAULT '0',
  `created_by` int(12) DEFAULT NULL,
  `created_time` datetime DEFAULT NULL,
  `created_ip` varchar(100) DEFAULT NULL,
  `modified_by` int(12) DEFAULT NULL,
  `modified_time` datetime DEFAULT NULL,
  `modified_ip` varchar(100) DEFAULT NULL,
  PRIMARY KEY (`id`)
) ENGINE=MyISAM DEFAULT CHARSET=latin1;

/*!40000 ALTER TABLE `product_rates_17` DISABLE KEYS */;
/*!40000 ALTER TABLE `product_rates_17` ENABLE KEYS */;

DROP TABLE IF EXISTS `product_rates_18`;
CREATE TABLE `product_rates_18` (
  `id` int(12) NOT NULL AUTO_INCREMENT,
  `product_id` int(12) DEFAULT NULL,
  `min_threshold` varchar(100) DEFAULT NULL,
  `max_threshold` varchar(100) DEFAULT NULL,
  `min_rate` float(8,2) DEFAULT NULL,
  `max_rate` float(8,2) DEFAULT NULL,
  `status` tinyint(1) NOT NULL DEFAULT '1',
  `is_delete` tinyint(1) NOT NULL DEFAULT '0',
  `created_by` int(12) DEFAULT NULL,
  `created_time` datetime DEFAULT NULL,
  `created_ip` varchar(100) DEFAULT NULL,
  `modified_by` int(12) DEFAULT NULL,
  `modified_time` datetime DEFAULT NULL,
  `modified_ip` varchar(100) DEFAULT NULL,
  PRIMARY KEY (`id`)
) ENGINE=MyISAM DEFAULT CHARSET=latin1;

/*!40000 ALTER TABLE `product_rates_18` DISABLE KEYS */;
/*!40000 ALTER TABLE `product_rates_18` ENABLE KEYS */;

DROP TABLE IF EXISTS `product_rates_19`;
CREATE TABLE `product_rates_19` (
  `id` int(12) NOT NULL AUTO_INCREMENT,
  `product_id` int(12) DEFAULT NULL,
  `min_threshold` varchar(100) DEFAULT NULL,
  `max_threshold` varchar(100) DEFAULT NULL,
  `min_rate` float(8,2) DEFAULT NULL,
  `max_rate` float(8,2) DEFAULT NULL,
  `status` tinyint(1) NOT NULL DEFAULT '1',
  `is_delete` tinyint(1) NOT NULL DEFAULT '0',
  `created_by` int(12) DEFAULT NULL,
  `created_time` datetime DEFAULT NULL,
  `created_ip` varchar(100) DEFAULT NULL,
  `modified_by` int(12) DEFAULT NULL,
  `modified_time` datetime DEFAULT NULL,
  `modified_ip` varchar(100) DEFAULT NULL,
  PRIMARY KEY (`id`)
) ENGINE=MyISAM DEFAULT CHARSET=latin1;

/*!40000 ALTER TABLE `product_rates_19` DISABLE KEYS */;
/*!40000 ALTER TABLE `product_rates_19` ENABLE KEYS */;

DROP TABLE IF EXISTS `product_rates_2`;
CREATE TABLE `product_rates_2` (
  `id` int(12) NOT NULL AUTO_INCREMENT,
  `product_id` int(12) DEFAULT NULL,
  `min_threshold` varchar(100) DEFAULT NULL,
  `max_threshold` varchar(100) DEFAULT NULL,
  `min_rate` float(8,2) DEFAULT NULL,
  `max_rate` float(8,2) DEFAULT NULL,
  `status` tinyint(1) NOT NULL DEFAULT '1',
  `is_delete` tinyint(1) NOT NULL DEFAULT '0',
  `created_by` int(12) DEFAULT NULL,
  `created_time` datetime DEFAULT NULL,
  `created_ip` varchar(100) DEFAULT NULL,
  `modified_by` int(12) DEFAULT NULL,
  `modified_time` datetime DEFAULT NULL,
  `modified_ip` varchar(100) DEFAULT NULL,
  PRIMARY KEY (`id`)
) ENGINE=MyISAM DEFAULT CHARSET=latin1;

/*!40000 ALTER TABLE `product_rates_2` DISABLE KEYS */;
/*!40000 ALTER TABLE `product_rates_2` ENABLE KEYS */;

DROP TABLE IF EXISTS `product_rates_20`;
CREATE TABLE `product_rates_20` (
  `id` int(12) NOT NULL AUTO_INCREMENT,
  `product_id` int(12) DEFAULT NULL,
  `min_threshold` varchar(100) DEFAULT NULL,
  `max_threshold` varchar(100) DEFAULT NULL,
  `min_rate` float(8,2) DEFAULT NULL,
  `max_rate` float(8,2) DEFAULT NULL,
  `status` tinyint(1) NOT NULL DEFAULT '1',
  `is_delete` tinyint(1) NOT NULL DEFAULT '0',
  `created_by` int(12) DEFAULT NULL,
  `created_time` datetime DEFAULT NULL,
  `created_ip` varchar(100) DEFAULT NULL,
  `modified_by` int(12) DEFAULT NULL,
  `modified_time` datetime DEFAULT NULL,
  `modified_ip` varchar(100) DEFAULT NULL,
  PRIMARY KEY (`id`)
) ENGINE=MyISAM DEFAULT CHARSET=latin1;

/*!40000 ALTER TABLE `product_rates_20` DISABLE KEYS */;
/*!40000 ALTER TABLE `product_rates_20` ENABLE KEYS */;

DROP TABLE IF EXISTS `product_rates_3`;
CREATE TABLE `product_rates_3` (
  `id` int(12) NOT NULL AUTO_INCREMENT,
  `product_id` int(12) DEFAULT NULL,
  `min_threshold` varchar(100) DEFAULT NULL,
  `max_threshold` varchar(100) DEFAULT NULL,
  `min_rate` float(8,2) DEFAULT NULL,
  `max_rate` float(8,2) DEFAULT NULL,
  `status` tinyint(1) NOT NULL DEFAULT '1',
  `is_delete` tinyint(1) NOT NULL DEFAULT '0',
  `created_by` int(12) DEFAULT NULL,
  `created_time` datetime DEFAULT NULL,
  `created_ip` varchar(100) DEFAULT NULL,
  `modified_by` int(12) DEFAULT NULL,
  `modified_time` datetime DEFAULT NULL,
  `modified_ip` varchar(100) DEFAULT NULL,
  PRIMARY KEY (`id`)
) ENGINE=MyISAM DEFAULT CHARSET=latin1;

/*!40000 ALTER TABLE `product_rates_3` DISABLE KEYS */;
/*!40000 ALTER TABLE `product_rates_3` ENABLE KEYS */;

DROP TABLE IF EXISTS `product_rates_4`;
CREATE TABLE `product_rates_4` (
  `id` int(12) NOT NULL AUTO_INCREMENT,
  `product_id` int(12) DEFAULT NULL,
  `min_threshold` varchar(100) DEFAULT NULL,
  `max_threshold` varchar(100) DEFAULT NULL,
  `min_rate` float(8,2) DEFAULT NULL,
  `max_rate` float(8,2) DEFAULT NULL,
  `status` tinyint(1) NOT NULL DEFAULT '1',
  `is_delete` tinyint(1) NOT NULL DEFAULT '0',
  `created_by` int(12) DEFAULT NULL,
  `created_time` datetime DEFAULT NULL,
  `created_ip` varchar(100) DEFAULT NULL,
  `modified_by` int(12) DEFAULT NULL,
  `modified_time` datetime DEFAULT NULL,
  `modified_ip` varchar(100) DEFAULT NULL,
  PRIMARY KEY (`id`)
) ENGINE=MyISAM DEFAULT CHARSET=latin1;

/*!40000 ALTER TABLE `product_rates_4` DISABLE KEYS */;
/*!40000 ALTER TABLE `product_rates_4` ENABLE KEYS */;

DROP TABLE IF EXISTS `product_rates_5`;
CREATE TABLE `product_rates_5` (
  `id` int(12) NOT NULL AUTO_INCREMENT,
  `product_id` int(12) DEFAULT NULL,
  `min_threshold` varchar(100) DEFAULT NULL,
  `max_threshold` varchar(100) DEFAULT NULL,
  `min_rate` float(8,2) DEFAULT NULL,
  `max_rate` float(8,2) DEFAULT NULL,
  `status` tinyint(1) NOT NULL DEFAULT '1',
  `is_delete` tinyint(1) NOT NULL DEFAULT '0',
  `created_by` int(12) DEFAULT NULL,
  `created_time` datetime DEFAULT NULL,
  `created_ip` varchar(100) DEFAULT NULL,
  `modified_by` int(12) DEFAULT NULL,
  `modified_time` datetime DEFAULT NULL,
  `modified_ip` varchar(100) DEFAULT NULL,
  PRIMARY KEY (`id`)
) ENGINE=MyISAM DEFAULT CHARSET=latin1;

/*!40000 ALTER TABLE `product_rates_5` DISABLE KEYS */;
/*!40000 ALTER TABLE `product_rates_5` ENABLE KEYS */;

DROP TABLE IF EXISTS `product_rates_6`;
CREATE TABLE `product_rates_6` (
  `id` int(12) NOT NULL AUTO_INCREMENT,
  `product_id` int(12) DEFAULT NULL,
  `min_threshold` varchar(100) DEFAULT NULL,
  `max_threshold` varchar(100) DEFAULT NULL,
  `min_rate` float(8,2) DEFAULT NULL,
  `max_rate` float(8,2) DEFAULT NULL,
  `status` tinyint(1) NOT NULL DEFAULT '1',
  `is_delete` tinyint(1) NOT NULL DEFAULT '0',
  `created_by` int(12) DEFAULT NULL,
  `created_time` datetime DEFAULT NULL,
  `created_ip` varchar(100) DEFAULT NULL,
  `modified_by` int(12) DEFAULT NULL,
  `modified_time` datetime DEFAULT NULL,
  `modified_ip` varchar(100) DEFAULT NULL,
  PRIMARY KEY (`id`)
) ENGINE=MyISAM DEFAULT CHARSET=latin1;

/*!40000 ALTER TABLE `product_rates_6` DISABLE KEYS */;
/*!40000 ALTER TABLE `product_rates_6` ENABLE KEYS */;

DROP TABLE IF EXISTS `product_rates_7`;
CREATE TABLE `product_rates_7` (
  `id` int(12) NOT NULL AUTO_INCREMENT,
  `product_id` int(12) DEFAULT NULL,
  `min_threshold` varchar(100) DEFAULT NULL,
  `max_threshold` varchar(100) DEFAULT NULL,
  `min_rate` float(8,2) DEFAULT NULL,
  `max_rate` float(8,2) DEFAULT NULL,
  `status` tinyint(1) NOT NULL DEFAULT '1',
  `is_delete` tinyint(1) NOT NULL DEFAULT '0',
  `created_by` int(12) DEFAULT NULL,
  `created_time` datetime DEFAULT NULL,
  `created_ip` varchar(100) DEFAULT NULL,
  `modified_by` int(12) DEFAULT NULL,
  `modified_time` datetime DEFAULT NULL,
  `modified_ip` varchar(100) DEFAULT NULL,
  PRIMARY KEY (`id`)
) ENGINE=MyISAM DEFAULT CHARSET=latin1;

/*!40000 ALTER TABLE `product_rates_7` DISABLE KEYS */;
/*!40000 ALTER TABLE `product_rates_7` ENABLE KEYS */;

DROP TABLE IF EXISTS `product_rates_8`;
CREATE TABLE `product_rates_8` (
  `id` int(12) NOT NULL AUTO_INCREMENT,
  `product_id` int(12) DEFAULT NULL,
  `min_threshold` varchar(100) DEFAULT NULL,
  `max_threshold` varchar(100) DEFAULT NULL,
  `min_rate` float(8,2) DEFAULT NULL,
  `max_rate` float(8,2) DEFAULT NULL,
  `status` tinyint(1) NOT NULL DEFAULT '1',
  `is_delete` tinyint(1) NOT NULL DEFAULT '0',
  `created_by` int(12) DEFAULT NULL,
  `created_time` datetime DEFAULT NULL,
  `created_ip` varchar(100) DEFAULT NULL,
  `modified_by` int(12) DEFAULT NULL,
  `modified_time` datetime DEFAULT NULL,
  `modified_ip` varchar(100) DEFAULT NULL,
  PRIMARY KEY (`id`)
) ENGINE=MyISAM DEFAULT CHARSET=latin1;

/*!40000 ALTER TABLE `product_rates_8` DISABLE KEYS */;
/*!40000 ALTER TABLE `product_rates_8` ENABLE KEYS */;

DROP TABLE IF EXISTS `product_rates_9`;
CREATE TABLE `product_rates_9` (
  `id` int(12) NOT NULL AUTO_INCREMENT,
  `product_id` int(12) DEFAULT NULL,
  `min_threshold` varchar(100) DEFAULT NULL,
  `max_threshold` varchar(100) DEFAULT NULL,
  `min_rate` float(8,2) DEFAULT NULL,
  `max_rate` float(8,2) DEFAULT NULL,
  `status` tinyint(1) NOT NULL DEFAULT '1',
  `is_delete` tinyint(1) NOT NULL DEFAULT '0',
  `created_by` int(12) DEFAULT NULL,
  `created_time` datetime DEFAULT NULL,
  `created_ip` varchar(100) DEFAULT NULL,
  `modified_by` int(12) DEFAULT NULL,
  `modified_time` datetime DEFAULT NULL,
  `modified_ip` varchar(100) DEFAULT NULL,
  PRIMARY KEY (`id`)
) ENGINE=MyISAM DEFAULT CHARSET=latin1;

/*!40000 ALTER TABLE `product_rates_9` DISABLE KEYS */;
/*!40000 ALTER TABLE `product_rates_9` ENABLE KEYS */;

DROP TABLE IF EXISTS `sales`;
CREATE TABLE `sales` (
  `orderno` int(11) DEFAULT NULL,
  `sale` int(11) DEFAULT NULL,
  `empsalary` int(11) DEFAULT NULL,
  `ts` timestamp NOT NULL DEFAULT CURRENT_TIMESTAMP ON UPDATE CURRENT_TIMESTAMP
) ENGINE=InnoDB DEFAULT CHARSET=latin1;

/*!40000 ALTER TABLE `sales` DISABLE KEYS */;
/*!40000 ALTER TABLE `sales` ENABLE KEYS */;

DROP TABLE IF EXISTS `site_options`;
CREATE TABLE `site_options` (
  `id` int(10) NOT NULL AUTO_INCREMENT,
  `name` varchar(100) DEFAULT NULL,
  `value` mediumtext,
  PRIMARY KEY (`id`)
) ENGINE=InnoDB DEFAULT CHARSET=latin1;

/*!40000 ALTER TABLE `site_options` DISABLE KEYS */;
/*!40000 ALTER TABLE `site_options` ENABLE KEYS */;

DROP TABLE IF EXISTS `user_master`;
CREATE TABLE `user_master` (
  `id` int(10) NOT NULL AUTO_INCREMENT,
  `first_name` varchar(50) DEFAULT NULL,
  `last_name` varchar(50) DEFAULT NULL,
  `email` varchar(100) DEFAULT NULL,
  `user_name` varchar(20) DEFAULT NULL,
  `password` varchar(50) DEFAULT NULL,
  `image` varchar(100) NOT NULL,
  `status` tinyint(1) NOT NULL DEFAULT '1' COMMENT '0 => Deactive, 1 => Active',
  `is_delete` tinyint(1) NOT NULL DEFAULT '0' COMMENT '0 => Not deleted, 1 => Deleted',
  `verification_key` varchar(100) NOT NULL,
  `created_by` int(10) NOT NULL DEFAULT '0',
  `created_time` datetime NOT NULL,
  `created_ip` varchar(20) NOT NULL,
  `modified_by` int(10) NOT NULL DEFAULT '0',
  `modified_time` datetime NOT NULL,
  `modified_ip` varchar(20) NOT NULL,
  `is_admin` tinyint(4) NOT NULL DEFAULT '0',
  PRIMARY KEY (`id`)
) ENGINE=InnoDB AUTO_INCREMENT=27 DEFAULT CHARSET=latin1;

/*!40000 ALTER TABLE `user_master` DISABLE KEYS */;
INSERT INTO `user_master` VALUES ('1','Developer','Admin','demo1@foxtrotsoftware.com','user01','ZERVZGt5T3cyTjh6TGZzTjAyK25DUT09','1517837031179529.jpg','1','0','','0','2017-11-16 17:18:06','','1','2021-09-30 04:44:04','107.210.168.81','1'),('2','User','02','scspl.rushit@gmail.com','user02','bUd1R0xhTVl5ZWdjNCtRSEhiQ3lxZz09','','1','0','','0','2017-11-20 18:51:31','','3','2018-02-03 10:03:42','192.168.30.20','0'),('3','User','03','scspl.kishan@gmail.com','user03','bUd1R0xhTVl5ZWdjNCtRSEhiQ3lxZz09','1517837297811481.jpg','1','0','','0','2017-11-22 08:43:21','','3','2018-02-16 18:22:05','103.91.220.58','0'),('4','User','04','scspl.aksha@gmail.com','user04','bUd1R0xhTVl5ZWdjNCtRSEhiQ3lxZz09','','1','0','','8','2017-11-22 18:18:59','192.168.30.33','3','2018-02-03 10:04:39','192.168.30.20','0'),('19','Lucas1','Gladstein','mgladstein@foxtrotsw.com','user01','3ba72f06ca6a15ff765a2c67777e32ce','1517750740397517.jpeg','1','0','','1','2018-02-04 18:55:40','76.176.130.44','0','2021-09-22 20:31:13','107.210.168.81','0'),('20','Zach','Lieberman','zlcbi@aol.com','zach','MS9MbVNWWnQrQ1R0NCtFQ1NkanplUT09','1517925362928241.jpeg','1','0','','1','2018-02-06 19:25:40','76.176.130.44','1','2018-02-06 19:26:02','76.176.130.44','0'),('21','Marcus','Gladstein','support@foxtrotsw.com','marcus','OTBPemdKOEhENElkWVNVQmJGTjAydz09','1517926088464471.jpg','1','0','','20','2018-02-06 19:37:32','76.176.130.44','21','2018-06-07 17:04:04','103.36.122.212','0'),('22','Ron','Johnson','rjohnson@foxtrotsoftware.com','ron','YmRnaWxnMExJdDR4a1RLd0Q5SlBQZz09','1518106931542862.jpg','1','0','','21','2018-02-08 21:51:28','98.173.59.168','21','2018-02-08 21:52:11','98.173.59.168','0'),('23','Lucas','Gladstein','lucasgladstein@gmail.com','lucas','YytIZHk2ZU5yWFE3UHEwR2FJdlRqdz09','1518795100734685.jpeg','1','0','','21','2018-02-16 21:01:40','76.176.130.44','0','0000-00-00 00:00:00','','0'),('24','Loren','Inada','linada@foxtrotsw.com','loren','OTBPemdKOEhENElkWVNVQmJGTjAydz09','','1','0','','21','2018-07-17 04:31:36','76.176.130.44','0','0000-00-00 00:00:00','','0'),('25','Alon','Arieh','alonbenarieh@gmail.com','alon','aUc3QVI1TkRaa0I1aEhNTWxOZmhMdz09','1532470532967874.jpg','1','0','','21','2018-07-25 03:45:32','98.173.59.168','21','2018-07-25 03:46:43','98.173.59.168','0'),('26','Aksha','Makarani','akshamakarani@gmail.com','aksham','NkozQzhNRUg2ODJvZGNPanp5dXZXdz09','1624372230930212.jpg','1','0','','21','2021-06-22 20:00:30','27.61.188.188','0','0000-00-00 00:00:00','','0');
/*!40000 ALTER TABLE `user_master` ENABLE KEYS */;

DROP TABLE IF EXISTS `user_widget_settings`;
CREATE TABLE `user_widget_settings` (
  `id` int(11) NOT NULL AUTO_INCREMENT,
  `user_id` int(11) NOT NULL,
  `daily_importing` varchar(50) DEFAULT NULL,
  `commissions` varchar(50) DEFAULT NULL,
  `payroll` varchar(50) DEFAULT NULL,
  `compliance` varchar(50) DEFAULT NULL,
  `ytd_production` varchar(50) DEFAULT NULL,
  `date_updated` datetime NOT NULL,
  PRIMARY KEY (`id`),
  UNIQUE KEY `unique_record_per_user` (`user_id`)
) ENGINE=InnoDB AUTO_INCREMENT=2 DEFAULT CHARSET=latin1;

/*!40000 ALTER TABLE `user_widget_settings` DISABLE KEYS */;
INSERT INTO `user_widget_settings` VALUES ('1','1','collapsed','collapsed','expanded','expanded','expanded','2021-10-26 10:36:58');
/*!40000 ALTER TABLE `user_widget_settings` ENABLE KEYS */;

/*!40014 SET FOREIGN_KEY_CHECKS=@OLD_FOREIGN_KEY_CHECKS */;


-- phpMiniAdmin dump end
